id,id_footprint,latitude,longitude,country,city,material,material_RUBIC_AI,llrs,llrs_RUBIC_AI,code_level,code_level_RUBIC_AI,n_stories,n_stories_RUBIC_AI,occupancy,occupancy_RUBIC_AI,block_position,block_position_RUBIC_AI,roof_shape,roof_shape_RUBIC_AI,roof_material,roof_material_RUBIC_AI,taxonomy,image filename or link
1,568006ed-4e50-4a64-93cf-d1fd8c8721a6,38.70108733,-9.204003491,Portugal,Lisbon,CR,MCF,LFM,LWAL,CDM,CDN,3,3,RES,RES,BP2,BP2,RSH1,RSH1,RMN,RMN,CR/LFM/CDM/H:3/BP2/RSH1+RMN/RES,"https://www.google.com/maps/@?api=1&map_action=pano&viewpoint=38.70108733,-9.20400349&heading=334.90461712373497&pitch=5&fov=120"
2,0292504b-05a5-4212-9beb-856f56161a0e,38.69585082,-9.217359531,Portugal,Lisbon,MUR,MUR,LWAL,LWAL,CDL,CDL,2,2,RES,RES,BP2,BP1,RSH2,RSH2,RMT1,RMT1,MUR/LWAL/CDL/H:2/BP2/RSH2+RMT1/RES,"https://www.google.com/maps/@?api=1&map_action=pano&viewpoint=38.69585082,-9.21735953&heading=170.85758478688405&pitch=5&fov=120"
5,279fea14-2101-4e6d-896d-fde058dfb37e,38.70022449,-9.220065804,Portugal,Lisbon,MR,,LWAL,,CDL,,3,,RES,,BP2,,RSH3,,RMT1,,MR/LWAL/CDL/H:3/BP2/RSH3+RMT1/RES,"https://www.google.com/maps/@?api=1&map_action=pano&viewpoint=38.70022449,-9.2200658&heading=32.011325933409466&pitch=5&fov=120"
9,69273dd7-9483-4bdc-b5af-9dd3d80489fc,38.70446486,-9.202483129,Portugal,Lisbon,MUR,MUR,LWAL,LWAL,CDN,CDL,1,6.0-7.0,RES,RES,BP2,BP2,RSH1,RSH1,RMN,RMN,MUR/LWAL/CDN/H:1/BP2/RSH1+RMN/RES,"https://www.google.com/maps/@?api=1&map_action=pano&viewpoint=38.70446486,-9.20248313&heading=328.94915257036155&pitch=5&fov=120"
10,cd3f525f-689f-45a7-8f53-a120ffd9ee78,38.70018103,-9.203855986,Portugal,Lisbon,MUR,MUR,LWAL,LWAL,CDL,CDL,2,2,RES,RES,BPD,BP1,RSH2,RSH2,RMT1,RMT1,MUR/LWAL/CDL/H:2/BPD/RSH2+RMT1/RES,"https://www.google.com/maps/@?api=1&map_action=pano&viewpoint=38.70018103,-9.20385599&heading=62.98080371621347&pitch=5&fov=120"
11,7aedc45f-aa44-4784-81fe-26dd5a69c7d9,38.69802038,-9.217282822,Portugal,Lisbon,MCF,MUR,LWAL,LWAL,CDL,CDL,2,2,RES,RES,BP1,BPD,RSH3,RSH2,RMT1,RMT1,MCF/LWAL/CDL/H:2/BP1/RSH3+RMT1/RES,"https://www.google.com/maps/@?api=1&map_action=pano&viewpoint=38.69802038,-9.21728282&heading=96.35156670524225&pitch=5&fov=120"
12,7d178a7e-37a2-47cb-859f-7fa8611bed5f,38.69697107,-9.218222112,Portugal,Lisbon,MCF,MUR,LWAL,LWAL,CDL,CDN,2,2,RES,RES,BP2,BPD,RSH2,RSH2,RMT1,RMT1,MCF/LWAL/CDL/H:2/BP2/RSH2+RMT1/RES,"https://www.google.com/maps/@?api=1&map_action=pano&viewpoint=38.69697107,-9.21822211&heading=96.18695743905926&pitch=5&fov=120"
13,6d12a225-53e9-45a3-ad91-ebaa606f63dc,38.69678183,-9.217493005,Portugal,Lisbon,MCF,MUR,LWAL,LWAL,CDL,CDN,2,2,RES,RES,BP2,BP2,RSH2,RSH2,RMT1,RMT1,MCF/LWAL/CDL/H:2/BP2/RSH2+RMT1/RES,"https://www.google.com/maps/@?api=1&map_action=pano&viewpoint=38.69678183,-9.21749301&heading=90.52225418086334&pitch=5&fov=120"
14,d150deb8-8670-4c89-aa0c-11406d4ea20d,38.69730575,-9.194598457,Portugal,Lisbon,CR,MUR,LFM,LWAL,CDL,CDN,3,5,MIX(RES;COM),MIX(RES;COM),BP2,BP2,RSH1,RSH1,RMN,RMN,CR/LFM/CDL/H:3/BP2/RSH1+RMN/MIX(RES;COM),"https://www.google.com/maps/@?api=1&map_action=pano&viewpoint=38.69730575,-9.19459846&heading=153.21894299346445&pitch=5&fov=120"
15,11e2099a-eb1e-49ab-9cbc-daf786d6689a,38.69711407,-9.201848556,Portugal,Lisbon,CR,MUR,LFM,LWAL,CDL,CDN,4,5,MIX(RES;COM),COM,BP1,BPD,RSH1,RSH1,RMN,RMN,CR/LFM/CDL/H:4/BP1/RSH1+RMN/MIX(RES;COM),"https://www.google.com/maps/@?api=1&map_action=pano&viewpoint=38.69711407,-9.20184856&heading=151.68601023298294&pitch=5&fov=120"
16,05617c02-a7b1-4fe3-8825-fa88a461a8e2,38.69956695,-9.222920699,Portugal,Lisbon,MCF,MUR,LWAL,LWAL,CDM,CDN,2,2,RES,COM,BP1,BP1,RSH3,RSH2,RMT1,RMT1,MCF/LWAL/CDM/H:2/BP1/RSH3+RMT1/RES,"https://www.google.com/maps/@?api=1&map_action=pano&viewpoint=38.69956695,-9.2229207&heading=302.5966113449633&pitch=5&fov=120"
17,9e446e4b-879a-4c26-aa8e-2b62dadf7ce1,38.69975025,-9.203481202,Portugal,Lisbon,MCF,MUR,LWAL,LWAL,CDL,CDN,2,2,RES,RES,BP2,BP1,RSH2,RSH2,RMT1,RMT1,MCF/LWAL/CDL/H:2/BP2/RSH2+RMT1/RES,"https://www.google.com/maps/@?api=1&map_action=pano&viewpoint=38.69975025,-9.2034812&heading=260.14023177888066&pitch=5&fov=120"
18,afe76852-b4f8-4d4c-b6f8-aec85608707f,38.70022803,-9.199722536,Portugal,Lisbon,CR,MUR,LFINF,LWAL,CDL,CDL,4,3,EDU,RES,BP1,BP1,RSH2,RSH1,RMT1,RMN,CR/LFINF/CDL/H:4/BP1/RSH2+RMT1/EDU,"https://www.google.com/maps/@?api=1&map_action=pano&viewpoint=38.70022803,-9.19972254&heading=56.89493333456454&pitch=5&fov=120"
19,99abcc37-b11f-40a6-a89f-9f5768234abb,38.70023668,-9.202231801,Portugal,Lisbon,MUR,MUR,LWAL,LWAL,CDN,CDN,1,1,COM,RES,BPD,BPD,RSH3,RSH2,RMT1,RMT1,MUR/LWAL/CDN/H:1/BPD/RSH3+RMT1/COM,"https://www.google.com/maps/@?api=1&map_action=pano&viewpoint=38.70023668,-9.2022318&heading=150&pitch=5&fov=120"
20,372c2a49-2f56-410f-b639-ff4ec93be038,38.69448238,-9.213572235,Portugal,Lisbon,MCF,MCF,LWAL,LWAL,CDL,CDL,2,2,RES,RES,BP2,BPD,RSH2,RSH2,RMT1,RMT1,MCF/LWAL/CDL/H:2/BP2/RSH2+RMT1/RES,"https://www.google.com/maps/@?api=1&map_action=pano&viewpoint=38.69448238,-9.21357223&heading=149.09848740950804&pitch=5&fov=120"
22,c3961c86-58ac-4fa7-8cac-a1b4adfa2901,38.7027835,-9.218653182,Portugal,Lisbon,CR,,LFM,,CDM,,2,,RES,,BPD,,RSH3,,RMT1,,CR/LFM/CDM/H:2/BPD/RSH3+RMT1/RES,"https://www.google.com/maps/@?api=1&map_action=pano&viewpoint=38.7027835,-9.21865318&heading=121.02598080047153&pitch=5&fov=120"
23,0094b437-a438-43ff-8c68-bd9ccfda8647,38.7030885,-9.2163602,Portugal,Lisbon,CR,,LFM,,CDM,,3,,RES,,BPD,,RSH3,,RMT1,,CR/LFM/CDM/H:3/BPD/RSH3+RMT1/RES,"https://www.google.com/maps/@?api=1&map_action=pano&viewpoint=38.7030885,-9.2163602&heading=206.01406544707316&pitch=5&fov=120"
24,da7d23b6-59ba-4c4e-a35a-7895ccc59010,38.69726855,-9.210472638,Portugal,Lisbon,CR,,LFM,,CDH,,2,,RES,,BPD,,RSH1,,RMN,,CR/LFM/CDH/H:2/BPD/RSH1+RMN/RES,"https://www.google.com/maps/@?api=1&map_action=pano&viewpoint=38.69726855,-9.21047264&heading=307.3724428345927&pitch=5&fov=120"
25,6d34bca9-b13e-496d-b9fe-c9dca4da5d82,38.7023202,-9.2050589,Portugal,Lisbon,MUR,MUR,LWAL,LWAL,CDN,CDN,1,1,RES,RES,BP2,BPD,RSH2,RSH2,RMT1,RMT1,MUR/LWAL/CDN/H:1/BP2/RSH2+RMT1/RES,"https://www.google.com/maps/@?api=1&map_action=pano&viewpoint=38.7023202,-9.2050589&heading=156.1975105957905&pitch=5&fov=120"
26,b959afa1-7d9a-4624-8e74-2791567e5b9d,38.70255143,-9.20273445,Portugal,Lisbon,CR,MUR,LFM,LWAL,CDL,CDN,4,2,MIX(RES;COM),MIX(RES;COM),BP1,BP2,RSH1,RSH2,RMN,RMT1,CR/LFM/CDL/H:4/BP1/RSH1+RMN/MIX(RES;COM),"https://www.google.com/maps/@?api=1&map_action=pano&viewpoint=38.70255143,-9.20273445&heading=153.8117516136855&pitch=5&fov=120"
27,2ae9c7ed-f224-4335-8d34-d5657099beb7,38.69998609,-9.221066442,Portugal,Lisbon,MCF,MUR,LWAL,LWAL,CDL,CDL,2,2,RES,RES,BP1,BPD,RSH3,RSH2,RMT1,RMT1,MCF/LWAL/CDL/H:2/BP1/RSH3+RMT1/RES,"https://www.google.com/maps/@?api=1&map_action=pano&viewpoint=38.69998609,-9.22106644&heading=213.5181407556713&pitch=5&fov=120"
28,3083eb76-188f-4e05-97b9-e693893386bc,38.70231665,-9.203498103,Portugal,Lisbon,MCF,MUR,LWAL,LWAL,CDM,CDL,3,3,RES,RES,BP1,BP1,RSH1,RSH2,RMN,RMT1,MCF/LWAL/CDM/H:3/BP1/RSH1+RMN/RES,"https://www.google.com/maps/@?api=1&map_action=pano&viewpoint=38.70231665,-9.2034981&heading=174.20288944066442&pitch=5&fov=120"
29,5c69ace7-d24b-4a40-a880-c93153cae5e5,38.69672739,-9.217399183,Portugal,Lisbon,MUR,,LWAL,,CDL,,1,,RES,,BP1,,RSH2,,RMT1,,MUR/LWAL/CDL/H:1/BP1/RSH2+RMT1/RES,"https://www.google.com/maps/@?api=1&map_action=pano&viewpoint=38.69672739,-9.21739918&heading=269.37849443940064&pitch=5&fov=120"
30,fe787f9b-65cd-4f41-bdd8-aeaea887c0c1,38.69462958,-9.216589937,Portugal,Lisbon,MUR,MUR,LWAL,LWAL,CDN,CDL,2,3,RES,MIX(RES;COM),BP1,BP1,RSH3,RSH1,RMT1,RMN,MUR/LWAL/CDN/H:2/BP1/RSH3+RMT1/RES,"https://www.google.com/maps/@?api=1&map_action=pano&viewpoint=38.69462958,-9.21658994&heading=239.6965234482887&pitch=5&fov=120"
32,0e8e8696-93bc-48f5-9787-959703b17ba1,38.69786891,-9.213069434,Portugal,Lisbon,MCF,MUR,LWAL,LWAL,CDN,CDN,2,1,GOV,RES,BPD,BP2,RSH3,RSH1,RMT1,RMN,MCF/LWAL/CDN/H:2/BPD/RSH3+RMT1/GOV,"https://www.google.com/maps/@?api=1&map_action=pano&viewpoint=38.69786891,-9.21306943&heading=145.80314962641728&pitch=5&fov=120"
33,2e158ec9-42da-4ce1-9fee-b1d36f95862b,38.70034135,-9.20524177,Portugal,Lisbon,MUR,MUR,LWAL,LWAL,CDL,CDL,2,2,RES,RES,BP1,BPD,RSH3,RSH2,RMT1,RMT1,MUR/LWAL/CDL/H:2/BP1/RSH3+RMT1/RES,"https://www.google.com/maps/@?api=1&map_action=pano&viewpoint=38.70034135,-9.20524177&heading=301.32676554061885&pitch=5&fov=120"
35,917d9095-7a96-456c-9c7e-14d656be2ce2,38.6966437,-9.217165582,Portugal,Lisbon,MCF,MUR,LWAL,LWAL,CDL,CDN,2,2,RES,RES,BP2,BP1,RSH2,RSH2,RMT1,RMT1,MCF/LWAL/CDL/H:2/BP2/RSH2+RMT1/RES,"https://www.google.com/maps/@?api=1&map_action=pano&viewpoint=38.6966437,-9.21716558&heading=85.76211526578629&pitch=5&fov=120"
36,aaad3adc-35fd-4879-a933-e488e7b8791d,38.6949976,-9.218651071,Portugal,Lisbon,CR,MUR,LFINF,LWAL,CDL,CDL,1,2,COM,COM,BP1,BP1,RSH2,RSH2,RMT6,RMT1,CR/LFINF/CDL/H:1/BP1/RSH2+RMT6/COM,"https://www.google.com/maps/@?api=1&map_action=pano&viewpoint=38.6949976,-9.21865107&heading=16.135192171151118&pitch=5&fov=120"
38,c359cf5f-52ed-45f2-96f9-f28074c6db5f,38.69935553,-9.204686185,Portugal,Lisbon,MUR,MUR,LWAL,LWAL,CDN,CDN,1,1,RES,IND,BP2,BP1,RSH2,RSH1,RMT1,RMN,MUR/LWAL/CDN/H:1/BP2/RSH2+RMT1/RES,"https://www.google.com/maps/@?api=1&map_action=pano&viewpoint=38.69935553,-9.20468618&heading=122.0849357452413&pitch=5&fov=120"
39,a6cb03a5-8d1b-469b-9f94-fb10826cc825,38.69782352,-9.201793084,Portugal,Lisbon,MCF,MCF,LWAL,LWAL,CDL,CDH,3,1,RES,IND,BP2,BPD,RSH2,RSH2,RMT1,RMT1,MCF/LWAL/CDL/H:3/BP2/RSH2+RMT1/RES,"https://www.google.com/maps/@?api=1&map_action=pano&viewpoint=38.69782352,-9.20179308&heading=42.10751299286244&pitch=5&fov=120"
40,34b03e6b-705d-4df1-95b6-1c8345089f8d,38.69714481,-9.203243904,Portugal,Lisbon,CR,MUR,LFM,LWAL,CDL,CDL,2,2,COM,COM,BP2,BP2,RSH2,RSH2,RMT1,RMT1,CR/LFM/CDL/H:2/BP2/RSH2+RMT1/COM,"https://www.google.com/maps/@?api=1&map_action=pano&viewpoint=38.69714481,-9.2032439&heading=67.50057856966839&pitch=5&fov=120"
41,a61cecff-7738-481b-9158-96a6d87b594b,38.69700612,-9.217991949,Portugal,Lisbon,CR,MCF,LFM,LWAL,CDM,CDN,2,1,RES,RES,BP2,BPD,RSH2,RSH2,RMT1,RMT1,CR/LFM/CDM/H:2/BP2/RSH2+RMT1/RES,"https://www.google.com/maps/@?api=1&map_action=pano&viewpoint=38.69700612,-9.21799195&heading=272.7869554726753&pitch=5&fov=120"
42,23e3357b-66d6-4882-a106-282ee9795154,38.700589,-9.22492685,Portugal,Lisbon,CR,MUR,LFINF,LWAL,CDL,CDL,4,4,RES,RES,BPD,BP1,RSH1,RSH2,RMN,RMT1,CR/LFINF/CDL/H:4/BPD/RSH1+RMN/RES,"https://www.google.com/maps/@?api=1&map_action=pano&viewpoint=38.700589,-9.22492685&heading=302.9470706236541&pitch=5&fov=120"
43,5f88e634-646f-455a-a14f-e978291305d5,38.70215447,-9.203567023,Portugal,Lisbon,CR,MUR,LFM,LWAL,CDL,CDN,4,4,MIX(RES;COM),MIX(RES;COM),BP2,BP1,RSH3,RSH2,RMT1,RMT1,CR/LFM/CDL/H:4/BP2/RSH3+RMT1/MIX(RES;COM),"https://www.google.com/maps/@?api=1&map_action=pano&viewpoint=38.70215447,-9.20356702&heading=44.10614514211977&pitch=5&fov=120"
44,f9ddf066-c48d-4899-bf4e-e44dd3d914d8,38.70492862,-9.202600714,Portugal,Lisbon,MCF,MUR,LWAL,LWAL,CDL,CDN,3,3,RES,RES,BP1,BP1,RSH2,RSH2,RMT1,RMT1,MCF/LWAL/CDL/H:3/BP1/RSH2+RMT1/RES,"https://www.google.com/maps/@?api=1&map_action=pano&viewpoint=38.70492862,-9.20260071&heading=239.3256199548889&pitch=5&fov=120"
46,01feb31d-4c67-4279-8c43-44354ac905a5,38.7010371,-9.20572867,Portugal,Lisbon,MCF,MCF,LWAL,LWAL,CDL,CDL,2,2,RES,RES,BP1,BP1,RSH2,RSH2,RMT1,RMT1,MCF/LWAL/CDL/H:2/BP1/RSH2+RMT1/RES,"https://www.google.com/maps/@?api=1&map_action=pano&viewpoint=38.7010371,-9.20572867&heading=318.0777335855515&pitch=5&fov=120"
49,7d5b9a86-99d0-46ec-92cb-0e64674b48b7,38.69492601,-9.213237963,Portugal,Lisbon,MCF,MUR,LWAL,LWAL,CDL,CDL,3,3,RES,RES,BP2,BP2,RSH2,RSH2,RMT1,RMT1,MCF/LWAL/CDL/H:3/BP2/RSH2+RMT1/RES,"https://www.google.com/maps/@?api=1&map_action=pano&viewpoint=38.69492601,-9.21323796&heading=53.584551240010796&pitch=5&fov=120"
52,96295b7a-f213-42d1-b01d-38e66de037ff,38.7011457,-9.205029321,Portugal,Lisbon,MCF,MCF,LWAL,LWAL,CDL,CDH,2,2,RES,RES,BPD,BPD,RSH3,RSH1,RMT1,RMN,MCF/LWAL/CDL/H:2/BPD/RSH3+RMT1/RES,"https://www.google.com/maps/@?api=1&map_action=pano&viewpoint=38.7011457,-9.20502932&heading=318.2687434792016&pitch=5&fov=120"
53,ce6cf89e-fbb2-484f-8e2b-d5ff284b7ee2,38.7019707,-9.20518678,Portugal,Lisbon,MUR,MUR,LWAL,LWAL,CDL,CDL,1,1,RES,RES,BP2,BP2,RSH2,RSH2,RMT1,RMT1,MUR/LWAL/CDL/H:1/BP2/RSH2+RMT1/RES,"https://www.google.com/maps/@?api=1&map_action=pano&viewpoint=38.7019707,-9.20518678&heading=319.68704542392345&pitch=5&fov=120"
54,0aa497c7-bc6c-4a18-b7cc-21d6a96eaa13,38.6993693,-9.2126602,Portugal,Lisbon,CR,MUR,LFM,LWAL,CDL,CDN,3,2,EDU,IND,BPD,BP1,RSH3,RSH1,RMT1,RMN,CR/LFM/CDL/H:3/BPD/RSH3+RMT1/EDU,"https://www.google.com/maps/@?api=1&map_action=pano&viewpoint=38.6993693,-9.2126602&heading=137.2048634788381&pitch=5&fov=120"
55,b05b7f25-0d9e-4c2b-a0cf-32db4b2efb5d,38.69794895,-9.192761132,Portugal,Lisbon,CR,CR,LFINF,LFM,CDL,CDL,4,4,MIX(RES;COM),MIX(RES;COM),BP1,BP2,RSH2,RSH2,RMT1,RMT1,CR/LFINF/CDL/H:4/BP1/RSH2+RMT1/MIX(RES;COM),"https://www.google.com/maps/@?api=1&map_action=pano&viewpoint=38.69794895,-9.19276113&heading=225.17351541016808&pitch=5&fov=120"
56,0217ef85-1c0c-404e-8962-f5c0b402d0bc,38.69695062,-9.216211555,Portugal,Lisbon,MCF,MUR,LWAL,LWAL,CDL,CDL,2,2,RES,RES,BP1,BPD,RSH2,RSH2,RMT1,RMT1,MCF/LWAL/CDL/H:2/BP1/RSH2+RMT1/RES,"https://www.google.com/maps/@?api=1&map_action=pano&viewpoint=38.69695062,-9.21621156&heading=83.6521022906827&pitch=5&fov=120"
58,a517537a-c461-4037-9733-6158af9d8dab,38.69985954,-9.20386228,Portugal,Lisbon,MCF,MUR,LWAL,LWAL,CDL,CDL,2,2,RES,COM,BPD,BP1,RSH3,RSH2,RMT1,RMT1,MCF/LWAL/CDL/H:2/BPD/RSH3+RMT1/RES,"https://www.google.com/maps/@?api=1&map_action=pano&viewpoint=38.69985954,-9.20386228&heading=60.82985460865888&pitch=5&fov=120"
59,6ea4a86a-850b-41b6-a05d-25560ed75381,38.70035029,-9.218517117,Portugal,Lisbon,MCF,MUR,LWAL,LWAL,CDL,CDN,2,2,RES,RES,BPD,BPD,RSH3,RSH2,RMT1,RMT1,MCF/LWAL/CDL/H:2/BPD/RSH3+RMT1/RES,"https://www.google.com/maps/@?api=1&map_action=pano&viewpoint=38.70035029,-9.21851712&heading=211.26403632559038&pitch=5&fov=120"
60,410fa1a3-8b11-47d0-875d-7472ba47f0a8,38.6974166,-9.193217209,Portugal,Lisbon,MCF,CR,LWAL,LFINF,CDL,CDL,2,1,RES,COM,BP1,BPD,RSH3,RSH1,RMT1,RMN,MCF/LWAL/CDL/H:2/BP1/RSH3+RMT1/RES,"https://www.google.com/maps/@?api=1&map_action=pano&viewpoint=38.6974166,-9.19321721&heading=230.217265067913&pitch=5&fov=120"
62,f823075f-4493-41d6-8aa0-1f7c5657448f,38.69814976,-9.192836121,Portugal,Lisbon,MUR,MUR,LWAL,LWAL,CDN,CDN,1,1,RES,RES,BP1,BP2,RSH2,RSH1,RMT1,RMN,MUR/LWAL/CDN/H:1/BP1/RSH2+RMT1/RES,"https://www.google.com/maps/@?api=1&map_action=pano&viewpoint=38.69814976,-9.19283612&heading=186.19637539446558&pitch=5&fov=120"
64,fb14d4d0-b061-4368-9e04-07adbb7ebe59,38.69954505,-9.21730195,Portugal,Lisbon,CR,MUR,LFM,LWAL,CDM,CDN,2,1,RES,RES,BPD,BPD,RSH3,RSH3,RMT1,RMT1,CR/LFM/CDM/H:2/BPD/RSH3+RMT1/RES,"https://www.google.com/maps/@?api=1&map_action=pano&viewpoint=38.69954505,-9.21730195&heading=283.787582285436&pitch=5&fov=120"
65,704d8806-4119-4e23-b358-75085cebdf44,38.69582577,-9.213491723,Portugal,Lisbon,CR,MUR,LFINF,LWAL,CDL,CDN,3,3,RES,RES,BP2,BP1,RSH1,RSH1,RMN,RMN,CR/LFINF/CDL/H:3/BP2/RSH1+RMN/RES,"https://www.google.com/maps/@?api=1&map_action=pano&viewpoint=38.69582577,-9.21349172&heading=39.06850446664566&pitch=5&fov=120"
66,fa4b234a-dda3-4b8c-beb4-9cf2a0a5666e,38.69721035,-9.19482351,Portugal,Lisbon,CR,MCF,LFM,LWAL,CDM,CDM,3,1,COM,IND,BPD,BP2,RSH2,RSH2,RMT1,RMT1,CR/LFM/CDM/H:3/BPD/RSH2+RMT1/COM,"https://www.google.com/maps/@?api=1&map_action=pano&viewpoint=38.69721035,-9.19482351&heading=65.9997946492607&pitch=5&fov=120"
68,6187bb15-e9d2-48eb-ab21-49df88685e39,38.69580386,-9.222555681,Portugal,Lisbon,CR,MUR,LFM,LWAL,CDL,CDN,3,3,RES,MIX(RES;COM),BP2,BP1,RSH2,RSH1,RMT1,RMN,CR/LFM/CDL/H:3/BP2/RSH2+RMT1/RES,"https://www.google.com/maps/@?api=1&map_action=pano&viewpoint=38.69580386,-9.22255568&heading=181.9193409017014&pitch=5&fov=120"
69,efec6770-b599-48eb-83af-b482acb6a44e,38.69879287,-9.192071818,Portugal,Lisbon,CR,CR,LFM,LFINF,CDL,CDN,3,3,RES,COM,BP3,BP3,RSH1,RSH1,RMN,RMN,CR/LFM/CDL/H:3/BP3/RSH1+RMN/RES,"https://www.google.com/maps/@?api=1&map_action=pano&viewpoint=38.69879287,-9.19207182&heading=209.7987140209475&pitch=5&fov=120"
70,d3f0ddea-8a9f-41e5-97a6-b11c9e4afeda,38.69743943,-9.217019517,Portugal,Lisbon,MCF,MUR,LWAL,LWAL,CDL,CDL,2,2,RES,RES,BP2,BPD,RSH2,RSH2,RMT1,RMT1,MCF/LWAL/CDL/H:2/BP2/RSH2+RMT1/RES,"https://www.google.com/maps/@?api=1&map_action=pano&viewpoint=38.69743943,-9.21701952&heading=90.32627664476485&pitch=5&fov=120"
73,dfad5a27-21b0-4380-a35f-a9f31b311fcd,38.69983427,-9.219431528,Portugal,Lisbon,MUR,,LWAL,,CDN,,2,,RES,,BPD,,RSH1,,RMN,,MUR/LWAL/CDN/H:2/BPD/RSH1+RMN/RES,"https://www.google.com/maps/@?api=1&map_action=pano&viewpoint=38.69983427,-9.21943153&heading=302.4787773133165&pitch=5&fov=120"
74,c8aab20a-6f6f-4f58-b7ef-68ad21c9247a,38.69958559,-9.215576308,Portugal,Lisbon,CR,,LFM,,CDM,,2,,RES,,BPD,,RSH3,,RMT1,,CR/LFM/CDM/H:2/BPD/RSH3+RMT1/RES,"https://www.google.com/maps/@?api=1&map_action=pano&viewpoint=38.69958559,-9.21557631&heading=350.607985092018&pitch=5&fov=120"
75,5536ea18-22a7-4562-8e06-0d0435fd69d4,38.69944291,-9.219659679,Portugal,Lisbon,MCF,MUR,LWAL,LWAL,CDL,CDL,2,2,RES,RES,BP2,BPD,RSH2,RSH2,RMT1,RMT1,MCF/LWAL/CDL/H:2/BP2/RSH2+RMT1/RES,"https://www.google.com/maps/@?api=1&map_action=pano&viewpoint=38.69944291,-9.21965968&heading=296.16165803689034&pitch=5&fov=120"
76,14890500-9f37-43a9-8670-7dbc0c1558a9,38.70349381,-9.204058215,Portugal,Lisbon,MCF,MCF,LWAL,LWAL,CDN,CDN,1,1,RES,COM,BP2,BP1,RSH2,RSH2,RMT1,RMT1,MCF/LWAL/CDN/H:1/BP2/RSH2+RMT1/RES,"https://www.google.com/maps/@?api=1&map_action=pano&viewpoint=38.70349381,-9.20405821&heading=93.03709521240575&pitch=5&fov=120"
77,58e93abf-d8bb-4ac1-95e3-2f29075ecc58,38.7047556,-9.202684802,Portugal,Lisbon,MCF,MCF,LWAL,LWAL,CDL,CDN,2,2,RES,COM,BP2,BP1,RSH2,RSH1,RMT1,RMN,MCF/LWAL/CDL/H:2/BP2/RSH2+RMT1/RES,"https://www.google.com/maps/@?api=1&map_action=pano&viewpoint=38.7047556,-9.2026848&heading=310.6127075858444&pitch=5&fov=120"
78,975737c5-74a2-477a-992f-1d40fcc01817,38.69471913,-9.218922789,Portugal,Lisbon,CR,MCF,LFM,LWAL,CDM,CDM,3,3,RES,RES,BPD,BP1,RSH1,RSH1,RMN,RMN,CR/LFM/CDM/H:3/BPD/RSH1+RMN/RES,"https://www.google.com/maps/@?api=1&map_action=pano&viewpoint=38.69471913,-9.21892279&heading=1.6750908854401132&pitch=5&fov=120"
79,abdf6a4e-e66f-4bba-838e-1b3f86e5071e,38.69630168,-9.216156622,Portugal,Lisbon,MCF,MUR,LWAL,LWAL,CDL,CDN,2,2,RES,RES,BP2,BPD,RSH2,RSH2,RMT1,RMT1,MCF/LWAL/CDL/H:2/BP2/RSH2+RMT1/RES,"https://www.google.com/maps/@?api=1&map_action=pano&viewpoint=38.69630168,-9.21615662&heading=80.27298872810638&pitch=5&fov=120"
80,02d4cfab-e561-4afc-81eb-8c29e1497459,38.69779885,-9.216961453,Portugal,Lisbon,MCF,MCF,LWAL,LWAL,CDL,CDN,2,2,RES,RES,BP2,BPD,RSH2,RSH1,RMT1,RMN,MCF/LWAL/CDL/H:2/BP2/RSH2+RMT1/RES,"https://www.google.com/maps/@?api=1&map_action=pano&viewpoint=38.69779885,-9.21696145&heading=270.3263129499336&pitch=5&fov=120"
81,151e8118-91fe-4921-81f5-43a887cd1ad3,38.69963015,-9.20468182,Portugal,Lisbon,CR,MUR,LFINF,LWAL,CDM,CDL,2,2,RES,RES,BPD,BP2,RSH3,RSH2,RMT1,RMT1,CR/LFINF/CDM/H:2/BPD/RSH3+RMT1/RES,"https://www.google.com/maps/@?api=1&map_action=pano&viewpoint=38.69963015,-9.20468182&heading=303.58273557248367&pitch=5&fov=120"
82,73150779-2b04-4a4c-90d6-214688b723a2,38.7006823,-9.22030752,Portugal,Lisbon,CR,,LFINF,,CDM,,2,,RES,,BPD,,RSH3,,RMT1,,CR/LFINF/CDM/H:2/BPD/RSH3+RMT1/RES,"https://www.google.com/maps/@?api=1&map_action=pano&viewpoint=38.7006823,-9.22030752&heading=301.72877609602097&pitch=5&fov=120"
83,d465d7a5-1a76-41e0-8cf6-dbbafb29ff29,38.69799977,-9.216605536,Portugal,Lisbon,MCF,MUR,LWAL,LWAL,CDL,CDL,3,3,RES,RES,BP2,BP2,RSH2,RSH1,RMT1,RMN,MCF/LWAL/CDL/H:3/BP2/RSH2+RMT1/RES,"https://www.google.com/maps/@?api=1&map_action=pano&viewpoint=38.69799977,-9.21660554&heading=359.20867977319983&pitch=5&fov=120"
84,edbf3daa-1ec8-4bf4-98c7-e443646ef465,38.70051045,-9.204850022,Portugal,Lisbon,MCF,MUR,LWAL,LWAL,CDL,CDL,2,2,RES,RES,BP1,BP1,RSH3,RSH2,RMT1,RMT1,MCF/LWAL/CDL/H:2/BP1/RSH3+RMT1/RES,"https://www.google.com/maps/@?api=1&map_action=pano&viewpoint=38.70051045,-9.20485002&heading=314.78326437093745&pitch=5&fov=120"
85,958d5b7f-6133-491c-9781-0c43d514c634,38.69804029,-9.217649543,Portugal,Lisbon,MCF,MUR,LWAL,LWAL,CDL,CDN,2,2,RES,RES,BP2,BP1,RSH2,RSH2,RMT1,RMT1,MCF/LWAL/CDL/H:2/BP2/RSH2+RMT1/RES,"https://www.google.com/maps/@?api=1&map_action=pano&viewpoint=38.69804029,-9.21764954&heading=99.44946409405577&pitch=5&fov=120"
87,d311f873-5dc3-47f1-b9b1-bee0ed0e24d2,38.69876883,-9.220370512,Portugal,Lisbon,MCF,MUR,LWAL,LWAL,CDL,CDL,2,2,RES,RES,BP2,BPD,RSH2,RSH2,RMT1,RMT1,MCF/LWAL/CDL/H:2/BP2/RSH2+RMT1/RES,"https://www.google.com/maps/@?api=1&map_action=pano&viewpoint=38.69876883,-9.22037051&heading=295.26421298868286&pitch=5&fov=120"
88,78891665-a86c-4039-9d02-9771e36d3a3c,38.6972417,-9.194198476,Portugal,Lisbon,CR,MUR,LFM,LWAL,CDL,CDL,2,3,COM,MIX(RES;COM),BP2,BP1,RSH3,RSH1,RMT6,RMN,CR/LFM/CDL/H:2/BP2/RSH3+RMT6/COM,"https://www.google.com/maps/@?api=1&map_action=pano&viewpoint=38.6972417,-9.19419848&heading=60.09757351687881&pitch=5&fov=120"
89,c98a309b-6547-4292-8001-b1ba9476f072,38.69734175,-9.216358497,Portugal,Lisbon,CR,,LFM,,CDL,,2,,RES,,BP1,,RSH2,,RMT1,,CR/LFM/CDL/H:2/BP1/RSH2+RMT1/RES,"https://www.google.com/maps/@?api=1&map_action=pano&viewpoint=38.69734175,-9.2163585&heading=85.41018875841752&pitch=5&fov=120"
90,7e48773a-a4f7-436b-8cb1-1ff9e71f1c44,38.7021565,-9.20523005,Portugal,Lisbon,MUR,MUR,LWAL,LWAL,CDN,CDL,1,2,RES,RES,BP1,BP3,RSH2,RSH2,RMT1,RMT1,MUR/LWAL/CDN/H:1/BP1/RSH2+RMT1/RES,"https://www.google.com/maps/@?api=1&map_action=pano&viewpoint=38.7021565,-9.20523005&heading=318.1386634157002&pitch=5&fov=120"
92,007f4b27-48cf-4ed1-a02d-4f2ed25717c4,38.69488564,-9.223221317,Portugal,Lisbon,CR,CR,LFM,LFINF,CDH,CDH,1,1,COM,IND,BPD,BPD,RSH1,RSH1,RMN,RMN,CR/LFM/CDH/H:1/BPD/RSH1+RMN/COM,"https://www.google.com/maps/@?api=1&map_action=pano&viewpoint=38.69488564,-9.22322132&heading=186.25497691825888&pitch=5&fov=120"
94,9a1df083-e9c3-4d19-8d69-eb34a4178c32,38.70405538,-9.203044646,Portugal,Lisbon,CR,MCF,LFINF,LWAL,CDL,CDL,3,3,RES,MIX(RES;COM),BP2,BP2,RSH1,RSH1,RMN,RMN,CR/LFINF/CDL/H:3/BP2/RSH1+RMN/RES,"https://www.google.com/maps/@?api=1&map_action=pano&viewpoint=38.70405538,-9.20304465&heading=67.74431376235032&pitch=5&fov=120"
95,f4d4da87-1c75-425a-938e-16d0d766c17c,38.69732085,-9.218361273,Portugal,Lisbon,MCF,MUR,LWAL,LWAL,CDL,CDN,2,2,RES,RES,BP2,BP1,RSH2,RSH1,RMT1,RMN,MCF/LWAL/CDL/H:2/BP2/RSH2+RMT1/RES,"https://www.google.com/maps/@?api=1&map_action=pano&viewpoint=38.69732085,-9.21836127&heading=97.86842467783686&pitch=5&fov=120"
99,7602cb82-7efa-4c54-bc97-19e429cb44db,38.69986937,-9.215533946,Portugal,Lisbon,CR,,LFM,,CDM,,2,,RES,,BPD,,RSH3,,RMT1,,CR/LFM/CDM/H:2/BPD/RSH3+RMT1/RES,"https://www.google.com/maps/@?api=1&map_action=pano&viewpoint=38.69986937,-9.21553395&heading=182.7432728130384&pitch=5&fov=120"
100,b24ec128-4c8b-4f48-9c13-8ecf5c88574c,38.69827305,-9.215644219,Portugal,Lisbon,MCF,,LWAL,,CDL,,2,,RES,,BP1,,RSH2,,RMT1,,MCF/LWAL/CDL/H:2/BP1/RSH2+RMT1/RES,"https://www.google.com/maps/@?api=1&map_action=pano&viewpoint=38.69827305,-9.21564422&heading=173.03944335369744&pitch=5&fov=120"
101,295208ba-739e-409d-a5b7-93a8c666febb,38.6976296,-9.216859782,Portugal,Lisbon,MCF,MUR,LWAL,LWAL,CDL,CDN,2,1,RES,RES,BP2,BP2,RSH2,RSH1,RMT1,RMN,MCF/LWAL/CDL/H:2/BP2/RSH2+RMT1/RES,"https://www.google.com/maps/@?api=1&map_action=pano&viewpoint=38.6976296,-9.21685978&heading=90.32637651805612&pitch=5&fov=120"
102,f7367a72-5a12-4e68-9645-1332be72e6df,38.69591229,-9.220351918,Portugal,Lisbon,MUR,MUR,LWAL,LWAL,CDN,CDN,1,1,RES,COM,BP1,BPD,RSH3,RSH2,RMT1,RMT1,MUR/LWAL/CDN/H:1/BP1/RSH3+RMT1/RES,"https://www.google.com/maps/@?api=1&map_action=pano&viewpoint=38.69591229,-9.22035192&heading=202.74232602207383&pitch=5&fov=120"
103,dd3a8c10-29bb-4fd7-9b57-10d2a618bc06,38.69661988,-9.216216565,Portugal,Lisbon,CR,,LFINF,,CDL,,2,,RES,,BP1,,RSH3,,RMT1,,CR/LFINF/CDL/H:2/BP1/RSH3+RMT1/RES,"https://www.google.com/maps/@?api=1&map_action=pano&viewpoint=38.69661988,-9.21621656&heading=260.27295125485637&pitch=5&fov=120"
106,b526501d-ec1c-4f40-8bf3-487f45f5d98e,38.69507686,-9.218845002,Portugal,Lisbon,MUR,MUR,LWAL,LWAL,CDL,CDL,2,2,RES,RES,BP3,BPD,RSH2,RSH2,RMT1,RMT1,MUR/LWAL/CDL/H:2/BP3/RSH2+RMT1/RES,"https://www.google.com/maps/@?api=1&map_action=pano&viewpoint=38.69507686,-9.218845&heading=15.626065383068749&pitch=5&fov=120"
108,72a3b50e-7673-4678-9802-6091f5025560,38.69718827,-9.214949816,Portugal,Lisbon,CR,MUR,LFINF,LWAL,CDL,CDN,2,2,RES,RES,BPD,BPD,RSH3,RSH2,RMT1,RMT1,CR/LFINF/CDL/H:2/BPD/RSH3+RMT1/RES,"https://www.google.com/maps/@?api=1&map_action=pano&viewpoint=38.69718827,-9.21494982&heading=162.4801354506851&pitch=5&fov=120"
109,04869ed4-ae77-4272-9a26-011d82a6c7ec,38.7016365,-9.218563835,Portugal,Lisbon,MUR,MUR,LWAL,LWAL,CDL,CDN,1,1,RES,RES,BPD,BP2,RSH1,RSH1,RMN,RMN,MUR/LWAL/CDL/H:1/BPD/RSH1+RMN/RES,"https://www.google.com/maps/@?api=1&map_action=pano&viewpoint=38.7016365,-9.21856384&heading=301.88738680250185&pitch=5&fov=120"
110,66a14d8b-3cd7-4302-8e5a-b71f701b64ae,38.69712658,-9.202181844,Portugal,Lisbon,CR,,LFM,,CDL,,3,,MIX(RES;COM),,BP2,,RSH3,,RMT1,,CR/LFM/CDL/H:3/BP2/RSH3+RMT1/MIX(RES;COM),"https://www.google.com/maps/@?api=1&map_action=pano&viewpoint=38.69712658,-9.20218184&heading=154.9984316286767&pitch=5&fov=120"
112,6aae6076-6827-4069-a3db-953f9ff255b0,38.69970575,-9.2038598,Portugal,Lisbon,MCF,MUR,LWAL,LWAL,CDL,CDN,2,2,RES,RES,BP1,BP2,RSH3,RSH2,RMT1,RMT1,MCF/LWAL/CDL/H:2/BP1/RSH3+RMT1/RES,"https://www.google.com/maps/@?api=1&map_action=pano&viewpoint=38.69970575,-9.2038598&heading=61.75134180574673&pitch=5&fov=120"
113,7d211c69-e63b-49c1-8fd5-496da80fe680,38.69897786,-9.217431366,Portugal,Lisbon,MCF,,LWAL,,CDL,,2,,RES,,BP2,,RSH3,,RMT1,,MCF/LWAL/CDL/H:2/BP2/RSH3+RMT1/RES,"https://www.google.com/maps/@?api=1&map_action=pano&viewpoint=38.69897786,-9.21743137&heading=103.84209760020144&pitch=5&fov=120"
114,0a41f43d-22aa-4dfc-bfaa-9d12794c2f3f,38.70013272,-9.219625944,Portugal,Lisbon,MCF,,LWAL,,CDM,,2,,RES,,BP2,,RSH3,,RMT1,,MCF/LWAL/CDM/H:2/BP2/RSH3+RMT1/RES,"https://www.google.com/maps/@?api=1&map_action=pano&viewpoint=38.70013272,-9.21962594&heading=31.958132300503053&pitch=5&fov=120"
115,0a4ce177-c669-4a71-9f2a-b5285166474a,38.69729691,-9.194289949,Portugal,Lisbon,MUR,MUR,LWAL,LWAL,CDN,CDN,1,3,RES,MIX(RES;COM),BP2,BP2,RSH2,RSH1,RMT1,RMN,MUR/LWAL/CDN/H:1/BP2/RSH2+RMT1/RES,"https://www.google.com/maps/@?api=1&map_action=pano&viewpoint=38.69729691,-9.19428995&heading=60.09751635276211&pitch=5&fov=120"
116,94cd741d-f1b0-4c2e-98f5-9c6173f74acf,38.6995083,-9.22663075,Portugal,Oeiras,CR,MUR,LWAL,LWAL,CDM,CDL,4,5,RES,RES,BPD,BP2,RSH2,RSH1,RMT1,RMN,CR/LWAL/CDM/H:4/BPD/RSH2+RMT1/RES,"https://www.google.com/maps/@?api=1&map_action=pano&viewpoint=38.6995083,-9.22663075&heading=50.542670225568486&pitch=5&fov=120"
117,5e62f36f-e1a7-4c44-8bf9-12f361860b5d,38.69765018,-9.202669313,Portugal,Lisbon,MCF,MCF,LWAL,LWAL,CDN,CDN,2,1,IND,RES,BP2,BP2,RSH2,RSH2,RMT1,RMT1,MCF/LWAL/CDN/H:2/BP2/RSH2+RMT1/IND,"https://www.google.com/maps/@?api=1&map_action=pano&viewpoint=38.69765018,-9.20266931&heading=333.193394600478&pitch=5&fov=120"
118,716299e5-06eb-41de-bb81-a241e7e78690,38.70057744,-9.219466736,Portugal,Lisbon,MCF,,LWAL,,CDL,,2,,RES,,BP2,,RSH3,,RMT1,,MCF/LWAL/CDL/H:2/BP2/RSH3+RMT1/RES,"https://www.google.com/maps/@?api=1&map_action=pano&viewpoint=38.70057744,-9.21946674&heading=212.12448305589749&pitch=5&fov=120"
119,618813f8-99f4-4e63-8815-098ebc9174c8,38.70002972,-9.206663191,Portugal,Lisbon,CR,MR,LFINF,LWAL,CDL,CDN,4,2,MIX(RES;COM),COM,BP2,BP2,RSH2,RSH1,RMT1,RMN,CR/LFINF/CDL/H:4/BP2/RSH2+RMT1/MIX(RES;COM),"https://www.google.com/maps/@?api=1&map_action=pano&viewpoint=38.70002972,-9.20666319&heading=326.1109150604317&pitch=5&fov=120"
121,b0ba359b-a914-4082-9360-6949c6e227ae,38.70011486,-9.221577093,Portugal,Lisbon,MUR,MUR,LWAL,LWAL,CDN,CDN,1,1,RES,RES,BPD,BPD,RSH3,RSH2,RMT1,RMT1,MUR/LWAL/CDN/H:1/BPD/RSH3+RMT1/RES,"https://www.google.com/maps/@?api=1&map_action=pano&viewpoint=38.70011486,-9.22157709&heading=32.05482522270859&pitch=5&fov=120"
123,ed667908-ad2b-4997-b81c-48ad49ef84a9,38.6971455,-9.202368748,Portugal,Lisbon,CR,,LFM,,CDL,,3,,MIX(RES;COM),,BP2,,RSH2,,RMT1,,CR/LFM/CDL/H:3/BP2/RSH2+RMT1/MIX(RES;COM),"https://www.google.com/maps/@?api=1&map_action=pano&viewpoint=38.6971455,-9.20236875&heading=155.1392284811746&pitch=5&fov=120"
124,023bb5cc-40d9-42b2-9451-1fabd9c5d266,38.69707877,-9.219659913,Portugal,Lisbon,CR,,LFINF,,CDL,,2,,RES,,BPD,,RSH3,,RMT1,,CR/LFINF/CDL/H:2/BPD/RSH3+RMT1/RES,"https://www.google.com/maps/@?api=1&map_action=pano&viewpoint=38.69707877,-9.21965991&heading=101.91914368867396&pitch=5&fov=120"
125,f5429311-f3b0-4263-bcbd-064b8106eb2a,38.69461595,-9.218005636,Portugal,Lisbon,MUR,MUR,LWAL,LWAL,CDL,CDL,1,1,COM,RES,BP1,BPD,RSH2,RSH2,RMT1,RMT1,MUR/LWAL/CDL/H:1/BP1/RSH2+RMT1/COM,"https://www.google.com/maps/@?api=1&map_action=pano&viewpoint=38.69461595,-9.21800564&heading=99.80485701527482&pitch=5&fov=120"
127,ee11402f-c024-43f2-9c67-446689aa9de2,38.69486315,-9.2199096,Portugal,Lisbon,S,,LWAL,,CDL,,1,,COM,,BP1,,RSH2,,RMT6,,S/LWAL/CDL/H:1/BP1/RSH2+RMT6/COM,"https://www.google.com/maps/@?api=1&map_action=pano&viewpoint=38.69486315,-9.2199096&heading=359.8959835411455&pitch=5&fov=120"
128,8c1393dc-9761-4800-b71a-ebe78c66b827,38.69793777,-9.193447615,Portugal,Lisbon,MUR,,LWAL,,CDN,,1,,RES,,BP1,,RSH2,,RMT1,,MUR/LWAL/CDN/H:1/BP1/RSH2+RMT1/RES,"https://www.google.com/maps/@?api=1&map_action=pano&viewpoint=38.69793777,-9.19344761&heading=54.763860200257454&pitch=5&fov=120"
129,adcab34e-b687-456f-8357-2d3c8e6a2e72,38.6961249,-9.215504425,Portugal,Lisbon,MCF,MUR,LWAL,LWAL,CDL,CDN,2,2,RES,RES,BP2,BPD,RSH2,RSH2,RMT1,RMT1,MCF/LWAL/CDL/H:2/BP2/RSH2+RMT1/RES,"https://www.google.com/maps/@?api=1&map_action=pano&viewpoint=38.6961249,-9.21550442&heading=78.08505324282191&pitch=5&fov=120"
130,5806dd20-1521-4218-b70b-32c77cb828f1,38.70169823,-9.205937562,Portugal,Lisbon,CR,MUR,LFINF,LWAL,CDL,CDL,3,2,RES,RES,BP1,BP1,RSH3,RSH2,RMT1,RMT1,CR/LFINF/CDL/H:3/BP1/RSH3+RMT1/RES,"https://www.google.com/maps/@?api=1&map_action=pano&viewpoint=38.70169823,-9.20593756&heading=176.9104061278805&pitch=5&fov=120"
131,2a91b375-27fe-40d0-abcb-082c140c017b,38.6992324,-9.2194859,Portugal,Lisbon,MCF,MCF,LWAL,LWAL,CDL,CDN,2,2,RES,RES,BP2,BP1,RSH2,RSH1,RMT1,RMN,MCF/LWAL/CDL/H:2/BP2/RSH2+RMT1/RES,"https://www.google.com/maps/@?api=1&map_action=pano&viewpoint=38.6992324,-9.2194859&heading=295.42096387223245&pitch=5&fov=120"
132,88dc620c-8868-414e-a3a9-a9ea84fe78c7,38.69832469,-9.212129766,Portugal,Lisbon,CR,,LFINF,,CDL,,2,,RES,,BPD,,RSH3,,RMT1,,CR/LFINF/CDL/H:2/BPD/RSH3+RMT1/RES,"https://www.google.com/maps/@?api=1&map_action=pano&viewpoint=38.69832469,-9.21212977&heading=317.5212420957532&pitch=5&fov=120"
134,bab028e1-f9e5-4968-b5e9-2453b5ec320d,38.69607715,-9.222396842,Portugal,Lisbon,MCF,MUR,LWAL,LWAL,CDL,CDN,2,2,RES,RES,BPD,BP1,RSH3,RSH1,RMT1,RMN,MCF/LWAL/CDL/H:2/BPD/RSH3+RMT1/RES,"https://www.google.com/maps/@?api=1&map_action=pano&viewpoint=38.69607715,-9.22239684&heading=183.02149830140888&pitch=5&fov=120"
135,8571d887-2130-432a-9734-2ae55294861d,38.70389645,-9.204219821,Portugal,Lisbon,MCF,MUR,LWAL,LWAL,CDL,CDL,2,2,RES,MIX(RES;COM),BP1,BP2,RSH2,RSH2,RMT1,RMT1,MCF/LWAL/CDL/H:2/BP1/RSH2+RMT1/RES,"https://www.google.com/maps/@?api=1&map_action=pano&viewpoint=38.70389645,-9.20421982&heading=289.28570954180617&pitch=5&fov=120"
136,e1ae047f-e0d5-4daf-8b61-e0ce1a05ab35,38.69977063,-9.217412306,Portugal,Lisbon,CR,,LFINF,,CDL,,2,,RES,,BPD,,RSH3,,RMT1,,CR/LFINF/CDL/H:2/BPD/RSH3+RMT1/RES,"https://www.google.com/maps/@?api=1&map_action=pano&viewpoint=38.69977063,-9.21741231&heading=19.26369371792157&pitch=5&fov=120"
138,112c02ad-54bd-46f4-a1d8-413a4de6c516,38.70046365,-9.2251352,Portugal,Lisbon,CR,MUR,LFINF,LWAL,CDL,CDL,3,4,MIX(RES;COM),RES,BP1,BP2,RSH3,RSH1,RMT1,RMN,CR/LFINF/CDL/H:3/BP1/RSH3+RMT1/MIX(RES;COM),"https://www.google.com/maps/@?api=1&map_action=pano&viewpoint=38.70046365,-9.2251352&heading=299.6331888732816&pitch=5&fov=120"
139,85d6247f-ab14-462e-8ddb-df5ec6e2681b,38.70231907,-9.205495745,Portugal,Lisbon,MUR,,LWAL,,CDL,,1,,RES,,BP1,,RSH2,,RMT1,,MUR/LWAL/CDL/H:1/BP1/RSH2+RMT1/RES,"https://www.google.com/maps/@?api=1&map_action=pano&viewpoint=38.70231907,-9.20549575&heading=226.2298034963394&pitch=5&fov=120"
140,98e960c4-0ad4-4203-84f6-e59c3151058a,38.70292276,-9.203081058,Portugal,Lisbon,CR,CR,LFM,LWAL,CDL,CDN,5,10.0-12.0,MIX(RES;COM),MIX(RES;COM),BP1,BP1,RSH1,RSH1,RMN,RMN,CR/LFM/CDL/H:5/BP1/RSH1+RMN/MIX(RES;COM),"https://www.google.com/maps/@?api=1&map_action=pano&viewpoint=38.70292276,-9.20308106&heading=167.79861182195424&pitch=5&fov=120"
141,731ef214-73c8-4649-99e2-bf8b22523cb3,38.69920561,-9.219583147,Portugal,Lisbon,MCF,MUR,LWAL,LWAL,CDL,CDN,2,2,RES,RES,BP2,BPD,RSH2,RSH2,RMT1,RMT1,MCF/LWAL/CDL/H:2/BP2/RSH2+RMT1/RES,"https://www.google.com/maps/@?api=1&map_action=pano&viewpoint=38.69920561,-9.21958315&heading=295.42090307017395&pitch=5&fov=120"
142,bfa0377b-b18b-4278-8ed0-f7176b8f8022,38.70028606,-9.206759458,Portugal,Lisbon,CR,,LFINF,,CDL,,5,,RES,,BP2,,RSH2,,RMT1,,CR/LFINF/CDL/H:5/BP2/RSH2+RMT1/RES,"https://www.google.com/maps/@?api=1&map_action=pano&viewpoint=38.70028606,-9.20675946&heading=65.8712111904673&pitch=5&fov=120"
143,4b951dc1-97d0-4a75-a31a-66c13b49935b,38.6962389,-9.225338416,Portugal,Lisbon,CR,CR,LFM,LFINF,CDM,CDN,3,2,COM,COM,BP1,BP1,RSH1,RSH1,RMN,RMN,CR/LFM/CDM/H:3/BP1/RSH1+RMN/COM,"https://www.google.com/maps/@?api=1&map_action=pano&viewpoint=38.6962389,-9.22533842&heading=251.56530664751642&pitch=5&fov=120"
144,34027878-66da-4de9-8c54-c703ce6c3246,38.70002809,-9.204924605,Portugal,Lisbon,MUR,MUR,LWAL,LWAL,CDL,CDL,1,1,RES,RES,BP2,BP2,RSH2,RSH2,RMT1,RMT1,MUR/LWAL/CDL/H:1/BP2/RSH2+RMT1/RES,"https://www.google.com/maps/@?api=1&map_action=pano&viewpoint=38.70002809,-9.20492461&heading=122.42198801591945&pitch=5&fov=120"
145,0f3b2744-e344-44b2-8051-cab64998f695,38.70202187,-9.202829951,Portugal,Lisbon,CR,MCF,LFINF,LWAL,CDL,CDL,3,2,RES,COM,BP1,BP1,RSH2,RSH2,RMT1,RMT1,CR/LFINF/CDL/H:3/BP1/RSH2+RMT1/RES,"https://www.google.com/maps/@?api=1&map_action=pano&viewpoint=38.70202187,-9.20282995&heading=188.16094299559296&pitch=5&fov=120"
146,c96670c7-ba17-4fd7-8e79-6cf2b5e49a92,38.7008776,-9.217624825,Portugal,Lisbon,MCF,MUR,LWAL,LWAL,CDL,CDL,2,1,COM,COM,BPD,BP1,RSH3,RSH1,RMT1,RMN,MCF/LWAL/CDL/H:2/BPD/RSH3+RMT1/COM,"https://www.google.com/maps/@?api=1&map_action=pano&viewpoint=38.7008776,-9.21762483&heading=71.7127274591329&pitch=5&fov=120"
147,eafedd1e-425c-46c2-bd48-31451db211f1,38.6993708,-9.219264814,Portugal,Lisbon,MCF,MCF,LWAL,LWAL,CDL,CDH,2,2,RES,RES,BP2,BP1,RSH2,RSH2,RMT1,RMT1,MCF/LWAL/CDL/H:2/BP2/RSH2+RMT1/RES,"https://www.google.com/maps/@?api=1&map_action=pano&viewpoint=38.6993708,-9.21926481&heading=295.42110210584474&pitch=5&fov=120"
148,88555637-2377-42d4-b6be-b6712fac8e02,38.69532164,-9.218160117,Portugal,Lisbon,CR,CR,LFM,LFINF,CDM,CDN,4,3,MIX(RES;COM),IND,BP1,BP1,RSH3,RSH1,RMT1,RMN,CR/LFM/CDM/H:4/BP1/RSH3+RMT1/MIX(RES;COM),"https://www.google.com/maps/@?api=1&map_action=pano&viewpoint=38.69532164,-9.21816012&heading=171.3279350364221&pitch=5&fov=120"
152,b58bcc80-0460-44f5-b704-d4f7c8fc71d9,38.6969099,-9.217406134,Portugal,Lisbon,MCF,MUR,LWAL,LWAL,CDL,CDN,2,2,RES,RES,BP2,BPD,RSH2,RSH1,RMT1,RMN,MCF/LWAL/CDL/H:2/BP2/RSH2+RMT1/RES,"https://www.google.com/maps/@?api=1&map_action=pano&viewpoint=38.6969099,-9.21740613&heading=90.5223085060178&pitch=5&fov=120"
154,01e87cae-9572-4140-b386-ac8af04bb9e0,38.69713893,-9.225235678,Portugal,Lisbon,CR,CR,LFM,LFINF,CDM,CDM,4,5,MIX(RES;COM),MIX(RES;COM),BPD,BP1,RSH1,RSH1,RMN,RMN,CR/LFM/CDM/H:4/BPD/RSH1+RMN/MIX(RES;COM),"https://www.google.com/maps/@?api=1&map_action=pano&viewpoint=38.69713893,-9.22523568&heading=182.97349637722425&pitch=5&fov=120"
156,2ad376af-1f32-481e-8e40-508496983979,38.69939928,-9.204546618,Portugal,Lisbon,MCF,MUR,LWAL,LWAL,CDL,CDL,2,2,RES,RES,BPD,BP1,RSH3,RSH2,RMT1,RMT1,MCF/LWAL/CDL/H:2/BPD/RSH3+RMT1/RES,"https://www.google.com/maps/@?api=1&map_action=pano&viewpoint=38.69939928,-9.20454662&heading=123.5828201079151&pitch=5&fov=120"
157,d137f7fc-910b-4ae2-9832-f1403df5b921,38.69606485,-9.216254916,Portugal,Lisbon,CR,,LFINF,,CDL,,2,,RES,,BP1,,RSH3,,RMT1,,CR/LFINF/CDL/H:2/BP1/RSH3+RMT1/RES,"https://www.google.com/maps/@?api=1&map_action=pano&viewpoint=38.69606485,-9.21625492&heading=79.40594049029863&pitch=5&fov=120"
159,adf58bfe-0519-4b27-93d0-7bc83468675e,38.70151483,-9.205721967,Portugal,Lisbon,MUR,MUR,LWAL,LWAL,CDL,CDL,1,1,RES,RES,BP1,BPD,RSH2,RSH2,RMT1,RMT1,MUR/LWAL/CDL/H:1/BP1/RSH2+RMT1/RES,"https://www.google.com/maps/@?api=1&map_action=pano&viewpoint=38.70151483,-9.20572197&heading=332.6949671908136&pitch=5&fov=120"
160,479182e6-a0d1-4286-8379-170f83ed825d,38.69601992,-9.217063444,Portugal,Lisbon,CR,MUR,LFINF,LWAL,CDM,CDL,3,3,RES,RES,BPD,BPD,RSH1,RSH2,RMN,RMT1,CR/LFINF/CDM/H:3/BPD/RSH1+RMN/RES,"https://www.google.com/maps/@?api=1&map_action=pano&viewpoint=38.69601992,-9.21706344&heading=259.8985469090109&pitch=5&fov=120"
163,7885a0d2-2f05-4f39-b9c5-0691eb7b27a5,38.70027551,-9.219725502,Portugal,Lisbon,MCF,,LWAL,,CDL,,2,,RES,,BP2,,RSH2,,RMT1,,MCF/LWAL/CDL/H:2/BP2/RSH2+RMT1/RES,"https://www.google.com/maps/@?api=1&map_action=pano&viewpoint=38.70027551,-9.2197255&heading=31.95807004060663&pitch=5&fov=120"
165,c8201335-cd5d-416b-affb-617d059b796c,38.6975916,-9.21656984,Portugal,Lisbon,MCF,,LWAL,,CDL,,2,,RES,,BP2,,RSH2,,RMT1,,MCF/LWAL/CDL/H:2/BP2/RSH2+RMT1/RES,"https://www.google.com/maps/@?api=1&map_action=pano&viewpoint=38.6975916,-9.21656984&heading=87.36979390445788&pitch=5&fov=120"
166,f22f88dd-b55b-4c1d-8746-73f9f527bb1f,38.69998382,-9.226395851,Portugal,Lisbon,CR,MUR,LFINF,LWAL,CDL,CDL,4,4,RES,RES,BP2,BP1,RSH2,RSH1,RMT1,RMN,CR/LFINF/CDL/H:4/BP2/RSH2+RMT1/RES,"https://www.google.com/maps/@?api=1&map_action=pano&viewpoint=38.69998382,-9.22639585&heading=348.504615787112&pitch=5&fov=120"
167,d7f9c37e-023e-4b86-bf2e-b66fa47a4af2,38.69730478,-9.194075154,Portugal,Lisbon,MCF,MR,LWAL,LWAL,CDL,CDN,3,3,RES,RES,BP2,BP1,RSH1,RSH1,RMN,RMN,MCF/LWAL/CDL/H:3/BP2/RSH1+RMN/RES,"https://www.google.com/maps/@?api=1&map_action=pano&viewpoint=38.69730478,-9.19407515&heading=143.78976110013878&pitch=5&fov=120"
168,e2ea134c-1c14-47ce-be4e-cfff9dcd0cc2,38.69767684,-9.20259808,Portugal,Lisbon,MUR,MUR,LWAL,LWAL,CDL,CDL,2,1,RES,MIX(RES;COM),BP2,BP1,RSH2,RSH1,RMT1,RMN,MUR/LWAL/CDL/H:2/BP2/RSH2+RMT1/RES,"https://www.google.com/maps/@?api=1&map_action=pano&viewpoint=38.69767684,-9.20259808&heading=154.5264265448704&pitch=5&fov=120"
169,c5b232b5-e3ad-49b7-854f-b3fcd7cd3016,38.7043168,-9.2024898,Portugal,Lisbon,MCF,MUR,LWAL,LWAL,CDL,CDL,3,3,RES,RES,BP1,BP2,RSH2,RSH1,RMT1,RMN,MCF/LWAL/CDL/H:3/BP1/RSH2+RMT1/RES,"https://www.google.com/maps/@?api=1&map_action=pano&viewpoint=38.7043168,-9.2024898&heading=148.94914839751124&pitch=5&fov=120"
171,cc2b76c3-8b26-4b86-a28f-849421725c4b,38.69638927,-9.220771475,Portugal,Lisbon,CR,MUR,LFINF,LWAL,CDL,CDN,4,3,RES,MIX(RES;COM),BP2,BP2,RSH2,RSH1,RMT1,RMN,CR/LFINF/CDL/H:4/BP2/RSH2+RMT1/RES,"https://www.google.com/maps/@?api=1&map_action=pano&viewpoint=38.69638927,-9.22077147&heading=175.38859578187123&pitch=5&fov=120"
172,f44672ce-9aba-452d-9881-7fc6b0a5150b,38.69792699,-9.203005749,Portugal,Lisbon,MCF,MCF,LWAL,LWAL,CDL,CDL,2,1,RES,COM,BP1,BPD,RSH2,RSH2,RMT1,RMT1,MCF/LWAL/CDL/H:2/BP1/RSH2+RMT1/RES,"https://www.google.com/maps/@?api=1&map_action=pano&viewpoint=38.69792699,-9.20300575&heading=155.81352191513554&pitch=5&fov=120"
174,5201f93b-abc4-4c9a-9f5d-92b24c56a7f2,38.6977824,-9.22412215,Portugal,Lisbon,MUR,,LWAL,,CDN,,2,,RES,,BP1,,RSH2,,RMT1,,MUR/LWAL/CDN/H:2/BP1/RSH2+RMT1/RES,"https://www.google.com/maps/@?api=1&map_action=pano&viewpoint=38.6977824,-9.22412215&heading=171.97792682617688&pitch=5&fov=120"
175,9f387494-9b60-4f70-afdf-85a1c6500406,38.69913138,-9.220325529,Portugal,Lisbon,MCF,MUR,LWAL,LWAL,CDL,CDL,2,2,RES,RES,BP2,BPD,RSH2,RSH3,RMT1,RMT1,MCF/LWAL/CDL/H:2/BP2/RSH2+RMT1/RES,"https://www.google.com/maps/@?api=1&map_action=pano&viewpoint=38.69913138,-9.22032553&heading=296.5261410278083&pitch=5&fov=120"
176,8ca8d531-6615-4819-a789-3b5f834976df,38.6963267,-9.21199085,Portugal,Lisbon,CR,CR,LFINF,LFM,CDM,CDM,6.0-7.0,8.0-9.0,RES,RES,BPD,BP2,RSH1,RSH1,RMN,RMN,CR/LFINF/CDM/H:6-7/BPD/RSH1+RMN/RES,"https://www.google.com/maps/@?api=1&map_action=pano&viewpoint=38.6963267,-9.21199085&heading=36.55000369738218&pitch=5&fov=120"
177,777bdec3-9a66-4bc8-b18d-aa2687602fbd,38.7034793,-9.220655569,Portugal,Lisbon,CR,CR,LFM,LFINF,CDH,CDN,1,1,COM,COM,BPD,BP1,RSH1,RSH2,RMN,RMT1,CR/LFM/CDH/H:1/BPD/RSH1+RMN/COM,"https://www.google.com/maps/@?api=1&map_action=pano&viewpoint=38.7034793,-9.22065557&heading=204.65718248747402&pitch=5&fov=120"
178,97f7882c-22e9-41bf-989f-15a0d8f984d6,38.70056318,-9.203460638,Portugal,Lisbon,MUR,MUR,LWAL,LWAL,CDN,CDN,1,1,RES,RES,BPD,BPD,RSH2,RSH2,RMT1,RMT1,MUR/LWAL/CDN/H:1/BPD/RSH2+RMT1/RES,"https://www.google.com/maps/@?api=1&map_action=pano&viewpoint=38.70056318,-9.20346064&heading=81.4699628701805&pitch=5&fov=120"
179,81e9d24a-5fad-4300-ae1c-5f8b60c91d62,38.70453758,-9.202903206,Portugal,Lisbon,CR,CR,LFM,LFINF,CDL,CDN,3,3,MIX(RES;COM),MIX(RES;COM),BP1,BP1,RSH3,RSH1,RMT1,RMN,CR/LFM/CDL/H:3/BP1/RSH3+RMT1/MIX(RES;COM),"https://www.google.com/maps/@?api=1&map_action=pano&viewpoint=38.70453758,-9.20290321&heading=135.43398444900976&pitch=5&fov=120"
180,72d6b8b5-1cbc-4384-8f96-e4344d1529d5,38.69699937,-9.219187113,Portugal,Lisbon,MCF,MUR,LWAL,LWAL,CDL,CDL,2,2,RES,RES,BP2,BP2,RSH2,RSH2,RMT1,RMT1,MCF/LWAL/CDL/H:2/BP2/RSH2+RMT1/RES,"https://www.google.com/maps/@?api=1&map_action=pano&viewpoint=38.69699937,-9.21918711&heading=100.09104385428128&pitch=5&fov=120"
181,73a548bf-a1a2-4d87-b15f-e22d91b59265,38.69769398,-9.20201098,Portugal,Lisbon,MCF,MCF,LWAL,LWAL,CDL,CDL,2,2,RES,RES,BP2,BP2,RSH2,RSH1,RMT1,RMN,MCF/LWAL/CDL/H:2/BP2/RSH2+RMT1/RES,"https://www.google.com/maps/@?api=1&map_action=pano&viewpoint=38.69769398,-9.20201098&heading=222.10737676625922&pitch=5&fov=120"
183,8b9d2e43-b340-4d95-9676-055d5caf912c,38.69744108,-9.192978689,Portugal,Lisbon,CR,MUR,LFINF,LWAL,CDL,CDL,3,2,MIX(RES;COM),RES,BP2,BP2,RSH2,RSH2,RMT1,RMT1,CR/LFINF/CDL/H:3/BP2/RSH2+RMT1/MIX(RES;COM),"https://www.google.com/maps/@?api=1&map_action=pano&viewpoint=38.69744108,-9.19297869&heading=50.217414196675236&pitch=5&fov=120"
184,5af4042c-3ee0-4f93-8be1-6d27af538d6b,38.69696664,-9.202376731,Portugal,Lisbon,MCF,,LWAL,,CDL,,3,,MIX(RES;COM),,BP1,,RSH2,,RMT1,,MCF/LWAL/CDL/H:3/BP1/RSH2+RMT1/MIX(RES;COM),"https://www.google.com/maps/@?api=1&map_action=pano&viewpoint=38.69696664,-9.20237673&heading=155.13922349252175&pitch=5&fov=120"
185,4ebc5e7d-65c8-4541-b684-ac36ed5dd86c,38.70203709,-9.203822336,Portugal,Lisbon,CR,CR,LFM,LFINF,CDL,CDL,4,3,RES,COM,BP2,BP1,RSH3,RSH1,RMT1,RMN,CR/LFM/CDL/H:4/BP2/RSH3+RMT1/RES,"https://www.google.com/maps/@?api=1&map_action=pano&viewpoint=38.70203709,-9.20382234&heading=220.99369747715707&pitch=5&fov=120"
187,976dabea-3e67-42c8-9214-f7815bcdc540,38.70205759,-9.202938588,Portugal,Lisbon,MCF,MCF,LWAL,LWAL,CDL,CDL,3,2,MIX(RES;COM),COM,BP2,BP2,RSH3,RSH1,RMT1,RMN,MCF/LWAL/CDL/H:3/BP2/RSH3+RMT1/MIX(RES;COM),"https://www.google.com/maps/@?api=1&map_action=pano&viewpoint=38.70205759,-9.20293859&heading=184.5639060659371&pitch=5&fov=120"
189,52efc745-b09e-4025-8af3-fa6619d12988,38.69872399,-9.2192672,Portugal,Lisbon,MCF,MUR,LWAL,LWAL,CDL,CDN,2,2,RES,RES,BP2,BP1,RSH2,RSH2,RMT1,RMT1,MCF/LWAL/CDL/H:2/BP2/RSH2+RMT1/RES,"https://www.google.com/maps/@?api=1&map_action=pano&viewpoint=38.69872399,-9.2192672&heading=290.8050189226477&pitch=5&fov=120"
190,502a9a7e-ef97-4c78-b171-e792a0514cd8,38.69767054,-9.193497501,Portugal,Lisbon,CR,MUR,LFM,LWAL,CDL,CDL,3,4,RES,RES,BP2,BP2,RSH2,RSH1,RMT1,RMN,CR/LFM/CDL/H:3/BP2/RSH2+RMT1/RES,"https://www.google.com/maps/@?api=1&map_action=pano&viewpoint=38.69767054,-9.1934975&heading=316.5580074173064&pitch=5&fov=120"
192,faa9287f-f136-43e0-b52e-223f1f6c45c0,38.70426594,-9.202968326,Portugal,Lisbon,MCF,MCF,LWAL,LWAL,CDL,CDL,3,3,RES,MIX(RES;COM),BP2,BP1,RSH2,RSH1,RMT1,RMN,MCF/LWAL/CDL/H:3/BP2/RSH2+RMT1/RES,"https://www.google.com/maps/@?api=1&map_action=pano&viewpoint=38.70426594,-9.20296833&heading=67.74436148694895&pitch=5&fov=120"
194,cef5e055-1901-4ea9-b7a1-bb0b7e829363,38.69900182,-9.214848118,Portugal,Lisbon,CR,MUR,LFM,LWAL,CDL,CDN,2,2,RES,RES,BPD,BP2,RSH3,RSH1,RMT1,RMN,CR/LFM/CDL/H:2/BPD/RSH3+RMT1/RES,"https://www.google.com/maps/@?api=1&map_action=pano&viewpoint=38.69900182,-9.21484812&heading=63.1921017172333&pitch=5&fov=120"
195,94627ff1-2fbd-491c-a663-d5cb55219db4,38.69758733,-9.19687653,Portugal,Lisbon,MCF,MUR,LWAL,LWAL,CDN,CDN,3,2,RES,RES,BP2,BP2,RSH2,RSH2,RMT1,RMT1,MCF/LWAL/CDN/H:3/BP2/RSH2+RMT1/RES,"https://www.google.com/maps/@?api=1&map_action=pano&viewpoint=38.69758733,-9.19687653&heading=329.25954294919006&pitch=5&fov=120"
196,8073500f-b95d-466f-a74d-3a5a5dac73e0,38.69448458,-9.218380527,Portugal,Lisbon,MUR,MUR,LWAL,LWAL,CDN,CDN,1,1,COM,IND,BP1,BP2,RSH1,RSH1,RMN,RMN,MUR/LWAL/CDN/H:1/BP1/RSH1+RMN/COM,"https://www.google.com/maps/@?api=1&map_action=pano&viewpoint=38.69448458,-9.21838053&heading=187.70767624575274&pitch=5&fov=120"
197,c051bead-6ee8-4896-9598-0e1a54f44599,38.69518661,-9.215946476,Portugal,Lisbon,CR,MUR,LFM,LWAL,CDL,CDL,3,3,RES,RES,BPD,BP1,RSH3,RSH2,RMT1,RMT1,CR/LFM/CDL/H:3/BPD/RSH3+RMT1/RES,"https://www.google.com/maps/@?api=1&map_action=pano&viewpoint=38.69518661,-9.21594648&heading=333.0130406797784&pitch=5&fov=120"
198,e692b168-9d4c-419e-af41-ec7573379390,38.6936271,-9.208459692,Portugal,Lisbon,CR,,LFM,,CDH,,1,,COM,,BPD,,RSH3,,RMT1,,CR/LFM/CDH/H:1/BPD/RSH3+RMT1/COM,"https://www.google.com/maps/@?api=1&map_action=pano&viewpoint=38.6936271,-9.20845969&heading=226.96224780024158&pitch=5&fov=120"
200,baf02453-e2be-4db4-bdd7-8aae0875ff6a,38.69739941,-9.222874383,Portugal,Lisbon,MCF,MCF,LWAL,LWAL,CDN,CDN,2,2,RES,RES,BP2,BPD,RSH1,RSH1,RMN,RMN,MCF/LWAL/CDN/H:2/BP2/RSH1+RMN/RES,"https://www.google.com/maps/@?api=1&map_action=pano&viewpoint=38.69739941,-9.22287438&heading=184.35978663098854&pitch=5&fov=120"
201,3748df97-e139-4734-a501-5471ffc51bc6,38.69877265,-9.219165989,Portugal,Lisbon,MCF,MUR,LWAL,LWAL,CDN,CDN,2,2,RES,RES,BP2,BP1,RSH2,RSH2,RMT1,RMT1,MCF/LWAL/CDN/H:2/BP2/RSH2+RMT1/RES,"https://www.google.com/maps/@?api=1&map_action=pano&viewpoint=38.69877265,-9.21916599&heading=290.8050822053409&pitch=5&fov=120"
202,dd994392-f645-486e-9bcb-a48f164c8e96,38.70048513,-9.219875565,Portugal,Lisbon,MCF,,LWAL,,CDM,,2,,RES,,BP2,,RSH3,,RMT1,,MCF/LWAL/CDM/H:2/BP2/RSH3+RMT1/RES,"https://www.google.com/maps/@?api=1&map_action=pano&viewpoint=38.70048513,-9.21987556&heading=32.36185963584438&pitch=5&fov=120"
203,9708d360-3163-40a7-a070-a4b65ec68b0e,38.69611137,-9.221608837,Portugal,Lisbon,CR,,LFM,,CDM,,2,,RES,,BPD,,RSH3,,RMT1,,CR/LFM/CDM/H:2/BPD/RSH3+RMT1/RES,"https://www.google.com/maps/@?api=1&map_action=pano&viewpoint=38.69611137,-9.22160884&heading=3.675604586925772&pitch=5&fov=120"
204,1e552920-822c-43b4-ae13-23312eb4fbab,38.69404312,-9.2183228,Portugal,Lisbon,CR,,LFM,,CDH,,4,,RES,,BPD,,RSH1,,RMN,,CR/LFM/CDH/H:4/BPD/RSH1+RMN/RES,"https://www.google.com/maps/@?api=1&map_action=pano&viewpoint=38.69404312,-9.2183228&heading=182.4367249222433&pitch=5&fov=120"
205,bf1cc6c6-802d-486c-84d6-4c3a53ede7aa,38.69764123,-9.195671477,Portugal,Lisbon,MCF,MUR,LWAL,LWAL,CDN,CDN,3,3,RES,RES,BP2,BP1,RSH2,RSH1,RMT1,RMN,MCF/LWAL/CDN/H:3/BP2/RSH2+RMT1/RES,"https://www.google.com/maps/@?api=1&map_action=pano&viewpoint=38.69764123,-9.19567148&heading=324.872924664322&pitch=5&fov=120"
206,58f6ecbd-3930-414b-8b3a-284b08abaa7a,38.69913018,-9.217761791,Portugal,Lisbon,MCF,MUR,LWAL,LWAL,CDN,CDN,2,2,RES,RES,BP2,BP2,RSH2,RSH2,RMT1,RMT1,MCF/LWAL/CDN/H:2/BP2/RSH2+RMT1/RES,"https://www.google.com/maps/@?api=1&map_action=pano&viewpoint=38.69913018,-9.21776179&heading=283.8418910056026&pitch=5&fov=120"
208,f705c7f7-8249-40c4-889e-0488b50f0b8a,38.69704467,-9.224636944,Portugal,Lisbon,CR,,LFM,,CDM,,2,,RES,,BPD,,RSH3,,RMT1,,CR/LFM/CDM/H:2/BPD/RSH3+RMT1/RES,"https://www.google.com/maps/@?api=1&map_action=pano&viewpoint=38.69704467,-9.22463694&heading=3.9226464223108337&pitch=5&fov=120"
210,0dbf5d87-3524-45bb-9ec8-8fdb4d3fa89c,38.6986251,-9.2137302,Portugal,Lisbon,CR,MUR,LFINF,LWAL,CDL,CDL,3,2,RES,RES,BPD,BPD,RSH3,RSH2,RMT1,RMT1,CR/LFINF/CDL/H:3/BPD/RSH3+RMT1/RES,"https://www.google.com/maps/@?api=1&map_action=pano&viewpoint=38.6986251,-9.2137302&heading=250.24631957582085&pitch=5&fov=120"
211,5794d928-40ee-41e4-9996-f24aa0a2ef54,38.6963698,-9.223003385,Portugal,Lisbon,CR,,LFINF,,CDH,,2,,RES,,BPD,,RSH1,,RMN,,CR/LFINF/CDH/H:2/BPD/RSH1+RMN/RES,"https://www.google.com/maps/@?api=1&map_action=pano&viewpoint=38.6963698,-9.22300338&heading=181.77770957660937&pitch=5&fov=120"
212,296937da-0395-40a1-8f95-89664acde569,38.7018862,-9.20344305,Portugal,Lisbon,CR,CR,LFM,LFINF,CDM,CDM,4,4,RES,RES,BP2,BP1,RSH2,RSH1,RMT1,RMN,CR/LFM/CDM/H:4/BP2/RSH2+RMT1/RES,"https://www.google.com/maps/@?api=1&map_action=pano&viewpoint=38.7018862,-9.20344305&heading=41.828351742761015&pitch=5&fov=120"
213,490e477b-7146-4a86-81d2-d7d2181457bd,38.700873,-9.2202995,Portugal,Lisbon,MCF,MUR,LWAL,LWAL,CDL,CDN,2,3,RES,RES,BP1,BP2,RSH2,RSH2,RMT1,RMT1,MCF/LWAL/CDL/H:2/BP1/RSH2+RMT1/RES,"https://www.google.com/maps/@?api=1&map_action=pano&viewpoint=38.700873,-9.2202995&heading=302.3701442678971&pitch=5&fov=120"
214,5502e396-ca29-48ca-a419-fca3e7988fac,38.69483293,-9.223271411,Portugal,Lisbon,CR,CR,LFM,LFINF,CDH,CDH,1,2,COM,IND,BPD,BPD,RSH1,RSH1,RMN,RMN,CR/LFM/CDH/H:1/BPD/RSH1+RMN/COM,"https://www.google.com/maps/@?api=1&map_action=pano&viewpoint=38.69483293,-9.22327141&heading=186.25494560331884&pitch=5&fov=120"
216,f9ef5fb7-0f79-4791-b46f-c4c6d2fc897f,38.70078704,-9.210893779,Portugal,Lisbon,CR,CR,LFM,LFINF,CDH,CDN,2,1,RES,IND,BPD,BP1,RSH1,RSH1,RMN,RMN,CR/LFM/CDH/H:2/BPD/RSH1+RMN/RES,"https://www.google.com/maps/@?api=1&map_action=pano&viewpoint=38.70078704,-9.21089378&heading=144.18694929150234&pitch=5&fov=120"
219,9f2be6ba-25bc-4e2a-a49e-d5cdf18c1ac3,38.6968136,-9.201945126,Portugal,Lisbon,MCF,,LWAL,,CDL,,3,,MIX(RES;COM),,BP1,,RSH3,,RMT1,,MCF/LWAL/CDL/H:3/BP1/RSH3+RMT1/MIX(RES;COM),"https://www.google.com/maps/@?api=1&map_action=pano&viewpoint=38.6968136,-9.20194513&heading=219.84100600864855&pitch=5&fov=120"
220,35a6ce77-d8a7-4c5d-8077-d06f5ef17ee2,38.69730641,-9.194477658,Portugal,Lisbon,MCF,MUR,LWAL,LWAL,CDL,CDN,4,4,RES,RES,BP2,BP1,RSH3,RSH1,RMT1,RMN,MCF/LWAL/CDL/H:4/BP2/RSH3+RMT1/RES,"https://www.google.com/maps/@?api=1&map_action=pano&viewpoint=38.69730641,-9.19447766&heading=153.21901852020443&pitch=5&fov=120"
221,3277ff83-c412-4481-9b97-bd7f04ad2f46,38.69723039,-9.197087624,Portugal,Lisbon,CR,,LFM,,CDH,,2,,COM,,BPD,,RSH1,,RMN,,CR/LFM/CDH/H:2/BPD/RSH1+RMN/COM,"https://www.google.com/maps/@?api=1&map_action=pano&viewpoint=38.69723039,-9.19708762&heading=149.25941097315928&pitch=5&fov=120"
222,0efb5840-5b41-421a-85b1-01f289241d35,38.69715,-9.218546487,Portugal,Lisbon,MCF,MCF,LWAL,LWAL,CDL,CDL,2,2,RES,RES,BP2,BP2,RSH2,RSH2,RMT1,RMT1,MCF/LWAL/CDL/H:2/BP2/RSH2+RMT1/RES,"https://www.google.com/maps/@?api=1&map_action=pano&viewpoint=38.69715,-9.21854649&heading=97.95726921007713&pitch=5&fov=120"
224,c5506305-03a7-4911-af15-8776f2b4d99d,38.69430088,-9.206500639,Portugal,Lisbon,S,CR,LFM,LFINF,CDH,CDL,1,2,COM,COM,BPD,BP2,RSH1,RSH1,RMT6,RMN,S/LFM/CDH/H:1/BPD/RSH1+RMT6/COM,"https://www.google.com/maps/@?api=1&map_action=pano&viewpoint=38.69430088,-9.20650064&heading=136.9460530742448&pitch=5&fov=120"
225,16abd52f-c05e-4974-aeef-3b962786ded5,38.69825417,-9.217847423,Portugal,Lisbon,MCF,MUR,LWAL,LWAL,CDN,CDN,2,2,RES,RES,BP2,BPD,RSH2,RSH2,RMT1,RMT1,MCF/LWAL/CDN/H:2/BP2/RSH2+RMT1/RES,"https://www.google.com/maps/@?api=1&map_action=pano&viewpoint=38.69825417,-9.21784742&heading=100.14875112501335&pitch=5&fov=120"
226,7d2ff544-e6c4-4dae-b769-e7d7bcdbac30,38.69520913,-9.213517488,Portugal,Lisbon,CR,MUR,LFINF,LWAL,CDL,CDN,4,1,RES,IND,BP2,BP1,RSH2,RSH5,RMT1,RMT1,CR/LFINF/CDL/H:4/BP2/RSH2+RMT1/RES,"https://www.google.com/maps/@?api=1&map_action=pano&viewpoint=38.69520913,-9.21351749&heading=326.04924767475575&pitch=5&fov=120"
227,f469057b-121c-478b-b8c9-b8612b90dbec,38.69724361,-9.196719411,Portugal,Lisbon,MCF,MUR,LWAL,LWAL,CDL,CDN,3,1,RES,RES,BP2,BP1,RSH2,RSH2,RMT1,RMT1,MCF/LWAL/CDL/H:3/BP2/RSH2+RMT1/RES,"https://www.google.com/maps/@?api=1&map_action=pano&viewpoint=38.69724361,-9.19671941&heading=62.00646641776291&pitch=5&fov=120"
229,b4c670eb-d494-4533-8da0-54b6d705594b,38.70316916,-9.203420021,Portugal,Lisbon,CR,MUR,LFINF,LWAL,CDL,CDN,4,2,RES,MIX(RES;COM),BP1,BP1,RSH3,RSH1,RMT1,RMN,CR/LFINF/CDL/H:4/BP1/RSH3+RMT1/RES,"https://www.google.com/maps/@?api=1&map_action=pano&viewpoint=38.70316916,-9.20342002&heading=301.51242442093417&pitch=5&fov=120"
230,bfaff759-e4b2-4616-a80e-6c94ccaa9159,38.69806845,-9.198472155,Portugal,Lisbon,MCF,,LWAL,,CDN,,2,,RES,,BP2,,RSH2,,RMT1,,MCF/LWAL/CDN/H:2/BP2/RSH2+RMT1/RES,"https://www.google.com/maps/@?api=1&map_action=pano&viewpoint=38.69806845,-9.19847216&heading=194.53780183025634&pitch=5&fov=120"
232,2ce90ee9-c746-405e-abd7-6fda22bafad5,38.70354858,-9.203553995,Portugal,Lisbon,CR,MCF,LFINF,LWAL,CDL,CDM,4,2,RES,RES,BP2,BP1,RSH2,RSH2,RMT1,RMT1,CR/LFINF/CDL/H:4/BP2/RSH2+RMT1/RES,"https://www.google.com/maps/@?api=1&map_action=pano&viewpoint=38.70354858,-9.203554&heading=168.77411354540573&pitch=5&fov=120"
234,36ac493a-2bef-4996-8128-704427f5b919,38.69756187,-9.194053091,Portugal,Lisbon,MCF,MUR,LWAL,LWAL,CDN,CDN,3,4,RES,MIX(RES;COM),BP2,BP1,RSH2,RSH1,RMT1,RMN,MCF/LWAL/CDN/H:3/BP2/RSH2+RMT1/RES,"https://www.google.com/maps/@?api=1&map_action=pano&viewpoint=38.69756187,-9.19405309&heading=323.78977489191254&pitch=5&fov=120"
235,79bb1773-3c5e-4ada-991c-edfae47ecefa,38.69581955,-9.195212705,Portugal,Lisbon,CR,,LFINF,,CDL,,3,,COM,,BPD,,RSH1,,RMN,,CR/LFINF/CDL/H:3/BPD/RSH1+RMN/COM,"https://www.google.com/maps/@?api=1&map_action=pano&viewpoint=38.69581955,-9.1952127&heading=142.8474605884026&pitch=5&fov=120"
236,2c31ccc3-33fd-45b9-8bf2-c4bcffbc9685,38.69480928,-9.213591843,Portugal,Lisbon,MUR,MUR,LWAL,LWAL,CDL,CDL,2,2,RES,RES,BP2,BP1,RSH2,RSH1,RMT1,RMN,MUR/LWAL/CDL/H:2/BP2/RSH2+RMT1/RES,"https://www.google.com/maps/@?api=1&map_action=pano&viewpoint=38.69480928,-9.21359184&heading=329.0984751499976&pitch=5&fov=120"
237,87128523-4b3f-4eb8-af96-5e477e4d0a5e,38.69532206,-9.220024744,Portugal,Lisbon,MCF,,LWAL,,CDL,,2,,RES,,BPD,,RSH3,,RMT1,,MCF/LWAL/CDL/H:2/BPD/RSH3+RMT1/RES,"https://www.google.com/maps/@?api=1&map_action=pano&viewpoint=38.69532206,-9.22002474&heading=1.703448565483484&pitch=5&fov=120"
238,5e8e0b36-5842-4409-8103-a775e56dfd7e,38.69524178,-9.21309873,Portugal,Lisbon,CR,MUR,LFINF,LWAL,CDN,CDN,4,3,RES,MIX(RES;COM),BP2,BP1,RSH2,RSH3,RMT1,RMT1,CR/LFINF/CDN/H:4/BP2/RSH2+RMT1/RES,"https://www.google.com/maps/@?api=1&map_action=pano&viewpoint=38.69524178,-9.21309873&heading=323.7721827575091&pitch=5&fov=120"
239,98126426-bfe7-4bd5-98c7-ec544b2fb8a5,38.70155579,-9.204806387,Portugal,Lisbon,MCF,MUR,LWAL,LWAL,CDL,CDL,2,3,RES,RES,BP1,BP1,RSH2,RSH1,RMT1,RMN,MCF/LWAL/CDL/H:2/BP1/RSH2+RMT1/RES,"https://www.google.com/maps/@?api=1&map_action=pano&viewpoint=38.70155579,-9.20480639&heading=354.1154451939734&pitch=5&fov=120"
240,b31eacff-a037-4c29-a22c-6898944fdbd9,38.6976971,-9.216808799,Portugal,Lisbon,MUR,MUR,LWAL,LWAL,CDN,CDN,2,2,RES,RES,BP1,BP2,RSH2,RSH2,RMT1,RMT1,MUR/LWAL/CDN/H:2/BP1/RSH2+RMT1/RES,"https://www.google.com/maps/@?api=1&map_action=pano&viewpoint=38.6976971,-9.2168088&heading=90.32640838710012&pitch=5&fov=120"
242,d3188b5b-f563-4541-92cb-cf7b62b7e605,38.69451686,-9.217882267,Portugal,Lisbon,MCF,MCF,LWAL,LWAL,CDN,CDN,1,1,RES,RES,BPD,BPD,RSH2,RSH2,RMT1,RMT1,MCF/LWAL/CDN/H:1/BPD/RSH2+RMT1/RES,"https://www.google.com/maps/@?api=1&map_action=pano&viewpoint=38.69451686,-9.21788227&heading=341.5251387785687&pitch=5&fov=120"
243,01c0f73d-5a6a-4fa2-b2cf-0b5854f81d55,38.70085419,-9.215822194,Portugal,Lisbon,CR,,LFM,,CDM,,2,,GOV,,BPD,,RSH3,,RMT1,,CR/LFM/CDM/H:2/BPD/RSH3+RMT1/GOV,"https://www.google.com/maps/@?api=1&map_action=pano&viewpoint=38.70085419,-9.21582219&heading=20.785015966650917&pitch=5&fov=120"
244,e518c36a-b5e9-457b-9f60-bc5ba625f3f7,38.69773969,-9.202039575,Portugal,Lisbon,MCF,MCF,LWAL,LWAL,CDL,CDL,3,2,RES,RES,BP2,BP2,RSH2,RSH2,RMT1,RMT1,MCF/LWAL/CDL/H:3/BP2/RSH2+RMT1/RES,"https://www.google.com/maps/@?api=1&map_action=pano&viewpoint=38.69773969,-9.20203958&heading=222.107358882943&pitch=5&fov=120"
245,dd25e191-8496-4794-8fd0-66b771ae60b6,38.69775819,-9.20344377,Portugal,Lisbon,MCF,,LWAL,,CDN,,2,,RES,,BP1,,RSH2,,RMT1,,MCF/LWAL/CDN/H:2/BP1/RSH2+RMT1/RES,"https://www.google.com/maps/@?api=1&map_action=pano&viewpoint=38.69775819,-9.20344377&heading=55.658089994454144&pitch=5&fov=120"
246,15f6b5bc-ea8a-472d-8c64-95e83a68d0f2,38.69632897,-9.220571339,Portugal,Lisbon,CR,MUR,LFINF,LWAL,CDL,CDN,4,4,MIX(RES;COM),RES,BP2,BP2,RSH2,RSH1,RMT1,RMN,CR/LFINF/CDL/H:4/BP2/RSH2+RMT1/MIX(RES;COM),"https://www.google.com/maps/@?api=1&map_action=pano&viewpoint=38.69632897,-9.22057134&heading=173.7578384438636&pitch=5&fov=120"
247,a6387b14-a175-43ea-adf3-af233be09fe0,38.6975924,-9.2149239,Portugal,Lisbon,MCF,MUR,LWAL,LWAL,CDL,CDN,2,2,RES,MIX(RES;COM),BPD,BP3,RSH3,RSH2,RMT1,RMT1,MCF/LWAL/CDL/H:2/BPD/RSH3+RMT1/RES,"https://www.google.com/maps/@?api=1&map_action=pano&viewpoint=38.6975924,-9.2149239&heading=81.52028551663426&pitch=5&fov=120"
248,51885fb9-c31b-4260-938e-704f6f1b98e2,38.70328475,-9.21647746,Portugal,Lisbon,CR,,LFM,,CDM,,2,,RES,,BPD,,RSH1,,RMN,,CR/LFM/CDM/H:2/BPD/RSH1+RMN/RES,"https://www.google.com/maps/@?api=1&map_action=pano&viewpoint=38.70328475,-9.21647746&heading=182.44087214934234&pitch=5&fov=120"
249,dad12b00-c933-492d-ae6c-f504a9e8363a,38.7040599,-9.2051505,Portugal,Lisbon,CR,,LDUAL,,CDM,,6.0-7.0,,GOV,,BPD,,RSH1,,RMN,,CR/LDUAL/CDM/H:6-7/BPD/RSH1+RMN/GOV,"https://www.google.com/maps/@?api=1&map_action=pano&viewpoint=38.7040599,-9.2051505&heading=197.51076800618773&pitch=5&fov=120"
250,cb77c0c6-3fc5-4e14-8081-bb0032cec094,38.69717406,-9.202783539,Portugal,Lisbon,MCF,MUR,LWAL,LWAL,CDN,CDN,3,3,RES,RES,BP2,BP1,RSH2,RSH2,RMT1,RMT1,MCF/LWAL/CDN/H:3/BP2/RSH2+RMT1/RES,"https://www.google.com/maps/@?api=1&map_action=pano&viewpoint=38.69717406,-9.20278354&heading=154.87496653775958&pitch=5&fov=120"
251,83e381ef-c653-47a7-bd65-f2f4c942b2bd,38.69991586,-9.2041125,Portugal,Lisbon,MUR,MUR,LWAL,LWAL,CDL,CDL,2,2,RES,RES,BP1,BPD,RSH3,RSH2,RMT1,RMT1,MUR/LWAL/CDL/H:2/BP1/RSH3+RMT1/RES,"https://www.google.com/maps/@?api=1&map_action=pano&viewpoint=38.69991586,-9.2041125&heading=240.8296981674004&pitch=5&fov=120"
252,39670e8c-2652-46cf-a01b-bebe87d9937b,38.69293743,-9.209907027,Portugal,Lisbon,S,MUR,LFM,LWAL,CDH,CDL,1,1,COM,IND,BPD,BPD,RSH1,RSH2,RMT6,RMT1,S/LFM/CDH/H:1/BPD/RSH1+RMT6/COM,"https://www.google.com/maps/@?api=1&map_action=pano&viewpoint=38.69293743,-9.20990703&heading=134.93922886875623&pitch=5&fov=120"
253,76dadcc0-cd20-45d5-955c-bcb691b6da63,38.70001603,-9.224922671,Portugal,Lisbon,MCF,,LWAL,,CDL,,3,,RES,,BP2,,RSH2,,RMT1,,MCF/LWAL/CDL/H:3/BP2/RSH2+RMT1/RES,"https://www.google.com/maps/@?api=1&map_action=pano&viewpoint=38.70001603,-9.22492267&heading=19.2965941636366&pitch=5&fov=120"
254,c797c947-291b-471d-bd7d-ee7501dd7edd,38.69798222,-9.192097546,Portugal,Lisbon,MCF,HYB(MCF;MUR),LWAL,LWAL,CDL,CDN,1,2,EDU,RES,BP2,BPD,RSH3,RSH3,RMT1,RMT1,MCF/LWAL/CDL/H:1/BP2/RSH3+RMT1/EDU,"https://www.google.com/maps/@?api=1&map_action=pano&viewpoint=38.69798222,-9.19209755&heading=316.42073178362284&pitch=5&fov=120"
255,8f32c6cf-7c6e-4417-8a0f-2f3231be6763,38.7004591,-9.21256575,Portugal,Lisbon,MCF,,LWAL,,CDM,,1,,GOV,,BPD,,RSH3,,RMT1,,MCF/LWAL/CDM/H:1/BPD/RSH3+RMT1/GOV,"https://www.google.com/maps/@?api=1&map_action=pano&viewpoint=38.7004591,-9.21256575&heading=132.56475835797085&pitch=5&fov=120"
256,e30ceb3e-abdc-4099-ba33-317ed34e46b0,38.69893362,-9.220769181,Portugal,Lisbon,MCF,MUR,LWAL,LWAL,CDL,CDL,3,3,RES,RES,BP2,BP2,RSH2,RSH2,RMT1,RMT1,MCF/LWAL/CDL/H:3/BP2/RSH2+RMT1/RES,"https://www.google.com/maps/@?api=1&map_action=pano&viewpoint=38.69893362,-9.22076918&heading=297.6660919181282&pitch=5&fov=120"
257,527bcc2d-7a55-4a19-a4b5-2a36fcfd5a2c,38.69818601,-9.217896983,Portugal,Lisbon,MCF,MUR,LWAL,LWAL,CDL,CDN,2,2,RES,RES,BP2,BPD,RSH2,RSH1,RMT1,RMN,MCF/LWAL/CDL/H:2/BP2/RSH2+RMT1/RES,"https://www.google.com/maps/@?api=1&map_action=pano&viewpoint=38.69818601,-9.21789698&heading=100.1487201386646&pitch=5&fov=120"
259,5f8d1d77-e43b-4d30-92e5-f696d4d1bb41,38.6953245,-9.214397603,Portugal,Lisbon,CR,MUR,LFINF,LWAL,CDL,CDL,4,5,MIX(RES;COM),COM,BP2,BP1,RSH2,RSH1,RMT1,RMN,CR/LFINF/CDL/H:4/BP2/RSH2+RMT1/MIX(RES;COM),"https://www.google.com/maps/@?api=1&map_action=pano&viewpoint=38.6953245,-9.2143976&heading=230.75111926043553&pitch=5&fov=120"
260,f3a97932-08e7-4c14-ad7c-725705366f72,38.69751661,-9.203153207,Portugal,Lisbon,CR,MUR,LFM,LWAL,CDL,CDL,4,4,MIX(RES;COM),MIX(RES;COM),BP2,BP1,RSH2,RSH1,RMT1,RMN,CR/LFM/CDL/H:4/BP2/RSH2+RMT1/MIX(RES;COM),"https://www.google.com/maps/@?api=1&map_action=pano&viewpoint=38.69751661,-9.20315321&heading=334.1676595852583&pitch=5&fov=120"
261,9d983d27-2c25-4239-be50-05c847363a99,38.69471761,-9.211987461,Portugal,Lisbon,CR,CR,LFM,LFM,CDM,CDH,2,1,COM,COM,BP2,BPD,RSH2,RSH2,RMT6,RMT1,CR/LFM/CDM/H:2/BP2/RSH2+RMT6/COM,"https://www.google.com/maps/@?api=1&map_action=pano&viewpoint=38.69471761,-9.21198746&heading=309.8327128376876&pitch=5&fov=120"
262,0e307a0c-ff02-4858-9475-de57179a41d7,38.69990299,-9.225263476,Portugal,Lisbon,MCF,,LWAL,,CDM,,3,,RES,,BP2,,RSH2,,RMT1,,MCF/LWAL/CDM/H:3/BP2/RSH2+RMT1/RES,"https://www.google.com/maps/@?api=1&map_action=pano&viewpoint=38.69990299,-9.22526348&heading=197.14716630382634&pitch=5&fov=120"
263,a53d6949-a320-427a-a0fc-cd09583a7de1,38.69780436,-9.202840198,Portugal,Lisbon,MCF,MCF,LWAL,LWAL,CDL,CDH,2,1,RES,COM,BP1,BPD,RSH2,RSH2,RMT1,RMT1,MCF/LWAL/CDL/H:2/BP1/RSH2+RMT1/RES,"https://www.google.com/maps/@?api=1&map_action=pano&viewpoint=38.69780436,-9.2028402&heading=155.81362541901262&pitch=5&fov=120"
266,0899aec8-6421-4f7a-8da6-3842a937166c,38.69235621,-9.213159489,Portugal,Lisbon,CR,MUR,LFINF,LWAL,CDL,CDN,3,3,COM,MIX(RES;COM),BPD,BP2,RSH1,RSH1,RMN,RMN,CR/LFINF/CDL/H:3/BPD/RSH1+RMN/COM,"https://www.google.com/maps/@?api=1&map_action=pano&viewpoint=38.69235621,-9.21315949&heading=319.2822649380457&pitch=5&fov=120"
268,7dbfccd1-32ee-4b53-ba12-f32f5440f27a,38.7017774,-9.2159237,Portugal,Lisbon,CR,MUR,LFINF,LWAL,CDL,CDN,2,2,RES,RES,BPD,BPD,RSH2,RSH1,RMT1,RMN,CR/LFINF/CDL/H:2/BPD/RSH2+RMT1/RES,"https://www.google.com/maps/@?api=1&map_action=pano&viewpoint=38.7017774,-9.2159237&heading=218.07653417556168&pitch=5&fov=120"
270,b2cb2881-e75c-49d5-8581-a5044f3b4428,38.69762063,-9.195801669,Portugal,Lisbon,MUR,MUR,LWAL,LWAL,CDN,CDN,3,3,RES,RES,BP2,BP1,RSH3,RSH1,RMT1,RMN,MUR/LWAL/CDN/H:3/BP2/RSH3+RMT1/RES,"https://www.google.com/maps/@?api=1&map_action=pano&viewpoint=38.69762063,-9.19580167&heading=324.87284326825795&pitch=5&fov=120"
272,bf7eb360-6fd9-409d-a2e5-f919babd186a,38.70033563,-9.226066483,Portugal,Lisbon,MCF,MUR,LWAL,LWAL,CDL,CDL,3,3,RES,RES,BP2,BP1,RSH2,RSH1,RMT1,RMN,MCF/LWAL/CDL/H:3/BP2/RSH2+RMT1/RES,"https://www.google.com/maps/@?api=1&map_action=pano&viewpoint=38.70033563,-9.22606648&heading=171.6686169980286&pitch=5&fov=120"
273,6d5963d1-01b5-45ff-9095-5921fcfe0f74,38.70397135,-9.20288836,Portugal,Lisbon,MCF,MCF,LWAL,LWAL,CDN,CDN,2,2,RES,COM,BP2,BPD,RSH3,RSH1,RMT1,RMN,MCF/LWAL/CDN/H:2/BP2/RSH3+RMT1/RES,"https://www.google.com/maps/@?api=1&map_action=pano&viewpoint=38.70397135,-9.20288836&heading=354.70159299244744&pitch=5&fov=120"
274,96e74fb6-80c5-4738-a0be-0e31faab6b3e,38.70099256,-9.219504762,Portugal,Lisbon,CR,,LFM,,CDM,,2,,RES,,BPD,,RSH3,,RMT1,,CR/LFM/CDM/H:2/BPD/RSH3+RMT1/RES,"https://www.google.com/maps/@?api=1&map_action=pano&viewpoint=38.70099256,-9.21950476&heading=302.0341529604568&pitch=5&fov=120"
275,9c033533-20d7-474f-8713-da0b6ced382f,38.70234007,-9.205285187,Portugal,Lisbon,MUR,MCF,LWAL,LWAL,CDN,CDN,1,1,RES,COM,BP2,BPD,RSH3,RSH2,RMT1,RMT1,MUR/LWAL/CDN/H:1/BP2/RSH3+RMT1/RES,"https://www.google.com/maps/@?api=1&map_action=pano&viewpoint=38.70234007,-9.20528519&heading=157.92917062301456&pitch=5&fov=120"
276,dce513e2-75a6-45d3-a1fd-93928803c8b2,38.70166601,-9.203344121,Portugal,Lisbon,CR,CR,LFINF,LFM,CDL,CDH,4,2,RES,RES,BP1,BPD,RSH2,RSH2,RMT1,RMT1,CR/LFINF/CDL/H:4/BP1/RSH2+RMT1/RES,"https://www.google.com/maps/@?api=1&map_action=pano&viewpoint=38.70166601,-9.20334412&heading=158.84032869344497&pitch=5&fov=120"
278,18c8870a-23b6-4829-91b7-1f44982d5cb0,38.69795404,-9.203720407,Portugal,Lisbon,MCF,,LWAL,,CDN,,3,,RES,,BP2,,RSH2,,RMT1,,MCF/LWAL/CDN/H:3/BP2/RSH2+RMT1/RES,"https://www.google.com/maps/@?api=1&map_action=pano&viewpoint=38.69795404,-9.20372041&heading=335.2101922085613&pitch=5&fov=120"
279,edab1ece-ce42-452d-970d-171d83a5d264,38.69986231,-9.21982103,Portugal,Lisbon,MUR,MUR,LWAL,LWAL,CDN,CDN,2,2,RES,RES,BP2,BP2,RSH2,RSH1,RMT1,RMN,MUR/LWAL/CDN/H:2/BP2/RSH2+RMT1/RES,"https://www.google.com/maps/@?api=1&map_action=pano&viewpoint=38.69986231,-9.21982103&heading=32.01147897334499&pitch=5&fov=120"
282,0f677995-92c1-40f4-a73c-ff93637befe6,38.70182945,-9.20405535,Portugal,Lisbon,CR,CR,LFM,LFINF,CDL,CDM,5,5,RES,MIX(RES;COM),BP2,BP2,RSH3,RSH1,RMT1,RMN,CR/LFM/CDL/H:5/BP2/RSH3+RMT1/RES,"https://www.google.com/maps/@?api=1&map_action=pano&viewpoint=38.70182945,-9.20405535&heading=313.0521368124489&pitch=5&fov=120"
283,21e3ad36-5d87-47aa-b373-8646910fa61b,38.69712353,-9.217656657,Portugal,Lisbon,MUR,MUR,LWAL,LWAL,CDL,CDL,2,2,RES,RES,BP1,BP1,RSH2,RSH2,RMT1,RMT1,MUR/LWAL/CDL/H:2/BP1/RSH2+RMT1/RES,"https://www.google.com/maps/@?api=1&map_action=pano&viewpoint=38.69712353,-9.21765666&heading=92.78716509675138&pitch=5&fov=120"
285,5302957a-bc75-4edc-8bdb-80ffb97c06a9,38.70087507,-9.226544392,Portugal,Lisbon,CR,MUR,LFINF,LWAL,CDL,CDL,3,4,RES,RES,BPD,BP1,RSH2,RSH2,RMT1,RMT1,CR/LFINF/CDL/H:3/BPD/RSH2+RMT1/RES,"https://www.google.com/maps/@?api=1&map_action=pano&viewpoint=38.70087507,-9.22654439&heading=84.36733523576174&pitch=5&fov=120"
286,903551d4-ab37-4ee7-9d80-48f30bd3a2be,38.69728084,-9.211459821,Portugal,Lisbon,CR,MUR,LFM,LWAL,CDH,CDN,3,2,RES,RES,BPD,BP1,RSH1,RSH1,RMN,RMN,CR/LFM/CDH/H:3/BPD/RSH1+RMN/RES,"https://www.google.com/maps/@?api=1&map_action=pano&viewpoint=38.69728084,-9.21145982&heading=132.49245263373314&pitch=5&fov=120"
290,9c42aab9-dbf1-486a-8f4c-e5611e79d919,38.69968941,-9.220886293,Portugal,Lisbon,MCF,,LWAL,,CDL,,2,,RES,,BP2,,RSH3,,RMT1,,MCF/LWAL/CDL/H:2/BP2/RSH3+RMT1/RES,"https://www.google.com/maps/@?api=1&map_action=pano&viewpoint=38.69968941,-9.22088629&heading=211.97999198570818&pitch=5&fov=120"
292,aab899a6-bb26-466d-a8cc-0f3ad8ee9fce,38.69703387,-9.218162748,Portugal,Lisbon,MCF,MUR,LWAL,LWAL,CDL,CDL,2,2,RES,RES,BP2,BPD,RSH2,RSH2,RMT1,RMT1,MCF/LWAL/CDL/H:2/BP2/RSH2+RMT1/RES,"https://www.google.com/maps/@?api=1&map_action=pano&viewpoint=38.69703387,-9.21816275&heading=94.55521673609888&pitch=5&fov=120"
293,0e07c27b-38af-43e6-8681-a9f5e03a44c6,38.69586716,-9.224632334,Portugal,Lisbon,CR,MUR,LFINF,LWAL,CDL,CDN,3,3,COM,RES,BPD,BP1,RSH1,RSH1,RMN,RMN,CR/LFINF/CDL/H:3/BPD/RSH1+RMN/COM,"https://www.google.com/maps/@?api=1&map_action=pano&viewpoint=38.69586716,-9.22463233&heading=109.44883095284848&pitch=5&fov=120"
294,a7b5250b-0d3c-44d6-a5ed-8195a574e634,38.6963384,-9.221327019,Portugal,Lisbon,MCF,MUR,LWAL,LWAL,CDL,CDN,2,3,RES,RES,BPD,BP1,RSH3,RSH1,RMT1,RMN,MCF/LWAL/CDL/H:2/BPD/RSH3+RMT1/RES,"https://www.google.com/maps/@?api=1&map_action=pano&viewpoint=38.6963384,-9.22132702&heading=179.62767963481303&pitch=5&fov=120"
295,bdfdabaf-d495-497d-8573-4e7b9f6ca86c,38.697309,-9.21863715,Portugal,Lisbon,MUR,MUR,LWAL,LWAL,CDL,CDL,1,1,RES,RES,BP2,BP2,RSH1,RSH1,RMN,RMN,MUR/LWAL/CDL/H:1/BP2/RSH1+RMN/RES,"https://www.google.com/maps/@?api=1&map_action=pano&viewpoint=38.697309,-9.21863715&heading=279.45981589338044&pitch=5&fov=120"
296,f4512b4c-f731-411b-bf7f-3d35050bf396,38.69465841,-9.21640321,Portugal,Lisbon,MUR,MUR,LWAL,LWAL,CDL,CDL,2,2,RES,RES,BP2,BP1,RSH2,RSH2,RMT1,RMT1,MUR/LWAL/CDL/H:2/BP2/RSH2+RMT1/RES,"https://www.google.com/maps/@?api=1&map_action=pano&viewpoint=38.69465841,-9.21640321&heading=247.72460075033922&pitch=5&fov=120"
297,3c4363b4-1c9d-463d-9551-edd6b5e9b198,38.69556248,-9.218317985,Portugal,Lisbon,CR,CR,LFM,LFINF,CDL,CDL,4,4,MIX(RES;COM),COM,BP2,BP1,RSH1,RSH1,RMN,RMN,CR/LFM/CDL/H:4/BP2/RSH1+RMN/MIX(RES;COM),"https://www.google.com/maps/@?api=1&map_action=pano&viewpoint=38.69556248,-9.21831799&heading=173.20863277705234&pitch=5&fov=120"
298,18839394-f0e2-4057-8dd1-013443114e07,38.69954788,-9.203885457,Portugal,Lisbon,MUR,MUR,LWAL,LWAL,CDL,CDN,2,2,RES,RES,BP2,BP1,RSH2,RSH1,RMT1,RMN,MUR/LWAL/CDL/H:2/BP2/RSH2+RMT1/RES,"https://www.google.com/maps/@?api=1&map_action=pano&viewpoint=38.69954788,-9.20388546&heading=62.90204419078583&pitch=5&fov=120"
299,16a44f44-8905-4074-b1ca-8b83a39c9bdd,38.69744992,-9.218250267,Portugal,Lisbon,MUR,MUR,LWAL,LWAL,CDL,CDL,2,2,RES,RES,BP2,BPD,RSH2,RSH2,RMT1,RMT1,MUR/LWAL/CDL/H:2/BP2/RSH2+RMT1/RES,"https://www.google.com/maps/@?api=1&map_action=pano&viewpoint=38.69744992,-9.21825027&heading=100.09333370426702&pitch=5&fov=120"
300,b0e8cb51-598a-4387-a567-ece9d47f6760,38.6977597,-9.21675995,Portugal,Lisbon,MUR,,LWAL,,CDL,,2,,RES,,BP1,,RSH2,,RMT1,,MUR/LWAL/CDL/H:2/BP1/RSH2+RMT1/RES,"https://www.google.com/maps/@?api=1&map_action=pano&viewpoint=38.6977597,-9.21675995&heading=90.32643892697524&pitch=5&fov=120"
302,4c2a8770-5346-44c0-af95-655bb33ba78c,38.69766034,-9.203095882,Portugal,Lisbon,CR,MUR,LFM,LWAL,CDL,CDL,4,3,MIX(RES;COM),MIX(RES;COM),BP2,BP1,RSH2,RSH1,RMT1,RMN,CR/LFM/CDL/H:4/BP2/RSH2+RMT1/MIX(RES;COM),"https://www.google.com/maps/@?api=1&map_action=pano&viewpoint=38.69766034,-9.20309588&heading=57.250134221747885&pitch=5&fov=120"
303,194e25d1-afdf-4da9-9502-9d6b0f2086f0,38.69612078,-9.211091314,Portugal,Lisbon,CR,CR,LFM,LFINF,CDL,CDL,4,5,RES,RES,BP2,BP2,RSH1,RSH1,RMN,RMN,CR/LFM/CDL/H:4/BP2/RSH1+RMN/RES,"https://www.google.com/maps/@?api=1&map_action=pano&viewpoint=38.69612078,-9.21109131&heading=128.6829571408204&pitch=5&fov=120"
306,0a63fc37-e6b5-4be7-83a9-1c091adcadb1,38.70157062,-9.21855544,Portugal,Lisbon,MCF,MUR,LWAL,LWAL,CDM,CDN,1,1,RES,RES,BPD,BP2,RSH1,RSH1,RMN,RMN,MCF/LWAL/CDM/H:1/BPD/RSH1+RMN/RES,"https://www.google.com/maps/@?api=1&map_action=pano&viewpoint=38.70157062,-9.21855544&heading=301.88739205463855&pitch=5&fov=120"
307,2d2492a9-cf3d-472e-b1ae-102ebb104641,38.69884875,-9.220204084,Portugal,Lisbon,MCF,MUR,LWAL,LWAL,CDL,CDL,2,2,RES,RES,BP2,BPD,RSH2,RSH3,RMT1,RMT1,MCF/LWAL/CDL/H:2/BP2/RSH2+RMT1/RES,"https://www.google.com/maps/@?api=1&map_action=pano&viewpoint=38.69884875,-9.22020408&heading=295.26431704362506&pitch=5&fov=120"
308,c6de35f4-956a-47e0-a072-7085a315f335,38.69943581,-9.220372955,Portugal,Lisbon,MUR,MUR,LWAL,LWAL,CDL,CDL,2,2,RES,RES,BPD,BPD,RSH3,RSH2,RMT1,RMT1,MUR/LWAL/CDL/H:2/BPD/RSH3+RMT1/RES,"https://www.google.com/maps/@?api=1&map_action=pano&viewpoint=38.69943581,-9.22037296&heading=300.88618713894755&pitch=5&fov=120"
310,14f9c04a-b434-4f14-99b0-8452067e1427,38.69731279,-9.19543329,Portugal,Lisbon,MUR,MUR,LWAL,LWAL,CDN,CDN,1,1,COM,COM,BPD,BP1,RSH3,RSH2,RMT1,RMT1,MUR/LWAL/CDN/H:1/BPD/RSH3+RMT1/COM,"https://www.google.com/maps/@?api=1&map_action=pano&viewpoint=38.69731279,-9.19543329&heading=145.7656548006509&pitch=5&fov=120"
311,9c3c673c-5cbe-4669-9f63-e18c6cbc6302,38.70055165,-9.1953419,Portugal,Lisbon,CR,,LFM,,CDL,,3,,COM,,BPD,,RSH2,,RMT1,,CR/LFM/CDL/H:3/BPD/RSH2+RMT1/COM,"https://www.google.com/maps/@?api=1&map_action=pano&viewpoint=38.70055165,-9.1953419&heading=131.09259570007788&pitch=5&fov=120"
312,308d1a4f-4c82-4729-b56f-8443acdc8aff,38.7043986,-9.20546804,Portugal,Lisbon,MCF,,LWAL,,CDM,,2,,GOV,,BP2,,RSH1,,RMN,,MCF/LWAL/CDM/H:2/BP2/RSH1+RMN/GOV,"https://www.google.com/maps/@?api=1&map_action=pano&viewpoint=38.7043986,-9.20546804&heading=197.39929824415827&pitch=5&fov=120"
314,f3e0ec07-ecaf-4cea-9f81-e703d6119050,38.70319779,-9.203001054,Portugal,Lisbon,CR,,LFINF,,CDL,,5,,RES,,BP2,,RSH2,,RMT1,,CR/LFINF/CDL/H:5/BP2/RSH2+RMT1/RES,"https://www.google.com/maps/@?api=1&map_action=pano&viewpoint=38.70319779,-9.20300105&heading=74.69297130215591&pitch=5&fov=120"
315,ba7471b9-dbb2-40fc-954b-1f908f9a189d,38.70023985,-9.213138393,Portugal,Lisbon,CR,,LFINF,,CDL,,2,,RES,,BPD,,RSH3,,RMT1,,CR/LFINF/CDL/H:2/BPD/RSH3+RMT1/RES,"https://www.google.com/maps/@?api=1&map_action=pano&viewpoint=38.70023985,-9.21313839&heading=150.31714184409452&pitch=5&fov=120"
316,be6023fd-948a-4958-ad10-d483fe922f5c,38.69777819,-9.195054717,Portugal,Lisbon,MUR,MUR,LWAL,LWAL,CDL,CDN,2,2,RES,RES,BP2,BPD,RSH2,RSH1,RMT1,RMN,MUR/LWAL/CDL/H:2/BP2/RSH2+RMT1/RES,"https://www.google.com/maps/@?api=1&map_action=pano&viewpoint=38.69777819,-9.19505472&heading=212.46745115783818&pitch=5&fov=120"
317,aa34b640-b669-4ada-906e-66d1cf842d3e,38.70479653,-9.202521388,Portugal,Lisbon,MUR,MUR,LWAL,LWAL,CDL,CDL,2,3,MIX(RES;COM),COM,BP1,BP2,RSH2,RSH2,RMT6,RMT1,MUR/LWAL/CDL/H:2/BP1/RSH2+RMT6/MIX(RES;COM),"https://www.google.com/maps/@?api=1&map_action=pano&viewpoint=38.70479653,-9.20252139&heading=310.61280977160914&pitch=5&fov=120"
318,d2002585-67bd-4664-8ae3-100fd061da07,38.7024873,-9.204890981,Portugal,Lisbon,CR,CR,LFINF,LFM,CDN,CDN,4,5,RES,RES,BP2,BP1,RSH1,RSH1,RMN,RMN,CR/LFINF/CDN/H:4/BP2/RSH1+RMN/RES,"https://www.google.com/maps/@?api=1&map_action=pano&viewpoint=38.7024873,-9.20489098&heading=336.1976155903716&pitch=5&fov=120"
320,c995f9cb-9a0b-41ae-a344-5ca285ad8342,38.69621869,-9.222690298,Portugal,Lisbon,MUR,,LWAL,,CDL,,2,,RES,,BPD,,RSH3,,RMT1,,MUR/LWAL/CDL/H:2/BPD/RSH3+RMT1/RES,"https://www.google.com/maps/@?api=1&map_action=pano&viewpoint=38.69621869,-9.2226903&heading=181.77790531672213&pitch=5&fov=120"
321,612fcd22-3479-45cd-a2f5-c181b53ddbf4,38.6963747,-9.19125595,Portugal,Lisbon,S,MCF,LFINF,LWAL,CDH,CDN,2,1,COM,COM,BPD,BP2,RSH1,RSH1,RMT6,RMN,S/LFINF/CDH/H:2/BPD/RSH1+RMT6/COM,"https://www.google.com/maps/@?api=1&map_action=pano&viewpoint=38.6963747,-9.19125595&heading=137.3370411366655&pitch=5&fov=120"
326,7e37e1f7-735f-4a87-8e40-30c62fe1ff0b,38.69983573,-9.223281874,Portugal,Lisbon,CR,MUR,LFINF,LWAL,CDM,CDN,2,2,GOV,RES,BPD,BP1,RSH5,RSH2,RMT1,RMT1,CR/LFINF/CDM/H:2/BPD/RSH5+RMT1/GOV,"https://www.google.com/maps/@?api=1&map_action=pano&viewpoint=38.69983573,-9.22328187&heading=122.72905779833388&pitch=5&fov=120"
328,c0c3c158-bec4-4b47-8dff-3134bd58ed20,38.69811411,-9.219601522,Portugal,Lisbon,MCF,MUR,LWAL,LWAL,CDL,CDN,2,2,RES,RES,BP2,BP2,RSH2,RSH1,RMT1,RMN,MCF/LWAL/CDL/H:2/BP2/RSH2+RMT1/RES,"https://www.google.com/maps/@?api=1&map_action=pano&viewpoint=38.69811411,-9.21960152&heading=287.57221823155896&pitch=5&fov=120"
329,127d170a-638d-421d-9c66-8c6567c92284,38.70329447,-9.217592653,Portugal,Lisbon,MCF,,LWAL,,CDN,,2,,RES,,BPD,,RSH3,,RMT1,,MCF/LWAL/CDN/H:2/BPD/RSH3+RMT1/RES,"https://www.google.com/maps/@?api=1&map_action=pano&viewpoint=38.70329447,-9.21759265&heading=133.08959010731257&pitch=5&fov=120"
330,b9036f51-0622-41b7-8bf4-b718ecc96c0d,38.70187997,-9.203122005,Portugal,Lisbon,CR,CR,LFM,LFINF,CDL,CDN,4,4,RES,MIX(RES;COM),BP2,BP2,RSH1,RSH1,RMN,RMN,CR/LFM/CDL/H:4/BP2/RSH1+RMN/RES,"https://www.google.com/maps/@?api=1&map_action=pano&viewpoint=38.70187997,-9.203122&heading=350.76214679617783&pitch=5&fov=120"
331,5c3a21b6-ee48-4a10-8431-1d140c73b763,38.69771845,-9.203144106,Portugal,Lisbon,MUR,MUR,LWAL,LWAL,CDL,CDN,2,2,RES,RES,BP1,BPD,RSH2,RSH2,RMT1,RMT1,MUR/LWAL/CDL/H:2/BP1/RSH2+RMT1/RES,"https://www.google.com/maps/@?api=1&map_action=pano&viewpoint=38.69771845,-9.20314411&heading=45.051057094535906&pitch=5&fov=120"
333,f92bc6d0-7868-4cb9-8628-7ef44fa19599,38.69762123,-9.193877682,Portugal,Lisbon,CR,MUR,LFINF,LWAL,CDL,CDN,3,4,MIX(RES;COM),MIX(RES;COM),BP2,BP2,RSH2,RSH1,RMT1,RMN,CR/LFINF/CDL/H:3/BP2/RSH2+RMT1/MIX(RES;COM),"https://www.google.com/maps/@?api=1&map_action=pano&viewpoint=38.69762123,-9.19387768&heading=316.55776972419255&pitch=5&fov=120"
334,c32847bd-8908-4e9b-9023-6f9d373166ff,38.69993415,-9.207833834,Portugal,Lisbon,CR,CR,LFM,LFINF,CDM,CDN,1,1,EDU,IND,BPD,BPD,RSH3,RSH2,RMT1,RMT1,CR/LFM/CDM/H:1/BPD/RSH3+RMT1/EDU,"https://www.google.com/maps/@?api=1&map_action=pano&viewpoint=38.69993415,-9.20783383&heading=61.51743899265034&pitch=5&fov=120"
335,47d0e1bc-1736-4afb-8811-301c7e884577,38.69955579,-9.199575084,Portugal,Lisbon,CR,CR,LFINF,LFM,CDL,CDL,4,5,RES,RES,BP2,BP1,RSH1,RSH1,RMN,RMN,CR/LFINF/CDL/H:4/BP2/RSH1+RMN/RES,"https://www.google.com/maps/@?api=1&map_action=pano&viewpoint=38.69955579,-9.19957508&heading=51.65977658641356&pitch=5&fov=120"
339,321784f3-7820-4639-b9d4-183b140a9573,38.70464647,-9.203354251,Portugal,Lisbon,MCF,MCF,LWAL,LWAL,CDL,CDN,3,3,RES,COM,BP1,BP1,RSH3,RSH1,RMT1,RMN,MCF/LWAL/CDL/H:3/BP1/RSH3+RMT1/RES,"https://www.google.com/maps/@?api=1&map_action=pano&viewpoint=38.70464647,-9.20335425&heading=98.72274431615244&pitch=5&fov=120"
340,8160cf01-ff63-4066-af68-a5a266ef89e8,38.6975585,-9.218376817,Portugal,Lisbon,MCF,MCF,LWAL,LWAL,CDL,CDN,2,1,RES,IND,BP2,BP2,RSH2,RSH1,RMT1,RMN,MCF/LWAL/CDL/H:2/BP2/RSH2+RMT1/RES,"https://www.google.com/maps/@?api=1&map_action=pano&viewpoint=38.6975585,-9.21837682&heading=280.09325458427566&pitch=5&fov=120"
342,31a6c539-3f7d-4d44-9155-be215a784b70,38.69522043,-9.21332265,Portugal,Lisbon,CR,CR,LFM,LFINF,CDL,CDN,4,4,MIX(RES;COM),MIX(RES;COM),BP2,BP2,RSH1,RSH1,RMN,RMN,CR/LFM/CDL/H:4/BP2/RSH1+RMN/MIX(RES;COM),"https://www.google.com/maps/@?api=1&map_action=pano&viewpoint=38.69522043,-9.21332265&heading=326.0493694841225&pitch=5&fov=120"
344,781a262b-f551-492f-97cd-8da62a53366f,38.70285349,-9.202973393,Portugal,Lisbon,MCF,MCF,LWAL,LWAL,CDL,CDL,3,2,MIX(RES;COM),RES,BP2,BP1,RSH2,RSH2,RMT1,RMT1,MCF/LWAL/CDL/H:3/BP2/RSH2+RMT1/MIX(RES;COM),"https://www.google.com/maps/@?api=1&map_action=pano&viewpoint=38.70285349,-9.20297339&heading=211.73453066089024&pitch=5&fov=120"
345,d0dbdf55-da9d-4734-80bb-87ec2c1fdc70,38.69757042,-9.203870228,Portugal,Lisbon,MUR,,LWAL,,CDN,,2,,RES,,BPD,,RSH2,,RMT1,,MUR/LWAL/CDN/H:2/BPD/RSH2+RMT1/RES,"https://www.google.com/maps/@?api=1&map_action=pano&viewpoint=38.69757042,-9.20387023&heading=334.5786017114416&pitch=5&fov=120"
347,289f1cc7-5f07-4d5a-9353-839dcf297f7e,38.69933018,-9.208975432,Portugal,Lisbon,CR,MUR,LFM,LWAL,CDM,CDN,2,1,RES,RES,BPD,BPD,RSH2,RSH2,RMT1,RMT1,CR/LFM/CDM/H:2/BPD/RSH2+RMT1/RES,"https://www.google.com/maps/@?api=1&map_action=pano&viewpoint=38.69933018,-9.20897543&heading=30.705059331791233&pitch=5&fov=120"
348,ff75375c-cb0e-4a19-8fab-020db5c26649,38.69724659,-9.195937112,Portugal,Lisbon,CR,,LFINF,,CDL,,2,,COM,,BP1,,RSH1,,RMN,,CR/LFINF/CDL/H:2/BP1/RSH1+RMN/COM,"https://www.google.com/maps/@?api=1&map_action=pano&viewpoint=38.69724659,-9.19593711&heading=146.89798436000706&pitch=5&fov=120"
350,af05419c-509e-419c-b07b-fe6e6380fb37,38.69756191,-9.203361489,Portugal,Lisbon,MCF,MUR,LWAL,LWAL,CDL,CDL,3,4,RES,RES,BP1,BP3,RSH2,RSH2,RMT1,RMT1,MCF/LWAL/CDL/H:3/BP1/RSH2+RMT1/RES,"https://www.google.com/maps/@?api=1&map_action=pano&viewpoint=38.69756191,-9.20336149&heading=67.89823042313185&pitch=5&fov=120"
352,2700a8fb-688b-453a-a293-c1284574f103,38.70166413,-9.209330035,Portugal,Lisbon,S,,LFM,,CDM,,1,,EDU,,BPD,,RSH2,,RMT6,,S/LFM/CDM/H:1/BPD/RSH2+RMT6/EDU,"https://www.google.com/maps/@?api=1&map_action=pano&viewpoint=38.70166413,-9.20933003&heading=309.0319358591116&pitch=5&fov=120"
354,868661eb-0b87-4ca7-82c0-76460926b7a7,38.69634744,-9.22172483,Portugal,Lisbon,MUR,MUR,LWAL,LWAL,CDN,CDN,1,1,RES,COM,BP1,BP2,RSH2,RSH1,RMT1,RMN,MUR/LWAL/CDN/H:1/BP1/RSH2+RMT1/RES,"https://www.google.com/maps/@?api=1&map_action=pano&viewpoint=38.69634744,-9.22172483&heading=79.50031058327363&pitch=5&fov=120"
358,f04461b8-28ec-4bfa-826d-d87c0cdb1352,38.69628965,-9.216909211,Portugal,Lisbon,MUR,MUR,LWAL,LWAL,CDN,CDL,2,2,RES,RES,BP1,BPD,RSH2,RSH2,RMT1,RMT1,MUR/LWAL/CDN/H:2/BP1/RSH2+RMT1/RES,"https://www.google.com/maps/@?api=1&map_action=pano&viewpoint=38.69628965,-9.21690921&heading=85.30217239825618&pitch=5&fov=120"
359,d9343c59-758f-4889-9b4b-bd041a1e2858,38.69957225,-9.203564667,Portugal,Lisbon,CR,MUR,LFINF,LWAL,CDM,CDN,3,3,RES,RES,BP2,BP1,RSH1,RSH2,RMN,RMT1,CR/LFINF/CDM/H:3/BP2/RSH1+RMN/RES,"https://www.google.com/maps/@?api=1&map_action=pano&viewpoint=38.69957225,-9.20356467&heading=259.93046191150313&pitch=5&fov=120"
360,8f9ef1a9-3a0a-4969-9dc0-1acab12397ad,38.69862388,-9.21235069,Portugal,Lisbon,CR,MCF,LFINF,LWAL,CDM,CDN,2,3,RES,RES,BPD,BP2,RSH1,RSH1,RMN,RMN,CR/LFINF/CDM/H:2/BPD/RSH1+RMN/RES,"https://www.google.com/maps/@?api=1&map_action=pano&viewpoint=38.69862388,-9.21235069&heading=37.1680371287826&pitch=5&fov=120"
361,a9c6bdc2-d81c-4c22-add2-1a8715fe64bc,38.69727177,-9.216401842,Portugal,Lisbon,MCF,MUR,LWAL,LWAL,CDL,CDL,2,2,RES,RES,BP2,BP1,RSH2,RSH2,RMT1,RMT1,MCF/LWAL/CDL/H:2/BP2/RSH2+RMT1/RES,"https://www.google.com/maps/@?api=1&map_action=pano&viewpoint=38.69727177,-9.21640184&heading=85.41016165783401&pitch=5&fov=120"
362,0c002637-08c8-4f42-8c3c-97bed06922db,38.69764122,-9.198208126,Portugal,Lisbon,CR,MUR,LFINF,LWAL,CDL,CDN,4,4,MIX(RES;COM),MIX(RES;COM),BP2,BP2,RSH2,RSH2,RMT1,RMT1,CR/LFINF/CDL/H:4/BP2/RSH2+RMT1/MIX(RES;COM),"https://www.google.com/maps/@?api=1&map_action=pano&viewpoint=38.69764122,-9.19820813&heading=328.4765173202254&pitch=5&fov=120"
363,4db3b938-90f1-4e55-952e-a6802c82e164,38.69819649,-9.191808388,Portugal,Lisbon,CR,CR,LFM,LFINF,CDN,CDN,3,5,RES,RES,BP2,BP1,RSH1,RSH1,RMN,RMN,CR/LFM/CDN/H:3/BP2/RSH1+RMN/RES,"https://www.google.com/maps/@?api=1&map_action=pano&viewpoint=38.69819649,-9.19180839&heading=204.2164775478882&pitch=5&fov=120"
364,22fe1e99-07c1-4efa-89f7-e20eba475e54,38.69786681,-9.217820982,Portugal,Lisbon,MCF,MCF,LWAL,LWAL,CDL,CDL,2,2,RES,RES,BP2,BP2,RSH2,RSH2,RMT1,RMT1,MCF/LWAL/CDL/H:2/BP2/RSH2+RMT1/RES,"https://www.google.com/maps/@?api=1&map_action=pano&viewpoint=38.69786681,-9.21782098&heading=99.02909338190119&pitch=5&fov=120"
366,2100f8a0-ddbb-40f6-af65-7f95add178d6,38.70060087,-9.205594598,Portugal,Lisbon,MUR,MUR,LWAL,LWAL,CDL,CDL,1,1,RES,RES,BP1,BPD,RSH2,RSH2,RMT1,RMT1,MUR/LWAL/CDL/H:1/BP1/RSH2+RMT1/RES,"https://www.google.com/maps/@?api=1&map_action=pano&viewpoint=38.70060087,-9.2055946&heading=314.9577142532298&pitch=5&fov=120"
369,a6af3603-2e30-4e47-a29e-e0a55b79f8ee,38.70224672,-9.20473309,Portugal,Lisbon,CR,MUR,LFINF,LWAL,CDN,CDN,4,4,RES,MIX(RES;COM),BP2,BP2,RSH1,RSH1,RMN,RMN,CR/LFINF/CDN/H:4/BP2/RSH1+RMN/RES,"https://www.google.com/maps/@?api=1&map_action=pano&viewpoint=38.70224672,-9.20473309&heading=350.8245955305805&pitch=5&fov=120"
373,b0acaa21-0e70-47bf-be1c-d149b604f974,38.70465755,-9.2029907,Portugal,Lisbon,MCF,MUR,LWAL,LWAL,CDL,CDN,2,2,MIX(RES;COM),MIX(RES;COM),BPD,BP2,RSH2,RSH2,RMT1,RMT1,MCF/LWAL/CDL/H:2/BPD/RSH2+RMT1/MIX(RES;COM),"https://www.google.com/maps/@?api=1&map_action=pano&viewpoint=38.70465755,-9.2029907&heading=317.7550512031012&pitch=5&fov=120"
375,5bb5ef2e-9b94-4dda-9f62-7552e250c33b,38.6964183,-9.218726083,Portugal,Lisbon,CR,INF,LFINF,LN,CDL,CDN,2,1,RES,RES,BPD,BPD,RSH3,RSH2,RMT1,RMT1,CR/LFINF/CDL/H:2/BPD/RSH3+RMT1/RES,"https://www.google.com/maps/@?api=1&map_action=pano&viewpoint=38.6964183,-9.21872608&heading=115.39152170463348&pitch=5&fov=120"
376,3c3aa706-483f-4f1b-8794-3eecc689f291,38.69725987,-9.19437605,Portugal,Lisbon,CR,MUR,LFINF,LWAL,CDM,CDL,4,4,RES,RES,BP2,BP1,RSH2,RSH1,RMT1,RMN,CR/LFINF/CDM/H:4/BP2/RSH2+RMT1/RES,"https://www.google.com/maps/@?api=1&map_action=pano&viewpoint=38.69725987,-9.19437605&heading=240.09746248702777&pitch=5&fov=120"
377,27e91c11-5b51-41c3-b47a-2946ce243007,38.6972161,-9.218006027,Portugal,Lisbon,MUR,,LWAL,,CDL,,2,,RES,,BP2,,RSH2,,RMT1,,MUR/LWAL/CDL/H:2/BP2/RSH2+RMT1/RES,"https://www.google.com/maps/@?api=1&map_action=pano&viewpoint=38.6972161,-9.21800603&heading=95.82160495870545&pitch=5&fov=120"
379,bf4c35ba-f802-458c-b4bb-474a1bbbb1d3,38.70174882,-9.202883084,Portugal,Lisbon,MUR,MUR,LWAL,LWAL,CDL,CDL,1,1,RES,RES,BP2,BPD,RSH2,RSH2,RMT1,RMT1,MUR/LWAL/CDL/H:1/BP2/RSH2+RMT1/RES,"https://www.google.com/maps/@?api=1&map_action=pano&viewpoint=38.70174882,-9.20288308&heading=351.7023697574849&pitch=5&fov=120"
380,4baaf7a5-f072-45a7-aa88-452f0daf6e28,38.69648817,-9.222454213,Portugal,Lisbon,CR,MUR,LFM,LWAL,CDM,CDL,3,2,RES,RES,BPD,BPD,RSH1,RSH1,RMN,RMN,CR/LFM/CDM/H:3/BPD/RSH1+RMN/RES,"https://www.google.com/maps/@?api=1&map_action=pano&viewpoint=38.69648817,-9.22245421&heading=1.7780529187270986&pitch=5&fov=120"
381,7eff9f84-f81b-46cc-b200-3bd7f6934e27,38.70199393,-9.203478824,Portugal,Lisbon,CR,MCF,LFM,LWAL,CDL,CDM,4,3,MIX(RES;COM),COM,BP2,BPD,RSH2,RSH1,RMT1,RMN,CR/LFM/CDL/H:4/BP2/RSH2+RMT1/MIX(RES;COM),"https://www.google.com/maps/@?api=1&map_action=pano&viewpoint=38.70199393,-9.20347882&heading=40.7402838809266&pitch=5&fov=120"
382,922a849d-64f0-44ce-8377-e77b505320c0,38.6967172,-9.22443595,Portugal,Lisbon,CR,CR,LFM,LFINF,CDM,CDM,4,4,RES,RES,BP1,BP1,RSH1,RSH1,RMN,RMN,CR/LFM/CDM/H:4/BP1/RSH1+RMN/RES,"https://www.google.com/maps/@?api=1&map_action=pano&viewpoint=38.6967172,-9.22443595&heading=183.92277208236942&pitch=5&fov=120"
383,1cce8419-7ddf-4197-b474-d192ac730323,38.69514723,-9.217055674,Portugal,Lisbon,CR,,LFINF,,CDL,,4,,RES,,BP2,,RSH1,,RMN,,CR/LFINF/CDL/H:4/BP2/RSH1+RMN/RES,"https://www.google.com/maps/@?api=1&map_action=pano&viewpoint=38.69514723,-9.21705567&heading=261.8596174331249&pitch=5&fov=120"
384,4748f9c5-8d3d-4e15-8efd-c6dc1652bdef,38.69651347,-9.215651519,Portugal,Lisbon,CR,,LFM,,CDM,,2,,RES,,BPD,,RSH3,,RMT1,,CR/LFM/CDM/H:2/BPD/RSH3+RMT1/RES,"https://www.google.com/maps/@?api=1&map_action=pano&viewpoint=38.69651347,-9.21565152&heading=78.08496127357927&pitch=5&fov=120"
386,06fa9a6d-c318-41bf-a242-2a4427b1a5e7,38.69729466,-9.196251526,Portugal,Lisbon,CR,MUR,LFINF,LWAL,CDL,CDL,3,4,RES,RES,BP2,BP2,RSH2,RSH2,RMT1,RMT1,CR/LFINF/CDL/H:3/BP2/RSH2+RMT1/RES,"https://www.google.com/maps/@?api=1&map_action=pano&viewpoint=38.69729466,-9.19625153&heading=60.238241986667106&pitch=5&fov=120"
387,cc939587-9e24-4dca-b82a-2518d3aa988c,38.70131946,-9.205850429,Portugal,Lisbon,CR,,LFINF,,CDL,,4,,RES,,BP2,,RSH1,,RMN,,CR/LFINF/CDL/H:4/BP2/RSH1+RMN/RES,"https://www.google.com/maps/@?api=1&map_action=pano&viewpoint=38.70131946,-9.20585043&heading=137.5936015995341&pitch=5&fov=120"
388,972cf889-b51f-4a81-9d00-83e0efaefc17,38.69706305,-9.20316339,Portugal,Lisbon,MCF,MUR,LWAL,LWAL,CDL,CDN,3,2,MIX(RES;COM),COM,BP2,BP2,RSH2,RSH1,RMT1,RMN,MCF/LWAL/CDL/H:3/BP2/RSH2+RMT1/MIX(RES;COM),"https://www.google.com/maps/@?api=1&map_action=pano&viewpoint=38.69706305,-9.20316339&heading=74.59434789569451&pitch=5&fov=120"
390,27a8144c-fb1b-4809-9ef3-fef85874651a,38.69920642,-9.220928288,Portugal,Lisbon,MCF,MUR,LWAL,LWAL,CDL,CDL,2,2,RES,RES,BPD,BPD,RSH3,RSH2,RMT1,RMT1,MCF/LWAL/CDL/H:2/BPD/RSH3+RMT1/RES,"https://www.google.com/maps/@?api=1&map_action=pano&viewpoint=38.69920642,-9.22092829&heading=301.71265589584425&pitch=5&fov=120"
391,aa9c18ba-8412-4a6f-afb0-cf4749c322ee,38.69990323,-9.221033621,Portugal,Lisbon,MCF,,LWAL,,CDL,,2,,RES,,BP2,,RSH3,,RMT1,,MCF/LWAL/CDL/H:2/BP2/RSH3+RMT1/RES,"https://www.google.com/maps/@?api=1&map_action=pano&viewpoint=38.69990323,-9.22103362&heading=211.408908994204&pitch=5&fov=120"
392,6197def6-d0f4-4f52-9ad8-f49af99e77b3,38.69799753,-9.192641137,Portugal,Lisbon,MCF,MUR,LWAL,LWAL,CDL,CDL,3,3,RES,RES,BP1,BPD,RSH2,RSH2,RMT1,RMT1,MCF/LWAL/CDL/H:3/BP1/RSH2+RMT1/RES,"https://www.google.com/maps/@?api=1&map_action=pano&viewpoint=38.69799753,-9.19264114&heading=225.17359042755652&pitch=5&fov=120"
393,ab0f3b93-8023-4644-8272-51f57aa1d32f,38.70387282,-9.203481429,Portugal,Lisbon,MUR,MUR,LWAL,LWAL,CDL,CDL,2,2,RES,COM,BP1,BP1,RSH2,RSH2,RMT1,RMT1,MUR/LWAL/CDL/H:2/BP1/RSH2+RMT1/RES,"https://www.google.com/maps/@?api=1&map_action=pano&viewpoint=38.70387282,-9.20348143&heading=162.31775974981127&pitch=5&fov=120"
396,5424ddfd-3aaf-4cb0-94c1-675c9f60b742,38.70283983,-9.203760645,Portugal,Lisbon,CR,CR,LFINF,LFINF,CDL,CDL,4,5,MIX(RES;COM),MIX(RES;COM),BP1,BP1,RSH1,RSH1,RMN,RMN,CR/LFINF/CDL/H:4/BP1/RSH1+RMN/MIX(RES;COM),"https://www.google.com/maps/@?api=1&map_action=pano&viewpoint=38.70283983,-9.20376065&heading=149.9603377686587&pitch=5&fov=120"
397,d0543a4f-61da-4511-a392-25a1b9de907e,38.70087272,-9.205972276,Portugal,Lisbon,CR,CR,LFM,LFINF,CDL,CDN,4,5,RES,RES,BP2,BP2,RSH1,RSH1,RMN,RMN,CR/LFM/CDL/H:4/BP2/RSH1+RMN/RES,"https://www.google.com/maps/@?api=1&map_action=pano&viewpoint=38.70087272,-9.20597228&heading=229.17707524457&pitch=5&fov=120"
399,b22cf67b-adf3-4562-8783-6b7854eb7ac7,38.69643883,-9.211602049,Portugal,Lisbon,CR,CR,LFM,LWAL,CDM,CDL,6.0-7.0,8.0-9.0,MIX(RES;COM),RES,BP1,BP1,RSH1,RSH1,RMN,RMN,CR/LFM/CDM/H:6-7/BP1/RSH1+RMN/MIX(RES;COM),"https://www.google.com/maps/@?api=1&map_action=pano&viewpoint=38.69643883,-9.21160205&heading=308.68263783023224&pitch=5&fov=120"
402,1311ca19-71e0-4053-9b72-ff6e7cddb086,38.69571544,-9.21347626,Portugal,Lisbon,CR,MUR,LFM,LWAL,CDM,CDL,4,4,RES,RES,BP2,BP1,RSH1,RSH1,RMN,RMN,CR/LFM/CDM/H:4/BP2/RSH1+RMN/RES,"https://www.google.com/maps/@?api=1&map_action=pano&viewpoint=38.69571544,-9.21347626&heading=61.21962605484117&pitch=5&fov=120"
403,2b976f7c-1f5c-4154-8148-e106ec313c44,38.70377081,-9.203268651,Portugal,Lisbon,MUR,MUR,LWAL,LWAL,CDN,CDN,1,1,RES,RES,BP2,BPD,RSH2,RSH2,RMT1,RMT1,MUR/LWAL/CDN/H:1/BP2/RSH2+RMT1/RES,"https://www.google.com/maps/@?api=1&map_action=pano&viewpoint=38.70377081,-9.20326865&heading=244.4589713982495&pitch=5&fov=120"
404,0f3ed62a-4873-4866-833c-01206e75ab3f,38.70039608,-9.203330749,Portugal,Lisbon,MUR,MUR,LWAL,LWAL,CDL,CDN,1,1,GOV,COM,BP1,BP1,RSH3,RSH2,RMT1,RMT1,MUR/LWAL/CDL/H:1/BP1/RSH3+RMT1/GOV,"https://www.google.com/maps/@?api=1&map_action=pano&viewpoint=38.70039608,-9.20333075&heading=256.3890459650129&pitch=5&fov=120"
406,d89aa070-666b-48e5-8a94-b44c8713b901,38.69737317,-9.2170717,Portugal,Lisbon,MUR,MUR,LWAL,LWAL,CDL,CDN,2,2,RES,RES,BP2,BP1,RSH2,RSH2,RMT1,RMT1,MUR/LWAL/CDL/H:2/BP2/RSH2+RMT1/RES,"https://www.google.com/maps/@?api=1&map_action=pano&viewpoint=38.69737317,-9.2170717&heading=90.32624402000965&pitch=5&fov=120"
407,e8ce951b-fb94-4a32-9e27-edeea9c7bc1e,38.70103995,-9.217317543,Portugal,Lisbon,MCF,MUR,LWAL,LWAL,CDL,CDN,2,1,COM,COM,BPD,BP2,RSH3,RSH1,RMT1,RMN,MCF/LWAL/CDL/H:2/BPD/RSH3+RMT1/COM,"https://www.google.com/maps/@?api=1&map_action=pano&viewpoint=38.70103995,-9.21731754&heading=47.28927105171192&pitch=5&fov=120"
410,43efaddc-9951-4680-8994-9aef0357842c,38.69574654,-9.218966504,Portugal,Lisbon,CR,,LFINF,,CDL,,4,,RES,,BP2,,RSH2,,RMT1,,CR/LFINF/CDL/H:4/BP2/RSH2+RMT1/RES,"https://www.google.com/maps/@?api=1&map_action=pano&viewpoint=38.69574654,-9.2189665&heading=171.32768330869357&pitch=5&fov=120"
411,0bfb37fa-c662-44f1-b63b-92e5dd089c3d,38.6995647,-9.21492775,Portugal,Lisbon,CR,,LFM,,CDH,,3,,RES,,BPD,,RSH3,,RMT1,,CR/LFM/CDH/H:3/BPD/RSH3+RMT1/RES,"https://www.google.com/maps/@?api=1&map_action=pano&viewpoint=38.6995647,-9.21492775&heading=169.37351978651054&pitch=5&fov=120"
412,2dbc8893-3d18-4d4d-8f82-0ed3f5591eb3,38.69737886,-9.218773959,Portugal,Lisbon,MCF,MUR,LWAL,LWAL,CDN,CDN,2,2,RES,RES,BP2,BP1,RSH2,RSH2,RMT1,RMT1,MCF/LWAL/CDN/H:2/BP2/RSH2+RMT1/RES,"https://www.google.com/maps/@?api=1&map_action=pano&viewpoint=38.69737886,-9.21877396&heading=100.34368894356777&pitch=5&fov=120"
415,549e142a-4456-4106-95e7-f915f1a60deb,38.69575077,-9.219386627,Portugal,Lisbon,CR,CR,LFINF,LFM,CDN,CDN,4,4,RES,MIX(RES;COM),BP2,BP1,RSH1,RSH1,RMN,RMN,CR/LFINF/CDN/H:4/BP2/RSH1+RMN/RES,"https://www.google.com/maps/@?api=1&map_action=pano&viewpoint=38.69575077,-9.21938663&heading=81.01167776408619&pitch=5&fov=120"
416,e2be1fab-5cc9-4f7d-a892-d39469a25e5e,38.69680926,-9.21669051,Portugal,Lisbon,MUR,MUR,LWAL,LWAL,CDN,CDN,2,2,RES,RES,BP1,BP1,RSH3,RSH2,RMT1,RMT1,MUR/LWAL/CDN/H:2/BP1/RSH3+RMT1/RES,"https://www.google.com/maps/@?api=1&map_action=pano&viewpoint=38.69680926,-9.21669051&heading=84.81064663178671&pitch=5&fov=120"
418,20ee5950-c40f-4fba-b4c6-fd73aa6a3a99,38.69895441,-9.19907368,Portugal,Lisbon,CR,MUR,LFM,LWAL,CDL,CDN,1,1,COM,COM,BP2,BP2,RSH1,RSH1,RMN,RMN,CR/LFM/CDL/H:1/BP2/RSH1+RMN/COM,"https://www.google.com/maps/@?api=1&map_action=pano&viewpoint=38.69895441,-9.19907368&heading=230.51957020648075&pitch=5&fov=120"
419,a552cf80-e1a2-4e8b-b886-ab1cbcbe6973,38.70088405,-9.210254779,Portugal,Lisbon,CR,,LFM,,CDM,,3,,RES,,BPD,,RSH1,,RMN,,CR/LFM/CDM/H:3/BPD/RSH1+RMN/RES,"https://www.google.com/maps/@?api=1&map_action=pano&viewpoint=38.70088405,-9.21025478&heading=148.73305602270665&pitch=5&fov=120"
421,2cd68778-eca3-4add-9862-6f2383fcbcd8,38.69870772,-9.21517088,Portugal,Lisbon,CR,MUR,LFM,LWAL,CDL,CDN,3,1,RES,RES,BPD,BP3,RSH3,RSH1,RMT1,RMN,CR/LFM/CDL/H:3/BPD/RSH3+RMT1/RES,"https://www.google.com/maps/@?api=1&map_action=pano&viewpoint=38.69870772,-9.21517088&heading=70.51671149434651&pitch=5&fov=120"
423,edcf666b-3bcd-40a5-b6b0-c11dc1c425ab,38.69980594,-9.196086106,Portugal,Lisbon,MCF,MUR,LWAL,LWAL,CDL,CDL,3,4,RES,RES,BP2,BP1,RSH2,RSH2,RMT1,RMT1,MCF/LWAL/CDL/H:3/BP2/RSH2+RMT1/RES,"https://www.google.com/maps/@?api=1&map_action=pano&viewpoint=38.69980594,-9.19608611&heading=222.1009292524111&pitch=5&fov=120"
424,3d6face0-0c28-4ae3-b41e-729210f01de4,38.69671969,-9.21672858,Portugal,Lisbon,MUR,MUR,LWAL,LWAL,CDL,CDL,2,3,RES,RES,BP2,BP1,RSH2,RSH2,RMT1,RMT1,MUR/LWAL/CDL/H:2/BP2/RSH2+RMT1/RES,"https://www.google.com/maps/@?api=1&map_action=pano&viewpoint=38.69671969,-9.21672858&heading=84.81062283697048&pitch=5&fov=120"
426,dabedbd8-32b4-44ea-9f4c-ef04ff22cf14,38.69640931,-9.216503046,Portugal,Lisbon,MCF,MUR,LWAL,LWAL,CDL,CDN,2,2,RES,RES,BP2,BP1,RSH2,RSH5,RMT1,RMT1,MCF/LWAL/CDL/H:2/BP2/RSH2+RMT1/RES,"https://www.google.com/maps/@?api=1&map_action=pano&viewpoint=38.69640931,-9.21650305&heading=83.42179465934908&pitch=5&fov=120"
428,46dc0f63-b5a3-4354-a55e-8da4327bb9d8,38.7008137,-9.21559305,Portugal,Lisbon,CR,,LFM,,CDM,,3,,GOV,,BPD,,RSH3,,RMT1,,CR/LFM/CDM/H:3/BPD/RSH3+RMT1/GOV,"https://www.google.com/maps/@?api=1&map_action=pano&viewpoint=38.7008137,-9.21559305&heading=20.785159235183755&pitch=5&fov=120"
429,a5088892-d6f1-4a4c-9d00-69b3397c9a0f,38.70074696,-9.200174168,Portugal,Lisbon,CR,MUR,LFM,LWAL,CDM,CDN,4,5,MIX(RES;COM),RES,BPD,BPD,RSH1,RSH1,RMN,RMN,CR/LFM/CDM/H:4/BPD/RSH1+RMN/MIX(RES;COM),"https://www.google.com/maps/@?api=1&map_action=pano&viewpoint=38.70074696,-9.20017417&heading=323.971669804057&pitch=5&fov=120"
431,bc6e7373-459a-475f-840f-37c38ae0cc37,38.69881808,-9.211135217,Portugal,Lisbon,CR,MCF,LFM,LWAL,CDM,CDH,2,2,RES,RES,BPD,BPD,RSH1,RSH1,RMN,RMN,CR/LFM/CDM/H:2/BPD/RSH1+RMN/RES,"https://www.google.com/maps/@?api=1&map_action=pano&viewpoint=38.69881808,-9.21113522&heading=36.37051905409169&pitch=5&fov=120"
432,a75788bc-f9be-4572-84f8-3035474afafc,38.69962891,-9.196163191,Portugal,Lisbon,MUR,MUR,LWAL,LWAL,CDL,CDL,2,3,RES,RES,BP2,BP2,RSH2,RSH2,RMT1,RMT1,MUR/LWAL/CDL/H:2/BP2/RSH2+RMT1/RES,"https://www.google.com/maps/@?api=1&map_action=pano&viewpoint=38.69962891,-9.19616319&heading=302.34471859959467&pitch=5&fov=120"
433,7903984f-8dcb-4a4f-9e0c-c264ba103e66,38.69687479,-9.217855437,Portugal,Lisbon,MCF,,LWAL,,CDL,,2,,RES,,BP2,,RSH2,,RMT1,,MCF/LWAL/CDL/H:2/BP2/RSH2+RMT1/RES,"https://www.google.com/maps/@?api=1&map_action=pano&viewpoint=38.69687479,-9.21785544&heading=92.7870408252216&pitch=5&fov=120"
435,e9468f63-ac6d-4c1a-b1f6-176b5c7129e9,38.69928546,-9.205061603,Portugal,Lisbon,MUR,MCF,LWAL,LWAL,CDL,CDN,1,1,RES,RES,BP2,BP1,RSH2,RSH2,RMT1,RMT1,MUR/LWAL/CDL/H:1/BP2/RSH2+RMT1/RES,"https://www.google.com/maps/@?api=1&map_action=pano&viewpoint=38.69928546,-9.2050616&heading=213.87604782167557&pitch=5&fov=120"
436,d887e8ca-d932-4cda-b636-4746628d6576,38.69765249,-9.190393553,Portugal,Lisbon,CR,MUR,LFINF,LWAL,CDL,CDN,2,1,GOV,COM,BPD,BPD,RSH3,RSH1,RMT1,RMN,CR/LFINF/CDL/H:2/BPD/RSH3+RMT1/GOV,"https://www.google.com/maps/@?api=1&map_action=pano&viewpoint=38.69765249,-9.19039355&heading=137.55310236183578&pitch=5&fov=120"
439,5a74a135-c5a0-4dac-b867-ada05b0fab77,38.69772499,-9.193154125,Portugal,Lisbon,MUR,MUR,LWAL,LWAL,CDL,CDL,2,2,RES,RES,BP2,BP1,RSH2,RSH1,RMT1,RMN,MUR/LWAL/CDL/H:2/BP2/RSH2+RMT1/RES,"https://www.google.com/maps/@?api=1&map_action=pano&viewpoint=38.69772499,-9.19315413&heading=316.55822209401776&pitch=5&fov=120"
440,f761731c-0239-4df4-bf50-bdf46c686cdb,38.70038987,-9.225411551,Portugal,Lisbon,CR,MUR,LFINF,LWAL,CDN,CDN,4,4,RES,RES,BP2,BP2,RSH2,RSH2,RMT1,RMT1,CR/LFINF/CDN/H:4/BP2/RSH2+RMT1/RES,"https://www.google.com/maps/@?api=1&map_action=pano&viewpoint=38.70038987,-9.22541155&heading=299.6330160864705&pitch=5&fov=120"
441,e121c18b-57cd-4b39-9cfc-a9ff4ef13ca1,38.70388521,-9.202590869,Portugal,Lisbon,CR,CR,LFM,LFM,CDM,CDM,4,3,MIX(RES;COM),COM,BP2,BP2,RSH2,RSH2,RMT1,RMT1,CR/LFM/CDM/H:4/BP2/RSH2+RMT1/MIX(RES;COM),"https://www.google.com/maps/@?api=1&map_action=pano&viewpoint=38.70388521,-9.20259087&heading=241.9665960713346&pitch=5&fov=120"
443,d1b561e3-58a9-4e3e-a913-830847917772,38.69854061,-9.225826545,Portugal,Lisbon,CR,MUR,LFINF,LWAL,CDL,CDL,4,5,MIX(RES;COM),RES,BP2,BP1,RSH1,RSH1,RMN,RMN,CR/LFINF/CDL/H:4/BP2/RSH1+RMN/MIX(RES;COM),"https://www.google.com/maps/@?api=1&map_action=pano&viewpoint=38.69854061,-9.22582654&heading=241.09212222526645&pitch=5&fov=120"
444,0f4dd12f-b847-4c72-b949-f16978954c09,38.70288652,-9.203606363,Portugal,Lisbon,CR,CR,LFM,LFINF,CDN,CDN,5,5,MIX(RES;COM),MIX(RES;COM),BP2,BP1,RSH1,RSH1,RMN,RMN,CR/LFM/CDN/H:5/BP2/RSH1+RMN/MIX(RES;COM),"https://www.google.com/maps/@?api=1&map_action=pano&viewpoint=38.70288652,-9.20360636&heading=149.96043424452859&pitch=5&fov=120"
447,70c6a7ca-5ebf-47a5-b75e-eff83b023434,38.69845503,-9.215147776,Portugal,Lisbon,CR,,LFM,,CDM,,3,,RES,,BPD,,RSH3,,RMT1,,CR/LFM/CDM/H:3/BPD/RSH3+RMT1/RES,"https://www.google.com/maps/@?api=1&map_action=pano&viewpoint=38.69845503,-9.21514778&heading=348.460004865707&pitch=5&fov=120"
448,0dd160cd-d698-4674-b19c-575f2e9c87c4,38.69912138,-9.219153982,Portugal,Lisbon,MCF,MUR,LWAL,LWAL,CDL,CDL,2,2,RES,RES,BP2,BPD,RSH2,RSH1,RMT1,RMN,MCF/LWAL/CDL/H:2/BP2/RSH2+RMT1/RES,"https://www.google.com/maps/@?api=1&map_action=pano&viewpoint=38.69912138,-9.21915398&heading=291.0031943961574&pitch=5&fov=120"
451,3886d89c-afa3-4992-871c-55617533797e,38.69733114,-9.192697696,Portugal,Lisbon,MUR,MUR,LWAL,LWAL,CDN,CDN,1,1,RES,RES,BP1,BPD,RSH2,RSH2,RMT1,RMT1,MUR/LWAL/CDN/H:1/BP1/RSH2+RMT1/RES,"https://www.google.com/maps/@?api=1&map_action=pano&viewpoint=38.69733114,-9.1926977&heading=230.70486224825322&pitch=5&fov=120"
452,29a0efc2-d5aa-4a75-8bf5-ddbcd5ad5582,38.6970735,-9.219117275,Portugal,Lisbon,MCF,,LWAL,,CDL,,2,,RES,,BP1,,RSH3,,RMT1,,MCF/LWAL/CDL/H:2/BP1/RSH3+RMT1/RES,"https://www.google.com/maps/@?api=1&map_action=pano&viewpoint=38.6970735,-9.21911727&heading=100.09108752180958&pitch=5&fov=120"
454,24e28e79-7d07-46a5-a645-e21c01c323aa,38.69877839,-9.218681094,Portugal,Lisbon,MUR,MUR,LWAL,LWAL,CDN,CDN,2,2,RES,RES,BP2,BP2,RSH2,RSH1,RMT1,RMN,MUR/LWAL/CDN/H:2/BP2/RSH2+RMT1/RES,"https://www.google.com/maps/@?api=1&map_action=pano&viewpoint=38.69877839,-9.21868109&heading=287.4769823274612&pitch=5&fov=120"
455,ebddeaa1-712a-4206-9343-e2ccbd687985,38.69890638,-9.225677024,Portugal,Lisbon,CR,MUR,LFINF,LWAL,CDL,CDN,4,3,MIX(RES;COM),MIX(RES;COM),BP2,BP3,RSH2,RSH1,RMT1,RMN,CR/LFINF/CDL/H:4/BP2/RSH2+RMT1/MIX(RES;COM),"https://www.google.com/maps/@?api=1&map_action=pano&viewpoint=38.69890638,-9.22567702&heading=119.59126150246965&pitch=5&fov=120"
459,df799794-7c67-474e-b7c0-0f779adfbd49,38.6952801,-9.2158158,Portugal,Lisbon,CR,MUR,LFINF,LWAL,CDL,CDL,3,4,RES,RES,BPD,BP1,RSH3,RSH2,RMT1,RMT1,CR/LFINF/CDL/H:3/BPD/RSH3+RMT1/RES,"https://www.google.com/maps/@?api=1&map_action=pano&viewpoint=38.6952801,-9.2158158&heading=333.0131223780119&pitch=5&fov=120"
462,a7f3eee4-706b-491e-aaf3-8a22f8f54e75,38.70331315,-9.204581,Portugal,Lisbon,MCF,MCF,LWAL,LWAL,CDL,CDN,2,3,RES,MIX(RES;COM),BP2,BP1,RSH1,RSH2,RMN,RMT1,MCF/LWAL/CDL/H:2/BP2/RSH1+RMN/RES,"https://www.google.com/maps/@?api=1&map_action=pano&viewpoint=38.70331315,-9.204581&heading=310.4762565059988&pitch=5&fov=120"
463,dd0601dc-5c49-424e-ab04-9f69399bc16f,38.69757567,-9.203924496,Portugal,Lisbon,MUR,,LWAL,,CDN,,1,,RES,,BPD,,RSH2,,RMT6,,MUR/LWAL/CDN/H:1/BPD/RSH2+RMT6/RES,"https://www.google.com/maps/@?api=1&map_action=pano&viewpoint=38.69757567,-9.2039245&heading=334.5785677800998&pitch=5&fov=120"
464,b80d8b40-4e96-422f-b4fd-25a0bdd79964,38.69647247,-9.216458657,Portugal,Lisbon,MCF,MUR,LWAL,LWAL,CDL,CDN,2,2,RES,RES,BP2,BP1,RSH2,RSH5,RMT1,RMT1,MCF/LWAL/CDL/H:2/BP2/RSH2+RMT1/RES,"https://www.google.com/maps/@?api=1&map_action=pano&viewpoint=38.69647247,-9.21645866&heading=83.42182240380578&pitch=5&fov=120"
467,abd9ab41-b13a-4951-9d79-ff9ad16885f1,38.6974558,-9.216644541,Portugal,Lisbon,MCF,MUR,LWAL,LWAL,CDN,CDN,2,2,RES,RES,BP2,BP2,RSH3,RSH2,RMT1,RMT1,MCF/LWAL/CDN/H:2/BP2/RSH3+RMT1/RES,"https://www.google.com/maps/@?api=1&map_action=pano&viewpoint=38.6974558,-9.21664454&heading=88.04293899959907&pitch=5&fov=120"
468,55e53a1a-dba7-4d9a-b57b-aa5103a0a27d,38.70056995,-9.225886323,Portugal,Lisbon,MCF,,LWAL,,CDM,,3,,RES,,BP2,,RSH2,,RMT1,,MCF/LWAL/CDM/H:3/BP2/RSH2+RMT1/RES,"https://www.google.com/maps/@?api=1&map_action=pano&viewpoint=38.70056995,-9.22588632&heading=351.66872964291895&pitch=5&fov=120"
469,9f6a6de3-6680-47be-8198-24d616b007ce,38.69616675,-9.21622205,Portugal,Lisbon,MCF,,LWAL,,CDL,,2,,RES,,BP2,,RSH2,,RMT1,,MCF/LWAL/CDL/H:2/BP2/RSH2+RMT1/RES,"https://www.google.com/maps/@?api=1&map_action=pano&viewpoint=38.69616675,-9.21622205&heading=80.27294781811634&pitch=5&fov=120"
470,e48e1399-a57f-4db5-877d-45f1bd841105,38.69973461,-9.220560718,Portugal,Lisbon,MCF,MUR,LWAL,LWAL,CDN,CDN,2,2,RES,RES,BP2,BP2,RSH3,RSH3,RMT1,RMT1,MCF/LWAL/CDN/H:2/BP2/RSH3+RMT1/RES,"https://www.google.com/maps/@?api=1&map_action=pano&viewpoint=38.69973461,-9.22056072&heading=31.98019554596999&pitch=5&fov=120"
471,bae2f9d2-780d-49e7-9914-26cc3e43d209,38.6988392,-9.192581847,Portugal,Lisbon,CR,MUR,LFINF,LWAL,CDM,CDL,3,2,EDU,IND,BP1,BPD,RSH1,RSH1,RMN,RMN,CR/LFINF/CDM/H:3/BP1/RSH1+RMN/EDU,"https://www.google.com/maps/@?api=1&map_action=pano&viewpoint=38.6988392,-9.19258185&heading=199.47080173528292&pitch=5&fov=120"
472,4401b241-6f4e-491b-992f-7ded78acab18,38.69426419,-9.2171875,Portugal,Lisbon,MUR,MUR,LWAL,LWAL,CDL,CDL,2,2,RES,RES,BP1,BP1,RSH2,RSH2,RMT1,RMT1,MUR/LWAL/CDL/H:2/BP1/RSH2+RMT1/RES,"https://www.google.com/maps/@?api=1&map_action=pano&viewpoint=38.69426419,-9.2171875&heading=154.5507404860727&pitch=5&fov=120"
473,683b8ca9-b8c9-42ed-8908-9001a1e33a72,38.69788124,-9.194481795,Portugal,Lisbon,MUR,MUR,LWAL,LWAL,CDL,CDL,2,2,RES,RES,BP1,BP1,RSH1,RSH1,RMN,RMN,MUR/LWAL/CDL/H:2/BP1/RSH1+RMN/RES,"https://www.google.com/maps/@?api=1&map_action=pano&viewpoint=38.69788124,-9.19448179&heading=223.44061669125819&pitch=5&fov=120"
474,7f2c507c-43ef-46eb-82dd-f6b40b15f0c7,38.70113786,-9.204350022,Portugal,Lisbon,CR,MCF,LFM,LWAL,CDH,CDH,3,3,RES,RES,BPD,BP2,RSH1,RSH1,RMN,RMN,CR/LFM/CDH/H:3/BPD/RSH1+RMN/RES,"https://www.google.com/maps/@?api=1&map_action=pano&viewpoint=38.70113786,-9.20435002&heading=351.40783893171704&pitch=5&fov=120"
476,204e68cc-52f1-4402-af1b-ac9c29d562d5,38.69949461,-9.22549748,Portugal,Lisbon,CR,MUR,LFINF,LWAL,CDN,CDN,4,4,RES,RES,BP1,BP1,RSH1,RSH1,RMN,RMN,CR/LFINF/CDN/H:4/BP1/RSH1+RMN/RES,"https://www.google.com/maps/@?api=1&map_action=pano&viewpoint=38.69949461,-9.22549748&heading=301.42610074399477&pitch=5&fov=120"
480,d8669d0f-bb89-44b2-9b97-7d22a1ac7327,38.69684548,-9.21589682,Portugal,Lisbon,MUR,MUR,LWAL,LWAL,CDL,CDL,2,2,RES,RES,BP1,BPD,RSH2,RSH2,RMT1,RMT1,MUR/LWAL/CDL/H:2/BP1/RSH2+RMT1/RES,"https://www.google.com/maps/@?api=1&map_action=pano&viewpoint=38.69684548,-9.21589682&heading=80.41030038495126&pitch=5&fov=120"
482,19e0200c-01e8-4fef-b260-d8a717e5bdb3,38.70284079,-9.20403983,Portugal,Lisbon,CR,MCF,LFINF,LWAL,CDL,CDH,4,3,RES,RES,BP1,BPD,RSH2,RSH2,RMT1,RMT1,CR/LFINF/CDL/H:4/BP1/RSH2+RMT1/RES,"https://www.google.com/maps/@?api=1&map_action=pano&viewpoint=38.70284079,-9.20403983&heading=4.91861791386691&pitch=5&fov=120"
484,5af680ec-5186-4615-b99d-dfae86eac0be,38.70374959,-9.203534478,Portugal,Lisbon,MUR,MUR,LWAL,LWAL,CDL,CDL,2,2,RES,RES,BP1,BPD,RSH2,RSH2,RMT1,RMT1,MUR/LWAL/CDL/H:2/BP1/RSH2+RMT1/RES,"https://www.google.com/maps/@?api=1&map_action=pano&viewpoint=38.70374959,-9.20353448&heading=348.7741257480949&pitch=5&fov=120"
485,868c0501-b953-453a-b5eb-5719228705a6,38.70053938,-9.20065466,Portugal,Lisbon,CR,MUR,LFM,LWAL,CDM,CDN,3,3,RES,RES,BPD,BP1,RSH1,RSH1,RMN,RMN,CR/LFM/CDM/H:3/BPD/RSH1+RMN/RES,"https://www.google.com/maps/@?api=1&map_action=pano&viewpoint=38.70053938,-9.20065466&heading=313.99401483169834&pitch=5&fov=120"
487,7540d834-bfa6-4fdf-8d71-2dfc62da2ed6,38.70124197,-9.206603012,Portugal,Lisbon,S,,LFM,,CDM,,1,,COM,,BPD,,RSH1,,RMT6,,S/LFM/CDM/H:1/BPD/RSH1+RMT6/COM,"https://www.google.com/maps/@?api=1&map_action=pano&viewpoint=38.70124197,-9.20660301&heading=139.74341503503535&pitch=5&fov=120"
488,8b36730b-f3d1-44ce-aae1-e0798ab423ca,38.70117525,-9.20529845,Portugal,Lisbon,MCF,MUR,LWAL,LWAL,CDL,CDN,2,1,RES,RES,BP2,BPD,RSH2,RSH2,RMT1,RMT1,MCF/LWAL/CDL/H:2/BP2/RSH2+RMT1/RES,"https://www.google.com/maps/@?api=1&map_action=pano&viewpoint=38.70117525,-9.20529845&heading=346.6543839271332&pitch=5&fov=120"
489,37cab627-1c28-4c5c-b7b3-86a5f01a53d6,38.70003421,-9.203855762,Portugal,Lisbon,MUR,MUR,LWAL,LWAL,CDL,CDL,2,2,RES,RES,BPD,BP1,RSH3,RSH1,RMT1,RMN,MUR/LWAL/CDL/H:2/BPD/RSH3+RMT1/RES,"https://www.google.com/maps/@?api=1&map_action=pano&viewpoint=38.70003421,-9.20385576&heading=62.98080385865387&pitch=5&fov=120"
491,55af095d-89c7-4142-980c-cdee3f92a745,38.70409407,-9.202571944,Portugal,Lisbon,MCF,MUR,LWAL,LWAL,CDL,CDL,3,3,RES,MIX(RES;COM),BP2,BP2,RSH2,RSH2,RMT1,RMT1,MCF/LWAL/CDL/H:3/BP2/RSH2+RMT1/RES,"https://www.google.com/maps/@?api=1&map_action=pano&viewpoint=38.70409407,-9.20257194&heading=241.96660790844123&pitch=5&fov=120"
494,f1ec794a-76ea-4adf-80ba-b7f028e3665c,38.70204977,-9.204592243,Portugal,Lisbon,CR,,LFINF,,CDL,,5,,RES,,BP1,,RSH2,,RMT1,,CR/LFINF/CDL/H:5/BP1/RSH2+RMT1/RES,"https://www.google.com/maps/@?api=1&map_action=pano&viewpoint=38.70204977,-9.20459224&heading=29.020780858050273&pitch=5&fov=120"
495,c50e4811-b81f-4042-8d1d-02fc12d0c54e,38.70185686,-9.218409194,Portugal,Lisbon,CR,,LFM,,CDM,,2,,RES,,BPD,,RSH3,,RMT1,,CR/LFM/CDM/H:2/BPD/RSH3+RMT1/RES,"https://www.google.com/maps/@?api=1&map_action=pano&viewpoint=38.70185686,-9.21840919&heading=120.57896169284152&pitch=5&fov=120"
498,71ac5dc8-87b7-4e3e-94ea-582a8e3dd007,38.70145025,-9.21002815,Portugal,Lisbon,CR,,LFM,,CDM,,1,,COM,,BPD,,RSH3,,RMT6,,CR/LFM/CDM/H:1/BPD/RSH3+RMT6/COM,"https://www.google.com/maps/@?api=1&map_action=pano&viewpoint=38.70145025,-9.21002815&heading=285.1764816613478&pitch=5&fov=120"
500,d3254489-4c48-4b69-ac48-4f44a3f3b643,38.69753979,-9.218574481,Portugal,Lisbon,MUR,MUR,LWAL,LWAL,CDN,CDN,2,2,RES,RES,BP2,BPD,RSH2,RSH2,RMT1,RMT1,MUR/LWAL/CDN/H:2/BP2/RSH2+RMT1/RES,"https://www.google.com/maps/@?api=1&map_action=pano&viewpoint=38.69753979,-9.21857448&heading=100.8063838607817&pitch=5&fov=120"
503,06121b8a-1ba7-4298-a5a2-2d18a6fea230,38.70117893,-9.204484801,Portugal,Lisbon,CR,MCF,LFM,LWAL,CDH,CDM,3,4,RES,RES,BP1,BP1,RSH1,RSH2,RMN,RMT1,CR/LFM/CDH/H:3/BP1/RSH1+RMN/RES,"https://www.google.com/maps/@?api=1&map_action=pano&viewpoint=38.70117893,-9.2044848&heading=351.40775466211426&pitch=5&fov=120"
504,8bdc0a02-bb02-4669-abce-c99e3bb69738,38.69780883,-9.217313503,Portugal,Lisbon,CR,,LFINF,,CDM,,2,,RES,,BP2,,RSH3,,RMT1,,CR/LFINF/CDM/H:2/BP2/RSH3+RMT1/RES,"https://www.google.com/maps/@?api=1&map_action=pano&viewpoint=38.69780883,-9.2173135&heading=272.97816073608607&pitch=5&fov=120"
507,51aa1037-8cae-43ab-85c2-ebe1f911650e,38.69768223,-9.194630239,Portugal,Lisbon,CR,,LFM,,CDL,,4,,RES,,BP2,,RSH2,,RMT1,,CR/LFM/CDL/H:4/BP2/RSH2+RMT1/RES,"https://www.google.com/maps/@?api=1&map_action=pano&viewpoint=38.69768223,-9.19463024&heading=138.88424054858297&pitch=5&fov=120"
508,aa2d980f-feb4-4dca-a86b-a5fc8cce4557,38.70218573,-9.204131348,Portugal,Lisbon,CR,CR,LFINF,LFM,CDN,CDN,4,5,RES,MIX(RES;COM),BP2,BP1,RSH2,RSH1,RMT1,RMN,CR/LFINF/CDN/H:4/BP2/RSH2+RMT1/RES,"https://www.google.com/maps/@?api=1&map_action=pano&viewpoint=38.70218573,-9.20413135&heading=153.99609297070538&pitch=5&fov=120"
509,e44f0fa8-1362-435e-9425-c4c066c0b2f5,38.69948211,-9.219585826,Portugal,Lisbon,MCF,MUR,LWAL,LWAL,CDN,CDL,2,2,RES,RES,BP2,BPD,RSH2,RSH2,RMT1,RMT1,MCF/LWAL/CDN/H:2/BP2/RSH2+RMT1/RES,"https://www.google.com/maps/@?api=1&map_action=pano&viewpoint=38.69948211,-9.21958583&heading=296.16170420618994&pitch=5&fov=120"
510,048dd538-7429-4f60-85fe-7148dff709db,38.70246302,-9.204722114,Portugal,Lisbon,CR,MCF,LFM,LWAL,CDL,CDN,4,4,RES,RES,BP2,BP2,RSH3,RSH1,RMT1,RMN,CR/LFM/CDL/H:4/BP2/RSH3+RMT1/RES,"https://www.google.com/maps/@?api=1&map_action=pano&viewpoint=38.70246302,-9.20472211&heading=337.6893523731249&pitch=5&fov=120"
511,71e8bc2d-3598-4e91-a8cf-9d2cbb29a9a5,38.6988319,-9.219093634,Portugal,Lisbon,MCF,MUR,LWAL,LWAL,CDL,CDN,2,2,RES,RES,BP2,BP1,RSH2,RSH1,RMT1,RMN,MCF/LWAL/CDL/H:2/BP2/RSH2+RMT1/RES,"https://www.google.com/maps/@?api=1&map_action=pano&viewpoint=38.6988319,-9.21909363&heading=290.8051274441304&pitch=5&fov=120"
513,07fe994b-de50-420a-9689-e2eb01ecdaf4,38.69644039,-9.216085408,Portugal,Lisbon,MUR,MUR,LWAL,LWAL,CDL,CDL,2,2,RES,RES,BP2,BP1,RSH2,RSH2,RMT1,RMT1,MUR/LWAL/CDL/H:2/BP2/RSH2+RMT1/RES,"https://www.google.com/maps/@?api=1&map_action=pano&viewpoint=38.69644039,-9.21608541&heading=80.27303324434536&pitch=5&fov=120"
514,9015eb6b-8dc6-41df-a3be-857ac47ee634,38.70203124,-9.217536531,Portugal,Lisbon,CR,,LFM,,CDM,,2,,GOV,,BPD,,RSH3,,RMT1,,CR/LFM/CDM/H:2/BPD/RSH3+RMT1/GOV,"https://www.google.com/maps/@?api=1&map_action=pano&viewpoint=38.70203124,-9.21753653&heading=181.74564132179472&pitch=5&fov=120"
517,2900af71-b922-427a-92d3-5f883bbc01a7,38.70078238,-9.209820545,Portugal,Lisbon,CR,MUR,LFM,LWAL,CDL,CDN,3,3,RES,MIX(RES;COM),BPD,BP1,RSH3,RSH1,RMT1,RMN,CR/LFM/CDL/H:3/BPD/RSH3+RMT1/RES,"https://www.google.com/maps/@?api=1&map_action=pano&viewpoint=38.70078238,-9.20982055&heading=208.58810745251338&pitch=5&fov=120"
519,4027f66a-f5de-4081-a6db-e2e99044f750,38.69651008,-9.218179876,Portugal,Lisbon,MCF,,LWAL,,CDL,,2,,RES,,BP2,,RSH3,,RMT1,,MCF/LWAL/CDL/H:2/BP2/RSH3+RMT1/RES,"https://www.google.com/maps/@?api=1&map_action=pano&viewpoint=38.69651008,-9.21817988&heading=182.03334454415938&pitch=5&fov=120"
520,40fabd6f-fe28-4a44-8906-d84271b49206,38.6977266,-9.202204559,Portugal,Lisbon,CR,MCF,LFINF,LWAL,CDL,CDL,3,2,RES,RES,BP2,BP2,RSH2,RSH2,RMT1,RMT1,CR/LFINF/CDL/H:3/BP2/RSH2+RMT1/RES,"https://www.google.com/maps/@?api=1&map_action=pano&viewpoint=38.6977266,-9.20220456&heading=222.1072557308786&pitch=5&fov=120"
521,4ad79eca-4be6-4ed6-8c70-a1179fe5fe49,38.69929278,-9.204811791,Portugal,Lisbon,CR,MUR,LFM,LWAL,CDL,CDL,2,2,RES,MIX(RES;COM),BPD,BP1,RSH3,RSH2,RMT1,RMT1,CR/LFM/CDL/H:2/BPD/RSH3+RMT1/RES,"https://www.google.com/maps/@?api=1&map_action=pano&viewpoint=38.69929278,-9.20481179&heading=124.91976102067832&pitch=5&fov=120"
522,2eacc364-7562-492e-b6b1-d97baeb3aa3a,38.70031544,-9.224696525,Portugal,Lisbon,MUR,,LWAL,,CDL,,2,,RES,,BPD,,RSH1,,RMN,,MUR/LWAL/CDL/H:2/BPD/RSH1+RMN/RES,"https://www.google.com/maps/@?api=1&map_action=pano&viewpoint=38.70031544,-9.22469653&heading=122.9472146326018&pitch=5&fov=120"
524,6be0a4ea-d919-4021-8959-c45ba8ecea6b,38.69812296,-9.215147632,Portugal,Lisbon,CR,,LFINF,,CDM,,2,,RES,,BPD,,RSH3,,RMT1,,CR/LFINF/CDM/H:2/BPD/RSH3+RMT1/RES,"https://www.google.com/maps/@?api=1&map_action=pano&viewpoint=38.69812296,-9.21514763&heading=168.46000495626407&pitch=5&fov=120"
526,370a8e84-d465-4094-8943-11badb29d466,38.69910805,-9.204943337,Portugal,Lisbon,MCF,MUR,LWAL,LWAL,CDL,CDL,2,2,RES,RES,BPD,BP1,RSH3,RSH5,RMT1,RMT1,MCF/LWAL/CDL/H:2/BPD/RSH3+RMT1/RES,"https://www.google.com/maps/@?api=1&map_action=pano&viewpoint=38.69910805,-9.20494334&heading=213.87612176247023&pitch=5&fov=120"
528,4f24497a-042c-4726-90b3-cc418f58b964,38.70181275,-9.221123413,Portugal,Lisbon,CR,,LFM,,CDM,,3,,RES,,BPD,,RSH3,,RMT1,,CR/LFM/CDM/H:3/BPD/RSH3+RMT1/RES,"https://www.google.com/maps/@?api=1&map_action=pano&viewpoint=38.70181275,-9.22112341&heading=121.98993238757043&pitch=5&fov=120"
529,27ddf756-5f53-4d0b-8621-40e6ebdef6e3,38.69706708,-9.196139664,Portugal,Lisbon,MUR,MUR,LWAL,LWAL,CDL,CDL,2,2,RES,MIX(RES;COM),BP1,BP1,RSH2,RSH2,RMT1,RMT1,MUR/LWAL/CDL/H:2/BP1/RSH2+RMT1/RES,"https://www.google.com/maps/@?api=1&map_action=pano&viewpoint=38.69706708,-9.19613966&heading=5.051119104707254&pitch=5&fov=120"
531,9416180c-095e-4b5b-922a-2906510cf779,38.69557632,-9.220444416,Portugal,Lisbon,CR,,LFM,,CDM,,2,,RES,,BPD,,RSH3,,RMT1,,CR/LFM/CDM/H:2/BPD/RSH3+RMT1/RES,"https://www.google.com/maps/@?api=1&map_action=pano&viewpoint=38.69557632,-9.22044442&heading=1.9245603661970563&pitch=5&fov=120"
534,866c5a36-63ce-4582-9341-6f27dd40bdca,38.70053577,-9.205093863,Portugal,Lisbon,MUR,MUR,LWAL,LWAL,CDL,CDL,2,2,RES,RES,BP1,BPD,RSH2,RSH1,RMT1,RMN,MUR/LWAL/CDL/H:2/BP1/RSH2+RMT1/RES,"https://www.google.com/maps/@?api=1&map_action=pano&viewpoint=38.70053577,-9.20509386&heading=348.3007921328551&pitch=5&fov=120"
535,e0e75b5a-77e3-4f77-9128-be1254c070b3,38.69763912,-9.203212221,Portugal,Lisbon,MCF,MUR,LWAL,LWAL,CDL,CDL,3,4,RES,MIX(RES;COM),BP1,BP1,RSH2,RSH2,RMT1,RMT1,MCF/LWAL/CDL/H:3/BP1/RSH2+RMT1/RES,"https://www.google.com/maps/@?api=1&map_action=pano&viewpoint=38.69763912,-9.20321222&heading=58.651190285549205&pitch=5&fov=120"
537,0cbf0727-0bcc-48b8-8554-dbeec00658e7,38.69809311,-9.192802423,Portugal,Lisbon,MUR,MUR,LWAL,LWAL,CDL,CDL,2,2,RES,RES,BP1,BPD,RSH2,RSH2,RMT1,RMT1,MUR/LWAL/CDL/H:2/BP1/RSH2+RMT1/RES,"https://www.google.com/maps/@?api=1&map_action=pano&viewpoint=38.69809311,-9.19280242&heading=186.19639645899815&pitch=5&fov=120"
539,4f0d6310-ceff-4760-8973-d9405e3858e4,38.69623476,-9.216189792,Portugal,Lisbon,MUR,,LWAL,,CDL,,2,,RES,,BP2,,RSH2,,RMT1,,MUR/LWAL/CDL/H:2/BP2/RSH2+RMT1/RES,"https://www.google.com/maps/@?api=1&map_action=pano&viewpoint=38.69623476,-9.21618979&heading=80.27296799710552&pitch=5&fov=120"
541,3f78b98c-e38d-4483-94e3-ac79af1b6f32,38.69982796,-9.220989439,Portugal,Lisbon,MCF,MUR,LWAL,LWAL,CDL,CDL,2,2,RES,RES,BP2,BPD,RSH3,RSH3,RMT1,RMT1,MCF/LWAL/CDL/H:2/BP2/RSH3+RMT1/RES,"https://www.google.com/maps/@?api=1&map_action=pano&viewpoint=38.69982796,-9.22098944&heading=32.07265706084087&pitch=5&fov=120"
542,34b085a9-4092-4267-a8a0-b0d748a1ac27,38.69963226,-9.195995457,Portugal,Lisbon,MUR,MUR,LWAL,LWAL,CDN,CDN,2,3,RES,RES,BP1,BP1,RSH2,RSH2,RMT1,RMT1,MUR/LWAL/CDN/H:2/BP1/RSH2+RMT1/RES,"https://www.google.com/maps/@?api=1&map_action=pano&viewpoint=38.69963226,-9.19599546&heading=222.10098592801216&pitch=5&fov=120"
545,806855e2-8976-4368-bb28-1bf7d56ad874,38.69880614,-9.220292803,Portugal,Lisbon,MCF,,LWAL,,CDL,,2,,RES,,BP2,,RSH2,,RMT1,,MCF/LWAL/CDL/H:2/BP2/RSH2+RMT1/RES,"https://www.google.com/maps/@?api=1&map_action=pano&viewpoint=38.69880614,-9.2202928&heading=295.2642615721864&pitch=5&fov=120"
548,dc098a5a-8181-4c79-8f17-65802a1541d9,38.70147035,-9.204002883,Portugal,Lisbon,MUR,MUR,LWAL,LWAL,CDN,CDL,2,2,RES,RES,BP1,BP1,RSH2,RSH2,RMT1,RMT1,MUR/LWAL/CDN/H:2/BP1/RSH2+RMT1/RES,"https://www.google.com/maps/@?api=1&map_action=pano&viewpoint=38.70147035,-9.20400288&heading=336.2380888985829&pitch=5&fov=120"
549,1c8f5143-76c5-4a63-81bf-64f9432f68c7,38.6961924,-9.21243315,Portugal,Lisbon,CR,CR,LFM,LFINF,CDM,CDL,6.0-7.0,8.0-9.0,RES,RES,BP1,BP1,RSH1,RSH1,RMN,RMN,CR/LFM/CDM/H:6-7/BP1/RSH1+RMN/RES,"https://www.google.com/maps/@?api=1&map_action=pano&viewpoint=38.6961924,-9.21243315&heading=20.156376659448938&pitch=5&fov=120"
550,25fe119e-950e-4d27-80d8-7ba0398635e4,38.70458846,-9.202481753,Portugal,Lisbon,MUR,,LWAL,,CDN,,2,,RES,,BP2,,RSH2,,RMT1,,MUR/LWAL/CDN/H:2/BP2/RSH2+RMT1/RES,"https://www.google.com/maps/@?api=1&map_action=pano&viewpoint=38.70458846,-9.20248175&heading=238.88015936982782&pitch=5&fov=120"
551,e09a429a-759b-4aae-a8f8-574ecf15f123,38.70083419,-9.216642185,Portugal,Lisbon,CR,,LFM,,CDM,,2,,RES,,BPD,,RSH2,,RMT1,,CR/LFM/CDM/H:2/BPD/RSH2+RMT1/RES,"https://www.google.com/maps/@?api=1&map_action=pano&viewpoint=38.70083419,-9.21664218&heading=207.9188969520116&pitch=5&fov=120"
552,97c8f12a-6c6d-4987-8f98-6f7c7bb639a1,38.70472681,-9.202776262,Portugal,Lisbon,MCF,MUR,LWAL,LWAL,CDN,CDN,2,2,RES,MIX(RES;COM),BP2,BP1,RSH2,RSH2,RMT1,RMT1,MCF/LWAL/CDN/H:2/BP2/RSH2+RMT1/RES,"https://www.google.com/maps/@?api=1&map_action=pano&viewpoint=38.70472681,-9.20277626&heading=310.6126503960418&pitch=5&fov=120"
553,157496b7-b7fe-4143-94f8-806a04b115fe,38.70345908,-9.203233303,Portugal,Lisbon,CR,MUR,LFINF,LWAL,CDN,CDN,4,3,RES,MIX(RES;COM),BP2,BP3,RSH2,RSH1,RMT1,RMN,CR/LFINF/CDN/H:4/BP2/RSH2+RMT1/RES,"https://www.google.com/maps/@?api=1&map_action=pano&viewpoint=38.70345908,-9.2032333&heading=164.54180503839007&pitch=5&fov=120"
554,861cfe41-b680-4a95-bfcc-43b660059da8,38.69960875,-9.220842938,Portugal,Lisbon,MCF,MCF,LWAL,LWAL,CDN,CDN,2,2,RES,RES,BP2,BPD,RSH2,RSH2,RMT1,RMT1,MCF/LWAL/CDN/H:2/BP2/RSH2+RMT1/RES,"https://www.google.com/maps/@?api=1&map_action=pano&viewpoint=38.69960875,-9.22084294&heading=31.480481941731796&pitch=5&fov=120"
555,e02fe6c9-2c49-41b9-adb4-392ec068e51b,38.69879175,-9.204694105,Portugal,Lisbon,MUR,MUR,LWAL,LWAL,CDL,CDL,2,2,RES,RES,BP1,BPD,RSH2,RSH2,RMT1,RMT1,MUR/LWAL/CDL/H:2/BP1/RSH2+RMT1/RES,"https://www.google.com/maps/@?api=1&map_action=pano&viewpoint=38.69879175,-9.2046941&heading=265.3427649660281&pitch=5&fov=120"
556,3cbee9b3-fd0e-4c1b-ae7b-fce09793abeb,38.69770943,-9.193288651,Portugal,Lisbon,MCF,MUR,LWAL,LWAL,CDL,CDN,3,4,RES,RES,BP2,BP2,RSH2,RSH1,RMT1,RMN,MCF/LWAL/CDL/H:3/BP2/RSH2+RMT1/RES,"https://www.google.com/maps/@?api=1&map_action=pano&viewpoint=38.69770943,-9.19328865&heading=316.5581379909038&pitch=5&fov=120"
557,5067f433-7f52-41d5-8eee-e83e899ead4f,38.69816623,-9.195496483,Portugal,Lisbon,CR,MUR,LFINF,LWAL,CDL,CDN,4,3,RES,RES,BP2,BP2,RSH3,RSH1,RMT1,RMN,CR/LFINF/CDL/H:4/BP2/RSH3+RMT1/RES,"https://www.google.com/maps/@?api=1&map_action=pano&viewpoint=38.69816623,-9.19549648&heading=217.7438925475953&pitch=5&fov=120"
560,5b0446e0-6b3d-4c30-aabb-690411d268d5,38.69764169,-9.195557819,Portugal,Lisbon,CR,MR,LFM,LWAL,CDL,CDN,4,3,MIX(RES;COM),RES,BP2,BP2,RSH2,RSH1,RMT1,RMN,CR/LFM/CDL/H:4/BP2/RSH2+RMT1/MIX(RES;COM),"https://www.google.com/maps/@?api=1&map_action=pano&viewpoint=38.69764169,-9.19555782&heading=325.7655769436801&pitch=5&fov=120"
562,94dc46e0-f30d-4dc3-acc5-daa8e5febd06,38.69683651,-9.223974205,Portugal,Lisbon,CR,,LFM,,CDM,,2,,RES,,BPD,,RSH3,,RMT1,,CR/LFM/CDM/H:2/BPD/RSH3+RMT1/RES,"https://www.google.com/maps/@?api=1&map_action=pano&viewpoint=38.69683651,-9.22397421&heading=182.08311208758442&pitch=5&fov=120"
563,968d8dc4-ea2b-4817-9a2f-b323b7e56b8e,38.70046919,-9.219717917,Portugal,Lisbon,MCF,,LWAL,,CDM,,2,,RES,,BP2,,RSH2,,RMT1,,MCF/LWAL/CDM/H:2/BP2/RSH2+RMT1/RES,"https://www.google.com/maps/@?api=1&map_action=pano&viewpoint=38.70046919,-9.21971792&heading=212.0628407698523&pitch=5&fov=120"
565,6386d405-b273-4a85-90c1-ec2af20905d7,38.69672632,-9.21893674,Portugal,Lisbon,MUR,,LWAL,,CDL,,2,,RES,,BP2,,RSH2,,RMT1,,MUR/LWAL/CDL/H:2/BP2/RSH2+RMT1/RES,"https://www.google.com/maps/@?api=1&map_action=pano&viewpoint=38.69672632,-9.21893674&heading=97.69117267430448&pitch=5&fov=120"
566,6319ae3c-9cfa-4696-b445-8ef023171a2a,38.70138969,-9.204443953,Portugal,Lisbon,MCF,MUR,LWAL,LWAL,CDM,CDN,2,2,RES,RES,BP1,BP2,RSH3,RSH3,RMT1,RMT1,MCF/LWAL/CDM/H:2/BP1/RSH3+RMT1/RES,"https://www.google.com/maps/@?api=1&map_action=pano&viewpoint=38.70138969,-9.20444395&heading=355.89706766884495&pitch=5&fov=120"
567,dc4b774c-bddd-441b-9f58-b638a8ef3c3c,38.70360285,-9.203802855,Portugal,Lisbon,CR,S,LFINF,LFM,CDL,CDN,4,2,RES,RES,BP2,BP3,RSH2,RSH1,RMT1,RMN,CR/LFINF/CDL/H:4/BP2/RSH2+RMT1/RES,"https://www.google.com/maps/@?api=1&map_action=pano&viewpoint=38.70360285,-9.20380285&heading=167.62218380950685&pitch=5&fov=120"
569,ad1b92ec-8c9c-4b41-ab32-228442233fc8,38.69788059,-9.21739169,Portugal,Lisbon,MCF,MUR,LWAL,LWAL,CDL,CDN,2,2,RES,RES,BP2,BP1,RSH2,RSH2,RMT1,RMT1,MCF/LWAL/CDL/H:2/BP2/RSH2+RMT1/RES,"https://www.google.com/maps/@?api=1&map_action=pano&viewpoint=38.69788059,-9.21739169&heading=94.42347438921962&pitch=5&fov=120"
570,5618f2c0-3799-4be3-b0fc-72a8704f34a3,38.69506835,-9.216832781,Portugal,Lisbon,CR,CR,LFINF,LFM,CDM,CDM,4,2,MIX(RES;COM),MIX(RES;COM),BP2,BP2,RSH2,RSH2,RMT1,RMT1,CR/LFINF/CDM/H:4/BP2/RSH2+RMT1/MIX(RES;COM),"https://www.google.com/maps/@?api=1&map_action=pano&viewpoint=38.69506835,-9.21683278&heading=81.8597567834912&pitch=5&fov=120"
571,89e8fd56-db1a-43cf-8b64-9c31bb3b500b,38.70112157,-9.204281058,Portugal,Lisbon,CR,CR,LFM,LFINF,CDM,CDM,3,3,RES,RES,BP2,BP1,RSH1,RSH1,RMN,RMN,CR/LFM/CDM/H:3/BP2/RSH1+RMN/RES,"https://www.google.com/maps/@?api=1&map_action=pano&viewpoint=38.70112157,-9.20428106&heading=351.40788205294507&pitch=5&fov=120"
575,1bbbd91d-a838-4d8b-a411-a40c09321b59,38.69718786,-9.222497039,Portugal,Lisbon,CR,CR,LFM,LFINF,CDL,CDN,2,2,RES,COM,BP2,BPD,RSH2,RSH1,RMT1,RMN,CR/LFM/CDL/H:2/BP2/RSH2+RMT1/RES,"https://www.google.com/maps/@?api=1&map_action=pano&viewpoint=38.69718786,-9.22249704&heading=185.54393983891276&pitch=5&fov=120"
576,fbdb814a-95fb-4aa7-9b32-1d871b8b2cf9,38.70107978,-9.203647889,Portugal,Lisbon,MUR,MUR,LWAL,LWAL,CDL,CDL,1,3,RES,RES,BP1,BP2,RSH2,RSH2,RMT1,RMT1,MUR/LWAL/CDL/H:1/BP1/RSH2+RMT1/RES,"https://www.google.com/maps/@?api=1&map_action=pano&viewpoint=38.70107978,-9.20364789&heading=259.0203445335516&pitch=5&fov=120"
577,ee51d705-2b15-47fb-9344-9944c7f82b7a,38.69637275,-9.216120012,Portugal,Lisbon,MCF,,LWAL,,CDN,,2,,RES,,BP2,,RSH2,,RMT1,,MCF/LWAL/CDN/H:2/BP2/RSH2+RMT1/RES,"https://www.google.com/maps/@?api=1&map_action=pano&viewpoint=38.69637275,-9.21612001&heading=80.27301161802052&pitch=5&fov=120"
578,0ae9b3b7-c231-4b1c-95e2-8387c9618b8b,38.69768107,-9.195443731,Portugal,Lisbon,CR,MUR,LFINF,LWAL,CDL,CDN,3,3,RES,RES,BP2,BP2,RSH2,RSH2,RMT1,RMT1,CR/LFINF/CDL/H:3/BP2/RSH2+RMT1/RES,"https://www.google.com/maps/@?api=1&map_action=pano&viewpoint=38.69768107,-9.19544373&heading=325.7656482735158&pitch=5&fov=120"
579,479fda3b-1b58-4ba6-8472-aed0d7ed6072,38.70032269,-9.201519692,Portugal,Lisbon,MUR,MUR,LWAL,LWAL,CDL,CDL,2,1,COM,RES,BPD,BPD,RSH2,RSH2,RMT1,RMT1,MUR/LWAL/CDL/H:2/BPD/RSH2+RMT1/COM,"https://www.google.com/maps/@?api=1&map_action=pano&viewpoint=38.70032269,-9.20151969&heading=150&pitch=5&fov=120"
580,78bca8f3-c139-4992-b50b-79e307a7b890,38.70214055,-9.20316975,Portugal,Lisbon,CR,CR,LFM,LFINF,CDL,CDN,4,5,RES,MIX(RES;COM),BP2,BP1,RSH2,RSH1,RMT1,RMN,CR/LFM/CDL/H:4/BP2/RSH2+RMT1/RES,"https://www.google.com/maps/@?api=1&map_action=pano&viewpoint=38.70214055,-9.20316975&heading=179.3328212590489&pitch=5&fov=120"
581,25d35671-f253-44ba-b632-e5f2d0a4a689,38.6981705,-9.219521073,Portugal,Lisbon,MCF,,LWAL,,CDL,,2,,RES,,BP2,,RSH2,,RMT1,,MCF/LWAL/CDL/H:2/BP2/RSH2+RMT1/RES,"https://www.google.com/maps/@?api=1&map_action=pano&viewpoint=38.6981705,-9.21952107&heading=287.57226852912953&pitch=5&fov=120"
582,90085391-34e4-458e-8cba-593bc8c63a5e,38.70000953,-9.222364481,Portugal,Lisbon,CR,,LFINF,,CDM,,2,,RES,,BP2,,RSH3,,RMT1,,CR/LFINF/CDM/H:2/BP2/RSH3+RMT1/RES,"https://www.google.com/maps/@?api=1&map_action=pano&viewpoint=38.70000953,-9.22236448&heading=302.1670016289928&pitch=5&fov=120"
583,90957a29-7353-4f03-a0ff-b627b11c2af8,38.7005583,-9.217298633,Portugal,Lisbon,MCF,MUR,LWAL,LWAL,CDL,CDN,2,2,RES,RES,BPD,BPD,RSH3,RSH2,RMT1,RMT1,MCF/LWAL/CDL/H:2/BPD/RSH3+RMT1/RES,"https://www.google.com/maps/@?api=1&map_action=pano&viewpoint=38.7005583,-9.21729863&heading=296.3584756976596&pitch=5&fov=120"
586,f73e6ae9-d29f-4c94-b59d-22cd78a40582,38.69516974,-9.21567624,Portugal,Lisbon,CR,CR,LFINF,LFM,CDL,CDH,4,5,RES,RES,BP2,BP1,RSH2,RSH1,RMT1,RMN,CR/LFINF/CDL/H:4/BP2/RSH2+RMT1/RES,"https://www.google.com/maps/@?api=1&map_action=pano&viewpoint=38.69516974,-9.21567624&heading=333.01320962696684&pitch=5&fov=120"
587,e2a5ae6b-bd14-4e97-8aea-8616f7b8e0ed,38.70034174,-9.193694854,Portugal,Lisbon,MCF,,LWAL,,CDM,,1,,EDU,,BPD,,RSH6,,RMT1,,MCF/LWAL/CDM/H:1/BPD/RSH6+RMT1/EDU,"https://www.google.com/maps/@?api=1&map_action=pano&viewpoint=38.70034174,-9.19369485&heading=203.9065904460282&pitch=5&fov=120"
588,e220d427-3ee4-44b5-b3e9-71ceaab43d94,38.69924788,-9.216992606,Portugal,Lisbon,CR,,LFM,,CDM,,4,,RES,,BPD,,RSH3,,RMT1,,CR/LFM/CDM/H:4/BPD/RSH3+RMT1/RES,"https://www.google.com/maps/@?api=1&map_action=pano&viewpoint=38.69924788,-9.21699261&heading=11.067547600544913&pitch=5&fov=120"
590,4d8076a1-192b-430a-90eb-ec2a3064819d,38.70406963,-9.203248647,Portugal,Lisbon,MCF,MUR,LWAL,LWAL,CDL,CDL,3,3,RES,RES,BP2,BP2,RSH3,RSH1,RMT1,RMN,MCF/LWAL/CDL/H:3/BP2/RSH3+RMT1/RES,"https://www.google.com/maps/@?api=1&map_action=pano&viewpoint=38.70406963,-9.20324865&heading=247.74418621295604&pitch=5&fov=120"
591,ce1e081b-a5e1-442b-bdcd-7e4124b26cef,38.70210005,-9.20588425,Portugal,Lisbon,MUR,MUR,LWAL,LWAL,CDL,CDL,1,1,RES,RES,BP2,BP2,RSH2,RSH2,RMT1,RMT1,MUR/LWAL/CDL/H:1/BP2/RSH2+RMT1/RES,"https://www.google.com/maps/@?api=1&map_action=pano&viewpoint=38.70210005,-9.20588425&heading=334.1236665573267&pitch=5&fov=120"
592,bcee9f1c-c648-4cd1-8688-135b242ac6f6,38.69485213,-9.220348802,Portugal,Lisbon,MUR,MUR,LWAL,LWAL,CDN,CDN,1,1,RES,RES,BP2,BP2,RSH2,RSH2,RMT1,RMT1,MUR/LWAL/CDN/H:1/BP2/RSH2+RMT1/RES,"https://www.google.com/maps/@?api=1&map_action=pano&viewpoint=38.69485213,-9.2203488&heading=179.60279633904065&pitch=5&fov=120"
593,764fc78b-f96d-4a6a-b7a5-4ace12ccf834,38.69743643,-9.201893728,Portugal,Lisbon,MCF,,LWAL,,CDL,,2,,RES,,BP1,,RSH2,,RMT1,,MCF/LWAL/CDL/H:2/BP1/RSH2+RMT1/RES,"https://www.google.com/maps/@?api=1&map_action=pano&viewpoint=38.69743643,-9.20189373&heading=222.1074500648005&pitch=5&fov=120"
594,5e9166c1-dffe-46a1-967e-136874284ddd,38.69662201,-9.218560957,Portugal,Lisbon,MCF,,LWAL,,CDL,,2,,RES,,BP2,,RSH2,,RMT1,,MCF/LWAL/CDL/H:2/BP2/RSH2+RMT1/RES,"https://www.google.com/maps/@?api=1&map_action=pano&viewpoint=38.69662201,-9.21856096&heading=96.80603809266393&pitch=5&fov=120"
597,fa0a10a3-f33d-4dd3-ad23-48da4f526977,38.70394926,-9.203041631,Portugal,Lisbon,CR,CR,LFINF,LFINF,CDN,CDN,3,4,RES,RES,BP1,BP2,RSH1,RSH1,RMN,RMN,CR/LFINF/CDN/H:3/BP1/RSH1+RMN/RES,"https://www.google.com/maps/@?api=1&map_action=pano&viewpoint=38.70394926,-9.20304163&heading=67.74431565474436&pitch=5&fov=120"
598,6c2fef0c-8ef1-4d6a-bd54-c6af2f0dcb58,38.69585973,-9.210221242,Portugal,Lisbon,MUR,,LWAL,,CDN,,2,,COM,,BP1,,RSH2,,RMT1,,MUR/LWAL/CDN/H:2/BP1/RSH2+RMT1/RES,"https://www.google.com/maps/@?api=1&map_action=pano&viewpoint=38.69585973,-9.21022124&heading=128.25053189957828&pitch=5&fov=120"
601,6411701a-c2d2-400d-9a3b-1469d7ea3eb8,38.6994104,-9.219750902,Portugal,Lisbon,MUR,MUR,LWAL,LWAL,CDN,CDL,2,2,RES,RES,BP1,BPD,RSH2,RSH2,RMT1,RMT1,MUR/LWAL/CDN/H:2/BP1/RSH2+RMT1/RES,"https://www.google.com/maps/@?api=1&map_action=pano&viewpoint=38.6994104,-9.2197509&heading=297.847422871576&pitch=5&fov=120"
602,680c91cc-aeea-4377-9940-4741d70d32a8,38.6965749,-9.21117035,Portugal,Lisbon,CR,CR,LFM,LFINF,CDH,CDH,6.0-7.0,5,RES,RES,BPD,BP1,RSH1,RSH1,RMN,RMN,CR/LFM/CDH/H:6-7/BPD/RSH1+RMN/RES,"https://www.google.com/maps/@?api=1&map_action=pano&viewpoint=38.6965749,-9.21117035&heading=308.68290772577063&pitch=5&fov=120"
603,551c13c9-18ec-455a-b11a-e213fc4ff72c,38.695466,-9.21841585,Portugal,Lisbon,CR,CR,LFM,LFINF,CDM,CDL,4,4,MIX(RES;COM),COM,BP2,BP1,RSH2,RSH1,RMT1,RMN,CR/LFM/CDM/H:4/BP2/RSH2+RMT1/MIX(RES;COM),"https://www.google.com/maps/@?api=1&map_action=pano&viewpoint=38.695466,-9.21841585&heading=172.18555035826068&pitch=5&fov=120"
604,ae0da51b-37b7-47b9-9cd2-f58ba56e17c1,38.69751715,-9.217347082,Portugal,Lisbon,MCF,MUR,LWAL,LWAL,CDL,CDN,2,2,RES,RES,BP2,BPD,RSH2,RSH2,RMT1,RMT1,MCF/LWAL/CDL/H:2/BP2/RSH2+RMT1/RES,"https://www.google.com/maps/@?api=1&map_action=pano&viewpoint=38.69751715,-9.21734708&heading=92.99747572703598&pitch=5&fov=120"
605,da3cca82-1047-4b38-99d6-382bfcc2646d,38.69597858,-9.215890862,Portugal,Lisbon,MCF,MUR,LWAL,LWAL,CDL,CDL,2,2,RES,RES,BP1,BP1,RSH2,RSH2,RMT1,RMT1,MCF/LWAL/CDL/H:2/BP1/RSH2+RMT1/RES,"https://www.google.com/maps/@?api=1&map_action=pano&viewpoint=38.69597858,-9.21589086&heading=78.08481164788168&pitch=5&fov=120"
606,dcfbb933-16b4-451d-9079-1d1e0c4ece96,38.69619395,-9.218467919,Portugal,Lisbon,CR,CR,LFM,LFINF,CDL,CDL,5,4,MIX(RES;COM),MIX(RES;COM),BP2,BP2,RSH1,RSH1,RMN,RMN,CR/LFM/CDL/H:5/BP2/RSH1+RMN/MIX(RES;COM),"https://www.google.com/maps/@?api=1&map_action=pano&viewpoint=38.69619395,-9.21846792&heading=302.8733058373633&pitch=5&fov=120"
607,9f66237a-ace2-4ec5-80e9-3ee9d89f4d7f,38.70025097,-9.221327838,Portugal,Lisbon,MCF,,LWAL,,CDM,,2,,RES,,BP2,,RSH3,,RMT1,,MCF/LWAL/CDM/H:2/BP2/RSH3+RMT1/RES,"https://www.google.com/maps/@?api=1&map_action=pano&viewpoint=38.70025097,-9.22132784&heading=301.9140260225411&pitch=5&fov=120"
608,1a473ea7-4d91-495b-baf8-fe1975e69da3,38.69723792,-9.195467973,Portugal,Lisbon,MUR,MUR,LWAL,LWAL,CDN,CDN,1,1,COM,COM,BPD,BPD,RSH3,RSH2,RMT1,RMT1,MUR/LWAL/CDN/H:1/BPD/RSH3+RMT1/COM,"https://www.google.com/maps/@?api=1&map_action=pano&viewpoint=38.69723792,-9.19546797&heading=145.7656331180292&pitch=5&fov=120"
609,ee0d1b46-6dc0-40a3-a215-edfebdb957a9,38.6992609,-9.218909702,Portugal,Lisbon,MCF,MCF,LWAL,LWAL,CDL,CDL,2,2,RES,RES,BP1,BPD,RSH3,RSH3,RMT1,RMT1,MCF/LWAL/CDL/H:2/BP1/RSH3+RMT1/RES,"https://www.google.com/maps/@?api=1&map_action=pano&viewpoint=38.6992609,-9.2189097&heading=292.85676262283647&pitch=5&fov=120"
610,9536b471-357c-4586-8355-f217588e788d,38.70497281,-9.202697367,Portugal,Lisbon,MUR,CR,LWAL,LFINF,CDN,CDN,2,3,RES,RES,BP1,BP2,RSH2,RSH1,RMT1,RMN,MUR/LWAL/CDN/H:2/BP1/RSH2+RMT1/RES,"https://www.google.com/maps/@?api=1&map_action=pano&viewpoint=38.70497281,-9.20269737&heading=240.75055174820614&pitch=5&fov=120"
611,074a80ff-9a6c-4dc9-8c9f-cbb6e58b7795,38.69951748,-9.217810319,Portugal,Lisbon,CR,MUR,LFM,LWAL,CDM,CDN,2,2,RES,RES,BPD,BPD,RSH3,RSH2,RMT1,RMT1,CR/LFM/CDM/H:2/BPD/RSH3+RMT1/RES,"https://www.google.com/maps/@?api=1&map_action=pano&viewpoint=38.69951748,-9.21781032&heading=199.26344486738856&pitch=5&fov=120"
612,526f97aa-9cca-4d97-ace4-942b4fa5d364,38.69667985,-9.218451817,Portugal,Lisbon,MCF,MUR,LWAL,LWAL,CDL,CDL,2,2,RES,RES,BPD,BP1,RSH2,RSH2,RMT1,RMT1,MCF/LWAL/CDL/H:2/BPD/RSH2+RMT1/RES,"https://www.google.com/maps/@?api=1&map_action=pano&viewpoint=38.69667985,-9.21845182&heading=183.06902976325193&pitch=5&fov=120"
613,6085fcb4-4bc8-486a-9e01-13f12e4df594,38.7008916,-9.218899323,Portugal,Lisbon,CR,MR,LFM,LWAL,CDM,CDN,3,2,RES,RES,BPD,BPD,RSH3,RSH2,RMT1,RMT1,CR/LFM/CDM/H:3/BPD/RSH3+RMT1/RES,"https://www.google.com/maps/@?api=1&map_action=pano&viewpoint=38.7008916,-9.21889932&heading=211.8331779527245&pitch=5&fov=120"
614,0b6a22a3-9174-4c8f-a55b-f50aebc102db,38.6959887,-9.217776186,Portugal,Lisbon,MUR,,LWAL,,CDL,,2,,RES,,BP1,,RSH3,,RMT1,,MUR/LWAL/CDL/H:2/BP1/RSH3+RMT1/RES,"https://www.google.com/maps/@?api=1&map_action=pano&viewpoint=38.6959887,-9.21777619&heading=173.36737853612976&pitch=5&fov=120"
615,1802cd66-0611-456d-8569-319c3360addc,38.70088327,-9.200448656,Portugal,Lisbon,CR,CR,LFM,LFINF,CDM,CDN,3,2,COM,COM,BP1,BP2,RSH1,RSH1,RMN,RMN,CR/LFM/CDM/H:3/BP1/RSH1+RMN/COM,"https://www.google.com/maps/@?api=1&map_action=pano&viewpoint=38.70088327,-9.20044866&heading=166.66110566569427&pitch=5&fov=120"
616,3389338d-f3cf-40e1-a5f0-ce41709072d6,38.69810548,-9.215479209,Portugal,Lisbon,MCF,,LWAL,,CDL,,2,,RES,,BP1,,RSH2,,RMT1,,MCF/LWAL/CDL/H:2/BP1/RSH2+RMT1/RES,"https://www.google.com/maps/@?api=1&map_action=pano&viewpoint=38.69810548,-9.21547921&heading=171.7766569793368&pitch=5&fov=120"
618,220d76d3-4fab-4ddc-94aa-59a30adff904,38.69642898,-9.217995457,Portugal,Lisbon,MCF,MUR,LWAL,LWAL,CDL,CDL,2,3,RES,RES,BP1,BP1,RSH2,RSH2,RMT1,RMT1,MCF/LWAL/CDL/H:2/BP1/RSH2+RMT1/RES,"https://www.google.com/maps/@?api=1&map_action=pano&viewpoint=38.69642898,-9.21799546&heading=181.58270717882272&pitch=5&fov=120"
619,2fa82e72-e0fa-4c77-9499-8c9b8feea658,38.69744605,-9.2174171,Portugal,Lisbon,MUR,MUR,LWAL,LWAL,CDL,CDL,2,2,RES,RES,BP2,BPD,RSH2,RSH2,RMT1,RMT1,MUR/LWAL/CDL/H:2/BP2/RSH2+RMT1/RES,"https://www.google.com/maps/@?api=1&map_action=pano&viewpoint=38.69744605,-9.2174171&heading=92.99743194575473&pitch=5&fov=120"
621,08fb8f95-4e7d-409f-ae8a-8f58b07448fb,38.69873179,-9.211951547,Portugal,Lisbon,CR,MUR,LFM,LWAL,CDM,CDN,2,3,RES,RES,BPD,BP1,RSH3,RSH1,RMT1,RMN,CR/LFM/CDM/H:2/BPD/RSH3+RMT1/RES,"https://www.google.com/maps/@?api=1&map_action=pano&viewpoint=38.69873179,-9.21195155&heading=216.37000866360063&pitch=5&fov=120"
622,e2cd7676-a2be-42ae-9978-062783b6a09c,38.69934104,-9.226356823,Portugal,Lisbon,CR,,LFM,,CDH,,4,,MIX(RES;COM),,BP1,,RSH1,,RMN,,CR/LFM/CDH/H:4/BP1/RSH1+RMN/MIX(RES;COM),"https://www.google.com/maps/@?api=1&map_action=pano&viewpoint=38.69934104,-9.22635682&heading=21.416312060911878&pitch=5&fov=120"
625,34308959-7f12-4c47-af41-8aabecd920db,38.70271129,-9.21673191,Portugal,Lisbon,CR,,LFM,,CDH,,4,,RES,,BPD,,RSH1,,RMN,,CR/LFM/CDH/H:4/BPD/RSH1+RMN/RES,"https://www.google.com/maps/@?api=1&map_action=pano&viewpoint=38.70271129,-9.21673191&heading=61.45039175789435&pitch=5&fov=120"
627,b5ba88a3-0bb4-4f22-aedc-1532ba3f55b1,38.69965087,-9.204919141,Portugal,Lisbon,MUR,MUR,LWAL,LWAL,CDL,CDL,2,2,RES,RES,BP2,BP1,RSH2,RSH2,RMT1,RMT1,MUR/LWAL/CDL/H:2/BP2/RSH2+RMT1/RES,"https://www.google.com/maps/@?api=1&map_action=pano&viewpoint=38.69965087,-9.20491914&heading=122.08438660973638&pitch=5&fov=120"
628,12cd2c2a-9303-476d-aa9a-d5f10d86304c,38.69731338,-9.193092179,Portugal,Lisbon,MCF,HYB(MCF;MUR),LWAL,LWAL,CDN,CDN,3,2,RES,RES,BP2,BP2,RSH2,RSH2,RMT1,RMT1,MCF/LWAL/CDN/H:3/BP2/RSH2+RMT1/RES,"https://www.google.com/maps/@?api=1&map_action=pano&viewpoint=38.69731338,-9.19309218&heading=239.63543251600083&pitch=5&fov=120"
629,9f23d153-1043-421c-88d3-3697104612f2,38.69558965,-9.221470162,Portugal,Lisbon,MCF,MCF,LWAL,LWAL,CDL,CDL,2,2,MIX(RES;COM),MIX(RES;COM),BP1,BPD,RSH2,RSH1,RMT1,RMN,MCF/LWAL/CDL/H:2/BP1/RSH2+RMT1/MIX(RES;COM),"https://www.google.com/maps/@?api=1&map_action=pano&viewpoint=38.69558965,-9.22147016&heading=359.6101561686737&pitch=5&fov=120"
632,7e26d126-06d6-46c4-8ee1-4701f4afb35c,38.69705503,-9.217292192,Portugal,Lisbon,MCF,MUR,LWAL,LWAL,CDL,CDL,2,2,RES,RES,BPD,BPD,RSH2,RSH2,RMT1,RMT1,MCF/LWAL/CDL/H:2/BPD/RSH2+RMT1/RES,"https://www.google.com/maps/@?api=1&map_action=pano&viewpoint=38.69705503,-9.21729219&heading=88.84413000327925&pitch=5&fov=120"
633,bb4602f7-135a-4c5e-a068-5268dcee3c74,38.69639793,-9.220908168,Portugal,Lisbon,CR,MR,LFINF,LWAL,CDN,CDN,3,3,MIX(RES;COM),COM,BP2,BP1,RSH3,RSH1,RMT1,RMN,CR/LFINF/CDN/H:3/BP2/RSH3+RMT1/MIX(RES;COM),"https://www.google.com/maps/@?api=1&map_action=pano&viewpoint=38.69639793,-9.22090817&heading=175.3885103155049&pitch=5&fov=120"
635,ad6d47c2-35ff-4960-8bcc-5a0e282e6bae,38.699272,-9.195483815,Portugal,Lisbon,MCF,MUR,LWAL,LWAL,CDN,CDN,3,3,RES,MIX(RES;COM),BP2,BP2,RSH2,RSH1,RMT1,RMN,MCF/LWAL/CDN/H:3/BP2/RSH2+RMT1/RES,"https://www.google.com/maps/@?api=1&map_action=pano&viewpoint=38.699272,-9.19548381&heading=220.1531965039108&pitch=5&fov=120"
638,1f05cea2-5a90-4e72-9d34-908e70eb04a4,38.69741965,-9.201659136,Portugal,Lisbon,CR,CR,LFM,LFINF,CDM,CDM,2,2,COM,COM,BP1,BPD,RSH3,RSH1,RMT1,RMN,CR/LFM/CDM/H:2/BP1/RSH3+RMT1/COM,"https://www.google.com/maps/@?api=1&map_action=pano&viewpoint=38.69741965,-9.20165914&heading=44.84380259575778&pitch=5&fov=120"
639,55dbcbc9-4cea-4913-a6bd-8ffc86e0d876,38.69907236,-9.217829655,Portugal,Lisbon,MCF,,LWAL,,CDM,,2,,RES,,BP1,,RSH2,,RMT1,,MCF/LWAL/CDM/H:2/BP1/RSH2+RMT1/RES,"https://www.google.com/maps/@?api=1&map_action=pano&viewpoint=38.69907236,-9.21782966&heading=283.8418485730832&pitch=5&fov=120"
640,159dfd7c-f4e4-49da-b114-bde8afd2a796,38.69745716,-9.202748522,Portugal,Lisbon,CR,MUR,LFINF,LWAL,CDL,CDN,3,4,MIX(RES;COM),MIX(RES;COM),BP2,BP1,RSH2,RSH1,RMT1,RMN,CR/LFINF/CDL/H:3/BP2/RSH2+RMT1/MIX(RES;COM),"https://www.google.com/maps/@?api=1&map_action=pano&viewpoint=38.69745716,-9.20274852&heading=333.19334507644896&pitch=5&fov=120"
641,42a6d552-ab47-482c-b822-87e7ac50d3f3,38.69640035,-9.2215007,Portugal,Lisbon,MCF,MUR,LWAL,LWAL,CDL,CDN,2,2,RES,RES,BP1,BP2,RSH3,RSH1,RMT1,RMN,MCF/LWAL/CDL/H:2/BP1/RSH3+RMT1/RES,"https://www.google.com/maps/@?api=1&map_action=pano&viewpoint=38.69640035,-9.2215007&heading=81.77304861411392&pitch=5&fov=120"
642,46e70a83-b876-45a8-b7ac-236a3ef0b8fb,38.70230789,-9.21987486,Portugal,Lisbon,CR,,LFINF,,CDM,,2,,RES,,BPD,,RSH3,,RMT1,,CR/LFINF/CDM/H:2/BPD/RSH3+RMT1/RES,"https://www.google.com/maps/@?api=1&map_action=pano&viewpoint=38.70230789,-9.21987486&heading=212.0793585464163&pitch=5&fov=120"
644,53e063c2-1cd0-44ab-a1ce-5da89e6060ca,38.7000806,-9.203513503,Portugal,Lisbon,CR,MCF,LFINF,LWAL,CDL,CDN,3,2,RES,RES,BP2,BP1,RSH3,RSH3,RMT1,RMT1,CR/LFINF/CDL/H:3/BP2/RSH3+RMT1/RES,"https://www.google.com/maps/@?api=1&map_action=pano&viewpoint=38.7000806,-9.2035135&heading=259.28896666469666&pitch=5&fov=120"
645,30f42875-c80c-4e4d-8abf-9c1a49c7f1ba,38.69999463,-9.221891274,Portugal,Lisbon,MUR,MUR,LWAL,LWAL,CDN,CDN,1,1,RES,RES,BPD,BPD,RSH3,RSH2,RMT1,RMT1,MUR/LWAL/CDN/H:1/BPD/RSH3+RMT1/RES,"https://www.google.com/maps/@?api=1&map_action=pano&viewpoint=38.69999463,-9.22189127&heading=212.05462878654816&pitch=5&fov=120"
648,20b6e163-0fdd-4b8a-997b-f606440453b9,38.70240235,-9.2038422,Portugal,Lisbon,MCF,MUR,LWAL,LWAL,CDM,CDL,3,3,RES,RES,BP2,BP1,RSH2,RSH2,RMT1,RMT1,MCF/LWAL/CDM/H:3/BP2/RSH2+RMT1/RES,"https://www.google.com/maps/@?api=1&map_action=pano&viewpoint=38.70240235,-9.2038422&heading=171.28712277696474&pitch=5&fov=120"
649,1f584130-fe7c-46d2-aa85-99fae68868e9,38.69475682,-9.214609984,Portugal,Lisbon,CR,,LFM,,CDM,,4,,MIX(RES;COM),,BP2,,RSH6,,RMT1,,CR/LFM/CDM/H:4/BP2/RSH6+RMT1/MIX(RES;COM),"https://www.google.com/maps/@?api=1&map_action=pano&viewpoint=38.69475682,-9.21460998&heading=328.3146772589199&pitch=5&fov=120"
650,8787833c-e5df-4672-a895-b607152841c5,38.70186952,-9.220952601,Portugal,Lisbon,CR,,LFINF,,CDM,,2,,RES,,BPD,,RSH3,,RMT1,,CR/LFINF/CDM/H:2/BPD/RSH3+RMT1/RES,"https://www.google.com/maps/@?api=1&map_action=pano&viewpoint=38.70186952,-9.2209526&heading=121.99003919400207&pitch=5&fov=120"
653,8d8dea71-139e-4565-beed-8ba3da208380,38.69758709,-9.196244504,Portugal,Lisbon,CR,MUR,LFINF,LWAL,CDN,CDN,4,3,RES,RES,BP2,BP2,RSH2,RSH2,RMT1,RMT1,CR/LFINF/CDN/H:4/BP2/RSH2+RMT1/RES,"https://www.google.com/maps/@?api=1&map_action=pano&viewpoint=38.69758709,-9.1962445&heading=325.25313079283296&pitch=5&fov=120"
654,a0578834-9118-4603-88ae-1a26df55c4cd,38.69687729,-9.19687749,Portugal,Lisbon,MCF,,LWAL,,CDN,,3,,RES,,BP1,,RSH2,,RMT1,,MCF/LWAL/CDN/H:3/BP1/RSH2+RMT1/RES,"https://www.google.com/maps/@?api=1&map_action=pano&viewpoint=38.69687729,-9.19687749&heading=62.02969364102057&pitch=5&fov=120"
656,56b2cafc-c07a-497a-bbdb-7093a29a9a53,38.70348251,-9.205301527,Portugal,Lisbon,MUR,MUR,LWAL,LWAL,CDN,CDN,1,1,RES,RES,BP1,BP2,RSH1,RSH1,RMN,RMN,MUR/LWAL/CDN/H:1/BP1/RSH1+RMN/RES,"https://www.google.com/maps/@?api=1&map_action=pano&viewpoint=38.70348251,-9.20530153&heading=324.9444508268821&pitch=5&fov=120"
657,92c915df-6dd4-43fa-aee4-28e7bf8812e7,38.70037448,-9.217675165,Portugal,Lisbon,MCF,MUR,LWAL,LWAL,CDL,CDL,2,2,RES,RES,BPD,BP2,RSH3,RSH1,RMT1,RMN,MCF/LWAL/CDL/H:2/BPD/RSH3+RMT1/RES,"https://www.google.com/maps/@?api=1&map_action=pano&viewpoint=38.70037448,-9.21767516&heading=295.24637691321266&pitch=5&fov=120"
659,fac1bfb2-30bf-48f0-ab9c-03ff665394cb,38.70262404,-9.204631691,Portugal,Lisbon,MCF,MUR,LWAL,LWAL,CDL,CDL,3,2,RES,RES,BP1,BP2,RSH2,RSH2,RMT1,RMT1,MCF/LWAL/CDL/H:3/BP1/RSH2+RMT1/RES,"https://www.google.com/maps/@?api=1&map_action=pano&viewpoint=38.70262404,-9.20463169&heading=160.87757916648872&pitch=5&fov=120"
660,e130f638-a987-4f13-8854-2d0145c0d5c0,38.69688904,-9.218293425,Portugal,Lisbon,MUR,MUR,LWAL,LWAL,CDL,CDL,2,2,RES,RES,BP1,BPD,RSH2,RSH2,RMT1,RMT1,MUR/LWAL/CDL/H:2/BP1/RSH2+RMT1/RES,"https://www.google.com/maps/@?api=1&map_action=pano&viewpoint=38.69688904,-9.21829343&heading=96.18691284976558&pitch=5&fov=120"
661,f9ca09e2-c7ba-461d-8bb4-834582f95da8,38.69761024,-9.196009827,Portugal,Lisbon,MCF,MUR,LWAL,LWAL,CDN,CDN,2,2,RES,MIX(RES;COM),BP2,BP2,RSH2,RSH1,RMT6,RMN,MCF/LWAL/CDN/H:2/BP2/RSH2+RMT6/RES,"https://www.google.com/maps/@?api=1&map_action=pano&viewpoint=38.69761024,-9.19600983&heading=326.89793889556745&pitch=5&fov=120"
662,32a25dd3-355f-4c96-b53a-79edab6bc6e3,38.69651698,-9.216844329,Portugal,Lisbon,MCF,MUR,LWAL,LWAL,CDN,CDN,2,2,RES,RES,BP2,BP2,RSH2,RSH1,RMT1,RMN,MCF/LWAL/CDN/H:2/BP2/RSH2+RMT1/RES,"https://www.google.com/maps/@?api=1&map_action=pano&viewpoint=38.69651698,-9.21684433&heading=85.30221296223863&pitch=5&fov=120"
663,7a8af931-8ad6-4b61-a7b8-b6ced193683f,38.70244872,-9.204585293,Portugal,Lisbon,CR,CR,LFM,LFINF,CDL,CDN,4,4,RES,RES,BP2,BP2,RSH3,RSH1,RMT1,RMN,CR/LFM/CDL/H:4/BP2/RSH3+RMT1/RES,"https://www.google.com/maps/@?api=1&map_action=pano&viewpoint=38.70244872,-9.20458529&heading=337.6894379224282&pitch=5&fov=120"
664,292a5403-9736-4e59-addd-a5cb0fbbf476,38.69725051,-9.216772197,Portugal,Lisbon,MUR,MUR,LWAL,LWAL,CDL,CDL,2,2,RES,RES,BPD,BPD,RSH2,RSH2,RMT6,RMT1,MUR/LWAL/CDL/H:2/BPD/RSH2+RMT6/RES,"https://www.google.com/maps/@?api=1&map_action=pano&viewpoint=38.69725051,-9.2167722&heading=88.04285918641477&pitch=5&fov=120"
665,e012839c-63bb-4aa9-a8d5-4733191c0e73,38.69748287,-9.19291605,Portugal,Lisbon,MCF,MUR,LWAL,LWAL,CDL,CDL,3,2,MIX(RES;COM),RES,BP2,BP2,RSH2,RSH2,RMT1,RMT1,MCF/LWAL/CDL/H:3/BP2/RSH2+RMT1/MIX(RES;COM),"https://www.google.com/maps/@?api=1&map_action=pano&viewpoint=38.69748287,-9.19291605&heading=50.217453362447145&pitch=5&fov=120"
666,cb53435f-aa7c-4c47-8951-21e9f9504d50,38.69770581,-9.21161503,Portugal,Lisbon,MCF,MUR,LWAL,LWAL,CDL,CDL,2,2,RES,RES,BPD,BP2,RSH3,RSH2,RMT1,RMT1,MCF/LWAL/CDL/H:2/BPD/RSH3+RMT1/RES,"https://www.google.com/maps/@?api=1&map_action=pano&viewpoint=38.69770581,-9.21161503&heading=312.4923555950511&pitch=5&fov=120"
667,8972d5c0-1b8f-4916-be40-8df92cb60cc4,38.70208744,-9.217504108,Portugal,Lisbon,CR,,LFM,,CDH,,2,,GOV,,BPD,,RSH3,,RMT1,,CR/LFM/CDH/H:2/BPD/RSH3+RMT1/GOV,"https://www.google.com/maps/@?api=1&map_action=pano&viewpoint=38.70208744,-9.21750411&heading=181.74566159268636&pitch=5&fov=120"
669,4146e0a3-49ff-40d0-9343-5970d54d680e,38.70384125,-9.202888398,Portugal,Lisbon,MCF,MUR,LWAL,LWAL,CDN,CDN,3,3,RES,RES,BP1,BP2,RSH2,RSH1,RMT1,RMN,MCF/LWAL/CDN/H:3/BP1/RSH2+RMT1/RES,"https://www.google.com/maps/@?api=1&map_action=pano&viewpoint=38.70384125,-9.2028884&heading=74.1946497888124&pitch=5&fov=120"
670,2a69a635-e123-4a77-b3be-434600ea4049,38.69497348,-9.218997689,Portugal,Lisbon,MUR,MUR,LWAL,LWAL,CDL,CDL,2,2,RES,RES,BP2,BP2,RSH3,RSH3,RMT1,RMT1,MUR/LWAL/CDL/H:2/BP2/RSH3+RMT1/RES,"https://www.google.com/maps/@?api=1&map_action=pano&viewpoint=38.69497348,-9.21899769&heading=195.62596993593763&pitch=5&fov=120"
672,5ef1ba05-30a6-4d21-ae37-83ae860f2c51,38.7020398,-9.205991773,Portugal,Lisbon,MUR,,LWAL,,CDN,,2,,RES,,BP2,,RSH2,,RMT1,,MUR/LWAL/CDN/H:2/BP2/RSH2+RMT1/RES,"https://www.google.com/maps/@?api=1&map_action=pano&viewpoint=38.7020398,-9.20599177&heading=262.69432340951005&pitch=5&fov=120"
674,0fa9a573-6d77-4e1a-a240-a8aa86078971,38.6976751,-9.21570445,Portugal,Lisbon,MCF,,LWAL,,CDM,,2,,RES,,BP1,,RSH2,,RMT1,,MCF/LWAL/CDM/H:2/BP1/RSH2+RMT1/RES,"https://www.google.com/maps/@?api=1&map_action=pano&viewpoint=38.6976751,-9.21570445&heading=351.59158097855584&pitch=5&fov=120"
676,bbf929d0-73f1-4382-a83c-41f774b73620,38.69464555,-9.213750529,Portugal,Lisbon,MCF,MUR,LWAL,LWAL,CDN,CDL,2,2,RES,RES,BP2,BP1,RSH2,RSH2,RMT1,RMT1,MCF/LWAL/CDN/H:2/BP2/RSH2+RMT1/RES,"https://www.google.com/maps/@?api=1&map_action=pano&viewpoint=38.69464555,-9.21375053&heading=149.09837594057404&pitch=5&fov=120"
677,7aec4241-c8ff-4dda-aae4-276774b379d7,38.69781712,-9.197149064,Portugal,Lisbon,CR,MCF,LFM,LWAL,CDN,CDN,3,2,RES,RES,BP2,BP2,RSH2,RSH2,RMT1,RMT1,CR/LFM/CDN/H:3/BP2/RSH2+RMT1/RES,"https://www.google.com/maps/@?api=1&map_action=pano&viewpoint=38.69781712,-9.19714906&heading=58.482907405938704&pitch=5&fov=120"
678,3a8ba2ce-b5fe-4036-be14-61a5c9d17094,38.69517735,-9.218826573,Portugal,Lisbon,MUR,MUR,LWAL,LWAL,CDL,CDL,2,2,RES,RES,BP2,BP3,RSH2,RSH2,RMT1,RMT1,MUR/LWAL/CDL/H:2/BP2/RSH2+RMT1/RES,"https://www.google.com/maps/@?api=1&map_action=pano&viewpoint=38.69517735,-9.21882657&heading=15.626076914551732&pitch=5&fov=120"
680,85526c3b-a85a-420c-9fc9-6c0b2ca1d27e,38.69975223,-9.220101571,Portugal,Lisbon,CR,MCF,LFINF,LWAL,CDM,CDL,2,1,RES,RES,BP2,BP2,RSH3,RSH1,RMT1,RMN,CR/LFINF/CDM/H:2/BP2/RSH3+RMT1/RES,"https://www.google.com/maps/@?api=1&map_action=pano&viewpoint=38.69975223,-9.22010157&heading=212.01130356956708&pitch=5&fov=120"
681,64f7e3e1-56d6-4059-86d9-80c8e3a92a8a,38.69582683,-9.219189488,Portugal,Lisbon,CR,HYB(MCF;MUR),LFM,LWAL,CDM,CDL,4,5,MIX(RES;COM),MIX(RES;COM),BP2,BP1,RSH2,RSH1,RMT1,RMN,CR/LFM/CDM/H:4/BP2/RSH2+RMT1/MIX(RES;COM),"https://www.google.com/maps/@?api=1&map_action=pano&viewpoint=38.69582683,-9.21918949&heading=171.32754389807474&pitch=5&fov=120"
683,d942a4ab-4c31-4083-aa9d-b827342f4695,38.69801534,-9.219736464,Portugal,Lisbon,MCF,,LWAL,,CDN,,2,,RES,,BP1,,RSH2,,RMT1,,MCF/LWAL/CDN/H:2/BP1/RSH2+RMT1/RES,"https://www.google.com/maps/@?api=1&map_action=pano&viewpoint=38.69801534,-9.21973646&heading=287.5721338619012&pitch=5&fov=120"
684,49345fa7-8af7-4790-912e-8cc528818ac0,38.70146079,-9.217834506,Portugal,Lisbon,CR,CR,LFM,LFINF,CDH,CDL,1,2,EDU,RES,BPD,BP1,RSH1,RSH1,RMN,RMN,CR/LFM/CDH/H:1/BPD/RSH1+RMN/EDU,"https://www.google.com/maps/@?api=1&map_action=pano&viewpoint=38.70146079,-9.21783451&heading=24.87191098429895&pitch=5&fov=120"
685,46d05384-28c4-43c6-8c9c-3674bf790431,38.70255152,-9.203574591,Portugal,Lisbon,MCF,MCF,LWAL,LWAL,CDM,CDM,1,1,RES,RES,BPD,BPD,RSH1,RSH1,RMN,RMN,MCF/LWAL/CDM/H:1/BPD/RSH1+RMN/RES,"https://www.google.com/maps/@?api=1&map_action=pano&viewpoint=38.70255152,-9.20357459&heading=357.33339617160937&pitch=5&fov=120"
686,57aa23cf-9d76-45c2-a185-af54ad3bbe16,38.69804921,-9.224630122,Portugal,Lisbon,CR,CR,LFM,LFINF,CDM,CDN,1,1,COM,COM,BPD,BP2,RSH1,RSH1,RMN,RMN,CR/LFM/CDM/H:1/BPD/RSH1+RMN/COM,"https://www.google.com/maps/@?api=1&map_action=pano&viewpoint=38.69804921,-9.22463012&heading=172.34936442553385&pitch=5&fov=120"
688,54177f5d-aa79-4846-bf18-f9b12cc1a5db,38.70041399,-9.216260085,Portugal,Lisbon,CR,MUR,LFINF,LWAL,CDM,CDL,3,2,RES,RES,BPD,BP3,RSH3,RSH2,RMT1,RMT1,CR/LFINF/CDM/H:3/BPD/RSH3+RMT1/RES,"https://www.google.com/maps/@?api=1&map_action=pano&viewpoint=38.70041399,-9.21626008&heading=198.45191022503332&pitch=5&fov=120"
689,1a1e6b90-89c6-4536-8609-ac55c480bfca,38.70129037,-9.204729549,Portugal,Lisbon,CR,CR,LFM,LFINF,CDH,CDH,2,2,RES,COM,BP1,BP1,RSH1,RSH1,RMN,RMN,CR/LFM/CDH/H:2/BP1/RSH1+RMN/RES,"https://www.google.com/maps/@?api=1&map_action=pano&viewpoint=38.70129037,-9.20472955&heading=179.26002919282269&pitch=5&fov=120"
690,4aa9cbb4-8396-4364-999f-2426827d0f3d,38.70224147,-9.205634388,Portugal,Lisbon,MUR,MCF,LWAL,LWAL,CDN,CDN,1,2,RES,COM,BP2,BP2,RSH3,RSH3,RMT1,RMT1,MUR/LWAL/CDN/H:1/BP2/RSH3+RMT1/RES,"https://www.google.com/maps/@?api=1&map_action=pano&viewpoint=38.70224147,-9.20563439&heading=114.70338333965412&pitch=5&fov=120"
692,d1a97d7e-0fc9-40ec-9b85-4989b196343b,38.7012506,-9.2057877,Portugal,Lisbon,MUR,MUR,LWAL,LWAL,CDN,CDN,1,1,RES,RES,BP1,BP2,RSH2,RSH2,RMT1,RMT1,MUR/LWAL/CDN/H:1/BP1/RSH2+RMT1/RES,"https://www.google.com/maps/@?api=1&map_action=pano&viewpoint=38.7012506,-9.2057877&heading=319.709108785843&pitch=5&fov=120"
693,7d8cd750-b278-4bc6-b0c3-027f7e931c31,38.69606833,-9.210810096,Portugal,Lisbon,CR,CR,LFM,LFINF,CDH,CDN,8.0-9.0,6.0-7.0,MIX(RES;COM),MIX(RES;COM),BPD,BP1,RSH1,RSH1,RMN,RMN,CR/LFM/CDH/H:8-9/BPD/RSH1+RMN/MIX(RES;COM),"https://www.google.com/maps/@?api=1&map_action=pano&viewpoint=38.69606833,-9.2108101&heading=308.25016375198857&pitch=5&fov=120"
696,60b95b2f-c3a0-4061-a312-c0d340984a2a,38.6994145,-9.2209788,Portugal,Lisbon,MCF,,LWAL,,CDN,,2,,RES,,BPD,,RSH2,,RMT1,,MCF/LWAL/CDN/H:2/BPD/RSH2+RMT1/RES,"https://www.google.com/maps/@?api=1&map_action=pano&viewpoint=38.6994145,-9.2209788&heading=211.4803969962971&pitch=5&fov=120"
698,c56b1928-9b7f-41ee-a2cd-612e12a53ee4,38.69658423,-9.217216809,Portugal,Lisbon,MCF,MUR,LWAL,LWAL,CDL,CDN,2,2,RES,RES,BP2,BPD,RSH2,RSH2,RMT1,RMT1,MCF/LWAL/CDL/H:2/BP2/RSH2+RMT1/RES,"https://www.google.com/maps/@?api=1&map_action=pano&viewpoint=38.69658423,-9.21721681&heading=89.37860845460983&pitch=5&fov=120"
699,a4086218-d18e-4ed5-8529-55261132eb91,38.69770275,-9.2157966,Portugal,Lisbon,MCF,MCF,LWAL,LWAL,CDL,CDL,2,2,RES,RES,BP1,BP2,RSH3,RSH3,RMT1,RMT1,MCF/LWAL/CDL/H:2/BP1/RSH3+RMT1/RES,"https://www.google.com/maps/@?api=1&map_action=pano&viewpoint=38.69770275,-9.2157966&heading=351.59152336365366&pitch=5&fov=120"
700,525bc3c1-240e-4639-b2bb-ebcc3ac84397,38.69763267,-9.217235597,Portugal,Lisbon,MCF,MCF,LWAL,LWAL,CDL,CDN,2,2,RES,RES,BP2,BP2,RSH2,RSH2,RMT1,RMT1,MCF/LWAL/CDL/H:2/BP2/RSH2+RMT1/RES,"https://www.google.com/maps/@?api=1&map_action=pano&viewpoint=38.69763267,-9.2172356&heading=92.72234711427063&pitch=5&fov=120"
701,17808509-0a8a-4359-865e-67829de362b7,38.69557322,-9.215887659,Portugal,Lisbon,CR,MUR,LFINF,LWAL,CDM,CDN,3,3,RES,COM,BP1,BP1,RSH1,RSH1,RMN,RMN,CR/LFINF/CDM/H:3/BP1/RSH1+RMN/RES,"https://www.google.com/maps/@?api=1&map_action=pano&viewpoint=38.69557322,-9.21588766&heading=76.9060856733189&pitch=5&fov=120"
702,de3bb4c2-bd62-419b-90e7-3ef5c2ca3796,38.69797857,-9.197810689,Portugal,Lisbon,CR,MUR,LFM,LWAL,CDL,CDN,3,2,MIX(RES;COM),RES,BP2,BP3,RSH1,RSH1,RMN,RMN,CR/LFM/CDL/H:3/BP2/RSH1+RMN/MIX(RES;COM),"https://www.google.com/maps/@?api=1&map_action=pano&viewpoint=38.69797857,-9.19781069&heading=327.54580763873764&pitch=5&fov=120"
703,9b610bdb-302c-48d5-a75c-cdbbcc47036c,38.6994063,-9.20429195,Portugal,Lisbon,MUR,,LWAL,,CDL,,2,,RES,,BP1,,RSH3,,RMT1,,MUR/LWAL/CDL/H:2/BP1/RSH3+RMT1/RES,"https://www.google.com/maps/@?api=1&map_action=pano&viewpoint=38.6994063,-9.20429195&heading=121.76989358810584&pitch=5&fov=120"
705,0b8e5441-bdde-420f-a1ea-7449c643e11a,38.70164712,-9.205081974,Portugal,Lisbon,MCF,MUR,LWAL,LWAL,CDL,CDL,2,2,RES,RES,BP1,BP1,RSH2,RSH1,RMT1,RMN,MCF/LWAL/CDL/H:2/BP1/RSH2+RMT1/RES,"https://www.google.com/maps/@?api=1&map_action=pano&viewpoint=38.70164712,-9.20508197&heading=350.2416022297567&pitch=5&fov=120"
706,2bf734b6-16b9-4d98-840e-66ce5147866e,38.697821,-9.197053651,Portugal,Lisbon,CR,MUR,LFM,LWAL,CDL,CDL,3,3,MIX(RES;COM),MIX(RES;COM),BP2,BP2,RSH2,RSH2,RMT1,RMT1,CR/LFM/CDL/H:3/BP2/RSH2+RMT1/MIX(RES;COM),"https://www.google.com/maps/@?api=1&map_action=pano&viewpoint=38.697821,-9.19705365&heading=147.7095266826255&pitch=5&fov=120"
707,85ca2971-e3ed-4b40-bb47-bdf4c251a4be,38.70200913,-9.205734325,Portugal,Lisbon,MUR,MUR,LWAL,LWAL,CDN,CDL,2,2,RES,RES,BP1,BP1,RSH2,RSH2,RMT1,RMT1,MUR/LWAL/CDN/H:2/BP1/RSH2+RMT1/RES,"https://www.google.com/maps/@?api=1&map_action=pano&viewpoint=38.70200913,-9.20573432&heading=8.6663707809289&pitch=5&fov=120"
709,2cee1119-a126-46ee-8694-f7b7f7460bdb,38.69394045,-9.217989,Portugal,Lisbon,CR,,LFINF,,CDM,,2,,MIX(RES;COM),,BP1,,RSH1,,RMN,,CR/LFINF/CDM/H:2/BP1/RSH1+RMN/MIX(RES;COM),"https://www.google.com/maps/@?api=1&map_action=pano&viewpoint=38.69394045,-9.217989&heading=320.1600487971291&pitch=5&fov=120"
711,4ea916dd-a894-462c-b062-a436f71040f9,38.6977584,-9.2117264,Portugal,Lisbon,MCF,MUR,LWAL,LWAL,CDL,CDL,2,2,RES,RES,BPD,BP2,RSH3,RSH2,RMT1,RMT1,MCF/LWAL/CDL/H:2/BPD/RSH3+RMT1/RES,"https://www.google.com/maps/@?api=1&map_action=pano&viewpoint=38.6977584,-9.2117264&heading=312.49228596592343&pitch=5&fov=120"
712,f4dfccdd-7fe4-4319-9abe-622437d5e68f,38.69980477,-9.218294615,Portugal,Lisbon,MCF,MUR,LWAL,LWAL,CDL,CDN,2,2,RES,IND,BP1,BP1,RSH3,RSH1,RMT1,RMN,MCF/LWAL/CDL/H:2/BP1/RSH3+RMT1/RES,"https://www.google.com/maps/@?api=1&map_action=pano&viewpoint=38.69980477,-9.21829461&heading=203.16743337488845&pitch=5&fov=120"
713,b244bf21-955d-444d-9d3c-89c308455271,38.70026339,-9.217878327,Portugal,Lisbon,CR,,LFINF,,CDL,,2,,RES,,BPD,,RSH3,,RMT1,,CR/LFINF/CDL/H:2/BPD/RSH3+RMT1/RES,"https://www.google.com/maps/@?api=1&map_action=pano&viewpoint=38.70026339,-9.21787833&heading=296.3195862445556&pitch=5&fov=120"
715,820fec67-772b-49f8-8644-3ae5e42815be,38.6990801,-9.218711413,Portugal,Lisbon,MUR,MUR,LWAL,LWAL,CDL,CDL,2,2,RES,RES,BP1,BP2,RSH2,RSH2,RMT1,RMT1,MUR/LWAL/CDL/H:2/BP1/RSH2+RMT1/RES,"https://www.google.com/maps/@?api=1&map_action=pano&viewpoint=38.6990801,-9.21871141&heading=289.3907644628014&pitch=5&fov=120"
716,400e3c83-de7c-48b4-abb9-70e92d227de5,38.69596588,-9.219615059,Portugal,Lisbon,CR,MUR,LFINF,LWAL,CDL,CDL,4,3,RES,RES,BPD,BP1,RSH3,RSH1,RMT1,RMN,CR/LFINF/CDL/H:4/BPD/RSH3+RMT1/RES,"https://www.google.com/maps/@?api=1&map_action=pano&viewpoint=38.69596588,-9.21961506&heading=264.08354886559175&pitch=5&fov=120"
718,b4ab88dc-6322-4a77-b68f-ac05fe953ff7,38.69518127,-9.214012954,Portugal,Lisbon,CR,CR,LFM,LFINF,CDM,CDN,4,4,MIX(RES;COM),MIX(RES;COM),BP2,BP2,RSH1,RSH1,RMN,RMN,CR/LFM/CDM/H:4/BP2/RSH1+RMN/MIX(RES;COM),"https://www.google.com/maps/@?api=1&map_action=pano&viewpoint=38.69518127,-9.21401295&heading=323.8997115915388&pitch=5&fov=120"
720,824b0798-4397-439a-bbfa-d88151bb2b91,38.70408733,-9.203499504,Portugal,Lisbon,CR,CR,LFINF,LFINF,CDL,CDN,3,2,RES,RES,BP2,BP2,RSH1,RSH1,RMN,RMN,CR/LFINF/CDL/H:3/BP2/RSH1+RMN/RES,"https://www.google.com/maps/@?api=1&map_action=pano&viewpoint=38.70408733,-9.2034995&heading=343.40241340774224&pitch=5&fov=120"
721,386ecec0-0173-40ff-954b-568f70100fbd,38.6973206,-9.218835387,Portugal,Lisbon,MCF,MUR,LWAL,LWAL,CDL,CDL,2,2,RES,RES,BP1,BPD,RSH2,RSH2,RMT1,RMT1,MCF/LWAL/CDL/H:2/BP1/RSH2+RMT1/RES,"https://www.google.com/maps/@?api=1&map_action=pano&viewpoint=38.6973206,-9.21883539&heading=100.34365053302258&pitch=5&fov=120"
723,0e7791fb-d532-49ed-8526-6ad6859344da,38.70049531,-9.200320748,Portugal,Lisbon,CR,MUR,LFINF,LWAL,CDL,CDL,3,3,RES,RES,BPD,BP1,RSH3,RSH1,RMT1,RMN,CR/LFINF/CDL/H:3/BPD/RSH3+RMT1/RES,"https://www.google.com/maps/@?api=1&map_action=pano&viewpoint=38.70049531,-9.20032075&heading=111.64103916648003&pitch=5&fov=120"
725,8eb89881-5a78-4e23-98ee-ff9ff03a2324,38.69785755,-9.195119895,Portugal,Lisbon,CR,MUR,LWAL,LWAL,CDN,CDN,2,2,RES,RES,BPD,BP1,RSH2,RSH1,RMT1,RMN,CR/LWAL/CDN/H:2/BPD/RSH2+RMT1/RES,"https://www.google.com/maps/@?api=1&map_action=pano&viewpoint=38.69785755,-9.1951199&heading=212.4674103903044&pitch=5&fov=120"
727,ac10ef47-2991-40a7-b21f-7dd40efe1dd0,38.70138412,-9.199372742,Portugal,Lisbon,MUR,,LWAL,,CDL,,1,,COM,,BPD,,RSH3,,RMT1,,CR/LFM/CDM/H:4/BPD/RSH1+RMN/MIX(RES;COM),"https://www.google.com/maps/@?api=1&map_action=pano&viewpoint=38.70138412,-9.19937274&heading=153.99646145750063&pitch=5&fov=120"
728,554dedf3-dcb2-4116-abe0-2f0285919d69,38.70003161,-9.222503721,Portugal,Lisbon,CR,,LFM,,CDM,,2,,RES,,BPD,,RSH3,,RMT1,,CR/LFM/CDM/H:2/BPD/RSH3+RMT1/RES,"https://www.google.com/maps/@?api=1&map_action=pano&viewpoint=38.70003161,-9.22250372&heading=122.17647186387228&pitch=5&fov=120"
731,abaf6ed9-6ca3-4e9f-abf4-2d3cdc3793e0,38.69582757,-9.219681707,Portugal,Lisbon,CR,MUR,LFINF,LWAL,CDL,CDL,4,4,RES,RES,BP1,BP2,RSH2,RSH1,RMT1,RMN,CR/LFINF/CDL/H:4/BP1/RSH2+RMT1/RES,"https://www.google.com/maps/@?api=1&map_action=pano&viewpoint=38.69582757,-9.21968171&heading=18.309005206597533&pitch=5&fov=120"
732,f7785f69-3014-48d4-a179-2f6cb037bcfb,38.7009982,-9.223058651,Portugal,Lisbon,MCF,,LWAL,,CDL,,2,,RES,,BPD,,RSH3,,RMT1,,MCF/LWAL/CDL/H:2/BPD/RSH3+RMT1/RES,"https://www.google.com/maps/@?api=1&map_action=pano&viewpoint=38.7009982,-9.22305865&heading=121.4809536348269&pitch=5&fov=120"
733,ae367d91-fa9a-45e5-89cc-5570a0e94453,38.69853444,-9.220141765,Portugal,Lisbon,MCF,MUR,LWAL,LWAL,CDL,CDL,2,2,RES,RES,BP2,BP1,RSH2,RSH2,RMT1,RMT1,MCF/LWAL/CDL/H:2/BP2/RSH2+RMT1/RES,"https://www.google.com/maps/@?api=1&map_action=pano&viewpoint=38.69853444,-9.22014176&heading=292.4219960213893&pitch=5&fov=120"
734,100062eb-b8ac-4b02-a97b-8e33bb1d420a,38.70063786,-9.200363861,Portugal,Lisbon,CR,MUR,LFINF,LWAL,CDH,CDL,4,3,RES,RES,BPD,BPD,RSH1,RSH2,RMN,RMT1,CR/LFINF/CDH/H:4/BPD/RSH1+RMN/RES,"https://www.google.com/maps/@?api=1&map_action=pano&viewpoint=38.70063786,-9.20036386&heading=291.6410122050754&pitch=5&fov=120"
735,c40b84cb-b577-4f03-8580-9a7cacf82761,38.69815289,-9.215270335,Portugal,Lisbon,CR,MUR,LFINF,LWAL,CDL,CDN,2,2,RES,RES,BPD,BP2,RSH3,RSH1,RMT1,RMN,CR/LFINF/CDL/H:2/BPD/RSH3+RMT1/RES,"https://www.google.com/maps/@?api=1&map_action=pano&viewpoint=38.69815289,-9.21527033&heading=168.459928244561&pitch=5&fov=120"
736,233d25e1-b8f5-47aa-bf5c-77f045337b1c,38.6968447,-9.217445109,Portugal,Lisbon,MCF,MUR,LWAL,LWAL,CDL,CDN,2,2,RES,RES,BP2,BPD,RSH3,RSH3,RMT1,RMT1,MCF/LWAL/CDL/H:2/BP2/RSH3+RMT1/RES,"https://www.google.com/maps/@?api=1&map_action=pano&viewpoint=38.6968447,-9.21744511&heading=90.52228413207479&pitch=5&fov=120"
737,ced17960-66b8-4940-89f7-38abb82ff735,38.69731155,-9.192947944,Portugal,Lisbon,MCF,MUR,LWAL,LWAL,CDL,CDL,2,2,RES,RES,BP1,BPD,RSH2,RSH2,RMT1,RMT1,MCF/LWAL/CDL/H:2/BP1/RSH2+RMT1/RES,"https://www.google.com/maps/@?api=1&map_action=pano&viewpoint=38.69731155,-9.19294794&heading=59.63552268574341&pitch=5&fov=120"
738,9ce0f36c-5a73-43af-92db-3f44ba1394dd,38.69722969,-9.195296554,Portugal,Lisbon,CR,MUR,LFINF,LWAL,CDL,CDN,3,3,RES,RES,BP1,BP2,RSH3,RSH2,RMT1,RMT1,CR/LFINF/CDL/H:3/BP1/RSH3+RMT1/RES,"https://www.google.com/maps/@?api=1&map_action=pano&viewpoint=38.69722969,-9.19529655&heading=245.9994988997252&pitch=5&fov=120"
740,9e660d01-f232-4235-a217-4acda42fb65a,38.70178191,-9.206207729,Portugal,Lisbon,CR,,LFM,,CDM,,4,,RES,,BP2,,RSH3,,RMT1,,CR/LFM/CDM/H:4/BP2/RSH3+RMT1/RES,"https://www.google.com/maps/@?api=1&map_action=pano&viewpoint=38.70178191,-9.20620773&heading=48.06087804435191&pitch=5&fov=120"
741,e830926a-cb25-415a-af26-16f687548795,38.69904964,-9.213548416,Portugal,Lisbon,CR,,LFINF,,CDM,,2,,RES,,BPD,,RSH3,,RMT1,,CR/LFINF/CDM/H:2/BPD/RSH3+RMT1/RES,"https://www.google.com/maps/@?api=1&map_action=pano&viewpoint=38.69904964,-9.21354842&heading=232.4323233121138&pitch=5&fov=120"
742,3a61518f-68a9-45f4-8326-3ceb2bb13bf7,38.70185316,-9.203904385,Portugal,Lisbon,CR,CR,LFM,LFINF,CDM,CDM,6.0-7.0,5,RES,MIX(RES;COM),BP2,BP2,RSH2,RSH1,RMT1,RMN,CR/LFM/CDM/H:6-7/BP2/RSH2+RMT1/RES,"https://www.google.com/maps/@?api=1&map_action=pano&viewpoint=38.70185316,-9.20390438&heading=311.6556927052965&pitch=5&fov=120"
743,7463a1ab-9ef5-41a2-b4c9-1c3e9e39680c,38.70136194,-9.216240717,Portugal,Lisbon,CR,,LFINF,,CDL,,2,,RES,,BPD,,RSH2,,RMT1,,CR/LFINF/CDL/H:2/BPD/RSH2+RMT1/RES,"https://www.google.com/maps/@?api=1&map_action=pano&viewpoint=38.70136194,-9.21624072&heading=30.51814333372829&pitch=5&fov=120"
745,735f9ef8-6831-4da3-be0b-c87813622c84,38.69857828,-9.217657341,Portugal,Lisbon,MCF,MUR,LWAL,LWAL,CDL,CDN,2,2,RES,RES,BP2,BPD,RSH2,RSH1,RMT1,RMN,MCF/LWAL/CDL/H:2/BP2/RSH2+RMT1/RES,"https://www.google.com/maps/@?api=1&map_action=pano&viewpoint=38.69857828,-9.21765734&heading=11.752045979484024&pitch=5&fov=120"
748,95b350fc-0eb7-4659-b564-7b5ad40bb240,38.69459117,-9.212677009,Portugal,Lisbon,MCF,MUR,LWAL,LWAL,CDL,CDN,3,1,RES,RES,BP2,BPD,RSH2,RSH2,RMT1,RMT1,MCF/LWAL/CDL/H:3/BP2/RSH2+RMT1/RES,"https://www.google.com/maps/@?api=1&map_action=pano&viewpoint=38.69459117,-9.21267701&heading=311.0286804504203&pitch=5&fov=120"
752,914558ae-e9b3-4228-a518-73f71db43b81,38.69514518,-9.214544766,Portugal,Lisbon,CR,CR,LFINF,LFM,CDL,CDL,4,5,MIX(RES;COM),MIX(RES;COM),BP1,BP1,RSH6,RSH1,RMT1,RMN,CR/LFINF/CDL/H:4/BP1/RSH6+RMT1/MIX(RES;COM),"https://www.google.com/maps/@?api=1&map_action=pano&viewpoint=38.69514518,-9.21454477&heading=327.95973139556463&pitch=5&fov=120"
753,3b52a7d9-6161-463e-ba2d-4f62d00a5419,38.70041235,-9.21283875,Portugal,Lisbon,MUR,MUR,LWAL,LWAL,CDL,CDN,1,1,RES,COM,BPD,BPD,RSH3,RSH2,RMT1,RMT1,MUR/LWAL/CDL/H:1/BPD/RSH3+RMT1/RES,"https://www.google.com/maps/@?api=1&map_action=pano&viewpoint=38.70041235,-9.21283875&heading=139.2807579772363&pitch=5&fov=120"
754,984c16c3-89f7-4f8b-9286-975c4ffeaadd,38.69551338,-9.211185435,Portugal,Lisbon,CR,CR,LFM,LFINF,CDM,CDL,3,2,EDU,COM,BP2,BP2,RSH1,RSH1,RMN,RMN,CR/LFM/CDM/H:3/BP2/RSH1+RMN/EDU,"https://www.google.com/maps/@?api=1&map_action=pano&viewpoint=38.69551338,-9.21118544&heading=128.78276836582563&pitch=5&fov=120"
755,f6506552-ccd3-4f06-9298-7cd59ccc49a8,38.69905184,-9.220488688,Portugal,Lisbon,MCF,MCF,LWAL,LWAL,CDL,CDM,2,2,RES,RES,BP2,BP1,RSH2,RSH1,RMT1,RMN,MCF/LWAL/CDL/H:2/BP2/RSH2+RMT1/RES,"https://www.google.com/maps/@?api=1&map_action=pano&viewpoint=38.69905184,-9.22048869&heading=298.4698207834906&pitch=5&fov=120"
756,c09160d8-4466-4320-af35-8da1ace39b02,38.6951032,-9.219159229,Portugal,Lisbon,MCF,MUR,LWAL,LWAL,CDL,CDL,3,3,RES,RES,BP1,BPD,RSH2,RSH2,RMT1,RMT1,MCF/LWAL/CDL/H:3/BP1/RSH2+RMT1/RES,"https://www.google.com/maps/@?api=1&map_action=pano&viewpoint=38.6951032,-9.21915923&heading=195.62586893548348&pitch=5&fov=120"
757,952c254b-6c1a-4796-9747-ce4e3c637709,38.69886552,-9.217564144,Portugal,Lisbon,MCF,,LWAL,,CDL,,2,,RES,,BP2,,RSH2,,RMT1,,MCF/LWAL/CDL/H:2/BP2/RSH2+RMT1/RES,"https://www.google.com/maps/@?api=1&map_action=pano&viewpoint=38.69886552,-9.21756414&heading=103.84201458269018&pitch=5&fov=120"
758,a9e530df-be00-48f9-a9ae-2d94598ce3d5,38.70131994,-9.222384584,Portugal,Lisbon,CR,MUR,LFINF,LWAL,CDM,CDN,2,2,RES,RES,BP1,BP2,RSH2,RSH2,RMT1,RMT1,CR/LFINF/CDM/H:2/BP1/RSH2+RMT1/RES,"https://www.google.com/maps/@?api=1&map_action=pano&viewpoint=38.70131994,-9.22238458&heading=31.86552189470433&pitch=5&fov=120"
760,0a444c10-9a9b-4df3-bb5f-162b3f83db57,38.69579933,-9.217986036,Portugal,Lisbon,MCF,,LWAL,,CDL,,2,,RES,,BPD,,RSH3,,RMT1,,MCF/LWAL/CDL/H:2/BPD/RSH3+RMT1/RES,"https://www.google.com/maps/@?api=1&map_action=pano&viewpoint=38.69579933,-9.21798604&heading=80.94335095048882&pitch=5&fov=120"
761,89a167d9-cc30-422f-b184-475d01ccfab4,38.69691468,-9.220975462,Portugal,Lisbon,CR,MUR,LFINF,LWAL,CDL,CDN,3,3,GOV,RES,BPD,BP1,RSH3,RSH1,RMT1,RMN,CR/LFINF/CDL/H:3/BPD/RSH3+RMT1/RES,"https://www.google.com/maps/@?api=1&map_action=pano&viewpoint=38.69691468,-9.22097546&heading=225.27433497852536&pitch=5&fov=120"
764,11fce1b9-4a0b-4529-9498-3f3b7aae0dfd,38.69688761,-9.198704947,Portugal,Lisbon,CR,MUR,LDUAL,LWAL,CDH,CDN,2,2,COM,COM,BPD,BP2,RSH1,RSH1,RMN,RMN,CR/LDUAL/CDH/H:2/BPD/RSH1+RMN/COM,"https://www.google.com/maps/@?api=1&map_action=pano&viewpoint=38.69688761,-9.19870495&heading=52.876963278284165&pitch=5&fov=120"
765,0290e3cf-cace-4638-a3c4-b74a4d323bef,38.70034112,-9.223621917,Portugal,Lisbon,CR,,LFM,,CDH,,2,,GOV,,BPD,,RSH1,,RMN,,CR/LFM/CDH/H:2/BPD/RSH1+RMN/GOV,"https://www.google.com/maps/@?api=1&map_action=pano&viewpoint=38.70034112,-9.22362192&heading=302.50161506116274&pitch=5&fov=120"
766,3effe03c-6322-424e-b8d9-2272367a1c26,38.70153438,-9.215832008,Portugal,Lisbon,CR,,LFM,,CDH,,2,,RES,,BPD,,RSH2,,RMT1,,CR/LFM/CDH/H:2/BPD/RSH2+RMT1/RES,"https://www.google.com/maps/@?api=1&map_action=pano&viewpoint=38.70153438,-9.21583201&heading=209.88868259591112&pitch=5&fov=120"
767,bb9c08ac-1a6f-412b-8870-fc6c055859bc,38.69655982,-9.218608527,Portugal,Lisbon,MCF,MUR,LWAL,LWAL,CDL,CDN,2,2,RES,RES,BP2,BP2,RSH3,RSH3,RMT1,RMT1,MCF/LWAL/CDL/H:2/BP2/RSH3+RMT1/RES,"https://www.google.com/maps/@?api=1&map_action=pano&viewpoint=38.69655982,-9.21860853&heading=96.80600835501832&pitch=5&fov=120"
768,b9e0c8b7-350c-4e28-9ef5-56d416bc4c1c,38.69982023,-9.220588237,Portugal,Lisbon,MCF,MUR,LWAL,LWAL,CDL,CDN,2,2,RES,RES,BP2,BP2,RSH3,RSH3,RMT1,RMT1,MCF/LWAL/CDL/H:2/BP2/RSH3+RMT1/RES,"https://www.google.com/maps/@?api=1&map_action=pano&viewpoint=38.69982023,-9.22058824&heading=31.980178341632552&pitch=5&fov=120"
769,69d3942b-74cc-4943-a9ff-848cdc3b0b12,38.69782384,-9.217091712,Portugal,Lisbon,MCF,MCF,LWAL,LWAL,CDL,CDH,2,2,RES,RES,BP2,BPD,RSH3,RSH1,RMT1,RMN,MCF/LWAL/CDL/H:2/BP2/RSH3+RMT1/RES,"https://www.google.com/maps/@?api=1&map_action=pano&viewpoint=38.69782384,-9.21709171&heading=92.97829940365654&pitch=5&fov=120"
771,406f3042-a929-4c38-ac4c-c638ae496fa3,38.69755587,-9.201309487,Portugal,Lisbon,MCF,MR,LWAL,LWAL,CDL,CDL,3,5,COM,COM,BP2,BPD,RSH2,RSH1,RMT1,RMN,MCF/LWAL/CDL/H:3/BP2/RSH2+RMT1/COM,"https://www.google.com/maps/@?api=1&map_action=pano&viewpoint=38.69755587,-9.20130949&heading=233.3625151447929&pitch=5&fov=120"
773,5a61b164-a873-430f-8c00-42128eb14eb1,38.69830339,-9.191825758,Portugal,Lisbon,CR,CR,LFM,LFINF,CDM,CDN,4,5,MIX(RES;COM),MIX(RES;COM),BP2,BP2,RSH1,RSH1,RMN,RMN,CR/LFM/CDM/H:4/BP2/RSH1+RMN/MIX(RES;COM),"https://www.google.com/maps/@?api=1&map_action=pano&viewpoint=38.69830339,-9.19182576&heading=204.2164666849888&pitch=5&fov=120"
777,ccdd32cd-d898-4dc5-b735-40b68523b094,38.70013545,-9.225607109,Portugal,Lisbon,CR,MUR,LFINF,LWAL,CDL,CDL,3,3,RES,RES,BP2,BP1,RSH2,RSH1,RMT1,RMN,CR/LFINF/CDL/H:3/BP2/RSH2+RMT1/RES,"https://www.google.com/maps/@?api=1&map_action=pano&viewpoint=38.70013545,-9.22560711&heading=178.43709002657636&pitch=5&fov=120"
778,ca1a2f3b-a684-4671-919a-999f65af2d3a,38.70064664,-9.219519708,Portugal,Lisbon,CR,,LFINF,,CDL,,2,,RES,,BPD,,RSH3,,RMT1,,CR/LFINF/CDL/H:2/BPD/RSH3+RMT1/RES,"https://www.google.com/maps/@?api=1&map_action=pano&viewpoint=38.70064664,-9.21951971&heading=122.12896650491058&pitch=5&fov=120"
780,6c095b7e-3710-4081-a6f2-c0b6a80a2e35,38.69707689,-9.213930073,Portugal,Lisbon,CR,MUR,LFINF,LWAL,CDM,CDN,3,2,RES,RES,BPD,BP1,RSH3,RSH1,RMT1,RMN,CR/LFINF/CDM/H:3/BPD/RSH3+RMT1/RES,"https://www.google.com/maps/@?api=1&map_action=pano&viewpoint=38.69707689,-9.21393007&heading=153.2949321213544&pitch=5&fov=120"
781,d2d89f86-dec0-47d3-a507-9ff3a3f50123,38.6959355,-9.21123685,Portugal,Lisbon,CR,,LFM,,CDH,,8.0-9.0,,RES,,BP1,,RSH1,,RMN,,CR/LFM/CDH/H:8-9/BP1/RSH1+RMN/RES,"https://www.google.com/maps/@?api=1&map_action=pano&viewpoint=38.6959355,-9.21123685&heading=24.134407693118078&pitch=5&fov=120"
782,a7818209-ba32-47fe-93d9-8a513e69d77e,38.69560462,-9.21738522,Portugal,Lisbon,CR,MUR,LFM,LWAL,CDM,CDL,3,3,RES,RES,BP2,BP2,RSH3,RSH1,RMT1,RMN,CR/LFM/CDM/H:3/BP2/RSH3+RMT1/RES,"https://www.google.com/maps/@?api=1&map_action=pano&viewpoint=38.69560462,-9.21738522&heading=351.8961545036476&pitch=5&fov=120"
783,f5991c6f-f4bf-497f-81c5-54194b7277f2,38.69570708,-9.21719631,Portugal,Lisbon,MUR,,LWAL,,CDL,,2,,RES,,BP1,,RSH2,,RMT1,,MUR/LWAL/CDL/H:2/BP1/RSH2+RMT1/RES,"https://www.google.com/maps/@?api=1&map_action=pano&viewpoint=38.69570708,-9.21719631&heading=172.16767003187135&pitch=5&fov=120"
786,00c5707a-e71a-458d-9105-3cf91caa730e,38.70317512,-9.203698118,Portugal,Lisbon,CR,,LFM,,CDL,,4,,MIX(RES;COM),,BP2,,RSH2,,RMT1,,CR/LFM/CDL/H:4/BP2/RSH2+RMT1/MIX(RES;COM),"https://www.google.com/maps/@?api=1&map_action=pano&viewpoint=38.70317512,-9.20369812&heading=329.96037686892464&pitch=5&fov=120"
787,0dd56940-6922-425e-8318-f0de89923034,38.69930768,-9.217534181,Portugal,Lisbon,MCF,MUR,LWAL,LWAL,CDL,CDN,2,2,RES,RES,BPD,BPD,RSH3,RSH2,RMT1,RMT1,MCF/LWAL/CDL/H:2/BPD/RSH3+RMT1/RES,"https://www.google.com/maps/@?api=1&map_action=pano&viewpoint=38.69930768,-9.21753418&heading=195.37707915561333&pitch=5&fov=120"
788,9be0b4d6-a3f9-4cc1-9b55-4dd68fc082e0,38.7004247,-9.203831414,Portugal,Lisbon,MUR,MUR,LWAL,LWAL,CDL,CDL,2,2,RES,RES,BP1,BP1,RSH3,RSH1,RMT1,RMN,MUR/LWAL/CDL/H:2/BP1/RSH3+RMT1/RES,"https://www.google.com/maps/@?api=1&map_action=pano&viewpoint=38.7004247,-9.20383141&heading=62.98081908900781&pitch=5&fov=120"
789,7c3c2aff-efd6-4561-8800-90519b46b5ff,38.69924901,-9.223686878,Portugal,Lisbon,CR,,LFINF,,CDM,,2,,RES,,BPD,,RSH3,,RMT1,,CR/LFINF/CDM/H:2/BPD/RSH3+RMT1/RES,"https://www.google.com/maps/@?api=1&map_action=pano&viewpoint=38.69924901,-9.22368688&heading=300.98087597995175&pitch=5&fov=120"
793,0761e01d-a11e-4567-963e-10231b368a05,38.69946105,-9.219097187,Portugal,Lisbon,MUR,MUR,LWAL,LWAL,CDL,CDN,2,2,RES,RES,BP1,BPD,RSH2,RSH2,RMT1,RMT1,MUR/LWAL/CDL/H:2/BP1/RSH2+RMT1/RES,"https://www.google.com/maps/@?api=1&map_action=pano&viewpoint=38.69946105,-9.21909719&heading=293.5645779776862&pitch=5&fov=120"
794,c07c1547-e3f6-4155-a625-d9ceb329da34,38.69711712,-9.202077024,Portugal,Lisbon,MCF,MUR,LWAL,LWAL,CDL,CDN,3,3,MIX(RES;COM),MIX(RES;COM),BP2,BP1,RSH2,RSH2,RMT1,RMT1,MCF/LWAL/CDL/H:3/BP2/RSH2+RMT1/MIX(RES;COM),"https://www.google.com/maps/@?api=1&map_action=pano&viewpoint=38.69711712,-9.20207702&heading=154.9984971621658&pitch=5&fov=120"
796,77bb3896-efeb-4a9e-8e4c-4d94cc4494e9,38.70170824,-9.203705416,Portugal,Lisbon,CR,,LFINF,,CDM,,5,,RES,,BP1,,RSH1,,RMN,,CR/LFINF/CDM/H:5/BP1/RSH1+RMN/RES,"https://www.google.com/maps/@?api=1&map_action=pano&viewpoint=38.70170824,-9.20370542&heading=131.65581710755316&pitch=5&fov=120"
797,b078187b-f91e-4189-9939-e7c4adeccd59,38.70450145,-9.203668877,Portugal,Lisbon,MCF,,LWAL,,CDL,,2,,RES,,BP1,,RSH2,,RMT1,,MCF/LWAL/CDL/H:2/BP1/RSH2+RMT1/RES,"https://www.google.com/maps/@?api=1&map_action=pano&viewpoint=38.70450145,-9.20366888&heading=336.0863651738707&pitch=5&fov=120"
799,4e59ecf9-611a-4f6b-b28f-bc941d76789d,38.69818541,-9.220070863,Portugal,Lisbon,MUR,MUR,LWAL,LWAL,CDL,CDL,2,2,RES,RES,BP2,BP1,RSH2,RSH2,RMT1,RMT1,MUR/LWAL/CDL/H:2/BP2/RSH2+RMT1/RES,"https://www.google.com/maps/@?api=1&map_action=pano&viewpoint=38.69818541,-9.22007086&heading=289.88861197671224&pitch=5&fov=120"
800,05f3d46a-6d52-47db-b491-325dd03f119f,38.70246498,-9.202740425,Portugal,Lisbon,CR,CR,LFM,LFM,CDM,CDL,4,2,MIX(RES;COM),COM,BP1,BP1,RSH2,RSH5,RMT1,RMT1,CR/LFM/CDM/H:4/BP1/RSH2+RMT1/MIX(RES;COM),"https://www.google.com/maps/@?api=1&map_action=pano&viewpoint=38.70246498,-9.20274043&heading=242.41481436900364&pitch=5&fov=120"
801,f8666b25-cfd2-4b80-a6d1-1d91188e80c3,38.69658832,-9.216810441,Portugal,Lisbon,MCF,MCF,LWAL,LWAL,CDL,CDM,2,2,RES,RES,BP2,BP1,RSH2,RSH2,RMT1,RMT1,MCF/LWAL/CDL/H:2/BP2/RSH2+RMT1/RES,"https://www.google.com/maps/@?api=1&map_action=pano&viewpoint=38.69658832,-9.21681044&heading=85.30223415598891&pitch=5&fov=120"
802,726db497-7cfd-4f6e-b59a-dc2fb1669fa9,38.69613409,-9.21998553,Portugal,Lisbon,CR,,LFINF,,CDL,,4,,MIX(RES;COM),,BP2,,RSH2,,RMT1,,CR/LFINF/CDL/H:4/BP2/RSH2+RMT1/MIX(RES;COM),"https://www.google.com/maps/@?api=1&map_action=pano&viewpoint=38.69613409,-9.21998553&heading=22.74255508375262&pitch=5&fov=120"
804,4f876937-5718-450c-ba16-a04c45c5f6d7,38.70207208,-9.199148237,Portugal,Lisbon,MUR,,LWAL,,CDN,,1,,RES,,BPD,,RSH2,,RMT1,,MUR/LWAL/CDN/H:1/BPD/RSH2+RMT1/RES,"https://www.google.com/maps/@?api=1&map_action=pano&viewpoint=38.70207208,-9.19914824&heading=173.54684218977053&pitch=5&fov=120"
805,c1da0354-96d4-48cc-aad6-b570c437745d,38.70053458,-9.204593285,Portugal,Lisbon,MUR,MUR,LWAL,LWAL,CDL,CDL,2,2,RES,RES,BP1,BPD,RSH2,RSH2,RMT1,RMT1,MUR/LWAL/CDL/H:2/BP1/RSH2+RMT1/RES,"https://www.google.com/maps/@?api=1&map_action=pano&viewpoint=38.70053458,-9.20459328&heading=318.7471998825572&pitch=5&fov=120"
808,1412365a-82a3-4858-b4a7-bd0065b3da29,38.69820405,-9.218321078,Portugal,Lisbon,CR,,LFINF,,CDL,,2,,RES,,BP1,,RSH2,,RMT1,,CR/LFINF/CDL/H:2/BP1/RSH2+RMT1/RES,"https://www.google.com/maps/@?api=1&map_action=pano&viewpoint=38.69820405,-9.21832108&heading=282.1794205831103&pitch=5&fov=120"
810,770c9be9-0e13-4695-ba8c-0be2b9af0020,38.69780774,-9.193972529,Portugal,Lisbon,MUR,MUR,LWAL,LWAL,CDN,CDN,1,1,RES,RES,BP2,BP2,RSH2,RSH2,RMT1,RMT1,MUR/LWAL/CDN/H:1/BP2/RSH2+RMT1/RES,"https://www.google.com/maps/@?api=1&map_action=pano&viewpoint=38.69780774,-9.19397253&heading=136.715273818887&pitch=5&fov=120"
812,062cae59-75f5-4324-a950-e03852e382e1,38.69614223,-9.215831146,Portugal,Lisbon,MCF,MUR,LWAL,LWAL,CDN,CDN,2,2,RES,RES,BP2,BP1,RSH2,RSH2,RMT1,RMT1,MCF/LWAL/CDN/H:2/BP2/RSH2+RMT1/RES,"https://www.google.com/maps/@?api=1&map_action=pano&viewpoint=38.69614223,-9.21583115&heading=78.08484896941076&pitch=5&fov=120"
813,fcbc6c34-3b16-47ea-832e-6a2abe14fd3e,38.70030472,-9.209489263,Portugal,Lisbon,CR,MUR,LFINF,LWAL,CDM,CDL,2,3,RES,RES,BPD,BP1,RSH3,RSH1,RMT1,RMN,CR/LFINF/CDM/H:2/BPD/RSH3+RMT1/RES,"https://www.google.com/maps/@?api=1&map_action=pano&viewpoint=38.70030472,-9.20948926&heading=130.62361977406943&pitch=5&fov=120"
815,42d8a4fc-3112-4613-b35a-9d552660e434,38.70023803,-9.225816158,Portugal,Lisbon,CR,MUR,LFINF,LWAL,CDM,CDN,3,3,RES,RES,BP2,BP1,RSH1,RSH1,RMN,RMN,CR/LFINF/CDM/H:3/BP2/RSH1+RMN/RES,"https://www.google.com/maps/@?api=1&map_action=pano&viewpoint=38.70023803,-9.22581616&heading=179.03635268161287&pitch=5&fov=120"
817,56583e3f-aa86-4c30-9b2c-21b0b10c7a37,38.69648436,-9.21867814,Portugal,Lisbon,MCF,MUR,LWAL,LWAL,CDL,CDN,2,2,RES,RES,BP1,BP2,RSH3,RSH1,RMT1,RMN,MCF/LWAL/CDL/H:2/BP1/RSH3+RMT1/RES,"https://www.google.com/maps/@?api=1&map_action=pano&viewpoint=38.69648436,-9.21867814&heading=96.80596482865076&pitch=5&fov=120"
818,08e9a8a2-ff21-4690-b1ae-fb9d03630144,38.69599011,-9.218602086,Portugal,Lisbon,CR,CR,LFM,LFINF,CDM,CDM,5,2,MIX(RES;COM),COM,BP2,BP2,RSH1,RSH1,RMN,RMN,CR/LFM/CDM/H:5/BP2/RSH1+RMN/MIX(RES;COM),"https://www.google.com/maps/@?api=1&map_action=pano&viewpoint=38.69599011,-9.21860209&heading=263.97442576979313&pitch=5&fov=120"
820,37d0dcd5-0ac9-48cc-8e79-24e7a7af8250,38.69863678,-9.218884929,Portugal,Lisbon,MCF,MCF,LWAL,LWAL,CDL,CDL,2,2,RES,RES,BP2,BP2,RSH2,RSH2,RMT1,RMT1,MCF/LWAL/CDL/H:2/BP2/RSH2+RMT1/RES,"https://www.google.com/maps/@?api=1&map_action=pano&viewpoint=38.69863678,-9.21888493&heading=286.4505804371088&pitch=5&fov=120"
822,d2ce7617-cd31-4288-81da-4bb4ccfb1def,38.70003923,-9.222071441,Portugal,Lisbon,MUR,MUR,LWAL,LWAL,CDL,CDL,2,2,RES,RES,BP1,BPD,RSH2,RSH2,RMT1,RMT1,MUR/LWAL/CDL/H:2/BP1/RSH2+RMT1/RES,"https://www.google.com/maps/@?api=1&map_action=pano&viewpoint=38.70003923,-9.22207144&heading=212.05451613501623&pitch=5&fov=120"
823,0bb6a1bc-5d81-4dff-9444-86a6b6055dcf,38.69873419,-9.218746866,Portugal,Lisbon,MCF,MUR,LWAL,LWAL,CDL,CDL,2,2,RES,RES,BP2,BPD,RSH2,RSH2,RMT1,RMT1,MCF/LWAL/CDL/H:2/BP2/RSH2+RMT1/RES,"https://www.google.com/maps/@?api=1&map_action=pano&viewpoint=38.69873419,-9.21874687&heading=287.4769412020164&pitch=5&fov=120"
824,cdead3c2-1060-4474-8761-b991ecdb2227,38.69535231,-9.216721168,Portugal,Lisbon,CR,CR,LFINF,LFM,CDM,CDM,4,5,RES,RES,BP2,BP1,RSH2,RSH1,RMN,RMN,CR/LFINF/CDM/H:4/BP2/RSH2+RMN/RES,"https://www.google.com/maps/@?api=1&map_action=pano&viewpoint=38.69535231,-9.21672117&heading=351.92329201762493&pitch=5&fov=120"
826,5dd0e4d7-3a7f-45fd-8e01-14caae0825b9,38.69719476,-9.211799617,Portugal,Lisbon,CR,CR,LFM,LFINF,CDH,CDH,3,2,RES,IND,BPD,BPD,RSH1,RSH1,RMN,RMN,CR/LFM/CDH/H:3/BPD/RSH1+RMN/RES,"https://www.google.com/maps/@?api=1&map_action=pano&viewpoint=38.69719476,-9.21179962&heading=136.2049928256783&pitch=5&fov=120"
827,a5c381de-e3be-4a4d-85b3-a94ec784e2ba,38.70122959,-9.204611145,Portugal,Lisbon,CR,MCF,LFM,LWAL,CDM,CDN,3,4,RES,RES,BP2,BP1,RSH1,RSH1,RMN,RMN,CR/LFM/CDM/H:3/BP2/RSH1+RMN/RES,"https://www.google.com/maps/@?api=1&map_action=pano&viewpoint=38.70122959,-9.20461115&heading=357.5858738712569&pitch=5&fov=120"
828,b157e6e2-901d-4bfb-a40f-7f5802c1f934,38.70191247,-9.215941265,Portugal,Lisbon,CR,,LFINF,,CDL,,2,,RES,,BPD,,RSH2,,RMT1,,CR/LFINF/CDL/H:2/BPD/RSH2+RMT1/RES,"https://www.google.com/maps/@?api=1&map_action=pano&viewpoint=38.70191247,-9.21594127&heading=220.6354667267069&pitch=5&fov=120"
830,9b3c805f-3e03-41f8-bf48-8d9e08c808bb,38.69260651,-9.213177276,Portugal,Lisbon,MCF,MUR,LWAL,LWAL,CDL,CDN,2,2,COM,RES,BPD,BP1,RSH2,RSH2,RMT1,RMT1,MCF/LWAL/CDL/H:2/BPD/RSH2+RMT1/COM,"https://www.google.com/maps/@?api=1&map_action=pano&viewpoint=38.69260651,-9.21317728&heading=226.96615525340775&pitch=5&fov=120"
833,88a67031-ef24-4c25-9aff-702882a12fa6,38.69734198,-9.225643377,Portugal,Lisbon,CR,CR,LFM,LWAL,CDH,CDH,4,5,RES,MIX(RES;COM),BPD,BP1,RSH1,RSH1,RMN,RMN,CR/LFM/CDH/H:4/BPD/RSH1+RMN/RES,"https://www.google.com/maps/@?api=1&map_action=pano&viewpoint=38.69734198,-9.22564338&heading=183.46920356248484&pitch=5&fov=120"
834,70ed046a-96f1-4ccc-a3d6-922cbce2f9be,38.70289102,-9.202626119,Portugal,Lisbon,MUR,,LWAL,,CDL,,1,,RES,,BPD,,RSH2,,RMT1,,MUR/LWAL/CDL/H:1/BPD/RSH2+RMT1/RES,"https://www.google.com/maps/@?api=1&map_action=pano&viewpoint=38.70289102,-9.20262612&heading=241.5963643858778&pitch=5&fov=120"
835,7842358b-beee-4236-bef0-11b88dafe04b,38.70219993,-9.205706357,Portugal,Lisbon,MUR,MCF,LWAL,LWAL,CDN,CDN,1,2,RES,COM,BP2,BP2,RSH3,RSH3,RMT1,RMT1,MUR/LWAL/CDN/H:1/BP2/RSH3+RMT1/RES,"https://www.google.com/maps/@?api=1&map_action=pano&viewpoint=38.70219993,-9.20570636&heading=114.70333833934046&pitch=5&fov=120"
837,a40ee2b5-91d6-4511-88c2-edba5882d3bd,38.69907678,-9.219230641,Portugal,Lisbon,MCF,MUR,LWAL,LWAL,CDL,CDN,2,2,RES,RES,BP2,BPD,RSH2,RSH1,RMT1,RMN,MCF/LWAL/CDL/H:2/BP2/RSH2+RMT1/RES,"https://www.google.com/maps/@?api=1&map_action=pano&viewpoint=38.69907678,-9.21923064&heading=293.1326444849061&pitch=5&fov=120"
838,c56b9920-592d-4127-94ea-935a7b009458,38.69933137,-9.220629194,Portugal,Lisbon,MUR,MUR,LWAL,LWAL,CDN,CDL,2,2,RES,RES,BPD,BPD,RSH3,RSH2,RMT1,RMT1,MUR/LWAL/CDN/H:2/BPD/RSH3+RMT1/RES,"https://www.google.com/maps/@?api=1&map_action=pano&viewpoint=38.69933137,-9.22062919&heading=301.13356427639076&pitch=5&fov=120"
839,e1e97622-0a4c-44d8-9e94-baff5d824ec9,38.69915687,-9.203828004,Portugal,Lisbon,MUR,,LWAL,,CDL,,2,,RES,,BPD,,RSH3,,RMT1,,MUR/LWAL/CDL/H:2/BPD/RSH3+RMT1/RES,"https://www.google.com/maps/@?api=1&map_action=pano&viewpoint=38.69915687,-9.203828&heading=34.14728590032962&pitch=5&fov=120"
840,e98ac0c6-3f4a-4011-b685-fb4a917625d5,38.6967746,-9.217074475,Portugal,Lisbon,MCF,MUR,LWAL,LWAL,CDL,CDN,2,2,RES,RES,BP2,BP2,RSH2,RSH2,RMT1,RMT1,MCF/LWAL/CDL/H:2/BP2/RSH2+RMT1/RES,"https://www.google.com/maps/@?api=1&map_action=pano&viewpoint=38.6967746,-9.21707448&heading=89.18012835756105&pitch=5&fov=120"
841,92b61d63-bbfd-4a19-973a-a42429d8c2e1,38.69683954,-9.217028788,Portugal,Lisbon,MUR,MUR,LWAL,LWAL,CDL,CDL,2,2,RES,RES,BP2,BP1,RSH2,RSH2,RMT1,RMT1,MUR/LWAL/CDL/H:2/BP2/RSH2+RMT1/RES,"https://www.google.com/maps/@?api=1&map_action=pano&viewpoint=38.69683954,-9.21702879&heading=89.1801569229367&pitch=5&fov=120"
842,339a48dd-028a-4349-95dc-81bfcdcf79fd,38.70245459,-9.216218974,Portugal,Lisbon,MCF,,LWAL,,CDL,,2,,RES,,BPD,,RSH3,,RMT1,,MCF/LWAL/CDL/H:2/BPD/RSH3+RMT1/RES,"https://www.google.com/maps/@?api=1&map_action=pano&viewpoint=38.70245459,-9.21621897&heading=235.34146155431858&pitch=5&fov=120"
845,a7f9ec57-fbcb-4315-841c-0f9edce672ba,38.70063092,-9.20591237,Portugal,Lisbon,CR,MUR,LFM,LWAL,CDH,CDN,4,5,MIX(RES;COM),RES,BP2,BP1,RSH1,RSH1,RMN,RMN,CR/LFM/CDH/H:4/BP2/RSH1+RMN/MIX(RES;COM),"https://www.google.com/maps/@?api=1&map_action=pano&viewpoint=38.70063092,-9.20591237&heading=47.42552508716267&pitch=5&fov=120"
847,0a42b465-d3c3-499c-9e76-298dd9d1d2e0,38.69713981,-9.215412047,Portugal,Lisbon,MCF,MUR,LWAL,LWAL,CDL,CDL,2,2,RES,RES,BP2,BP1,RSH2,RSH2,RMT1,RMT1,MCF/LWAL/CDL/H:2/BP2/RSH2+RMT1/RES,"https://www.google.com/maps/@?api=1&map_action=pano&viewpoint=38.69713981,-9.21541205&heading=77.40619430130101&pitch=5&fov=120"
848,012a5891-cfa7-4daa-be6f-b9af46f3cf32,38.69770674,-9.20333746,Portugal,Lisbon,MUR,MUR,LWAL,LWAL,CDL,CDL,2,2,RES,RES,BP1,BPD,RSH2,RSH2,RMT1,RMT1,MUR/LWAL/CDL/H:2/BP1/RSH2+RMT1/RES,"https://www.google.com/maps/@?api=1&map_action=pano&viewpoint=38.69770674,-9.20333746&heading=40.179216713204084&pitch=5&fov=120"
849,f117054d-c43f-4792-a23b-0ebbdb7f4a8d,38.70141585,-9.218559702,Portugal,Lisbon,CR,MUR,LFM,LWAL,CDH,CDN,3,3,RES,RES,BPD,BP2,RSH3,RSH1,RMT1,RMN,CR/LFM/CDH/H:3/BPD/RSH3+RMT1/RES,"https://www.google.com/maps/@?api=1&map_action=pano&viewpoint=38.70141585,-9.2185597&heading=301.8873893901722&pitch=5&fov=120"
850,d810422a-686d-466b-8c08-0ff17f0e8237,38.6987428,-9.194993258,Portugal,Lisbon,MUR,MUR,LWAL,LWAL,CDL,CDL,2,2,RES,RES,BP2,BP1,RSH2,RSH2,RMT1,RMT1,MUR/LWAL/CDL/H:2/BP2/RSH2+RMT1/RES,"https://www.google.com/maps/@?api=1&map_action=pano&viewpoint=38.6987428,-9.19499326&heading=225.23534765177374&pitch=5&fov=120"
851,8c1f3d8b-28a2-4675-85a5-8a1b47d88e91,38.69760932,-9.218531085,Portugal,Lisbon,MUR,MUR,LWAL,LWAL,CDL,CDN,2,2,RES,RES,BP2,BPD,RSH2,RSH2,RMT1,RMT1,MUR/LWAL/CDL/H:2/BP2/RSH2+RMT1/RES,"https://www.google.com/maps/@?api=1&map_action=pano&viewpoint=38.69760932,-9.21853109&heading=100.14934731212855&pitch=5&fov=120"
853,b77e2ad9-20b2-454c-8479-004bfc6f32d9,38.6976089,-9.196464402,Portugal,Lisbon,CR,MUR,LFINF,LWAL,CDN,CDN,4,3,MIX(RES;COM),RES,BP2,BP1,RSH3,RSH3,RMT1,RMT1,CR/LFINF/CDN/H:4/BP2/RSH3+RMT1/MIX(RES;COM),"https://www.google.com/maps/@?api=1&map_action=pano&viewpoint=38.6976089,-9.1964644&heading=328.2238651773787&pitch=5&fov=120"
855,1456682e-0bbe-476e-8a40-f056f6a5cd88,38.69692395,-9.215849765,Portugal,Lisbon,MUR,MUR,LWAL,LWAL,CDL,CDL,2,2,RES,RES,BPD,BP1,RSH3,RSH2,RMT1,RMT1,MUR/LWAL/CDL/H:2/BPD/RSH3+RMT1/RES,"https://www.google.com/maps/@?api=1&map_action=pano&viewpoint=38.69692395,-9.21584977&heading=80.41032979942008&pitch=5&fov=120"
856,379a90c8-e628-4be8-a322-2207f81518a8,38.69896745,-9.2182031,Portugal,Lisbon,MCF,MCF,LWAL,LWAL,CDL,CDM,2,2,RES,RES,BP1,BPD,RSH3,RSH1,RMT1,RMN,MCF/LWAL/CDL/H:2/BP1/RSH3+RMT1/RES,"https://www.google.com/maps/@?api=1&map_action=pano&viewpoint=38.69896745,-9.2182031&heading=17.866497391030578&pitch=5&fov=120"
860,ca08524c-7b55-43ef-8282-815aff587466,38.69971796,-9.219728526,Portugal,Lisbon,CR,MUR,LFM,LWAL,CDM,CDL,2,2,RES,RES,BPD,BPD,RSH2,RSH2,RMT1,RMT1,CR/LFM/CDM/H:2/BPD/RSH2+RMT1/RES,"https://www.google.com/maps/@?api=1&map_action=pano&viewpoint=38.69971796,-9.21972853&heading=301.91609784845053&pitch=5&fov=120"
861,905c89aa-2de0-4b47-be9a-8872798c475c,38.69766581,-9.195159593,Portugal,Lisbon,MCF,MUR,LWAL,LWAL,CDN,CDN,2,2,RES,RES,BP2,BP1,RSH2,RSH1,RMT1,RMN,MCF/LWAL/CDN/H:2/BP2/RSH2+RMT1/RES,"https://www.google.com/maps/@?api=1&map_action=pano&viewpoint=38.69766581,-9.19515959&heading=333.6269127809893&pitch=5&fov=120"
863,789a52b8-ebc9-44a8-9711-78b2ee3b8c4d,38.7003419,-9.21920355,Portugal,Lisbon,CR,,LFM,,CDL,,2,,RES,,BP1,,RSH3,,RMT1,,CR/LFM/CDL/H:2/BP1/RSH3+RMT1/RES,"https://www.google.com/maps/@?api=1&map_action=pano&viewpoint=38.7003419,-9.21920355&heading=212.1246476204205&pitch=5&fov=120"
865,233091b0-b897-4acd-bc03-88e57e91a6c1,38.70012865,-9.20470195,Portugal,Lisbon,MCF,MUR,LWAL,LWAL,CDL,CDL,2,2,RES,RES,BP2,BPD,RSH2,RSH2,RMT1,RMT1,MCF/LWAL/CDL/H:2/BP2/RSH2+RMT1/RES,"https://www.google.com/maps/@?api=1&map_action=pano&viewpoint=38.70012865,-9.20470195&heading=122.4221272356537&pitch=5&fov=120"
870,8b692632-7733-4941-8a0e-c15bb78628ce,38.70216203,-9.203926679,Portugal,Lisbon,CR,CR,LFINF,LFM,CDL,CDL,4,5,RES,MIX(RES;COM),BP2,BP1,RSH2,RSH1,RMT1,RMN,CR/LFINF/CDL/H:4/BP2/RSH2+RMT1/RES,"https://www.google.com/maps/@?api=1&map_action=pano&viewpoint=38.70216203,-9.20392668&heading=153.32867887883833&pitch=5&fov=120"
872,3956d41b-64bf-45ba-a79d-73c7eaa48707,38.69946331,-9.218666964,Portugal,Lisbon,MCF,MUR,LWAL,LWAL,CDL,CDN,2,2,RES,RES,BP1,BPD,RSH2,RSH1,RMT1,RMN,MCF/LWAL/CDL/H:2/BP1/RSH2+RMT1/RES,"https://www.google.com/maps/@?api=1&map_action=pano&viewpoint=38.69946331,-9.21866696&heading=23.755355285711858&pitch=5&fov=120"
873,b168557c-0e9d-4068-886c-2c7ea6191822,38.70397594,-9.204010219,Portugal,Lisbon,MUR,,LWAL,,CDN,,2,,RES,,BP2,,RSH2,,RMT1,,MUR/LWAL/CDN/H:2/BP2/RSH2+RMT1/RES,"https://www.google.com/maps/@?api=1&map_action=pano&viewpoint=38.70397594,-9.20401022&heading=261.81629179835716&pitch=5&fov=120"
874,b5d63d2d-2b11-47a1-9754-10c469f40718,38.69682463,-9.219950737,Portugal,Lisbon,MCF,,LWAL,,CDL,,2,,RES,,BPD,,RSH2,,RMT1,,MCF/LWAL/CDL/H:2/BPD/RSH2+RMT1/RES,"https://www.google.com/maps/@?api=1&map_action=pano&viewpoint=38.69682463,-9.21995074&heading=346.2645426666227&pitch=5&fov=120"
877,8c4da682-4f6f-4646-b775-cb4e5f046b51,38.6986756,-9.220559984,Portugal,Lisbon,MUR,MUR,LWAL,LWAL,CDN,CDL,2,2,RES,RES,BP1,BPD,RSH2,RSH2,RMT1,RMT1,MUR/LWAL/CDN/H:2/BP1/RSH2+RMT1/RES,"https://www.google.com/maps/@?api=1&map_action=pano&viewpoint=38.6986756,-9.22055998&heading=294.11099387085164&pitch=5&fov=120"
878,c412b3a3-a871-47ed-b743-2f40d5f4450d,38.70229508,-9.202693552,Portugal,Lisbon,MUR,MUR,LWAL,LWAL,CDL,CDL,2,2,RES,RES,BP2,BP1,RSH2,RSH1,RMT1,RMN,MUR/LWAL/CDL/H:2/BP2/RSH2+RMT1/RES,"https://www.google.com/maps/@?api=1&map_action=pano&viewpoint=38.70229508,-9.20269355&heading=242.3085405273278&pitch=5&fov=120"
879,3bad89fe-e71f-4754-bcce-ee865183782c,38.69834683,-9.195967551,Portugal,Lisbon,CR,CR,LFM,LFM,CDM,CDL,3,3,MIX(RES;COM),MIX(RES;COM),BP2,BP1,RSH3,RSH1,RMT1,RMN,CR/LFM/CDM/H:3/BP2/RSH3+RMT1/MIX(RES;COM),"https://www.google.com/maps/@?api=1&map_action=pano&viewpoint=38.69834683,-9.19596755&heading=327.71020572817713&pitch=5&fov=120"
880,4121b332-4baa-4bd0-9a03-9fe8d2d3e8d0,38.69932484,-9.200295581,Portugal,Lisbon,MCF,,LWAL,,CDL,,2,,RES,,BP2,,RSH3,,RMT1,,MCF/LWAL/CDL/H:2/BP2/RSH3+RMT1/RES,"https://www.google.com/maps/@?api=1&map_action=pano&viewpoint=38.69932484,-9.20029558&heading=315.744578444843&pitch=5&fov=120"
881,e569fc5e-bd08-49b5-a367-7f8082d53ec2,38.69756094,-9.216910925,Portugal,Lisbon,MCF,,LWAL,,CDL,,2,,RES,,BP2,,RSH2,,RMT1,,MCF/LWAL/CDL/H:2/BP2/RSH2+RMT1/RES,"https://www.google.com/maps/@?api=1&map_action=pano&viewpoint=38.69756094,-9.21691093&heading=90.32634453365512&pitch=5&fov=120"
882,f656036d-acd8-4cef-9303-c5130b23556a,38.69871079,-9.216678065,Portugal,Lisbon,CR,,LFINF,,CDL,,3,,RES,,BP2,,RSH2,,RMT1,,CR/LFINF/CDL/H:3/BP2/RSH2+RMT1/RES,"https://www.google.com/maps/@?api=1&map_action=pano&viewpoint=38.69871079,-9.21667806&heading=184.9380114543801&pitch=5&fov=120"
884,118f17f9-b99a-42e3-8613-cab9f181f279,38.70267465,-9.202796699,Portugal,Lisbon,MCF,CR,LWAL,LFINF,CDL,CDL,2,2,RES,COM,BP2,BP1,RSH2,RSH2,RMT1,RMT1,MCF/LWAL/CDL/H:2/BP2/RSH2+RMT1/RES,"https://www.google.com/maps/@?api=1&map_action=pano&viewpoint=38.70267465,-9.2027967&heading=182.0981818115839&pitch=5&fov=120"
887,fcffa6c0-496a-4966-a023-68920c476883,38.6990978,-9.217278277,Portugal,Lisbon,MCF,W,LWAL,LN,CDN,CDN,2,1,RES,RES,BPD,BPD,RSH3,RSH2,RMT1,RMT1,MCF/LWAL/CDN/H:2/BPD/RSH3+RMT1/RES,"https://www.google.com/maps/@?api=1&map_action=pano&viewpoint=38.6990978,-9.21727828&heading=191.06736898914744&pitch=5&fov=120"
888,78d5ec54-9e4c-4681-b077-003e805e2eee,38.69901382,-9.220562203,Portugal,Lisbon,MCF,MCF,LWAL,LWAL,CDM,CDM,2,2,RES,RES,BP2,BP1,RSH2,RSH1,RMT1,RMN,MCF/LWAL/CDM/H:2/BP2/RSH2+RMT1/RES,"https://www.google.com/maps/@?api=1&map_action=pano&viewpoint=38.69901382,-9.2205622&heading=298.4697748243374&pitch=5&fov=120"
889,0470c244-ceae-4d40-abe4-d25f2ee58d30,38.69862038,-9.219988253,Portugal,Lisbon,MCF,MUR,LWAL,LWAL,CDL,CDL,2,2,RES,RES,BP2,BPD,RSH2,RSH2,RMT1,RMT1,MCF/LWAL/CDL/H:2/BP2/RSH2+RMT1/RES,"https://www.google.com/maps/@?api=1&map_action=pano&viewpoint=38.69862038,-9.21998825&heading=292.42209200252057&pitch=5&fov=120"
890,6eccbb39-7406-42b3-b8ce-e8dba899abe2,38.69414157,-9.215754194,Portugal,Lisbon,CR,,LFM,,CDL,,3,,RES,,BP1,,RSH3,,RMT1,,CR/LFM/CDL/H:3/BP1/RSH3+RMT1/RES,"https://www.google.com/maps/@?api=1&map_action=pano&viewpoint=38.69414157,-9.21575419&heading=160.62386085598604&pitch=5&fov=120"
892,b5788077-9d88-48fd-a70d-ddc16dbdbcf8,38.70074334,-9.215334776,Portugal,Lisbon,MCF,MUR,LWAL,LWAL,CDL,CDN,2,2,RES,RES,BPD,BP1,RSH3,RSH1,RMT1,RMN,MCF/LWAL/CDL/H:2/BPD/RSH3+RMT1/RES,"https://www.google.com/maps/@?api=1&map_action=pano&viewpoint=38.70074334,-9.21533478&heading=192.76769347865718&pitch=5&fov=120"
893,3a1a6627-d782-4362-8bbb-35454959280c,38.69790907,-9.20266688,Portugal,Lisbon,MCF,MCF,LWAL,LWAL,CDL,CDL,2,2,RES,RES,BPD,BP2,RSH2,RSH2,RMT1,RMT1,MCF/LWAL/CDL/H:2/BPD/RSH2+RMT1/RES,"https://www.google.com/maps/@?api=1&map_action=pano&viewpoint=38.69790907,-9.20266688&heading=155.81373378005554&pitch=5&fov=120"
894,9717fae1-d086-43c2-ab04-5f6567ab9270,38.69670839,-9.217119319,Portugal,Lisbon,MCF,MUR,LWAL,LWAL,CDL,CDN,2,1,RES,RES,BP2,BPD,RSH2,RSH1,RMT1,RMN,MCF/LWAL/CDL/H:2/BP2/RSH2+RMT1/RES,"https://www.google.com/maps/@?api=1&map_action=pano&viewpoint=38.69670839,-9.21711932&heading=89.18010032173169&pitch=5&fov=120"
896,3e9759ae-8a91-4eee-967c-e0f6551201fb,38.70170328,-9.206186936,Portugal,Lisbon,CR,CR,LFM,LFM,CDH,CDN,4,5,RES,RES,BP2,BP1,RSH1,RSH1,RMN,RMN,CR/LFM/CDH/H:4/BP2/RSH1+RMN/RES,"https://www.google.com/maps/@?api=1&map_action=pano&viewpoint=38.70170328,-9.20618694&heading=48.06089104573101&pitch=5&fov=120"
897,4c68e67b-419f-4c68-b444-c71bf5ec76f8,38.69794405,-9.215264531,Portugal,Lisbon,MCF,,LWAL,,CDM,,2,,RES,,BP2,,RSH2,,RMT1,,MCF/LWAL/CDM/H:2/BP2/RSH2+RMT1/RES,"https://www.google.com/maps/@?api=1&map_action=pano&viewpoint=38.69794405,-9.21526453&heading=249.97588298669677&pitch=5&fov=120"
898,4970e136-98a5-4396-9459-ced656ba2f64,38.70225807,-9.202934086,Portugal,Lisbon,CR,MUR,LFINF,LWAL,CDN,CDN,3,3,RES,MIX(RES;COM),BP2,BP2,RSH2,RSH2,RMT1,RMT1,CR/LFINF/CDN/H:3/BP2/RSH2+RMT1/RES,"https://www.google.com/maps/@?api=1&map_action=pano&viewpoint=38.70225807,-9.20293409&heading=4.563908880156248&pitch=5&fov=120"
899,1a0091ef-9fa9-400d-99ef-e05911e8c81d,38.69621582,-9.213168811,Portugal,Lisbon,CR,MUR,LFINF,LWAL,CDM,CDL,5,4,RES,RES,BP1,BP1,RSH1,RSH2,RMN,RMT1,CR/LFINF/CDM/H:5/BP1/RSH1+RMN/RES,"https://www.google.com/maps/@?api=1&map_action=pano&viewpoint=38.69621582,-9.21316881&heading=146.25525228750126&pitch=5&fov=120"
900,72f3e165-97a1-4b2d-b4c5-fe5f21807705,38.69903341,-9.219305058,Portugal,Lisbon,MUR,,LWAL,,CDM,,2,,RES,,BP2,,RSH3,,RMT1,,MUR/LWAL/CDM/H:2/BP2/RSH3+RMT1/RES,"https://www.google.com/maps/@?api=1&map_action=pano&viewpoint=38.69903341,-9.21930506&heading=293.1325979549688&pitch=5&fov=120"
901,d280822c-6c07-4e0d-b34d-88340c173d23,38.7015018,-9.20519115,Portugal,Lisbon,MCF,MUR,LWAL,LWAL,CDL,CDN,2,2,RES,RES,BP1,BPD,RSH3,RSH1,RMT1,RMN,MCF/LWAL/CDL/H:2/BP1/RSH3+RMT1/RES,"https://www.google.com/maps/@?api=1&map_action=pano&viewpoint=38.7015018,-9.20519115&heading=170.24153396106874&pitch=5&fov=120"
902,04d206b8-8b32-4e49-b790-07edb89e8018,38.70385424,-9.203385072,Portugal,Lisbon,MUR,MUR,LWAL,LWAL,CDL,CDL,2,2,RES,COM,BP2,BP1,RSH2,RSH2,RMT1,RMT1,MUR/LWAL/CDL/H:2/BP2/RSH2+RMT1/RES,"https://www.google.com/maps/@?api=1&map_action=pano&viewpoint=38.70385424,-9.20338507&heading=162.31782000507246&pitch=5&fov=120"
903,15a18186-b23e-43a4-91ab-208529c5571d,38.69981461,-9.204486566,Portugal,Lisbon,MUR,MCF,LWAL,LWAL,CDL,CDL,1,2,RES,IND,BP2,BPD,RSH2,RSH2,RMT1,RMT1,MUR/LWAL/CDL/H:1/BP2/RSH2+RMT1/RES,"https://www.google.com/maps/@?api=1&map_action=pano&viewpoint=38.69981461,-9.20448657&heading=123.24041591178826&pitch=5&fov=120"
904,bea153a4-dd08-4136-af6b-3b584b83c4ae,38.70406127,-9.203342883,Portugal,Lisbon,CR,MUR,LFINF,LWAL,CDL,CDN,3,2,RES,MIX(RES;COM),BP2,BP1,RSH3,RSH3,RMT1,RMT1,CR/LFINF/CDL/H:3/BP2/RSH3+RMT1/RES,"https://www.google.com/maps/@?api=1&map_action=pano&viewpoint=38.70406127,-9.20334288&heading=342.3178463858214&pitch=5&fov=120"
905,315509e5-f24c-4b9a-9589-4553dc8673b8,38.69823008,-9.217078699,Portugal,Lisbon,MCF,MUR,LWAL,LWAL,CDN,CDN,2,2,RES,RES,BP2,BP2,RSH2,RSH2,RMT1,RMT1,MCF/LWAL/CDN/H:2/BP2/RSH2+RMT1/RES,"https://www.google.com/maps/@?api=1&map_action=pano&viewpoint=38.69823008,-9.2170787&heading=4.617216017106557&pitch=5&fov=120"
906,1e3c982c-550c-4b17-829e-2fb04b2b9da3,38.69898815,-9.219383047,Portugal,Lisbon,MUR,MUR,LWAL,LWAL,CDL,CDL,2,2,RES,RES,BP2,BP1,RSH2,RSH2,RMT1,RMT1,MUR/LWAL/CDL/H:2/BP2/RSH2+RMT1/RES,"https://www.google.com/maps/@?api=1&map_action=pano&viewpoint=38.69898815,-9.21938305&heading=293.132549192268&pitch=5&fov=120"
909,ac473212-86dc-42fc-ad6a-e9b0ac739ef3,38.69722445,-9.203150222,Portugal,Lisbon,MCF,MUR,LWAL,LWAL,CDL,CDL,3,3,COM,COM,BP1,BP1,RSH3,RSH2,RMT1,RMT1,MCF/LWAL/CDL/H:3/BP1/RSH3+RMT1/COM,"https://www.google.com/maps/@?api=1&map_action=pano&viewpoint=38.69722445,-9.20315022&heading=155.83383436524622&pitch=5&fov=120"
911,4a8360ac-fcb0-4377-aa58-59ae150d3dd1,38.69748002,-9.202895815,Portugal,Lisbon,CR,MUR,LFINF,LWAL,CDL,CDL,4,4,RES,RES,BP2,BP1,RSH3,RSH1,RMT1,RMN,CR/LFINF/CDL/H:4/BP2/RSH3+RMT1/RES,"https://www.google.com/maps/@?api=1&map_action=pano&viewpoint=38.69748002,-9.20289582&heading=334.1678205084153&pitch=5&fov=120"
913,79c79b9a-ae93-46cc-9aec-a06c87e306e2,38.70368775,-9.203449369,Portugal,Lisbon,MUR,MUR,LWAL,LWAL,CDN,CDN,1,1,RES,COM,BP2,BP3,RSH2,RSH2,RMT1,RMT1,MUR/LWAL/CDN/H:1/BP2/RSH2+RMT1/RES,"https://www.google.com/maps/@?api=1&map_action=pano&viewpoint=38.70368775,-9.20344937&heading=347.8585093023546&pitch=5&fov=120"
914,d71fd22a-65f3-4fb5-b6d8-e396fcec34a6,38.69962217,-9.193327846,Portugal,Lisbon,CR,MCF,LFM,LWAL,CDL,CDL,2,2,RES,COM,BP1,BPD,RSH3,RSH5,RMT1,RMT1,CR/LFM/CDL/H:2/BP1/RSH3+RMT1/RES,"https://www.google.com/maps/@?api=1&map_action=pano&viewpoint=38.69962217,-9.19332785&heading=56.1444798400384&pitch=5&fov=120"
915,92932a20-a0db-4a3d-ba28-565152c8f0e5,38.70355532,-9.202603009,Portugal,Lisbon,CR,CR,LFINF,LFM,CDL,CDL,4,5,MIX(RES;COM),MIX(RES;COM),BP2,BP2,RSH3,RSH1,RMT1,RMN,CR/LFINF/CDL/H:4/BP2/RSH3+RMT1/MIX(RES;COM),"https://www.google.com/maps/@?api=1&map_action=pano&viewpoint=38.70355532,-9.20260301&heading=346.4238966128424&pitch=5&fov=120"
917,3a692527-4fb4-4983-b9ef-b99b2d368ce2,38.70013775,-9.2040925,Portugal,Lisbon,MUR,MUR,LWAL,LWAL,CDL,CDL,2,3,RES,RES,BP1,BP1,RSH2,RSH2,RMT1,RMT1,MUR/LWAL/CDL/H:2/BP1/RSH2+RMT1/RES,"https://www.google.com/maps/@?api=1&map_action=pano&viewpoint=38.70013775,-9.2040925&heading=242.98065584363167&pitch=5&fov=120"
918,ed06c4a0-ccfd-4d97-b543-89e2566a1a70,38.70057387,-9.218112359,Portugal,Lisbon,CR,MUR,LFM,LWAL,CDM,CDN,3,1,COM,RES,BPD,BP2,RSH1,RSH1,RMN,RMN,CR/LFM/CDM/H:3/BPD/RSH1+RMN/COM,"https://www.google.com/maps/@?api=1&map_action=pano&viewpoint=38.70057387,-9.21811236&heading=122.38931489410021&pitch=5&fov=120"
922,eb5ca2fc-e023-4ee8-b334-dc69e3a0ff31,38.70082183,-9.20542587,Portugal,Lisbon,MUR,MUR,LWAL,LWAL,CDL,CDN,2,2,RES,RES,BP1,BPD,RSH3,RSH1,RMT1,RMN,MUR/LWAL/CDL/H:2/BP1/RSH3+RMT1/RES,"https://www.google.com/maps/@?api=1&map_action=pano&viewpoint=38.70082183,-9.20542587&heading=347.24321505974575&pitch=5&fov=120"
923,9ebb7428-c0e1-46d9-aba5-1361aeb41057,38.69634097,-9.216538162,Portugal,Lisbon,MCF,MUR,LWAL,LWAL,CDL,CDN,2,2,RES,RES,BP2,BP1,RSH2,RSH1,RMT1,RMN,MCF/LWAL/CDL/H:2/BP2/RSH2+RMT1/RES,"https://www.google.com/maps/@?api=1&map_action=pano&viewpoint=38.69634097,-9.21653816&heading=83.42177270341665&pitch=5&fov=120"
924,bb6829c4-de9e-407e-99e4-60aeab2500ac,38.69965907,-9.205534942,Portugal,Lisbon,MCF,,LWAL,,CDL,,3,,RES,,BP1,,RSH2,,RMT1,,MCF/LWAL/CDL/H:3/BP1/RSH2+RMT1/RES,"https://www.google.com/maps/@?api=1&map_action=pano&viewpoint=38.69965907,-9.20553494&heading=310.53584248664674&pitch=5&fov=120"
925,83d7ed0e-0f7e-4870-a60c-e0e19792f90e,38.7041676,-9.202980745,Portugal,Lisbon,CR,MUR,LFINF,LWAL,CDL,CDN,4,2,RES,MIX(RES;COM),BP2,BP1,RSH3,RSH1,RMT1,RMN,CR/LFINF/CDL/H:4/BP2/RSH3+RMT1/RES,"https://www.google.com/maps/@?api=1&map_action=pano&viewpoint=38.7041676,-9.20298075&heading=67.7443537175626&pitch=5&fov=120"
926,8c4e8bd3-e508-4592-9352-40382d6035ab,38.69463333,-9.21856297,Portugal,Lisbon,CR,MUR,LFINF,LWAL,CDL,CDL,3,1,RES,RES,BP1,BP1,RSH3,RSH2,RMT1,RMT1,CR/LFINF/CDL/H:3/BP1/RSH3+RMT1/RES,"https://www.google.com/maps/@?api=1&map_action=pano&viewpoint=38.69463333,-9.21856297&heading=193.3442236505362&pitch=5&fov=120"
927,b50fffc9-732e-496d-bf5f-553419aaa10e,38.69597897,-9.211512107,Portugal,Lisbon,CR,CR,LFM,LFINF,CDL,CDN,5,4,RES,RES,BP1,BP1,RSH2,RSH1,RMT1,RMN,CR/LFM/CDL/H:5/BP1/RSH2+RMT1/RES,"https://www.google.com/maps/@?api=1&map_action=pano&viewpoint=38.69597897,-9.21151211&heading=309.41179545008345&pitch=5&fov=120"
931,ba8ae25d-fd47-40d2-b2f3-d439640686cd,38.69782495,-9.217455885,Portugal,Lisbon,MCF,MUR,LWAL,LWAL,CDM,CDN,2,2,RES,RES,BP2,BP1,RSH2,RSH3,RMT1,RMT1,MCF/LWAL/CDM/H:2/BP2/RSH2+RMT1/RES,"https://www.google.com/maps/@?api=1&map_action=pano&viewpoint=38.69782495,-9.21745589&heading=95.09927962886218&pitch=5&fov=120"
933,713ea998-dcf7-468b-b21a-9515d4801135,38.69708123,-9.218620817,Portugal,Lisbon,MCF,MUR,LWAL,LWAL,CDL,CDL,2,2,RES,RES,BP1,BPD,RSH2,RSH2,RMT1,RMT1,MCF/LWAL/CDL/H:2/BP1/RSH2+RMT1/RES,"https://www.google.com/maps/@?api=1&map_action=pano&viewpoint=38.69708123,-9.21862082&heading=97.95722274163&pitch=5&fov=120"
934,3f275ef1-5a6d-4ea2-a298-3fc6271a5dbd,38.70043124,-9.219375854,Portugal,Lisbon,MCF,,LWAL,,CDL,,2,,RES,,BP2,,RSH3,,RMT1,,MCF/LWAL/CDL/H:2/BP2/RSH3+RMT1/RES,"https://www.google.com/maps/@?api=1&map_action=pano&viewpoint=38.70043124,-9.21937585&heading=212.12453988869242&pitch=5&fov=120"
936,72727b50-cb3b-4edd-9363-b80ef50658fe,38.70277048,-9.205749112,Portugal,Lisbon,CR,CR,LFINF,LWAL,CDH,CDN,6.0-7.0,5,MIX(RES;COM),RES,BPD,BP2,RSH1,RSH1,RMN,RMN,CR/LFINF/CDH/H:6-7/BPD/RSH1+RMN/MIX(RES;COM),"https://www.google.com/maps/@?api=1&map_action=pano&viewpoint=38.70277048,-9.20574911&heading=307.5763412404774&pitch=5&fov=120"
938,d5307a7e-cb22-47e8-a98d-2a485e26fb0c,38.69846962,-9.220212605,Portugal,Lisbon,MUR,MUR,LWAL,LWAL,CDL,CDL,2,2,RES,RES,BP2,BPD,RSH2,RSH2,RMT1,RMT1,MUR/LWAL/CDL/H:2/BP2/RSH2+RMT1/RES,"https://www.google.com/maps/@?api=1&map_action=pano&viewpoint=38.69846962,-9.2202126&heading=292.42195173303776&pitch=5&fov=120"
940,c9ff9df6-9b9e-4216-83b0-668db37d9620,38.69794656,-9.214832321,Portugal,Lisbon,CR,,LFM,,CDL,,2,,RES,,BPD,,RSH1,,RMN,,CR/LFM/CDL/H:2/BPD/RSH1+RMN/RES,"https://www.google.com/maps/@?api=1&map_action=pano&viewpoint=38.69794656,-9.21483232&heading=69.97615320724162&pitch=5&fov=120"
941,e6cf4253-8d32-4add-872c-377f99896457,38.70247375,-9.21845804,Portugal,Lisbon,CR,,LFM,,CDM,,2,,RES,,BPD,,RSH2,,RMT1,,CR/LFM/CDM/H:2/BPD/RSH2+RMT1/RES,"https://www.google.com/maps/@?api=1&map_action=pano&viewpoint=38.70247375,-9.21845804&heading=300.67264283237466&pitch=5&fov=120"
944,2ef292e6-00a5-4585-a3a3-e2672cb86b5b,38.69921077,-9.218996753,Portugal,Lisbon,MCF,MCF,LWAL,LWAL,CDL,CDL,2,2,RES,RES,BP1,BPD,RSH3,RSH3,RMT1,RMT1,MCF/LWAL/CDL/H:2/BP1/RSH3+RMT1/RES,"https://www.google.com/maps/@?api=1&map_action=pano&viewpoint=38.69921077,-9.21899675&heading=292.8567082011905&pitch=5&fov=120"
945,8460691b-890b-499e-86ac-dda1a7e8cddc,38.70069286,-9.226322051,Portugal,Lisbon,CR,MUR,LFM,LWAL,CDL,CDN,4,4,MIX(RES;COM),RES,BP1,BP2,RSH3,RSH1,RMT1,RMN,CR/LFM/CDL/H:4/BP1/RSH3+RMT1/MIX(RES;COM),"https://www.google.com/maps/@?api=1&map_action=pano&viewpoint=38.70069286,-9.22632205&heading=343.40861091505246&pitch=5&fov=120"
946,c2a95cf2-6e4a-4884-8f2e-b92f3222500c,38.69980019,-9.219757128,Portugal,Lisbon,MCF,W,LWAL,LFINF,CDM,CDH,2,2,RES,IND,BP1,BPD,RSH2,RSH2,RMT1,RMT1,MCF/LWAL/CDM/H:2/BP1/RSH2+RMT1/RES,"https://www.google.com/maps/@?api=1&map_action=pano&viewpoint=38.69980019,-9.21975713&heading=211.9580502709495&pitch=5&fov=120"
948,87709f06-f67d-4b67-bd89-c1d011a60348,38.70146312,-9.205848516,Portugal,Lisbon,MUR,MUR,LWAL,LWAL,CDL,CDL,1,1,RES,RES,BP1,BPD,RSH2,RSH2,RMT1,RMT1,MUR/LWAL/CDL/H:1/BP1/RSH2+RMT1/RES,"https://www.google.com/maps/@?api=1&map_action=pano&viewpoint=38.70146312,-9.20584852&heading=320.00445890362255&pitch=5&fov=120"
952,2c7edf9f-5dc0-4c75-9851-3e2620fba227,38.70105358,-9.203441281,Portugal,Lisbon,MCF,MUR,LWAL,LWAL,CDN,CDL,2,3,RES,RES,BP2,BPD,RSH2,RSH2,RMT1,RMT1,MCF/LWAL/CDN/H:2/BP2/RSH2+RMT1/RES,"https://www.google.com/maps/@?api=1&map_action=pano&viewpoint=38.70105358,-9.20344128&heading=79.02047371867263&pitch=5&fov=120"
953,30804dd6-95db-477d-abe8-c9304561853c,38.70002618,-9.20442559,Portugal,Lisbon,MCF,MUR,LWAL,LWAL,CDL,CDL,2,2,RES,RES,BP2,BP1,RSH2,RSH2,RMT1,RMT1,MCF/LWAL/CDL/H:2/BP2/RSH2+RMT1/RES,"https://www.google.com/maps/@?api=1&map_action=pano&viewpoint=38.70002618,-9.20442559&heading=304.69962557923157&pitch=5&fov=120"
954,244b01e0-8bc1-4da1-b611-1b7ec3d90239,38.69477427,-9.217563986,Portugal,Lisbon,MUR,MUR,LWAL,LWAL,CDN,CDN,1,1,COM,COM,BP2,BP1,RSH2,RSH2,RMT6,RMT1,MUR/LWAL/CDN/H:1/BP2/RSH2+RMT6/COM,"https://www.google.com/maps/@?api=1&map_action=pano&viewpoint=38.69477427,-9.21756399&heading=259.92812176019993&pitch=5&fov=120"
957,fdeecf4d-583f-4a95-a45d-053f3aded45c,38.6997537,-9.2041392,Portugal,Lisbon,MUR,MUR,LWAL,LWAL,CDL,CDN,2,2,RES,RES,BP1,BPD,RSH2,RSH2,RMT1,RMT1,MUR/LWAL/CDL/H:2/BP1/RSH2+RMT1/RES,"https://www.google.com/maps/@?api=1&map_action=pano&viewpoint=38.6997537,-9.2041392&heading=241.75116712514472&pitch=5&fov=120"
959,9cf6cad3-9b8a-47fe-90dc-7a9437636f49,38.69775442,-9.217134234,Portugal,Lisbon,MUR,MUR,LWAL,LWAL,CDL,CDL,2,2,RES,RES,BP2,BP1,RSH2,RSH2,RMT1,RMT1,MUR/LWAL/CDL/H:2/BP2/RSH2+RMT1/RES,"https://www.google.com/maps/@?api=1&map_action=pano&viewpoint=38.69775442,-9.21713423&heading=92.9782728173044&pitch=5&fov=120"
960,f1589be4-f937-420a-b345-9821c2a9fadb,38.6994991,-9.21668715,Portugal,Lisbon,CR,,LFM,,CDL,,2,,RES,,BPD,,RSH3,,RMT1,,CR/LFM/CDL/H:2/BPD/RSH3+RMT1/RES,"https://www.google.com/maps/@?api=1&map_action=pano&viewpoint=38.6994991,-9.21668715&heading=104.06271055238471&pitch=5&fov=120"
961,20e998a9-1af3-48c8-9d69-756ff46e39e6,38.69686318,-9.21555527,Portugal,Lisbon,MCF,MUR,LWAL,LWAL,CDL,CDL,2,2,RES,RES,BP2,BP2,RSH2,RSH1,RMT1,RMN,MCF/LWAL/CDL/H:2/BP2/RSH2+RMT1/RES,"https://www.google.com/maps/@?api=1&map_action=pano&viewpoint=38.69686318,-9.21555527&heading=78.25888137659564&pitch=5&fov=120"
963,e4baae98-072c-4989-b6da-da1e79de8c09,38.69721377,-9.215395441,Portugal,Lisbon,MCF,MUR,LWAL,LWAL,CDL,CDL,2,2,RES,RES,BP2,BP1,RSH2,RSH2,RMT1,RMT1,MCF/LWAL/CDL/H:2/BP2/RSH2+RMT1/RES,"https://www.google.com/maps/@?api=1&map_action=pano&viewpoint=38.69721377,-9.21539544&heading=77.40620469034138&pitch=5&fov=120"
964,abcae787-82f9-4abc-b082-70422095321f,38.69781283,-9.196968181,Portugal,Lisbon,CR,MUR,LFINF,LWAL,CDL,CDL,3,3,RES,RES,BP2,BP1,RSH3,RSH1,RMT1,RMN,CR/LFINF/CDL/H:3/BP2/RSH3+RMT1/RES,"https://www.google.com/maps/@?api=1&map_action=pano&viewpoint=38.69781283,-9.19696818&heading=147.70958011991974&pitch=5&fov=120"
966,cb0a1326-1347-4a66-bb81-0be09e078b97,38.69740318,-9.216318808,Portugal,Lisbon,CR,,LFM,,CDM,,2,,RES,,BPD,,RSH3,,RMT1,,CR/LFM/CDM/H:2/BPD/RSH3+RMT1/RES,"https://www.google.com/maps/@?api=1&map_action=pano&viewpoint=38.69740318,-9.21631881&heading=85.41021357457731&pitch=5&fov=120"
967,1066c1cb-903e-480d-b5ae-d37916d01564,38.69715025,-9.202441654,Portugal,Lisbon,CR,MR,LFINF,LWAL,CDM,CDN,3,3,MIX(RES;COM),MIX(RES;COM),BP2,BP1,RSH2,RSH1,RMT1,RMN,CR/LFINF/CDM/H:3/BP2/RSH2+RMT1/MIX(RES;COM),"https://www.google.com/maps/@?api=1&map_action=pano&viewpoint=38.69715025,-9.20244165&heading=155.13918290272846&pitch=5&fov=120"
968,6d72bd78-5f11-4a44-9762-6d8265d900a1,38.70052825,-9.199644872,Portugal,Lisbon,CR,MUR,LFM,LWAL,CDM,CDN,3,3,RES,RES,BPD,BP1,RSH3,RSH2,RMT1,RMT1,CR/LFM/CDM/H:3/BPD/RSH3+RMT1/RES,"https://www.google.com/maps/@?api=1&map_action=pano&viewpoint=38.70052825,-9.19964487&heading=63.30956560254242&pitch=5&fov=120"
969,d0a4ca6e-6165-4910-bd95-29d1e723076c,38.70120286,-9.204548696,Portugal,Lisbon,CR,MCF,LFM,LWAL,CDM,CDM,3,4,RES,RES,BP1,BP1,RSH1,RSH1,RMN,RMN,CR/LFM/CDM/H:3/BP1/RSH1+RMN/RES,"https://www.google.com/maps/@?api=1&map_action=pano&viewpoint=38.70120286,-9.2045487&heading=357.5859129183267&pitch=5&fov=120"
970,5a0ca746-dac1-4232-8094-d2fe7ced26a4,38.69945028,-9.226182921,Portugal,Lisbon,CR,MUR,LFINF,LWAL,CDL,CDL,4,5,MIX(RES;COM),MIX(RES;COM),BP2,BP1,RSH2,RSH2,RMT1,RMT1,CR/LFINF/CDL/H:4/BP2/RSH2+RMT1/MIX(RES;COM),"https://www.google.com/maps/@?api=1&map_action=pano&viewpoint=38.69945028,-9.22618292&heading=182.46941454239573&pitch=5&fov=120"
971,87a2c17a-0195-4aa2-b85a-f5b5ae484760,38.69764813,-9.195327232,Portugal,Lisbon,CR,MUR,LFINF,LWAL,CDL,CDN,4,3,RES,RES,BP2,BP1,RSH2,RSH1,RMT1,RMN,CR/LFINF/CDL/H:4/BP2/RSH2+RMT1/RES,"https://www.google.com/maps/@?api=1&map_action=pano&viewpoint=38.69764813,-9.19532723&heading=325.7657211103174&pitch=5&fov=120"
976,e0ca9a4d-c3cd-4115-9596-698bf16b3ff6,38.69818635,-9.197865532,Portugal,Lisbon,MUR,MUR,LWAL,LWAL,CDN,CDN,1,1,RES,RES,BP2,BPD,RSH2,RSH2,RMT1,RMT1,MUR/LWAL/CDN/H:1/BP2/RSH2+RMT1/RES,"https://www.google.com/maps/@?api=1&map_action=pano&viewpoint=38.69818635,-9.19786553&heading=328.7718964869339&pitch=5&fov=120"
977,97ffb3f2-0531-4723-bc5f-1591406530f0,38.70140841,-9.196784909,Portugal,Lisbon,MCF,MUR,LWAL,LWAL,CDL,CDN,2,2,RES,COM,BP2,BP2,RSH2,RSH2,RMT1,RMT1,MCF/LWAL/CDL/H:2/BP2/RSH2+RMT1/RES,"https://www.google.com/maps/@?api=1&map_action=pano&viewpoint=38.70140841,-9.19678491&heading=218.59642909236464&pitch=5&fov=120"
978,c336ee4d-4ebc-4487-a076-0f52f6a56322,38.69767982,-9.218444558,Portugal,Lisbon,MUR,MUR,LWAL,LWAL,CDL,CDL,2,2,RES,RES,BP2,BPD,RSH2,RSH2,RMT1,RMT1,MUR/LWAL/CDL/H:2/BP2/RSH2+RMT1/RES,"https://www.google.com/maps/@?api=1&map_action=pano&viewpoint=38.69767982,-9.21844456&heading=101.858347522901&pitch=5&fov=120"
979,8dc4d274-4ca5-4437-933a-c5e04269eba7,38.70444853,-9.20333372,Portugal,Lisbon,MUR,,LWAL,,CDN,,2,,COM,,BP2,,RSH2,,RMT1,,MUR/LWAL/CDN/H:2/BP2/RSH2+RMT1/COM,"https://www.google.com/maps/@?api=1&map_action=pano&viewpoint=38.70444853,-9.20333372&heading=337.3281485467945&pitch=5&fov=120"
980,66ffda56-8e16-48af-87bd-5eaf36ac4600,38.69950109,-9.204149832,Portugal,Lisbon,CR,MUR,LFM,LWAL,CDM,CDL,2,2,RES,RES,BPD,BPD,RSH3,RSH3,RMT1,RMT1,CR/LFM/CDM/H:2/BPD/RSH3+RMT1/RES,"https://www.google.com/maps/@?api=1&map_action=pano&viewpoint=38.69950109,-9.20414983&heading=242.90187889416734&pitch=5&fov=120"
983,06cfb241-df86-400a-acf4-631d28ed63ea,38.69707142,-9.215798528,Portugal,Lisbon,MCF,MUR,LWAL,LWAL,CDL,CDN,2,2,RES,RES,BP2,BP1,RSH2,RSH1,RMT1,RMN,MCF/LWAL/CDL/H:2/BP2/RSH2+RMT1/RES,"https://www.google.com/maps/@?api=1&map_action=pano&viewpoint=38.69707142,-9.21579853&heading=80.41036183946238&pitch=5&fov=120"
985,f4aa7a71-d91a-4d58-a91b-5653e7c67473,38.69731556,-9.192824781,Portugal,Lisbon,MUR,MUR,LWAL,LWAL,CDL,CDL,2,2,RES,RES,BP2,BP1,RSH2,RSH1,RMT1,RMN,MUR/LWAL/CDL/H:2/BP2/RSH2+RMT1/RES,"https://www.google.com/maps/@?api=1&map_action=pano&viewpoint=38.69731556,-9.19282478&heading=323.30458468682696&pitch=5&fov=120"
986,4a518992-ddc2-4018-aec8-7c19e4bf8a68,38.70143575,-9.205575906,Portugal,Lisbon,MUR,MUR,LWAL,LWAL,CDL,CDL,1,1,RES,COM,BP1,BPD,RSH2,RSH2,RMT1,RMT1,MUR/LWAL/CDL/H:1/BP1/RSH2+RMT1/RES,"https://www.google.com/maps/@?api=1&map_action=pano&viewpoint=38.70143575,-9.20557591&heading=348.0688860897003&pitch=5&fov=120"
987,99cec44f-ce78-4a85-9071-c4201138b387,38.70109083,-9.204073358,Portugal,Lisbon,CR,MCF,LFM,LWAL,CDM,CDN,3,3,RES,RES,BP2,BP2,RSH1,RSH1,RMN,RMN,CR/LFM/CDM/H:3/BP2/RSH1+RMN/RES,"https://www.google.com/maps/@?api=1&map_action=pano&viewpoint=38.70109083,-9.20407336&heading=334.904573436463&pitch=5&fov=120"
992,2b7ecaac-a2e4-4a38-9016-59c5d6a92491,38.69870547,-9.219830611,Portugal,Lisbon,MCF,,LWAL,,CDL,,2,,RES,,BP2,,RSH2,,RMT1,,MCF/LWAL/CDL/H:2/BP2/RSH2+RMT1/RES,"https://www.google.com/maps/@?api=1&map_action=pano&viewpoint=38.69870547,-9.21983061&heading=291.25598199617093&pitch=5&fov=120"
994,e553e812-505a-4f49-9a08-a519d39462f8,38.70077402,-9.203461146,Portugal,Lisbon,MUR,,LWAL,,CDL,,1,,RES,,BP1,,RSH2,,RMT1,,MUR/LWAL/CDL/H:1/BP1/RSH2+RMT1/RES,"https://www.google.com/maps/@?api=1&map_action=pano&viewpoint=38.70077402,-9.20346115&heading=79.02046129128712&pitch=5&fov=120"
995,b22616d3-814e-446a-bb2e-19a2e5122a50,38.6978027,-9.193516531,Portugal,Lisbon,MCF,MCF,LWAL,LWAL,CDL,CDL,3,3,RES,COM,BP2,BP1,RSH3,RSH1,RMT1,RMN,MCF/LWAL/CDL/H:3/BP2/RSH3+RMT1/RES,"https://www.google.com/maps/@?api=1&map_action=pano&viewpoint=38.6978027,-9.19351653&heading=91.13474388388812&pitch=5&fov=120"
996,3f6521e1-03b8-4a33-a4ff-ac9ff7e68e8a,38.69516527,-9.21552593,Portugal,Lisbon,CR,MUR,LFINF,LWAL,CDL,CDL,4,3,RES,RES,BP2,BP1,RSH3,RSH1,RMT1,RMN,CR/LFINF/CDL/H:4/BP2/RSH3+RMT1/RES,"https://www.google.com/maps/@?api=1&map_action=pano&viewpoint=38.69516527,-9.21552593&heading=333.01330359878534&pitch=5&fov=120"
1001,0191886f-a6ef-4cf3-aee2-acf62f2a460f,38.70419813,-9.202567554,Portugal,Lisbon,MCF,MUR,LWAL,LWAL,CDL,CDL,3,3,RES,MIX(RES;COM),BP1,BP2,RSH2,RSH1,RMT1,RMN,MCF/LWAL/CDL/H:3/BP1/RSH2+RMT1/RES,"https://www.google.com/maps/@?api=1&map_action=pano&viewpoint=38.70419813,-9.20256755&heading=242.29262436339724&pitch=5&fov=120"
1002,2f3471b5-32b3-414b-8b37-5ab3eb4075f1,38.69723671,-9.216061954,Portugal,Lisbon,MCF,MCF,LWAL,LWAL,CDL,CDM,2,2,RES,RES,BP2,BPD,RSH2,RSH5,RMT1,RMT1,MCF/LWAL/CDL/H:2/BP2/RSH2+RMT1/RES,"https://www.google.com/maps/@?api=1&map_action=pano&viewpoint=38.69723671,-9.21606195&heading=83.03314051343557&pitch=5&fov=120"
1004,cbc408d8-c7bd-4790-bea6-e90e343ba954,38.69759544,-9.196093473,Portugal,Lisbon,CR,CR,LFM,LFINF,CDL,CDL,3,3,MIX(RES;COM),MIX(RES;COM),BP2,BP2,RSH3,RSH1,RMT1,RMN,CR/LFM/CDL/H:3/BP2/RSH3+RMT1/MIX(RES;COM),"https://www.google.com/maps/@?api=1&map_action=pano&viewpoint=38.69759544,-9.19609347&heading=326.89788660333977&pitch=5&fov=120"
1005,175dd709-4fa2-44b6-a9d8-706a7995c597,38.70129223,-9.219837349,Portugal,Lisbon,CR,,LFM,,CDH,,2,,RES,,BPD,,RSH1,,RMN,,CR/LFM/CDH/H:2/BPD/RSH1+RMN/RES,"https://www.google.com/maps/@?api=1&map_action=pano&viewpoint=38.70129223,-9.21983735&heading=121.93515094610188&pitch=5&fov=120"
1007,9f0ccb93-55d8-4270-a35f-93e2769704f2,38.6931431,-9.22084068,Portugal,Lisbon,CR,CR,LFM,LFINF,CDH,CDN,1,1,COM,COM,BPD,BPD,RSH1,RSH7,RMT6,RMT6,CR/LFM/CDH/H:1/BPD/RSH1+RMT6/COM,"https://www.google.com/maps/@?api=1&map_action=pano&viewpoint=38.6931431,-9.22084068&heading=141.34573215293682&pitch=5&fov=120"
1008,12a9e6a4-5308-4677-b6b2-0a3b48e23666,38.69958486,-9.218002664,Portugal,Lisbon,CR,MUR,LFINF,LWAL,CDL,CDL,2,3,RES,RES,BPD,BP1,RSH3,RSH2,RMT1,RMT1,CR/LFINF/CDL/H:2/BPD/RSH3+RMT1/RES,"https://www.google.com/maps/@?api=1&map_action=pano&viewpoint=38.69958486,-9.21800266&heading=201.55124545220986&pitch=5&fov=120"
1009,993e40f3-e1cd-4972-9045-32a65656d789,38.69491139,-9.219298579,Portugal,Lisbon,CR,MCF,LFINF,LWAL,CDM,CDM,3,4,RES,RES,BP1,BP2,RSH1,RSH1,RMN,RMN,CR/LFINF/CDM/H:3/BP1/RSH1+RMN/RES,"https://www.google.com/maps/@?api=1&map_action=pano&viewpoint=38.69491139,-9.21929858&heading=0.6465668653509056&pitch=5&fov=120"
1011,2d3c8e13-96b5-40f8-b59c-1fb003c3f8a3,38.69757174,-9.196382326,Portugal,Lisbon,CR,MUR,LFINF,LWAL,CDL,CDN,3,3,MIX(RES;COM),MIX(RES;COM),BP2,BP2,RSH2,RSH1,RMT1,RMN,CR/LFINF/CDL/H:3/BP2/RSH2+RMT1/MIX(RES;COM),"https://www.google.com/maps/@?api=1&map_action=pano&viewpoint=38.69757174,-9.19638233&heading=325.2530446190094&pitch=5&fov=120"
1013,cd835cd5-8f0c-4b53-a692-fb5640705552,38.70069675,-9.217032112,Portugal,Lisbon,MUR,,LWAL,,CDN,,2,,RES,,BP2,,RSH1,,RMN,,MUR/LWAL/CDN/H:2/BP2/RSH1+RMN/RES,"https://www.google.com/maps/@?api=1&map_action=pano&viewpoint=38.70069675,-9.21703211&heading=344.28806713473&pitch=5&fov=120"
1014,eb53dd90-a2bc-4db8-95d8-6cdd851398a4,38.69870145,-9.203949364,Portugal,Lisbon,MUR,MUR,LWAL,LWAL,CDL,CDL,2,3,RES,RES,BPD,BP1,RSH3,RSH3,RMT1,RMT1,MUR/LWAL/CDL/H:2/BPD/RSH3+RMT1/RES,"https://www.google.com/maps/@?api=1&map_action=pano&viewpoint=38.69870145,-9.20394936&heading=258.8532905924268&pitch=5&fov=120"
1016,4a00f9fd-4118-42d5-aede-b8b13ae75313,38.70256024,-9.205950733,Portugal,Lisbon,CR,CR,LFM,LFINF,CDH,CDH,5,4,MIX(RES;COM),RES,BPD,BP1,RSH1,RSH1,RMN,RMN,CR/LFM/CDH/H:5/BPD/RSH1+RMN/MIX(RES;COM),"https://www.google.com/maps/@?api=1&map_action=pano&viewpoint=38.70256024,-9.20595073&heading=294.70318554253043&pitch=5&fov=120"
1017,f462c0b7-34b6-4963-9d30-be61537bb6e1,38.7002841,-9.204776529,Portugal,Lisbon,MCF,MUR,LWAL,LWAL,CDL,CDL,3,3,RES,RES,BP1,BP1,RSH2,RSH1,RMT1,RMN,MCF/LWAL/CDL/H:3/BP1/RSH2+RMT1/RES,"https://www.google.com/maps/@?api=1&map_action=pano&viewpoint=38.7002841,-9.20477653&heading=302.4220806048212&pitch=5&fov=120"
1018,2e17652c-6ac7-4290-a430-290b377173c1,38.69946953,-9.204386652,Portugal,Lisbon,MUR,MUR,LWAL,LWAL,CDL,CDL,2,2,RES,RES,BP1,BP1,RSH3,RSH1,RMT1,RMN,MUR/LWAL/CDL/H:2/BP1/RSH3+RMT1/RES,"https://www.google.com/maps/@?api=1&map_action=pano&viewpoint=38.69946953,-9.20438665&heading=124.86958697576529&pitch=5&fov=120"
1023,ffbdec13-a299-4a27-ba12-6d7c8fdb27c0,38.7015548,-9.20388997,Portugal,Lisbon,MUR,MUR,LWAL,LWAL,CDN,CDL,2,2,RES,RES,BP1,BPD,RSH2,RSH2,RMT1,RMT1,MUR/LWAL/CDN/H:2/BP1/RSH2+RMT1/RES,"https://www.google.com/maps/@?api=1&map_action=pano&viewpoint=38.7015548,-9.20388997&heading=351.2984672390892&pitch=5&fov=120"
1024,d9454d6f-685f-46e1-bcc5-a4b26abd3739,38.69883188,-9.201588258,Portugal,Lisbon,CR,CR,LFM,LFINF,CDN,CDN,1,1,COM,COM,BPD,BP3,RSH3,RSH1,RMT1,RMN,CR/LFM/CDN/H:1/BPD/RSH3+RMT1/COM,"https://www.google.com/maps/@?api=1&map_action=pano&viewpoint=38.69883188,-9.20158826&heading=150&pitch=5&fov=120"
1026,cbf29557-0411-4a7f-b0e0-8d0af774262d,38.70032156,-9.204092274,Portugal,Lisbon,MUR,MUR,LWAL,LWAL,CDN,CDL,2,2,RES,RES,BP1,BP1,RSH2,RSH2,RMT1,RMT1,MUR/LWAL/CDN/H:2/BP1/RSH2+RMT1/RES,"https://www.google.com/maps/@?api=1&map_action=pano&viewpoint=38.70032156,-9.20409227&heading=242.98065598896864&pitch=5&fov=120"
1027,6431d15a-28e1-4127-a2fc-a6ba2a247458,38.70078124,-9.220044864,Portugal,Lisbon,MUR,MUR,LWAL,LWAL,CDL,CDN,2,2,RES,RES,BPD,BP1,RSH3,RSH2,RMT1,RMT1,MUR/LWAL/CDL/H:2/BPD/RSH3+RMT1/RES,"https://www.google.com/maps/@?api=1&map_action=pano&viewpoint=38.70078124,-9.22004486&heading=302.3703034817122&pitch=5&fov=120"
1029,9bf35bbe-95d9-470e-9bae-c022d9de2eec,38.69764328,-9.194831207,Portugal,Lisbon,MCF,MCF,LWAL,LWAL,CDM,CDM,2,1,RES,IND,BP1,BP1,RSH2,RSH5,RMT1,RMT1,MCF/LWAL/CDM/H:2/BP1/RSH2+RMT1/RES,"https://www.google.com/maps/@?api=1&map_action=pano&viewpoint=38.69764328,-9.19483121&heading=134.24376125761728&pitch=5&fov=120"
1033,957330a0-9b21-4e77-a351-4c57d78ae301,38.69518304,-9.219311597,Portugal,Lisbon,MUR,MUR,LWAL,LWAL,CDN,CDN,1,1,RES,RES,BP1,BPD,RSH2,RSH2,RMT1,RMT1,MUR/LWAL/CDN/H:1/BP1/RSH2+RMT1/RES,"https://www.google.com/maps/@?api=1&map_action=pano&viewpoint=38.69518304,-9.2193116&heading=82.8234536042354&pitch=5&fov=120"
1036,bd22ed81-efeb-49f1-a8ea-c74cbe319bf6,38.69951044,-9.204735001,Portugal,Lisbon,MUR,MCF,LWAL,LWAL,CDL,CDL,1,2,RES,RES,BP2,BP2,RSH2,RSH3,RMT1,RMT1,MUR/LWAL/CDL/H:1/BP2/RSH2+RMT1/RES,"https://www.google.com/maps/@?api=1&map_action=pano&viewpoint=38.69951044,-9.204735&heading=302.0849052236159&pitch=5&fov=120"
1037,25b63851-033d-437f-8bb0-84c4c34adbb2,38.69940817,-9.219169036,Portugal,Lisbon,MUR,,LWAL,,CDL,,2,,RES,,BP2,,RSH2,,RMT1,,MUR/LWAL/CDL/H:2/BP2/RSH2+RMT1/RES,"https://www.google.com/maps/@?api=1&map_action=pano&viewpoint=38.69940817,-9.21916904&heading=293.56453305315085&pitch=5&fov=120"
1038,fd726bfd-40a0-4ad1-bb3e-3ad46595d5bc,38.69842132,-9.194273946,Portugal,Lisbon,MCF,MUR,LWAL,LWAL,CDL,CDL,2,1,RES,COM,BP1,BP2,RSH3,RSH1,RMT1,RMN,MCF/LWAL/CDL/H:2/BP1/RSH3+RMT1/RES,"https://www.google.com/maps/@?api=1&map_action=pano&viewpoint=38.69842132,-9.19427395&heading=224.80292332854168&pitch=5&fov=120"
1040,27801b92-b45b-4615-999c-dab08b041b5e,38.70316796,-9.203285964,Portugal,Lisbon,CR,CR,LFINF,LFM,CDL,CDN,4,4,RES,MIX(RES;COM),BP2,BP1,RSH2,RSH1,RMT1,RMN,CR/LFINF/CDL/H:4/BP2/RSH2+RMT1/RES,"https://www.google.com/maps/@?api=1&map_action=pano&viewpoint=38.70316796,-9.20328596&heading=329.4497559553347&pitch=5&fov=120"
1042,af91066c-6001-4e58-b962-1bf3bc8f31ae,38.69726108,-9.218420436,Portugal,Lisbon,MCF,,LWAL,,CDL,,2,,RES,,BP2,,RSH2,,RMT1,,MCF/LWAL/CDL/H:2/BP2/RSH2+RMT1/RES,"https://www.google.com/maps/@?api=1&map_action=pano&viewpoint=38.69726108,-9.21842044&heading=97.86838768119412&pitch=5&fov=120"
1043,1c6e1f83-d77a-4c05-8d33-25db9d17a81e,38.6971357,-9.216477051,Portugal,Lisbon,MUR,MUR,LWAL,LWAL,CDN,CDL,2,2,RES,RES,BP2,BP1,RSH2,RSH1,RMT1,RMN,MUR/LWAL/CDN/H:2/BP2/RSH2+RMT1/RES,"https://www.google.com/maps/@?api=1&map_action=pano&viewpoint=38.6971357,-9.21647705&heading=85.41011463747373&pitch=5&fov=120"
1044,2a72cb83-27a5-4b85-a098-474fba3d20f9,38.70198513,-9.220700101,Portugal,Lisbon,CR,,LFM,,CDL,,2,,RES,,BPD,,RSH2,,RMT1,,CR/LFM/CDL/H:2/BPD/RSH2+RMT1/RES,"https://www.google.com/maps/@?api=1&map_action=pano&viewpoint=38.70198513,-9.2207001&heading=121.9901970716403&pitch=5&fov=120"
1045,1dee0b57-ed18-41bc-94cb-cb9503827f6a,38.70088785,-9.219769184,Portugal,Lisbon,MUR,MUR,LWAL,LWAL,CDL,CDN,2,2,RES,RES,BPD,BP1,RSH3,RSH1,RMT1,RMN,MUR/LWAL/CDL/H:2/BPD/RSH3+RMT1/RES,"https://www.google.com/maps/@?api=1&map_action=pano&viewpoint=38.70088785,-9.21976918&heading=302.12881052364366&pitch=5&fov=120"
1047,a0bc3b3f-ef5f-4a6c-81fa-1e52cec1a6a7,38.69613385,-9.2173715,Portugal,Lisbon,CR,MUR,LFINF,LWAL,CDM,CDL,2,2,RES,RES,BPD,BPD,RSH3,RSH1,RMT1,RMN,CR/LFINF/CDM/H:2/BPD/RSH3+RMT1/RES,"https://www.google.com/maps/@?api=1&map_action=pano&viewpoint=38.69613385,-9.2173715&heading=176.13912417527462&pitch=5&fov=120"
1048,5028eca3-5b2e-40ce-8eb3-5c1a9a0e6255,38.69740012,-9.195565216,Portugal,Lisbon,MUR,MUR,LWAL,LWAL,CDN,CDN,1,1,COM,COM,BPD,BP1,RSH2,RSH2,RMT1,RMT1,MUR/LWAL/CDN/H:1/BPD/RSH2+RMT1/COM,"https://www.google.com/maps/@?api=1&map_action=pano&viewpoint=38.69740012,-9.19556522&heading=144.8729910975565&pitch=5&fov=120"
1049,a3e9f489-10c3-47d8-a662-14222fde9fd0,38.69429433,-9.213196022,Portugal,Lisbon,CR,,LFINF,,CDH,,3,,RES,,BP1,,RSH3,,RMT1,,CR/LFINF/CDH/H:3/BP1/RSH3+RMT1/RES,"https://www.google.com/maps/@?api=1&map_action=pano&viewpoint=38.69429433,-9.21319602&heading=244.98968032581496&pitch=5&fov=120"
1050,14bd130d-dad5-4a3e-aa9c-5c23383768a5,38.6969237,-9.21188175,Portugal,Lisbon,CR,CR,LFM,LFINF,CDH,CDM,5,5,RES,RES,BPD,BP1,RSH1,RSH3,RMN,RMT1,CR/LFM/CDH/H:5/BPD/RSH1+RMN/RES,"https://www.google.com/maps/@?api=1&map_action=pano&viewpoint=38.6969237,-9.21188175&heading=62.83637425843631&pitch=5&fov=120"
1051,ab946902-a93b-43a8-8bf7-24d959ff05c5,38.6969328,-9.215504797,Portugal,Lisbon,MCF,MUR,LWAL,LWAL,CDL,CDN,2,2,RES,RES,BP2,BP1,RSH2,RSH2,RMT1,RMT1,MCF/LWAL/CDL/H:2/BP2/RSH2+RMT1/RES,"https://www.google.com/maps/@?api=1&map_action=pano&viewpoint=38.6969328,-9.2155048&heading=78.25891292084964&pitch=5&fov=120"
1053,2183280f-916b-4880-a186-83c5bd8959ca,38.69843964,-9.219688244,Portugal,Lisbon,MUR,MUR,LWAL,LWAL,CDN,CDL,2,3,RES,RES,BP2,BPD,RSH2,RSH2,RMT1,RMT1,MUR/LWAL/CDN/H:2/BP2/RSH2+RMT1/RES,"https://www.google.com/maps/@?api=1&map_action=pano&viewpoint=38.69843964,-9.21968824&heading=289.88361202944805&pitch=5&fov=120"
1054,1f898052-2409-4fbf-a77c-aedf887c7184,38.70053915,-9.203194249,Portugal,Lisbon,MUR,MUR,LWAL,LWAL,CDL,CDL,2,2,RES,RES,BP1,BP2,RSH2,RSH1,RMT1,RMN,MUR/LWAL/CDL/H:2/BP1/RSH2+RMT1/RES,"https://www.google.com/maps/@?api=1&map_action=pano&viewpoint=38.70053915,-9.20319425&heading=256.38913131183676&pitch=5&fov=120"
1056,7b4c10b6-e61d-4e37-90ce-3fe1ac1e60bc,38.69839414,-9.219757471,Portugal,Lisbon,MCF,MUR,LWAL,LWAL,CDN,CDN,2,2,RES,RES,BP2,BP1,RSH2,RSH2,RMT1,RMT1,MCF/LWAL/CDN/H:2/BP2/RSH2+RMT1/RES,"https://www.google.com/maps/@?api=1&map_action=pano&viewpoint=38.69839414,-9.21975747&heading=289.8835687465204&pitch=5&fov=120"
1057,928b32dd-cafc-45fd-a354-48b04c68be8f,38.69761418,-9.195930414,Portugal,Lisbon,MUR,MUR,LWAL,LWAL,CDN,CDN,2,2,MIX(RES;COM),MIX(RES;COM),BP2,BP2,RSH2,RSH1,RMT1,RMN,MUR/LWAL/CDN/H:2/BP2/RSH2+RMT1/MIX(RES;COM),"https://www.google.com/maps/@?api=1&map_action=pano&viewpoint=38.69761418,-9.19593041&heading=326.89798854921196&pitch=5&fov=120"
1058,40c0c2d9-0a49-42a6-a0ad-ad06f6a26f37,38.69819635,-9.204454607,Portugal,Lisbon,CR,MUR,LFM,LWAL,CDM,CDL,4,2,EDU,COM,BPD,BP1,RSH3,RSH1,RMT1,RMN,CR/LFM/CDM/H:4/BPD/RSH3+RMT1/EDU,"https://www.google.com/maps/@?api=1&map_action=pano&viewpoint=38.69819635,-9.20445461&heading=322.7749722806418&pitch=5&fov=120"
1060,2e3a2adb-6692-468f-a0c7-36f659de1f3a,38.69892739,-9.218957522,Portugal,Lisbon,MCF,MUR,LWAL,LWAL,CDL,CDL,2,2,RES,RES,BP2,BPD,RSH2,RSH2,RMT1,RMT1,MCF/LWAL/CDL/H:2/BP2/RSH2+RMT1/RES,"https://www.google.com/maps/@?api=1&map_action=pano&viewpoint=38.69892739,-9.21895752&heading=288.6330408143809&pitch=5&fov=120"
1061,fc3f724a-fe87-4aab-80bc-97caba69910e,38.7011869,-9.203136444,Portugal,Lisbon,MCF,MUR,LWAL,LWAL,CDL,CDL,2,2,RES,RES,BP1,BP1,RSH3,RSH1,RMT1,RMN,MCF/LWAL/CDL/H:2/BP1/RSH3+RMT1/RES,"https://www.google.com/maps/@?api=1&map_action=pano&viewpoint=38.7011869,-9.20313644&heading=83.97193673837751&pitch=5&fov=120"
1063,8d10b97b-c256-42ae-8f83-5fe19d0f53f8,38.7011116,-9.2060308,Portugal,Lisbon,CR,CR,LFM,LFINF,CDL,CDN,4,5,MIX(RES;COM),MIX(RES;COM),BP2,BP1,RSH3,RSH1,RMT1,RMN,CR/LFM/CDL/H:4/BP2/RSH3+RMT1/MIX(RES;COM),"https://www.google.com/maps/@?api=1&map_action=pano&viewpoint=38.7011116,-9.2060308&heading=48.09799831120904&pitch=5&fov=120"
1064,b9f98fde-b62c-459e-95f4-e819604495b5,38.69751534,-9.218163259,Portugal,Lisbon,MUR,MUR,LWAL,LWAL,CDL,CDL,2,2,RES,RES,BP2,BP1,RSH2,RSH2,RMT1,RMT1,MUR/LWAL/CDL/H:2/BP2/RSH2+RMT1/RES,"https://www.google.com/maps/@?api=1&map_action=pano&viewpoint=38.69751534,-9.21816326&heading=100.09338810319116&pitch=5&fov=120"
1065,64d032fc-bfbc-40f7-b1ba-a184558a9fb8,38.69700064,-9.215473421,Portugal,Lisbon,MUR,MUR,LWAL,LWAL,CDL,CDL,2,2,RES,RES,BP2,BPD,RSH2,RSH1,RMT1,RMN,MUR/LWAL/CDL/H:2/BP2/RSH2+RMT1/RES,"https://www.google.com/maps/@?api=1&map_action=pano&viewpoint=38.69700064,-9.21547342&heading=78.25893253621564&pitch=5&fov=120"
1066,8ca3b739-a8b0-4c96-af3c-799273cc26de,38.69893474,-9.220043605,Portugal,Lisbon,MUR,MUR,LWAL,LWAL,CDL,CDL,2,2,RES,RES,BP2,BPD,RSH2,RSH1,RMT1,RMN,MUR/LWAL/CDL/H:2/BP2/RSH2+RMT1/RES,"https://www.google.com/maps/@?api=1&map_action=pano&viewpoint=38.69893474,-9.2200436&heading=295.2644173779703&pitch=5&fov=120"
1067,3ba83142-e480-49ac-88d5-ad6e1133e656,38.69744039,-9.200490778,Portugal,Lisbon,MCF,,LWAL,,CDL,,2,,GOV,,BPD,,RSH1,,RMN,,MCF/LWAL/CDL/H:2/BPD/RSH1+RMN/GOV,"https://www.google.com/maps/@?api=1&map_action=pano&viewpoint=38.69744039,-9.20049078&heading=317.8881947314262&pitch=5&fov=120"
1068,20857358-b685-4c7e-8d82-527e9538d5b2,38.7034062,-9.2029855,Portugal,Lisbon,CR,CR,LFINF,LFINF,CDN,CDN,4,3,RES,RES,BP2,BP3,RSH3,RSH1,RMT1,RMN,CR/LFINF/CDN/H:4/BP2/RSH3+RMT1/RES,"https://www.google.com/maps/@?api=1&map_action=pano&viewpoint=38.7034062,-9.2029855&heading=168.8358144645768&pitch=5&fov=120"
1069,30ff5b24-53de-4f5c-a08f-dfd473ca4d2b,38.6993656,-9.21984408,Portugal,Lisbon,MUR,MUR,LWAL,LWAL,CDL,CDL,2,2,RES,RES,BP1,BPD,RSH2,RSH2,RMT1,RMT1,MUR/LWAL/CDL/H:2/BP1/RSH2+RMT1/RES,"https://www.google.com/maps/@?api=1&map_action=pano&viewpoint=38.6993656,-9.21984408&heading=297.8473646135661&pitch=5&fov=120"
1070,e4310533-aba4-4143-b1e2-d1a749ea928b,38.6989922,-9.212023645,Portugal,Lisbon,CR,MUR,LFM,LWAL,CDL,CDN,3,1,RES,RES,BPD,BPD,RSH3,RSH1,RMT1,RMN,CR/LFM/CDL/H:3/BPD/RSH3+RMT1/RES,"https://www.google.com/maps/@?api=1&map_action=pano&viewpoint=38.6989922,-9.21202364&heading=217.276365666267&pitch=5&fov=120"
1071,e9f0b20d-a86b-4527-a4e4-ff1ad0f88708,38.69846304,-9.192065833,Portugal,Lisbon,CR,CR,LFM,LFINF,CDL,CDN,3,2,RES,MIX(RES;COM),BP1,BP1,RSH3,RSH1,RMT1,RMN,CR/LFM/CDL/H:3/BP1/RSH3+RMT1/RES,"https://www.google.com/maps/@?api=1&map_action=pano&viewpoint=38.69846304,-9.19206583&heading=204.21631658903982&pitch=5&fov=120"
1073,69a73ab5-14f0-47c2-bc15-4655b91f1068,38.69737865,-9.215981748,Portugal,Lisbon,MUR,MUR,LWAL,LWAL,CDL,CDL,2,3,RES,RES,BP2,BPD,RSH2,RSH2,RMT1,RMT1,MUR/LWAL/CDL/H:2/BP2/RSH2+RMT1/RES,"https://www.google.com/maps/@?api=1&map_action=pano&viewpoint=38.69737865,-9.21598175&heading=82.09249985050644&pitch=5&fov=120"
1075,fcec89a5-93c4-42a2-a677-6a69dec614f3,38.6984674,-9.211699674,Portugal,Lisbon,CR,MUR,LFM,LWAL,CDM,CDL,3,2,GOV,RES,BPD,BPD,RSH3,RSH1,RMT1,RMN,CR/LFM/CDM/H:3/BPD/RSH3+RMT1/GOV,"https://www.google.com/maps/@?api=1&map_action=pano&viewpoint=38.6984674,-9.21169967&heading=216.3701661473989&pitch=5&fov=120"
1076,57f55564-8796-45e5-a1c8-7ea129dae2b6,38.69985281,-9.205429049,Portugal,Lisbon,MUR,MUR,LWAL,LWAL,CDN,CDL,2,2,RES,RES,BP1,BPD,RSH2,RSH2,RMT1,RMT1,MUR/LWAL/CDN/H:2/BP1/RSH2+RMT1/RES,"https://www.google.com/maps/@?api=1&map_action=pano&viewpoint=38.69985281,-9.20542905&heading=213.89387697885763&pitch=5&fov=120"
1079,6126a2a6-2503-484c-b368-484859432a1a,38.69692389,-9.196037556,Portugal,Lisbon,MCF,MUR,LWAL,LWAL,CDL,CDL,3,2,RES,RES,BP1,BP1,RSH2,RSH1,RMT1,RMN,MCF/LWAL/CDL/H:3/BP1/RSH2+RMT1/RES,"https://www.google.com/maps/@?api=1&map_action=pano&viewpoint=38.69692389,-9.19603756&heading=335.384569478665&pitch=5&fov=120"
1081,e2fd9b82-d806-4eb8-b488-3213ea9acecf,38.6957891,-9.219075881,Portugal,Lisbon,CR,,LFINF,,CDM,,4,,MIX(RES;COM),,BP2,,RSH2,,RMT1,,CR/LFINF/CDM/H:4/BP2/RSH2+RMT1/MIX(RES;COM),"https://www.google.com/maps/@?api=1&map_action=pano&viewpoint=38.6957891,-9.21907588&heading=171.32761492518154&pitch=5&fov=120"
1082,4e43855d-6245-41ba-921d-7898683761ac,38.69867803,-9.204299748,Portugal,Lisbon,MCF,MUR,LWAL,LWAL,CDL,CDL,2,2,RES,RES,BPD,BPD,RSH3,RSH2,RMT1,RMT1,MCF/LWAL/CDL/H:2/BPD/RSH3+RMT1/RES,"https://www.google.com/maps/@?api=1&map_action=pano&viewpoint=38.69867803,-9.20429975&heading=124.26343312692762&pitch=5&fov=120"
1084,d3e15d30-9ff8-49c7-a305-d177fce18a5f,38.70016,-9.2085604,Portugal,Lisbon,CR,CR,LFM,LFINF,CDM,CDN,2,2,RES,RES,BPD,BP2,RSH1,RSH1,RMN,RMN,CR/LFM/CDM/H:2/BPD/RSH1+RMN/RES,"https://www.google.com/maps/@?api=1&map_action=pano&viewpoint=38.70016,-9.2085604&heading=220.70725184855735&pitch=5&fov=120"
1085,ebd39c10-7787-4c86-852d-2beceb3f2d98,38.69759948,-9.194220057,Portugal,Lisbon,CR,MUR,LFM,LWAL,CDL,CDN,3,3,MIX(RES;COM),MIX(RES;COM),BP2,BP1,RSH2,RSH1,RMT1,RMN,CR/LFM/CDL/H:3/BP2/RSH2+RMT1/MIX(RES;COM),"https://www.google.com/maps/@?api=1&map_action=pano&viewpoint=38.69759948,-9.19422006&heading=327.79062777975014&pitch=5&fov=120"
1086,44d09661-a9bb-4924-bca1-a747e47bc8ac,38.69693553,-9.217815401,Portugal,Lisbon,MCF,,LWAL,,CDL,,2,,RES,,BP2,,RSH2,,RMT1,,MCF/LWAL/CDL/H:2/BP2/RSH2+RMT1/RES,"https://www.google.com/maps/@?api=1&map_action=pano&viewpoint=38.69693553,-9.2178154&heading=92.78706586109621&pitch=5&fov=120"
1090,cbf160cc-1139-4ade-8aa5-f92d7c1afdff,38.70211653,-9.205492664,Portugal,Lisbon,MUR,,LWAL,,CDN,,2,,IND,,BP1,,RSH2,,RMT1,,MUR/LWAL/CDN/H:2/BP1/RSH2+RMT1/IND,"https://www.google.com/maps/@?api=1&map_action=pano&viewpoint=38.70211653,-9.20549266&heading=319.28691106136716&pitch=5&fov=120"
1092,7c683556-aeb9-46c6-8c94-1c5f3a4af7d1,38.69734371,-9.19372781,Portugal,Lisbon,MCF,MUR,LWAL,LWAL,CDN,CDN,4,2,RES,RES,BP2,BP2,RSH3,RSH1,RMT1,RMN,MCF/LWAL/CDN/H:4/BP2/RSH3+RMT1/RES,"https://www.google.com/maps/@?api=1&map_action=pano&viewpoint=38.69734371,-9.19372781&heading=136.55786342335153&pitch=5&fov=120"
1094,de060a17-147b-4b81-8de6-2c727b435c56,38.6956608,-9.219435653,Portugal,Lisbon,CR,MR,LFINF,LWAL,CDL,CDL,4,5,MIX(RES;COM),MIX(RES;COM),BP2,BP2,RSH2,RSH1,RMT1,RMN,CR/LFINF/CDL/H:4/BP2/RSH2+RMT1/MIX(RES;COM),"https://www.google.com/maps/@?api=1&map_action=pano&viewpoint=38.6956608,-9.21943565&heading=82.12953521063673&pitch=5&fov=120"
1097,9f1932f3-17bf-4e2d-88f9-6ca3001ea334,38.6952118,-9.21373973,Portugal,Lisbon,CR,MUR,LFINF,LWAL,CDL,CDL,4,3,RES,RES,BP2,BP2,RSH1,RSH1,RMN,RMN,CR/LFINF/CDL/H:4/BP2/RSH1+RMN/RES,"https://www.google.com/maps/@?api=1&map_action=pano&viewpoint=38.6952118,-9.21373973&heading=146.08943753289225&pitch=5&fov=120"
1100,dc058a52-6eef-4db6-b13b-aa277cd773e6,38.69719627,-9.223853905,Portugal,Lisbon,CR,MUR,LWAL,LWAL,CDM,CDL,3,3,RES,RES,BPD,BP2,RSH3,RSH1,RMT1,RMN,CR/LWAL/CDM/H:3/BPD/RSH3+RMT1/RES,"https://www.google.com/maps/@?api=1&map_action=pano&viewpoint=38.69719627,-9.2238539&heading=2.0831873053076606&pitch=5&fov=120"
1101,f1f475ef-9bfc-490d-b472-64940a25b4e6,38.69691786,-9.215222107,Portugal,Lisbon,MCF,MUR,LWAL,LWAL,CDL,CDL,2,2,RES,RES,BP2,BPD,RSH2,RSH1,RMT1,RMN,MCF/LWAL/CDL/H:2/BP2/RSH2+RMT1/RES,"https://www.google.com/maps/@?api=1&map_action=pano&viewpoint=38.69691786,-9.21522211&heading=78.25908966017232&pitch=5&fov=120"
1102,8bae7f2f-c3e9-4ff9-8209-d6de90543863,38.7020248,-9.204867792,Portugal,Lisbon,MUR,MUR,LWAL,LWAL,CDN,CDN,1,1,RES,RES,BP2,BPD,RSH2,RSH2,RMT1,RMT1,MUR/LWAL/CDN/H:1/BP2/RSH2+RMT1/RES,"https://www.google.com/maps/@?api=1&map_action=pano&viewpoint=38.7020248,-9.20486779&heading=319.0679567966706&pitch=5&fov=120"
1103,f87eb41a-bed4-4afe-9c5f-0ed21d7336c2,38.6982699,-9.217163732,Portugal,Lisbon,MCF,MUR,LWAL,LWAL,CDL,CDL,2,2,RES,RES,BP1,BP2,RSH3,RSH1,RMT1,RMN,MCF/LWAL/CDL/H:2/BP1/RSH3+RMT1/RES,"https://www.google.com/maps/@?api=1&map_action=pano&viewpoint=38.6982699,-9.21716373&heading=4.617162853887919&pitch=5&fov=120"
1105,259ec925-15e0-46fe-b474-09fa8110d04c,38.69740671,-9.193321763,Portugal,Lisbon,MUR,MUR,LWAL,LWAL,CDN,CDN,2,2,COM,COM,BP2,BP2,RSH2,RSH1,RMT1,RMN,MUR/LWAL/CDN/H:2/BP2/RSH2+RMT1/COM,"https://www.google.com/maps/@?api=1&map_action=pano&viewpoint=38.69740671,-9.19332176&heading=136.5581172897688&pitch=5&fov=120"
1106,ad190dc6-1799-4a2c-a2c3-273590377311,38.69994197,-9.20516902,Portugal,Lisbon,MUR,MUR,LWAL,LWAL,CDL,CDL,2,3,RES,RES,BP2,BP1,RSH2,RSH2,RMT1,RMT1,MUR/LWAL/CDL/H:2/BP2/RSH2+RMT1/RES,"https://www.google.com/maps/@?api=1&map_action=pano&viewpoint=38.69994197,-9.20516902&heading=122.42183519939726&pitch=5&fov=120"
1107,6d3f3563-0a99-4bd4-a422-8ec2e95af5a0,38.70021388,-9.204224731,Portugal,Lisbon,MUR,MCF,LWAL,LWAL,CDL,CDL,1,2,RES,RES,BP1,BPD,RSH2,RSH2,RMT1,RMT1,MUR/LWAL/CDL/H:1/BP1/RSH2+RMT1/RES,"https://www.google.com/maps/@?api=1&map_action=pano&viewpoint=38.70021388,-9.20422473&heading=122.42242561343886&pitch=5&fov=120"
1108,2f00efa4-7e35-4884-b929-188cfc6bf056,38.69526648,-9.212886923,Portugal,Lisbon,CR,MUR,LFINF,LWAL,CDN,CDN,3,3,RES,RES,BP2,BP2,RSH2,RSH2,RMT1,RMT1,CR/LFINF/CDN/H:3/BP2/RSH2+RMT1/RES,"https://www.google.com/maps/@?api=1&map_action=pano&viewpoint=38.69526648,-9.21288692&heading=317.32675717872826&pitch=5&fov=120"
1109,266cacfe-ff8c-40c9-94a7-3241a13834e4,38.70322345,-9.20267045,Portugal,Lisbon,CR,CR,LFINF,LFM,CDL,CDL,5,5,RES,RES,BP1,BP1,RSH1,RSH1,RMN,RMN,CR/LFINF/CDL/H:5/BP1/RSH1+RMN/RES,"https://www.google.com/maps/@?api=1&map_action=pano&viewpoint=38.70322345,-9.20267045&heading=78.15056679892768&pitch=5&fov=120"
1110,d81b0788-910a-4722-9552-57ff41da8e38,38.70110884,-9.204212274,Portugal,Lisbon,CR,CR,LFM,LFINF,CDM,CDM,3,3,RES,RES,BP1,BP1,RSH1,RSH1,RMN,RMN,CR/LFM/CDM/H:3/BP1/RSH1+RMN/RES,"https://www.google.com/maps/@?api=1&map_action=pano&viewpoint=38.70110884,-9.20421227&heading=351.407925063282&pitch=5&fov=120"
1111,2d2d8cb1-065b-4dd8-9a69-84da9b8fbbce,38.70044373,-9.22080835,Portugal,Lisbon,MUR,MUR,LWAL,LWAL,CDN,CDN,2,3,RES,RES,BPD,BP2,RSH3,RSH1,RMT1,RMN,MUR/LWAL/CDN/H:2/BPD/RSH3+RMT1/RES,"https://www.google.com/maps/@?api=1&map_action=pano&viewpoint=38.70044373,-9.22080835&heading=300.79795625367456&pitch=5&fov=120"
1113,b4a44872-3996-4715-902b-5d167baa6c95,38.69803419,-9.19278053,Portugal,Lisbon,MCF,MUR,LWAL,LWAL,CDL,CDL,2,2,RES,RES,BP1,BPD,RSH2,RSH2,RMT1,RMT1,MCF/LWAL/CDL/H:2/BP1/RSH2+RMT1/RES,"https://www.google.com/maps/@?api=1&map_action=pano&viewpoint=38.69803419,-9.19278053&heading=186.19641014639592&pitch=5&fov=120"
1115,d1e77a40-5f53-4166-aaff-c3093d12906f,38.7044656,-9.202754239,Portugal,Lisbon,MCF,MCF,LWAL,LWAL,CDN,CDN,2,2,RES,RES,BP2,BP1,RSH2,RSH2,RMT1,RMT1,MCF/LWAL/CDN/H:2/BP2/RSH2+RMT1/RES,"https://www.google.com/maps/@?api=1&map_action=pano&viewpoint=38.7044656,-9.20275424&heading=328.9489830427626&pitch=5&fov=120"
1116,7d2ade9d-f806-4d5d-a199-5c354bb31d71,38.69965714,-9.217462167,Portugal,Lisbon,MCF,MUR,LWAL,LWAL,CDN,CDL,2,2,RES,RES,BPD,BPD,RSH2,RSH2,RMT1,RMT1,MCF/LWAL/CDN/H:2/BPD/RSH2+RMT1/RES,"https://www.google.com/maps/@?api=1&map_action=pano&viewpoint=38.69965714,-9.21746217&heading=19.263662543360397&pitch=5&fov=120"
1117,0a4407a3-d028-4190-8793-9fc165bf8cf3,38.69849369,-9.21961845,Portugal,Lisbon,MUR,MUR,LWAL,LWAL,CDL,CDL,2,3,RES,RES,BP2,BP1,RSH2,RSH2,RMT1,RMT1,MUR/LWAL/CDL/H:2/BP2/RSH2+RMT1/RES,"https://www.google.com/maps/@?api=1&map_action=pano&viewpoint=38.69849369,-9.21961845&heading=289.48998540115133&pitch=5&fov=120"
1118,6d87d8aa-eee7-4c8d-8069-90a5e4080d18,38.69706832,-9.211018645,Portugal,Lisbon,CR,MUR,LFM,LWAL,CDM,CDL,3,2,RES,RES,BPD,BP2,RSH2,RSH1,RMT1,RMN,CR/LFM/CDM/H:3/BPD/RSH2+RMT1/RES,"https://www.google.com/maps/@?api=1&map_action=pano&viewpoint=38.69706832,-9.21101865&heading=311.9689792384826&pitch=5&fov=120"
1119,192f8d63-5c23-43f1-9418-7222f74a0b96,38.70445914,-9.202603481,Portugal,Lisbon,CR,MUR,LFM,LWAL,CDM,CDL,5,5,RES,RES,BP1,BP2,RSH1,RSH1,RMN,RMN,CR/LFM/CDM/H:5/BP1/RSH1+RMN/RES,"https://www.google.com/maps/@?api=1&map_action=pano&viewpoint=38.70445914,-9.20260348&heading=328.94907731577416&pitch=5&fov=120"
1120,7fe3d613-f747-4ea6-bb02-ca6e0e094119,38.6985149,-9.225546975,Portugal,Lisbon,CR,MUR,LFINF,LWAL,CDL,CDL,4,5,MIX(RES;COM),RES,BP2,BP1,RSH2,RSH1,RMT1,RMN,CR/LFINF/CDL/H:4/BP2/RSH2+RMT1/MIX(RES;COM),"https://www.google.com/maps/@?api=1&map_action=pano&viewpoint=38.6985149,-9.22554698&heading=241.09229701149593&pitch=5&fov=120"
1121,42f40418-c6aa-45bd-bd83-14cf8a2d01f4,38.69825899,-9.191587692,Portugal,Lisbon,CR,CR,LFINF,LFM,CDL,CDL,3,5,RES,RES,BP2,BP1,RSH1,RSH1,RMN,RMN,CR/LFINF/CDL/H:3/BP2/RSH1+RMN/RES,"https://www.google.com/maps/@?api=1&map_action=pano&viewpoint=38.69825899,-9.19158769&heading=204.21661553105685&pitch=5&fov=120"
1122,bd0c915d-9fbc-4312-8586-2166fc455405,38.70174781,-9.204481586,Portugal,Lisbon,CR,CR,LFM,LFINF,CDL,CDL,6.0-7.0,5,RES,RES,BP1,BP1,RSH1,RSH1,RMN,RMN,CR/LFM/CDL/H:6-7/BP1/RSH1+RMN/RES,"https://www.google.com/maps/@?api=1&map_action=pano&viewpoint=38.70174781,-9.20448159&heading=313.0518702970128&pitch=5&fov=120"
1125,7fd34377-ada5-4a97-9757-2065ec1d1be1,38.69728637,-9.215714812,Portugal,Lisbon,MCF,MUR,LWAL,LWAL,CDL,CDN,2,2,RES,RES,BP2,BP1,RSH2,RSH1,RMT1,RMN,MCF/LWAL/CDL/H:2/BP2/RSH2+RMT1/RES,"https://www.google.com/maps/@?api=1&map_action=pano&viewpoint=38.69728637,-9.21571481&heading=80.410414175796&pitch=5&fov=120"
1127,fa89e052-9c79-4f14-886b-632faadb5001,38.69716165,-9.21561618,Portugal,Lisbon,MCF,MUR,LWAL,LWAL,CDL,CDN,2,1,RES,RES,BP2,BPD,RSH3,RSH1,RMT1,RMN,MCF/LWAL/CDL/H:2/BP2/RSH3+RMT1/RES,"https://www.google.com/maps/@?api=1&map_action=pano&viewpoint=38.69716165,-9.21561618&heading=257.40606668319845&pitch=5&fov=120"
1129,f04e5563-62b4-490e-aeeb-794b9513a087,38.69625968,-9.191938041,Portugal,Lisbon,S,CR,LFINF,LFM,CDH,CDH,2,2,COM,IND,BPD,BP2,RSH1,RSH1,RMT6,RMN,S/LFINF/CDH/H:2/BPD/RSH1+RMT6/COM,"https://www.google.com/maps/@?api=1&map_action=pano&viewpoint=38.69625968,-9.19193804&heading=138.40407778403204&pitch=5&fov=120"
1130,844df370-782b-42fd-9987-99657434c0cf,38.69718112,-9.203008415,Portugal,Lisbon,MCF,MR,LWAL,LWAL,CDN,CDN,3,3,MIX(RES;COM),MIX(RES;COM),BP2,BP2,RSH2,RSH1,RMT1,RMN,MCF/LWAL/CDN/H:3/BP2/RSH2+RMT1/MIX(RES;COM),"https://www.google.com/maps/@?api=1&map_action=pano&viewpoint=38.69718112,-9.20300842&heading=155.83392301822892&pitch=5&fov=120"
1131,40fdf415-bc56-4349-888b-b4c7dc05cae1,38.69661726,-9.221566197,Portugal,Lisbon,CR,MUR,LFINF,LWAL,CDL,CDL,2,2,RES,RES,BP1,BP2,RSH3,RSH3,RMT1,RMT1,CR/LFINF/CDL/H:2/BP1/RSH3+RMT1/RES,"https://www.google.com/maps/@?api=1&map_action=pano&viewpoint=38.69661726,-9.2215662&heading=81.77300766576764&pitch=5&fov=120"
1132,f7783016-2387-42ff-b3f9-a08614dc423e,38.6997351,-9.215152426,Portugal,Lisbon,CR,,LFINF,,CDM,,3,,RES,,BPD,,RSH3,,RMT1,,CR/LFINF/CDM/H:3/BPD/RSH3+RMT1/RES,"https://www.google.com/maps/@?api=1&map_action=pano&viewpoint=38.6997351,-9.21515243&heading=176.85051375258308&pitch=5&fov=120"
1133,74e70937-d013-451a-b5aa-c67864b67b4e,38.6967242,-9.210718344,Portugal,Lisbon,CR,CR,LFM,LFINF,CDM,CDM,6.0-7.0,5,MIX(RES;COM),MIX(RES;COM),BP2,BP1,RSH1,RSH1,RMN,RMN,CR/LFM/CDM/H:6-7/BP2/RSH1+RMN/MIX(RES;COM),"https://www.google.com/maps/@?api=1&map_action=pano&viewpoint=38.6967242,-9.21071834&heading=216.5418311638673&pitch=5&fov=120"
1135,be91eb4c-ff4d-47d6-b257-51f3b2cf8c43,38.70113435,-9.19666285,Portugal,Lisbon,MUR,,LWAL,,CDN,,1,,RES,,BPD,,RSH2,,RMT1,,MUR/LWAL/CDN/H:1/BPD/RSH2+RMT1/RES,"https://www.google.com/maps/@?api=1&map_action=pano&viewpoint=38.70113435,-9.19666285&heading=313.81301196092124&pitch=5&fov=120"
1139,9732eefe-1981-4ce0-a861-aef16b849e78,38.69757646,-9.194767409,Portugal,Lisbon,CR,CR,LFM,LFINF,CDL,CDL,4,4,MIX(RES;COM),MIX(RES;COM),BP2,BP2,RSH3,RSH1,RMT1,RMN,CR/LFM/CDL/H:4/BP2/RSH3+RMT1/MIX(RES;COM),"https://www.google.com/maps/@?api=1&map_action=pano&viewpoint=38.69757646,-9.19476741&heading=47.44154340145997&pitch=5&fov=120"
1140,1bb51dc7-3653-42ce-b68c-a8a910b9a2bc,38.69532088,-9.219158799,Portugal,Lisbon,MUR,MUR,LWAL,LWAL,CDL,CDL,2,2,RES,RES,BP1,BP1,RSH2,RSH2,RMT1,RMT1,MUR/LWAL/CDL/H:2/BP1/RSH2+RMT1/RES,"https://www.google.com/maps/@?api=1&map_action=pano&viewpoint=38.69532088,-9.2191588&heading=14.64682089960678&pitch=5&fov=120"
1141,7f6c3812-b7cc-44b1-9ea9-ba09e23aad39,38.70358761,-9.202808881,Portugal,Lisbon,CR,CR,LFM,LFM,CDM,CDM,4,5,MIX(RES;COM),MIX(RES;COM),BP2,BP2,RSH3,RSH1,RMT1,RMN,CR/LFM/CDM/H:4/BP2/RSH3+RMT1/MIX(RES;COM),"https://www.google.com/maps/@?api=1&map_action=pano&viewpoint=38.70358761,-9.20280888&heading=346.42376788678285&pitch=5&fov=120"
1142,5dbb4f87-3815-49bc-b1c9-c1ba67ebcac9,38.69819787,-9.192551367,Portugal,Lisbon,MCF,MUR,LWAL,LWAL,CDL,CDL,3,3,MIX(RES;COM),MIX(RES;COM),BP1,BP2,RSH2,RSH2,RMT1,RMT1,MCF/LWAL/CDL/H:3/BP1/RSH2+RMT1/MIX(RES;COM),"https://www.google.com/maps/@?api=1&map_action=pano&viewpoint=38.69819787,-9.19255137&heading=46.28203484036658&pitch=5&fov=120"
1143,e973a2f2-e047-4614-b7a4-9ee440669ced,38.6977119,-9.217945404,Portugal,Lisbon,MUR,MUR,LWAL,LWAL,CDN,CDL,2,2,RES,RES,BP1,BPD,RSH2,RSH1,RMT1,RMN,MUR/LWAL/CDN/H:2/BP1/RSH2+RMT1/RES,"https://www.google.com/maps/@?api=1&map_action=pano&viewpoint=38.6977119,-9.2179454&heading=99.02901559321691&pitch=5&fov=120"
1144,248f7570-5d13-490a-8992-59a249906919,38.69714432,-9.215771319,Portugal,Lisbon,MCF,MCF,LWAL,LWAL,CDL,CDL,2,2,RES,RES,BP2,BPD,RSH2,RSH2,RMT1,RMT1,MCF/LWAL/CDL/H:2/BP2/RSH2+RMT1/RES,"https://www.google.com/maps/@?api=1&map_action=pano&viewpoint=38.69714432,-9.21577132&heading=80.41037885563037&pitch=5&fov=120"
1145,00db0d4b-ce16-453d-9f2a-0ea2493a5071,38.700371,-9.204528723,Portugal,Lisbon,CR,MUR,LFINF,LWAL,CDL,CDN,3,2,RES,RES,BP1,BPD,RSH3,RSH2,RMT1,RMT1,CR/LFINF/CDL/H:3/BP1/RSH3+RMT1/RES,"https://www.google.com/maps/@?api=1&map_action=pano&viewpoint=38.700371,-9.20452872&heading=302.4222355471052&pitch=5&fov=120"
1147,8099b749-b5ea-4119-bdbb-9a87207e4657,38.70430372,-9.202758746,Portugal,Lisbon,CR,,LFINF,,CDL,,3,,RES,,BP2,,RSH2,,RMT1,,CR/LFINF/CDL/H:3/BP2/RSH2+RMT1/RES,"https://www.google.com/maps/@?api=1&map_action=pano&viewpoint=38.70430372,-9.20275875&heading=148.94898022218422&pitch=5&fov=120"
1148,7edc5832-e374-4a1f-a53e-c6ec1948d09a,38.69835659,-9.21931539,Portugal,Lisbon,MCF,MUR,LWAL,LWAL,CDL,CDN,2,2,RES,RES,BP1,BP2,RSH3,RSH2,RMT1,RMT1,MCF/LWAL/CDL/H:2/BP1/RSH3+RMT1/RES,"https://www.google.com/maps/@?api=1&map_action=pano&viewpoint=38.69835659,-9.21931539&heading=286.95471652994246&pitch=5&fov=120"
1150,52389743-d1f6-4d00-a472-448298fbad7a,38.69924731,-9.217625324,Portugal,Lisbon,MUR,MUR,LWAL,LWAL,CDN,CDN,2,2,RES,RES,BP2,BP1,RSH2,RSH2,RMT1,RMT1,MUR/LWAL/CDN/H:2/BP2/RSH2+RMT1/RES,"https://www.google.com/maps/@?api=1&map_action=pano&viewpoint=38.69924731,-9.21762532&heading=283.8419763331076&pitch=5&fov=120"
1152,27d72efc-d8eb-4065-ba6e-5b9d17699169,38.69642314,-9.223811921,Portugal,Lisbon,CR,,LFM,,CDH,,4,,RES,,BPD,,RSH1,,RMN,,CR/LFM/CDH/H:4/BPD/RSH1+RMN/RES,"https://www.google.com/maps/@?api=1&map_action=pano&viewpoint=38.69642314,-9.22381192&heading=183.71892151742355&pitch=5&fov=120"
1154,e3e720c5-bbfb-4a53-8b4c-85828def55f1,38.69984369,-9.224718244,Portugal,Lisbon,CR,MUR,LFINF,LWAL,CDL,CDL,3,3,MIX(RES;COM),MIX(RES;COM),BP1,BP1,RSH2,RSH2,RMT1,RMT1,CR/LFINF/CDL/H:3/BP1/RSH2+RMT1/MIX(RES;COM),"https://www.google.com/maps/@?api=1&map_action=pano&viewpoint=38.69984369,-9.22471824&heading=22.287797790821514&pitch=5&fov=120"
1155,773c17a1-19bd-4515-9b93-89daed85eeae,38.69909146,-9.205083882,Portugal,Lisbon,CR,MUR,LFM,LWAL,CDL,CDL,2,2,RES,COM,BPD,BP1,RSH5,RSH5,RMT1,RMT1,CR/LFM/CDL/H:2/BPD/RSH5+RMT1/RES,"https://www.google.com/maps/@?api=1&map_action=pano&viewpoint=38.69909146,-9.20508388&heading=281.7955072648041&pitch=5&fov=120"
1156,88339d63-1e33-48e2-9b67-47e543ad28b7,38.69991135,-9.226141484,Portugal,Lisbon,CR,MUR,LFINF,LWAL,CDL,CDL,4,4,MIX(RES;COM),MIX(RES;COM),BP2,BP2,RSH2,RSH1,RMT1,RMN,CR/LFINF/CDL/H:4/BP2/RSH2+RMT1/MIX(RES;COM),"https://www.google.com/maps/@?api=1&map_action=pano&viewpoint=38.69991135,-9.22614148&heading=357.93957343154966&pitch=5&fov=120"
1158,fc990f1e-65f8-4ef1-a10b-2e11a3e56a5b,38.69698553,-9.217355478,Portugal,Lisbon,MUR,MUR,LWAL,LWAL,CDN,CDN,2,2,RES,RES,BP1,BP1,RSH3,RSH1,RMT1,RMN,MUR/LWAL/CDN/H:2/BP1/RSH3+RMT1/RES,"https://www.google.com/maps/@?api=1&map_action=pano&viewpoint=38.69698553,-9.21735548&heading=90.52234016384028&pitch=5&fov=120"
1160,896c55cc-7953-4f8b-9cf7-7f7aba68755b,38.69716323,-9.202578434,Portugal,Lisbon,CR,MR,LFINF,LWAL,CDN,CDN,4,4,MIX(RES;COM),MIX(RES;COM),BP2,BP2,RSH2,RSH1,RMT1,RMN,CR/LFINF/CDN/H:4/BP2/RSH2+RMT1/MIX(RES;COM),"https://www.google.com/maps/@?api=1&map_action=pano&viewpoint=38.69716323,-9.20257843&heading=154.87509477339023&pitch=5&fov=120"
1161,a9dafc34-07a5-44ad-aeb9-f13663fee8bb,38.69609936,-9.220778628,Portugal,Lisbon,CR,MR,LFINF,LWAL,CDN,CDN,4,4,MIX(RES;COM),MIX(RES;COM),BP2,BP2,RSH2,RSH1,RMT1,RMN,CR/LFINF/CDN/H:4/BP2/RSH2+RMT1/MIX(RES;COM),"https://www.google.com/maps/@?api=1&map_action=pano&viewpoint=38.69609936,-9.22077863&heading=172.09120710515555&pitch=5&fov=120"
1162,90f9d5aa-79ba-4d53-a2a1-09a06965e51e,38.69754487,-9.215247417,Portugal,Lisbon,MCF,MUR,LWAL,LWAL,CDL,CDL,2,2,RES,RES,BPD,BP2,RSH3,RSH2,RMT1,RMT1,MCF/LWAL/CDL/H:2/BPD/RSH3+RMT1/RES,"https://www.google.com/maps/@?api=1&map_action=pano&viewpoint=38.69754487,-9.21524742&heading=346.7057921095318&pitch=5&fov=120"
1163,f297c591-43a6-4c2f-aced-f605a377a50f,38.69722486,-9.215167069,Portugal,Lisbon,MCF,MUR,LWAL,LWAL,CDL,CDL,2,2,RES,RES,BPD,BPD,RSH2,RSH2,RMT1,RMT1,MCF/LWAL/CDL/H:2/BPD/RSH2+RMT1/RES,"https://www.google.com/maps/@?api=1&map_action=pano&viewpoint=38.69722486,-9.21516707&heading=165.45120277936923&pitch=5&fov=120"
1164,d212cde7-af20-4314-88bf-c24260a42b1f,38.69723124,-9.215231458,Portugal,Lisbon,MCF,MUR,LWAL,LWAL,CDL,CDN,2,2,RES,RES,BPD,BP2,RSH3,RSH2,RMT1,RMT1,MCF/LWAL/CDL/H:2/BPD/RSH3+RMT1/RES,"https://www.google.com/maps/@?api=1&map_action=pano&viewpoint=38.69723124,-9.21523146&heading=165.4511625216877&pitch=5&fov=120"
1169,b80345fa-4a91-478a-a566-1c112ee064f8,38.70352483,-9.203447528,Portugal,Lisbon,CR,CR,LFM,LFINF,CDL,CDL,4,3,RES,MIX(RES;COM),BP2,BP2,RSH2,RSH1,RMT1,RMN,CR/LFM/CDL/H:4/BP2/RSH2+RMT1/RES,"https://www.google.com/maps/@?api=1&map_action=pano&viewpoint=38.70352483,-9.20344753&heading=167.85851045192373&pitch=5&fov=120"
1171,02845b71-fd48-4d58-aef4-c5bf1822df21,38.70434635,-9.203465136,Portugal,Lisbon,MUR,MUR,LWAL,LWAL,CDL,CDL,2,1,RES,RES,BP1,BP1,RSH3,RSH3,RMT1,RMT1,MUR/LWAL/CDL/H:2/BP1/RSH3+RMT1/RES,"https://www.google.com/maps/@?api=1&map_action=pano&viewpoint=38.70434635,-9.20346514&heading=157.32806636796295&pitch=5&fov=120"
1172,c6b7393c-1713-4cfb-8092-b0df93d0a1e5,38.6953709,-9.221089779,Portugal,Lisbon,MUR,MCF,LWAL,LWAL,CDN,CDN,1,1,COM,RES,BP2,BP2,RSH2,RSH2,RMT1,RMT1,MUR/LWAL/CDN/H:1/BP2/RSH2+RMT1/COM,"https://www.google.com/maps/@?api=1&map_action=pano&viewpoint=38.6953709,-9.22108978&heading=359.58550724689496&pitch=5&fov=120"
1173,52407189-266f-4d43-b03c-e16c3ec77e28,38.70377914,-9.202567839,Portugal,Lisbon,MCF,MCF,LFINF,LWAL,CDM,CDM,5,5,MIX(RES;COM),COM,BP2,BP1,RSH1,RSH1,RMN,RMN,MCF/LFINF/CDM/H:5/BP2/RSH1+RMN/MIX(RES;COM),"https://www.google.com/maps/@?api=1&map_action=pano&viewpoint=38.70377914,-9.20256784&heading=243.24707339434002&pitch=5&fov=120"
1176,843f2201-a42b-4ed4-aeac-c0adfad243c6,38.69448609,-9.216046469,Portugal,Lisbon,CR,MCF,LFINF,LWAL,CDL,CDL,4,2,MIX(RES;COM),COM,BP2,BP2,RSH2,RSH2,RMT1,RMT1,CR/LFINF/CDL/H:4/BP2/RSH2+RMT1/MIX(RES;COM),"https://www.google.com/maps/@?api=1&map_action=pano&viewpoint=38.69448609,-9.21604647&heading=228.47561074601452&pitch=5&fov=120"
1177,63cbdf32-591c-4795-a479-15ba1de614f4,38.69749145,-9.218650173,Portugal,Lisbon,MCF,MCF,LWAL,LWAL,CDN,CDN,2,2,RES,RES,BP2,BPD,RSH2,RSH2,RMT1,RMT1,MCF/LWAL/CDN/H:2/BP2/RSH2+RMT1/RES,"https://www.google.com/maps/@?api=1&map_action=pano&viewpoint=38.69749145,-9.21865017&heading=101.27210270936041&pitch=5&fov=120"
1178,fd99eced-0af0-4c17-8b7f-e8aa4c2ebad2,38.69651222,-9.214458069,Portugal,Lisbon,CR,,LFM,,CDM,,2,,RES,,BPD,,RSH2,,RMT1,,CR/LFM/CDM/H:2/BPD/RSH2+RMT1/RES,"https://www.google.com/maps/@?api=1&map_action=pano&viewpoint=38.69651222,-9.21445807&heading=69.73537954391793&pitch=5&fov=120"
1180,140cef34-f5d1-48aa-886c-cfe7e074b660,38.70533003,-9.202522302,Portugal,Lisbon,CR,,LFM,,CDL,,2,,RES,,BP1,,RSH1,,RMN,,CR/LFM/CDL/H:2/BP1/RSH1+RMN/RES,"https://www.google.com/maps/@?api=1&map_action=pano&viewpoint=38.70533003,-9.2025223&heading=157.22624604934242&pitch=5&fov=120"
1182,df5b6f5d-3c87-430a-8eb8-d5439082ba00,38.69931684,-9.220905889,Portugal,Lisbon,MUR,MUR,LWAL,LWAL,CDL,CDL,2,1,RES,RES,BP1,BP2,RSH2,RSH2,RMT1,RMT1,MUR/LWAL/CDL/H:2/BP1/RSH2+RMT1/RES,"https://www.google.com/maps/@?api=1&map_action=pano&viewpoint=38.69931684,-9.22090589&heading=212.46498645762176&pitch=5&fov=120"
1183,a6bb0c2c-5228-4b18-8c1c-fbb89d9567dd,38.69438542,-9.216821715,Portugal,Lisbon,MUR,MCF,LWAL,LWAL,CDL,CDL,1,1,RES,RES,BP1,BPD,RSH5,RSH1,RMT1,RMN,MUR/LWAL/CDL/H:1/BP1/RSH5+RMT1/RES,"https://www.google.com/maps/@?api=1&map_action=pano&viewpoint=38.69438542,-9.21682172&heading=334.550969160186&pitch=5&fov=120"
1185,0862aed2-d897-46fb-b81b-a9813ac6850f,38.69569692,-9.221737229,Portugal,Lisbon,MUR,MUR,LWAL,LWAL,CDL,CDN,1,1,RES,RES,BP2,BPD,RSH2,RSH1,RMT1,RMN,MUR/LWAL/CDL/H:1/BP2/RSH2+RMT1/RES,"https://www.google.com/maps/@?api=1&map_action=pano&viewpoint=38.69569692,-9.22173723&heading=358.5010433753529&pitch=5&fov=120"
1186,b480b497-8d88-4086-a0aa-4e0d5975c6df,38.69695171,-9.224099582,Portugal,Lisbon,MUR,,LWAL,,CDN,,2,,RES,,BPD,,RSH3,,RMT1,,MUR/LWAL/CDN/H:2/BPD/RSH3+RMT1/RES,"https://www.google.com/maps/@?api=1&map_action=pano&viewpoint=38.69695171,-9.22409958&heading=182.08303370677544&pitch=5&fov=120"
1187,a78b681c-497c-483b-b1cd-ccf91b7cf7ec,38.70278995,-9.2028669,Portugal,Lisbon,MCF,MCF,LWAL,LWAL,CDL,CDL,3,2,RES,RES,BP2,BP1,RSH2,RSH2,RMT1,RMT1,MCF/LWAL/CDL/H:3/BP2/RSH2+RMT1/RES,"https://www.google.com/maps/@?api=1&map_action=pano&viewpoint=38.70278995,-9.2028669&heading=215.2433775407643&pitch=5&fov=120"
1188,0d656444-840b-4ea5-a766-0fecf74d6f81,38.69987297,-9.216991564,Portugal,Lisbon,CR,MUR,LFM,LWAL,CDL,CDN,2,2,RES,RES,BPD,BP3,RSH2,RSH1,RMT1,RMN,CR/LFM/CDL/H:2/BPD/RSH2+RMT1/RES,"https://www.google.com/maps/@?api=1&map_action=pano&viewpoint=38.69987297,-9.21699156&heading=284.06252022343915&pitch=5&fov=120"
1189,7b7e9f9d-30f8-4fde-b2b0-ef4d0b227bb5,38.6990998,-9.19908778,Portugal,Lisbon,MUR,MUR,LWAL,LWAL,CDN,CDN,1,1,COM,COM,BP1,BP1,RSH2,RSH2,RMT1,RMT1,MUR/LWAL/CDN/H:1/BP1/RSH2+RMT1/COM,"https://www.google.com/maps/@?api=1&map_action=pano&viewpoint=38.6990998,-9.19908778&heading=230.2202464044932&pitch=5&fov=120"
1190,4bf3d3c0-8e90-470e-9c6e-752325c272f9,38.69756646,-9.202668659,Portugal,Lisbon,MUR,MUR,LWAL,LWAL,CDN,CDN,2,1,RES,RES,BP2,BP1,RSH2,RSH2,RMT1,RMT1,MUR/LWAL/CDN/H:2/BP2/RSH2+RMT1/RES,"https://www.google.com/maps/@?api=1&map_action=pano&viewpoint=38.69756646,-9.20266866&heading=333.19339500624903&pitch=5&fov=120"
1192,8e7418a3-5903-43b9-ae42-c9ef43f4ee74,38.70021635,-9.204439557,Portugal,Lisbon,MUR,MUR,LWAL,LWAL,CDN,CDL,2,2,RES,RES,BP2,BP1,RSH2,RSH2,RMT1,RMT1,MUR/LWAL/CDN/H:2/BP2/RSH2+RMT1/RES,"https://www.google.com/maps/@?api=1&map_action=pano&viewpoint=38.70021635,-9.20443956&heading=122.42229129613281&pitch=5&fov=120"
1193,b62f393d-5056-4892-a409-7f8e767b4755,38.69581623,-9.221034807,Portugal,Lisbon,CR,MUR,LFM,LWAL,CDM,CDN,2,3,RES,RES,BPD,BPD,RSH3,RSH3,RMT1,RMT1,CR/LFM/CDM/H:2/BPD/RSH3+RMT1/RES,"https://www.google.com/maps/@?api=1&map_action=pano&viewpoint=38.69581623,-9.22103481&heading=3.4877845274259585&pitch=5&fov=120"
1194,6c2b607b-b0cd-4638-bb83-da8c83537245,38.6993663,-9.218602867,Portugal,Lisbon,MCF,MUR,LWAL,LWAL,CDL,CDN,2,2,RES,RES,BP1,BPD,RSH2,RSH1,RMT1,RMN,MCF/LWAL/CDL/H:2/BP1/RSH2+RMT1/RES,"https://www.google.com/maps/@?api=1&map_action=pano&viewpoint=38.6993663,-9.21860287&heading=23.755395356260294&pitch=5&fov=120"
1195,0eb444f8-6c95-4cfb-a9dc-82c2f58c21b9,38.69628424,-9.215769469,Portugal,Lisbon,MCF,MUR,LWAL,LWAL,CDL,CDN,2,2,RES,RES,BP2,BP1,RSH2,RSH2,RMT1,RMT1,MCF/LWAL/CDL/H:2/BP2/RSH2+RMT1/RES,"https://www.google.com/maps/@?api=1&map_action=pano&viewpoint=38.69628424,-9.21576947&heading=78.08488753721133&pitch=5&fov=120"
1196,7afd9380-5b23-4033-9e50-dfa16e19c1b7,38.701897,-9.2059068,Portugal,Lisbon,MUR,,LWAL,,CDN,,2,,RES,,BP2,,RSH2,,RMT1,,MUR/LWAL/CDN/H:2/BP2/RSH2+RMT1/RES,"https://www.google.com/maps/@?api=1&map_action=pano&viewpoint=38.701897,-9.2059068&heading=188.66626293633198&pitch=5&fov=120"
1197,1bd76f1e-76bc-493c-b2dd-ce9abe28a4d6,38.70158148,-9.202916167,Portugal,Lisbon,MUR,MCF,LWAL,LWAL,CDN,CDN,2,2,RES,RES,BPD,BPD,RSH2,RSH1,RMT1,RMN,MUR/LWAL/CDN/H:2/BPD/RSH2+RMT1/RES,"https://www.google.com/maps/@?api=1&map_action=pano&viewpoint=38.70158148,-9.20291617&heading=171.70234906247356&pitch=5&fov=120"
1198,fd5ea1fd-9134-43b1-a1eb-d26ce4488fbd,38.70142764,-9.204535741,Portugal,Lisbon,MCF,MCF,LWAL,LWAL,CDL,CDH,2,2,RES,RES,BP1,BP1,RSH2,RSH2,RMT1,RMT1,MCF/LWAL/CDL/H:2/BP1/RSH2+RMT1/RES,"https://www.google.com/maps/@?api=1&map_action=pano&viewpoint=38.70142764,-9.20453574&heading=355.8970102753383&pitch=5&fov=120"
1200,64786283-66ae-4783-81bf-066d9b9933a9,38.70012115,-9.19936345,Portugal,Lisbon,MUR,MCF,LWAL,LWAL,CDL,CDM,1,1,COM,COM,BP1,BPD,RSH2,RSH2,RMT1,RMT1,MUR/LWAL/CDL/H:1/BP1/RSH2+RMT1/COM,"https://www.google.com/maps/@?api=1&map_action=pano&viewpoint=38.70012115,-9.19936345&heading=322.16586701328606&pitch=5&fov=120"
1201,dadf04bb-14bd-48a8-9307-f018d7063d5e,38.69583404,-9.211693116,Portugal,Lisbon,CR,CR,LDUAL,LFM,CDH,CDL,10.0-12.0,6.0-7.0,RES,RES,BPD,BP2,RSH1,RSH1,RMN,RMN,CR/LDUAL/CDH/H:10-12/BPD/RSH1+RMN/RES,"https://www.google.com/maps/@?api=1&map_action=pano&viewpoint=38.69583404,-9.21169312&heading=240.16556768964756&pitch=5&fov=120"
1202,7969faf8-e2cf-4c38-9524-0e3c107344db,38.69852095,-9.219050654,Portugal,Lisbon,MUR,MCF,LWAL,LWAL,CDL,CDL,2,2,RES,RES,BP2,BP1,RSH2,RSH5,RMT1,RMT1,MUR/LWAL/CDL/H:2/BP2/RSH2+RMT1/RES,"https://www.google.com/maps/@?api=1&map_action=pano&viewpoint=38.69852095,-9.21905065&heading=288.21485731275465&pitch=5&fov=120"
1203,1c50e1e3-e485-4aaf-bee5-21ce0b3556cf,38.69566993,-9.218806544,Portugal,Lisbon,CR,MUR,LFINF,LWAL,CDL,CDL,4,5,RES,RES,BP1,BP1,RSH3,RSH1,RMT1,RMN,CR/LFINF/CDL/H:4/BP1/RSH3+RMT1/RES,"https://www.google.com/maps/@?api=1&map_action=pano&viewpoint=38.69566993,-9.21880654&heading=171.32778331342496&pitch=5&fov=120"
1204,902131e4-477d-4b80-b4f7-477276484312,38.6972078,-9.216444146,Portugal,Lisbon,MCF,MUR,LWAL,LWAL,CDL,CDL,2,2,RES,RES,BP2,BP1,RSH2,RSH2,RMT1,RMT1,MCF/LWAL/CDL/H:2/BP2/RSH2+RMT1/RES,"https://www.google.com/maps/@?api=1&map_action=pano&viewpoint=38.6972078,-9.21644415&heading=85.41013521663638&pitch=5&fov=120"
1205,31fa8115-7271-41b8-ba65-4184c1218aba,38.696272,-9.22035415,Portugal,Lisbon,MUR,MUR,LWAL,LWAL,CDN,CDN,1,1,RES,RES,BP1,BP1,RSH3,RSH1,RMT1,RMN,MUR/LWAL/CDN/H:1/BP1/RSH3+RMT1/RES,"https://www.google.com/maps/@?api=1&map_action=pano&viewpoint=38.696272,-9.22035415&heading=174.50435201424085&pitch=5&fov=120"
1206,e70f6988-f7ac-4136-9017-f5c6aeb3705e,38.70090346,-9.203718992,Portugal,Lisbon,MCF,MUR,LWAL,LWAL,CDL,CDL,2,2,RES,RES,BPD,BPD,RSH3,RSH2,RMT1,RMT1,MCF/LWAL/CDL/H:2/BPD/RSH3+RMT1/RES,"https://www.google.com/maps/@?api=1&map_action=pano&viewpoint=38.70090346,-9.20371899&heading=259.0203000769525&pitch=5&fov=120"
1209,1c025884-540f-4b59-b4c6-318ae9f481cb,38.69993345,-9.204661693,Portugal,Lisbon,MUR,MUR,LWAL,LWAL,CDN,CDN,2,2,RES,RES,BP1,BPD,RSH3,RSH1,RMT1,RMN,MUR/LWAL/CDN/H:2/BP1/RSH3+RMT1/RES,"https://www.google.com/maps/@?api=1&map_action=pano&viewpoint=38.69993345,-9.20466169&heading=303.24030641536115&pitch=5&fov=120"
1210,359bc86e-f93d-43f4-93a5-b90db6403198,38.70081658,-9.204001691,Portugal,Lisbon,CR,CR,LFM,LFINF,CDM,CDM,3,3,RES,RES,BP1,BP1,RSH1,RSH1,RMN,RMN,CR/LFM/CDM/H:3/BP1/RSH1+RMN/RES,"https://www.google.com/maps/@?api=1&map_action=pano&viewpoint=38.70081658,-9.20400169&heading=315.09363833248665&pitch=5&fov=120"
1213,63d7153b-3db9-4682-b486-5a9096db3d3e,38.70133095,-9.20425815,Portugal,Lisbon,MUR,MUR,LWAL,LWAL,CDL,CDL,2,2,RES,RES,BP1,BP1,RSH2,RSH1,RMT1,RMN,MUR/LWAL/CDL/H:2/BP1/RSH2+RMT1/RES,"https://www.google.com/maps/@?api=1&map_action=pano&viewpoint=38.70133095,-9.20425815&heading=350.243028031308&pitch=5&fov=120"
1214,e4c1459f-2e71-44da-8ae3-e51f5fff03c3,38.69644324,-9.21904452,Portugal,Lisbon,MUR,MUR,LWAL,LWAL,CDL,CDL,2,2,RES,RES,BP1,BPD,RSH2,RSH2,RMT1,RMT1,MUR/LWAL/CDL/H:2/BP1/RSH2+RMT1/RES,"https://www.google.com/maps/@?api=1&map_action=pano&viewpoint=38.69644324,-9.21904452&heading=166.0547791012337&pitch=5&fov=120"
1216,06d4678b-f586-4292-8f7a-93e1a51e67bb,38.69808258,-9.194532471,Portugal,Lisbon,MCF,MUR,LWAL,LWAL,CDL,CDN,3,1,RES,COM,BP2,BP2,RSH2,RSH1,RMT1,RMN,MCF/LWAL/CDL/H:3/BP2/RSH2+RMT1/RES,"https://www.google.com/maps/@?api=1&map_action=pano&viewpoint=38.69808258,-9.19453247&heading=226.1115003312509&pitch=5&fov=120"
1217,b5875868-1fc2-41fc-90fc-c367bdf8bec0,38.70387064,-9.203633062,Portugal,Lisbon,CR,CR,LFINF,LFM,CDL,CDN,3,3,RES,RES,BP2,BP3,RSH2,RSH1,RMT1,RMN,CR/LFINF/CDL/H:3/BP2/RSH2+RMT1/RES,"https://www.google.com/maps/@?api=1&map_action=pano&viewpoint=38.70387064,-9.20363306&heading=163.40232989554357&pitch=5&fov=120"
1223,9e3cb65e-1608-4467-b518-cfa56f595588,38.69709435,-9.21810685,Portugal,Lisbon,MCF,MUR,LWAL,LWAL,CDL,CDL,2,2,RES,RES,BP2,BP1,RSH2,RSH2,RMT1,RMT1,MCF/LWAL/CDL/H:2/BP2/RSH2+RMT1/RES,"https://www.google.com/maps/@?api=1&map_action=pano&viewpoint=38.69709435,-9.21810685&heading=92.52240201637312&pitch=5&fov=120"
1226,47df1539-72c2-4fc3-960d-5b6fe98b9118,38.69744515,-9.202022741,Portugal,Lisbon,MCF,MUR,LWAL,LWAL,CDL,CDL,2,2,COM,COM,BP2,BP1,RSH2,RSH2,RMT1,RMT1,MCF/LWAL/CDL/H:2/BP2/RSH2+RMT1/COM,"https://www.google.com/maps/@?api=1&map_action=pano&viewpoint=38.69744515,-9.20202274&heading=335.49599847225824&pitch=5&fov=120"
1228,d956efd1-e8d6-45f4-9526-a67d2b0d3a07,38.69570703,-9.216925158,Portugal,Lisbon,MCF,MCF,LWAL,LWAL,CDL,CDN,2,2,RES,RES,BP2,BP2,RSH2,RSH2,RMT1,RMT1,MCF/LWAL/CDL/H:2/BP2/RSH2+RMT1/RES,"https://www.google.com/maps/@?api=1&map_action=pano&viewpoint=38.69570703,-9.21692516&heading=172.0267738503694&pitch=5&fov=120"
1230,c9a41bca-2066-4617-9b7f-ef05ca75b178,38.70123217,-9.20553448,Portugal,Lisbon,MUR,MUR,LWAL,LWAL,CDL,CDL,2,2,RES,RES,BP1,BPD,RSH2,RSH2,RMT1,RMT1,MUR/LWAL/CDL/H:2/BP1/RSH2+RMT1/RES,"https://www.google.com/maps/@?api=1&map_action=pano&viewpoint=38.70123217,-9.20553448&heading=349.8570657867198&pitch=5&fov=120"
1231,3abedaf7-e6f0-45dc-864a-6db654f6d81a,38.69968543,-9.199276703,Portugal,Lisbon,MCF,MCF,LWAL,LWAL,CDL,CDL,2,2,RES,RES,BP2,BPD,RSH2,RSH1,RMT1,RMN,MCF/LWAL/CDL/H:2/BP2/RSH2+RMT1/RES,"https://www.google.com/maps/@?api=1&map_action=pano&viewpoint=38.69968543,-9.1992767&heading=142.16592125288975&pitch=5&fov=120"
1232,996e5c0b-4afc-4953-8c29-f89b4d28e943,38.69766304,-9.202456179,Portugal,Lisbon,MUR,MUR,LWAL,LWAL,CDL,CDL,2,1,RES,COM,BP1,BP1,RSH2,RSH1,RMT1,RMN,MUR/LWAL/CDL/H:2/BP1/RSH2+RMT1/RES,"https://www.google.com/maps/@?api=1&map_action=pano&viewpoint=38.69766304,-9.20245618&heading=154.52651526276225&pitch=5&fov=120"
1233,9bafcb52-ff5f-4e0c-9942-01454d5dbf4d,38.70356996,-9.203670621,Portugal,Lisbon,CR,MCF,LFINF,LWAL,CDL,CDL,4,2,RES,RES,BP2,BP2,RSH2,RSH1,RMT1,RMN,CR/LFINF/CDL/H:4/BP2/RSH2+RMT1/RES,"https://www.google.com/maps/@?api=1&map_action=pano&viewpoint=38.70356996,-9.20367062&heading=168.77404062221717&pitch=5&fov=120"
1235,24966b94-7102-4b91-a987-785978af8339,38.69518979,-9.213872294,Portugal,Lisbon,CR,CR,LFM,LFINF,CDL,CDN,4,4,RES,RES,BP2,BP1,RSH2,RSH1,RMT1,RMN,CR/LFM/CDL/H:4/BP2/RSH2+RMT1/RES,"https://www.google.com/maps/@?api=1&map_action=pano&viewpoint=38.69518979,-9.21387229&heading=323.89979952849933&pitch=5&fov=120"
1237,9b4d8ed6-8a45-4d84-931d-3eeaf1083a66,38.69766265,-9.194763058,Portugal,Lisbon,MCF,MCF,LWAL,LWAL,CDL,CDM,2,1,RES,IND,BP1,BP1,RSH3,RSH5,RMT1,RMT1,MCF/LWAL/CDL/H:2/BP1/RSH3+RMT1/RES,"https://www.google.com/maps/@?api=1&map_action=pano&viewpoint=38.69766265,-9.19476306&heading=134.2438038666013&pitch=5&fov=120"
1238,8f9cb784-2761-45da-8cc9-fe914b1338c6,38.7045247,-9.202478747,Portugal,Lisbon,MUR,MUR,LWAL,LWAL,CDL,CDL,1,1,RES,COM,BP1,BPD,RSH2,RSH2,RMT1,RMT1,MUR/LWAL/CDL/H:1/BP1/RSH2+RMT1/RES,"https://www.google.com/maps/@?api=1&map_action=pano&viewpoint=38.7045247,-9.20247875&heading=245.26080577316685&pitch=5&fov=120"
1239,2c30b646-3466-485d-b183-92e0a1fc0d1e,38.70018003,-9.205749901,Portugal,Lisbon,CR,CR,LFINF,LFM,CDL,CDN,4,2,RES,RES,BP1,BP1,RSH2,RSH2,RMT1,RMT1,CR/LFINF/CDL/H:4/BP1/RSH2+RMT1/RES,"https://www.google.com/maps/@?api=1&map_action=pano&viewpoint=38.70018003,-9.2057499&heading=223.86937571350165&pitch=5&fov=120"
1240,d6c38b9d-50c1-44e1-b301-192a93d8d15a,38.69646792,-9.218096755,Portugal,Lisbon,MCF,,LWAL,,CDN,,2,,RES,,BP2,,RSH2,,RMT1,,MCF/LWAL/CDN/H:2/BP2/RSH2+RMT1/RES,"https://www.google.com/maps/@?api=1&map_action=pano&viewpoint=38.69646792,-9.21809675&heading=181.5826438505107&pitch=5&fov=120"
1241,e0b06268-f4c3-4980-a34e-72025b711b24,38.69751572,-9.203006941,Portugal,Lisbon,CR,MUR,LFINF,LWAL,CDL,CDL,4,4,MIX(RES;COM),MIX(RES;COM),BP2,BP1,RSH2,RSH2,RMT1,RMT1,CR/LFINF/CDL/H:4/BP2/RSH2+RMT1/MIX(RES;COM),"https://www.google.com/maps/@?api=1&map_action=pano&viewpoint=38.69751572,-9.20300694&heading=334.16775103564555&pitch=5&fov=120"
1242,2821b936-35b1-4818-9f3d-bc3814e3276b,38.69486812,-9.198214109,Portugal,Lisbon,S,S,LFM,LFM,CDM,CDN,1,1,COM,COM,BPD,BP1,RSH2,RSH2,RMT6,RMT1,S/LFM/CDM/H:1/BPD/RSH2+RMT6/COM,"https://www.google.com/maps/@?api=1&map_action=pano&viewpoint=38.69486812,-9.19821411&heading=134.04853396021485&pitch=5&fov=120"
1244,72d6e229-6d13-4b59-a43a-3d9483c79779,38.69642734,-9.215713316,Portugal,Lisbon,MCF,MCF,LWAL,LWAL,CDL,CDL,2,2,RES,RES,BP2,BP1,RSH2,RSH2,RMT1,RMT1,MCF/LWAL/CDL/H:2/BP2/RSH2+RMT1/RES,"https://www.google.com/maps/@?api=1&map_action=pano&viewpoint=38.69642734,-9.21571332&heading=78.08492264519475&pitch=5&fov=120"
1247,77f5ca37-12dd-4317-8fe9-4789a7f078a4,38.69324165,-9.2135756,Portugal,Lisbon,CR,,LFM,,CDM,,1,,COM,,BPD,,RSH2,,RMT6,,CR/LFM/CDM/H:1/BPD/RSH2+RMT6/COM,"https://www.google.com/maps/@?api=1&map_action=pano&viewpoint=38.69324165,-9.2135756&heading=140.78079560502908&pitch=5&fov=120"
1249,731b66b6-0739-4a3a-b0b2-de363fed8273,38.7019994,-9.2060653,Portugal,Lisbon,MCF,,LWAL,,CDN,,2,,RES,,BP1,,RSH2,,RMT1,,MCF/LWAL/CDN/H:2/BP1/RSH2+RMT1/RES,"https://www.google.com/maps/@?api=1&map_action=pano&viewpoint=38.7019994,-9.2060653&heading=22.35144250690439&pitch=5&fov=120"
1252,06ff0de2-527a-4ece-ae6b-2a176c01fb26,38.6982556,-9.19386275,Portugal,Lisbon,MUR,MUR,LWAL,LWAL,CDN,CDN,1,1,RES,RES,BP2,BP2,RSH2,RSH2,RMT1,RMT1,MUR/LWAL/CDN/H:1/BP2/RSH2+RMT1/RES,"https://www.google.com/maps/@?api=1&map_action=pano&viewpoint=38.6982556,-9.19386275&heading=121.74480270166003&pitch=5&fov=120"
1255,93afd0a5-5f30-4fad-8c18-7b0e6d3e8c6a,38.70092189,-9.203369916,Portugal,Lisbon,MUR,,LWAL,,CDN,,1,,RES,,BP1,,RSH2,,RMT1,,MUR/LWAL/CDN/H:1/BP1/RSH2+RMT1/RES,"https://www.google.com/maps/@?api=1&map_action=pano&viewpoint=38.70092189,-9.20336992&heading=79.02051833286663&pitch=5&fov=120"
1257,5cd72b7d-4c46-4023-a9ec-d6d29b447149,38.69735694,-9.193602445,Portugal,Lisbon,MUR,MUR,LWAL,LWAL,CDN,CDN,2,3,RES,RES,BP1,BP1,RSH2,RSH2,RMT1,RMT1,MUR/LWAL/CDN/H:2/BP1/RSH2+RMT1/RES,"https://www.google.com/maps/@?api=1&map_action=pano&viewpoint=38.69735694,-9.19360245&heading=136.5579418023391&pitch=5&fov=120"
1258,97e2e0cf-1fdf-472d-974c-4f1f990ba699,38.6984398,-9.220345401,Portugal,Lisbon,MCF,MUR,LWAL,LWAL,CDL,CDL,2,2,RES,RES,BP2,BP1,RSH2,RSH2,RMT1,RMT1,MCF/LWAL/CDL/H:2/BP2/RSH2+RMT1/RES,"https://www.google.com/maps/@?api=1&map_action=pano&viewpoint=38.6984398,-9.2203454&heading=22.77044906636263&pitch=5&fov=120"
1259,e3c7433c-100f-4543-afc0-7d87888e743b,38.70009709,-9.20331327,Portugal,Lisbon,MUR,MUR,LWAL,LWAL,CDN,CDN,1,1,RES,RES,BP2,BPD,RSH2,RSH1,RMT1,RMN,MUR/LWAL/CDN/H:1/BP2/RSH2+RMT1/RES,"https://www.google.com/maps/@?api=1&map_action=pano&viewpoint=38.70009709,-9.20331327&heading=259.2890918549709&pitch=5&fov=120"
1260,2362c076-fd8a-4405-8578-efd5fda6966d,38.6976414,-9.194649766,Portugal,Lisbon,CR,,LFINF,,CDL,,4,,RES,,BP1,,RSH2,,RMT1,,CR/LFINF/CDL/H:4/BP1/RSH2+RMT1/RES,"https://www.google.com/maps/@?api=1&map_action=pano&viewpoint=38.6976414,-9.19464977&heading=138.88422833538067&pitch=5&fov=120"
1261,d5bb1d6f-91ac-4732-8f03-6d1ad7d4a721,38.69661409,-9.216391508,Portugal,Lisbon,MCF,MUR,LWAL,LWAL,CDL,CDN,2,2,RES,RES,BP2,BP2,RSH2,RSH2,RMT1,RMT1,MCF/LWAL/CDL/H:2/BP2/RSH2+RMT1/RES,"https://www.google.com/maps/@?api=1&map_action=pano&viewpoint=38.69661409,-9.21639151&heading=83.42186438891503&pitch=5&fov=120"
1262,388d4f25-1c26-4d64-9603-e6a4616e5d8f,38.70148207,-9.204093426,Portugal,Lisbon,MUR,MUR,LWAL,LWAL,CDN,CDL,1,1,RES,RES,BP1,BPD,RSH2,RSH2,RMT1,RMT1,MUR/LWAL/CDN/H:1/BP1/RSH2+RMT1/RES,"https://www.google.com/maps/@?api=1&map_action=pano&viewpoint=38.70148207,-9.20409343&heading=336.2380322812418&pitch=5&fov=120"
1263,5962ddb2-b3ce-426a-ba8c-a2ed7bc00e7e,38.70008295,-9.205270439,Portugal,Lisbon,MUR,MUR,LWAL,LWAL,CDN,CDN,1,2,RES,RES,BP1,BPD,RSH3,RSH2,RMT1,RMT1,MUR/LWAL/CDN/H:1/BP1/RSH3+RMT1/RES,"https://www.google.com/maps/@?api=1&map_action=pano&viewpoint=38.70008295,-9.20527044&heading=302.4217717858219&pitch=5&fov=120"
1264,1fcc095b-a22a-42eb-87c7-f059129b973e,38.69979096,-9.225902616,Portugal,Lisbon,CR,MUR,LFINF,LWAL,CDL,CDL,4,4,RES,MIX(RES;COM),BP2,BP1,RSH3,RSH1,RMT1,RMN,CR/LFINF/CDL/H:4/BP2/RSH3+RMT1/RES,"https://www.google.com/maps/@?api=1&map_action=pano&viewpoint=38.69979096,-9.22590262&heading=2.4695897986424598&pitch=5&fov=120"
1266,0a2be59b-2f81-43f7-91bd-9f4838808b5f,38.69534306,-9.217652663,Portugal,Lisbon,CR,,LFINF,,CDL,,4,,MIX(RES;COM),,BP2,,RSH2,,RMT1,,CR/LFINF/CDL/H:4/BP2/RSH2+RMT1/MIX(RES;COM),"https://www.google.com/maps/@?api=1&map_action=pano&viewpoint=38.69534306,-9.21765266&heading=171.8959873069557&pitch=5&fov=120"
1267,f09a9986-8e51-4e35-9079-9e927ae65131,38.70218184,-9.204993386,Portugal,Lisbon,MUR,MCF,LWAL,LWAL,CDL,CDL,2,2,RES,RES,BPD,BPD,RSH3,RSH2,RMT1,RMT1,MUR/LWAL/CDL/H:2/BPD/RSH3+RMT1/RES,"https://www.google.com/maps/@?api=1&map_action=pano&viewpoint=38.70218184,-9.20499339&heading=317.8226572414767&pitch=5&fov=120"
1268,ae066d2f-ab08-432a-a949-713836e6a526,38.6988694,-9.21732325,Portugal,Lisbon,MCF,MUR,LWAL,LWAL,CDL,CDL,2,2,RES,COM,BP2,BP1,RSH3,RSH2,RMT1,RMT1,MCF/LWAL/CDL/H:2/BP2/RSH3+RMT1/RES,"https://www.google.com/maps/@?api=1&map_action=pano&viewpoint=38.6988694,-9.21732325&heading=305.85933052047733&pitch=5&fov=120"
1269,6815392e-6f66-4ef0-94b8-345519f181fa,38.70015217,-9.201666963,Portugal,Lisbon,MCF,MUR,LWAL,LWAL,CDN,CDN,2,1,COM,COM,BPD,BP2,RSH2,RSH2,RMT1,RMT1,MCF/LWAL/CDN/H:2/BPD/RSH2+RMT1/COM,"https://www.google.com/maps/@?api=1&map_action=pano&viewpoint=38.70015217,-9.20166696&heading=150&pitch=5&fov=120"
1270,d3b23b3b-9f06-46f4-9be7-be14aa01f50e,38.70084157,-9.203526468,Portugal,Lisbon,MUR,MUR,LWAL,LWAL,CDN,CDN,1,1,RES,RES,BP1,BPD,RSH3,RSH3,RMT1,RMT1,MUR/LWAL/CDN/H:1/BP1/RSH3+RMT1/RES,"https://www.google.com/maps/@?api=1&map_action=pano&viewpoint=38.70084157,-9.20352647&heading=79.02042044904431&pitch=5&fov=120"
1271,4e086859-1206-4154-bf7b-ac1dfc536b67,38.6992254,-9.2121408,Portugal,Lisbon,MCF,MUR,LWAL,LWAL,CDL,CDN,2,2,RES,RES,BPD,BP1,RSH2,RSH2,RMT1,RMT1,MCF/LWAL/CDL/H:2/BPD/RSH2+RMT1/RES,"https://www.google.com/maps/@?api=1&map_action=pano&viewpoint=38.6992254,-9.2121408&heading=217.27629241176095&pitch=5&fov=120"
1273,3d59ac31-ceb1-44b3-80ef-f6e853707cc0,38.69715089,-9.202512167,Portugal,Lisbon,CR,MUR,LFINF,LWAL,CDN,CDN,4,4,MIX(RES;COM),MIX(RES;COM),BP2,BP2,RSH2,RSH2,RMT1,RMT1,CR/LFINF/CDN/H:4/BP2/RSH2+RMT1/MIX(RES;COM),"https://www.google.com/maps/@?api=1&map_action=pano&viewpoint=38.69715089,-9.20251217&heading=154.87513619945423&pitch=5&fov=120"
1274,6809aafa-e6d8-412d-86d1-301e854f81d9,38.6995773,-9.219425152,Portugal,Lisbon,MCF,MUR,LWAL,LWAL,CDN,CDL,2,2,RES,RES,BP2,BPD,RSH2,RSH2,RMT6,RMT1,MCF/LWAL/CDN/H:2/BP2/RSH2+RMT6/RES,"https://www.google.com/maps/@?api=1&map_action=pano&viewpoint=38.6995773,-9.21942515&heading=298.29305483730957&pitch=5&fov=120"
1275,b330709a-a1e5-48ad-8acd-29229f97ee2b,38.70218215,-9.20328435,Portugal,Lisbon,CR,CR,LFINF,LFM,CDL,CDL,4,4,RES,MIX(RES;COM),BP2,BP1,RSH2,RSH1,RMT1,RMN,CR/LFINF/CDL/H:4/BP2/RSH2+RMT1/RES,"https://www.google.com/maps/@?api=1&map_action=pano&viewpoint=38.70218215,-9.20328435&heading=175.48532885610024&pitch=5&fov=120"
1276,89ffba4c-3a38-4c5f-b1d3-980626deaac0,38.69527106,-9.216407032,Portugal,Lisbon,CR,CR,LFM,LFINF,CDL,CDM,4,3,MIX(RES;COM),COM,BP1,BP2,RSH2,RSH1,RMT1,RMN,CR/LFM/CDL/H:4/BP1/RSH2+RMT1/MIX(RES;COM),"https://www.google.com/maps/@?api=1&map_action=pano&viewpoint=38.69527106,-9.21640703&heading=351.92348841014825&pitch=5&fov=120"
1278,5c87ddfc-8bf7-4c9e-8b88-e4aec25dbc5b,38.70421459,-9.204983743,Portugal,Lisbon,CR,,LFM,,CDM,,2,,GOV,,BPD,,RSH1,,RMN,,CR/LFM/CDM/H:2/BPD/RSH1+RMN/GOV,"https://www.google.com/maps/@?api=1&map_action=pano&viewpoint=38.70421459,-9.20498374&heading=197.5108722803588&pitch=5&fov=120"
1280,06d7684c-6a8e-4f1f-8b46-3b172d31ab07,38.69961463,-9.204507108,Portugal,Lisbon,MUR,MUR,LWAL,LWAL,CDN,CDL,2,2,RES,RES,BPD,BPD,RSH2,RSH2,RMT1,RMT1,MUR/LWAL/CDN/H:2/BPD/RSH2+RMT1/RES,"https://www.google.com/maps/@?api=1&map_action=pano&viewpoint=38.69961463,-9.20450711&heading=304.8695116635754&pitch=5&fov=120"
1281,2e9ec9be-b190-4f07-be24-dfc4a98d10a2,38.69709926,-9.216133621,Portugal,Lisbon,MUR,MUR,LWAL,LWAL,CDN,CDN,2,2,RES,RES,BPD,BP1,RSH2,RSH2,RMT1,RMT1,MUR/LWAL/CDN/H:2/BPD/RSH2+RMT1/RES,"https://www.google.com/maps/@?api=1&map_action=pano&viewpoint=38.69709926,-9.21613362&heading=83.65215102478737&pitch=5&fov=120"
1282,268b0930-b663-494a-b362-26fde4d7b6b6,38.70069984,-9.217647899,Portugal,Lisbon,MUR,,LWAL,,CDL,,2,,RES,,BP2,,RSH2,,RMT1,,MUR/LWAL/CDL/H:2/BP2/RSH2+RMT1/RES,"https://www.google.com/maps/@?api=1&map_action=pano&viewpoint=38.70069984,-9.2176479&heading=110.93863742393421&pitch=5&fov=120"
1283,9d76b925-8bb0-4be2-97a1-0b1de0159ea2,38.69620978,-9.215797869,Portugal,Lisbon,MCF,MUR,LWAL,LWAL,CDL,CDN,2,2,RES,RES,BP2,BP2,RSH2,RSH2,RMT1,RMT1,MCF/LWAL/CDL/H:2/BP2/RSH2+RMT1/RES,"https://www.google.com/maps/@?api=1&map_action=pano&viewpoint=38.69620978,-9.21579787&heading=78.08486978608227&pitch=5&fov=120"
1284,ebc221c1-5577-4e14-9e9a-0abee2351b43,38.7023074,-9.20489655,Portugal,Lisbon,MUR,MUR,LWAL,LWAL,CDN,CDN,1,1,RES,MIX(RES;COM),BP2,BPD,RSH2,RSH1,RMT1,RMN,MUR/LWAL/CDN/H:1/BP2/RSH2+RMT1/RES,"https://www.google.com/maps/@?api=1&map_action=pano&viewpoint=38.7023074,-9.20489655&heading=156.19761210741513&pitch=5&fov=120"
1285,f8cd9936-68b9-4145-b9da-85a6f54512a7,38.703042,-9.202739213,Portugal,Lisbon,CR,MUR,LFINF,LWAL,CDL,CDL,5,3,RES,RES,BP2,BP1,RSH2,RSH1,RMT1,RMN,CR/LFINF/CDL/H:5/BP2/RSH2+RMT1/RES,"https://www.google.com/maps/@?api=1&map_action=pano&viewpoint=38.703042,-9.20273921&heading=31.734677080214396&pitch=5&fov=120"
1286,caa2bb51-eb24-4fa5-9a18-ba714d2be857,38.69509133,-9.220989953,Portugal,Lisbon,INF,,LN,,CDN,,1,,COM,,BP1,,RSH5,,RMT6,,INF/LN/CDN/H:1/BP1/RSH5+RMT6/COM,"https://www.google.com/maps/@?api=1&map_action=pano&viewpoint=38.69509133,-9.22098995&heading=178.04867409146942&pitch=5&fov=120"
1288,489625de-5fd2-4e25-afe0-1a014edca393,38.69993468,-9.219874743,Portugal,Lisbon,MCF,,LWAL,,CDL,,2,,RES,,BP2,,RSH2,,RMT1,,MCF/LWAL/CDL/H:2/BP2/RSH2+RMT1/RES,"https://www.google.com/maps/@?api=1&map_action=pano&viewpoint=38.69993468,-9.21987474&heading=32.011445387126514&pitch=5&fov=120"
1289,07ab51a0-9944-46fd-9753-966bef2b28bd,38.69823925,-9.21554035,Portugal,Lisbon,MCF,,LWAL,,CDL,,2,,RES,,BP1,,RSH2,,RMT1,,MCF/LWAL/CDL/H:2/BP1/RSH2+RMT1/RES,"https://www.google.com/maps/@?api=1&map_action=pano&viewpoint=38.69823925,-9.21554035&heading=171.7766187517467&pitch=5&fov=120"
1290,57a51433-d63a-4496-85bf-3d827f71c168,38.70448423,-9.20355272,Portugal,Lisbon,MUR,MCF,LWAL,LWAL,CDL,CDH,2,2,RES,RES,BP2,BPD,RSH2,RSH2,RMT1,RMT1,MUR/LWAL/CDL/H:2/BP2/RSH2+RMT1/RES,"https://www.google.com/maps/@?api=1&map_action=pano&viewpoint=38.70448423,-9.20355272&heading=336.08643781098823&pitch=5&fov=120"
1291,185d482a-193d-4942-a4d1-e9323af1e222,38.70407396,-9.203420503,Portugal,Lisbon,CR,MUR,LFINF,LWAL,CDL,CDN,3,2,RES,MIX(RES;COM),BP2,BP2,RSH3,RSH3,RMT1,RMT1,CR/LFINF/CDL/H:3/BP2/RSH3+RMT1/RES,"https://www.google.com/maps/@?api=1&map_action=pano&viewpoint=38.70407396,-9.2034205&heading=342.31779784836687&pitch=5&fov=120"
1292,9233098a-a7f4-4034-bd4a-caa0fee86035,38.69959251,-9.218502983,Portugal,Lisbon,MCF,MUR,LWAL,LWAL,CDL,CDL,2,2,RES,RES,BP1,BPD,RSH2,RSH1,RMT1,RMN,MCF/LWAL/CDL/H:2/BP1/RSH2+RMT1/RES,"https://www.google.com/maps/@?api=1&map_action=pano&viewpoint=38.69959251,-9.21850298&heading=23.755457811880092&pitch=5&fov=120"
1294,4980b284-3689-4af0-8347-b87b66b21909,38.69702975,-9.2161867,Portugal,Lisbon,MCF,MUR,LWAL,LWAL,CDL,CDL,2,2,RES,RES,BP2,BPD,RSH2,RSH2,RMT1,RMT1,MCF/LWAL/CDL/H:2/BP2/RSH2+RMT1/RES,"https://www.google.com/maps/@?api=1&map_action=pano&viewpoint=38.69702975,-9.2161867&heading=83.65211782477184&pitch=5&fov=120"
1295,64e61228-c91c-462c-bf1e-58073d7fdc8a,38.69673818,-9.213840944,Portugal,Lisbon,CR,MUR,LFINF,LWAL,CDM,CDN,3,2,RES,RES,BPD,BP1,RSH3,RSH1,RMT1,RMN,CR/LFINF/CDM/H:3/BPD/RSH3+RMT1/RES,"https://www.google.com/maps/@?api=1&map_action=pano&viewpoint=38.69673818,-9.21384094&heading=153.29498784631153&pitch=5&fov=120"
1296,29147d90-6ded-44e9-8762-1ee22efcb199,38.69566273,-9.217611603,Portugal,Lisbon,CR,CR,LFINF,LFM,CDL,CDL,3,3,RES,MIX(RES;COM),BPD,BP2,RSH2,RSH1,RMT1,RMN,CR/LFINF/CDL/H:3/BPD/RSH2+RMT1/RES,"https://www.google.com/maps/@?api=1&map_action=pano&viewpoint=38.69566273,-9.2176116&heading=351.8960129773734&pitch=5&fov=120"
1297,400d1d0d-41f0-4477-bd74-e9d15fa5312d,38.69889181,-9.218533814,Portugal,Lisbon,MCF,,LWAL,,CDL,,2,,RES,,BP1,,RSH2,,RMT1,,MCF/LWAL/CDL/H:2/BP1/RSH2+RMT1/RES,"https://www.google.com/maps/@?api=1&map_action=pano&viewpoint=38.69889181,-9.21853381&heading=286.6819939108791&pitch=5&fov=120"
1301,81dce2bc-4062-429e-97bc-e8a7173313bc,38.69988428,-9.211037484,Portugal,Lisbon,CR,,LFINF,,CDM,,2,,GOV,,BPD,,RSH3,,RMT1,,CR/LFINF/CDM/H:2/BPD/RSH3+RMT1/GOV,"https://www.google.com/maps/@?api=1&map_action=pano&viewpoint=38.69988428,-9.21103748&heading=130.54490103173896&pitch=5&fov=120"
1302,b120eeef-09a0-48f3-8b00-36442e85b1a2,38.69855582,-9.197864898,Portugal,Lisbon,CR,MUR,LFM,LWAL,CDL,CDN,1,1,COM,RES,BP2,BPD,RSH2,RSH2,RMT6,RMT1,MUR/LWAL/CDN/H:1/BP2/RSH2+RMT1/RES,"https://www.google.com/maps/@?api=1&map_action=pano&viewpoint=38.69855582,-9.1978649&heading=326.8781994722833&pitch=5&fov=120"
1303,392a752b-4a9a-4d16-b356-30bd7636f03e,38.7014017,-9.20421075,Portugal,Lisbon,MCF,,LWAL,,CDN,,2,,RES,,BP1,,RSH3,,RMT1,,MCF/LWAL/CDN/H:2/BP1/RSH3+RMT1/RES,"https://www.google.com/maps/@?api=1&map_action=pano&viewpoint=38.7014017,-9.20421075&heading=169.80903493360665&pitch=5&fov=120"
1306,bcc056b9-5856-43cf-9826-e33701c20e6a,38.69877335,-9.21134765,Portugal,Lisbon,CR,CR,LFINF,LFM,CDM,CDN,2,2,RES,RES,BPD,BP2,RSH3,RSH1,RMT1,RMN,CR/LFINF/CDM/H:2/BPD/RSH3+RMT1/RES,"https://www.google.com/maps/@?api=1&map_action=pano&viewpoint=38.69877335,-9.21134765&heading=36.37038623802897&pitch=5&fov=120"
1308,5f7e3005-01f2-4d5b-acd6-1ef8740c8af6,38.70193265,-9.20277875,Portugal,Lisbon,MCF,MCF,LWAL,LWAL,CDL,CDL,3,2,RES,COM,BP1,BP2,RSH2,RSH2,RMT1,RMT1,MCF/LWAL/CDL/H:3/BP1/RSH2+RMT1/RES,"https://www.google.com/maps/@?api=1&map_action=pano&viewpoint=38.70193265,-9.20277875&heading=175.10687557541218&pitch=5&fov=120"
1309,e7c167f2-9893-4234-9e23-3cb3ec1f5cd0,38.70011943,-9.206599811,Portugal,Lisbon,CR,,LFINF,,CDL,,4,,MIX(RES;COM),,BP2,,RSH2,,RMT1,,CR/LFINF/CDL/H:4/BP2/RSH2+RMT1/MIX(RES;COM),"https://www.google.com/maps/@?api=1&map_action=pano&viewpoint=38.70011943,-9.20659981&heading=326.11095468787096&pitch=5&fov=120"
1312,5922ea74-8f36-4085-a6d7-c1c62d223229,38.6998409,-9.19558182,Portugal,Lisbon,MUR,MUR,LWAL,LWAL,CDL,CDL,2,2,RES,RES,BP2,BP2,RSH2,RSH2,RMT1,RMT1,MUR/LWAL/CDL/H:2/BP2/RSH2+RMT1/RES,"https://www.google.com/maps/@?api=1&map_action=pano&viewpoint=38.6998409,-9.19558182&heading=311.92143061503134&pitch=5&fov=120"
1315,c3972871-87d2-48c5-a8e8-354626076680,38.696954,-9.201836322,Portugal,Lisbon,CR,,LFM,,CDN,,2,,MIX(RES;COM),,BP2,,RSH2,,RMT1,,CR/LFM/CDN/H:2/BP2/RSH2+RMT1/MIX(RES;COM),"https://www.google.com/maps/@?api=1&map_action=pano&viewpoint=38.696954,-9.20183632&heading=226.9409316465837&pitch=5&fov=120"
1317,857684d6-d537-44e1-8f75-78549eb333ac,38.69821994,-9.219455948,Portugal,Lisbon,MUR,MUR,LWAL,LWAL,CDL,CDL,2,2,RES,RES,BP2,BPD,RSH2,RSH1,RMT1,RMN,MUR/LWAL/CDL/H:2/BP2/RSH2+RMT1/RES,"https://www.google.com/maps/@?api=1&map_action=pano&viewpoint=38.69821994,-9.21945595&heading=287.5723092488899&pitch=5&fov=120"
1319,ec790a3f-8724-446b-b2ca-2547b8c958b1,38.69854931,-9.2163268,Portugal,Lisbon,CR,MUR,LFINF,LWAL,CDM,CDN,3,2,RES,RES,BP1,BPD,RSH1,RSH1,RMN,RMN,CR/LFINF/CDM/H:3/BP1/RSH1+RMN/RES,"https://www.google.com/maps/@?api=1&map_action=pano&viewpoint=38.69854931,-9.2163268&heading=180.34737581966436&pitch=5&fov=120"
1320,72ecc656-06b4-4229-909e-0b16e5b1e1e3,38.6976432,-9.217617227,Portugal,Lisbon,MCF,MUR,LWAL,LWAL,CDL,CDL,2,2,RES,RES,BP2,BP2,RSH2,RSH1,RMT1,RMN,MCF/LWAL/CDL/H:2/BP2/RSH2+RMT1/RES,"https://www.google.com/maps/@?api=1&map_action=pano&viewpoint=38.6976432,-9.21761723&heading=96.23204130993344&pitch=5&fov=120"
1321,8a33d4f9-33d6-4721-9fb3-cad93bb5a640,38.69561295,-9.218573096,Portugal,Lisbon,CR,,LFINF,,CDL,,4,,MIX(RES;COM),,BP2,,RSH2,,RMT1,,CR/LFINF/CDL/H:4/BP2/RSH2+RMT1/MIX(RES;COM),"https://www.google.com/maps/@?api=1&map_action=pano&viewpoint=38.69561295,-9.2185731&heading=172.18545204953142&pitch=5&fov=120"
1323,7abc91e2-dc39-4e97-8214-b295f64d64e1,38.69793312,-9.215070642,Portugal,Lisbon,MCF,,LWAL,,CDL,,2,,RES,,BPD,,RSH3,,RMT1,,MCF/LWAL/CDL/H:2/BPD/RSH3+RMT1/RES,"https://www.google.com/maps/@?api=1&map_action=pano&viewpoint=38.69793312,-9.21507064&heading=249.9760042148436&pitch=5&fov=120"
1324,235f2fae-05be-4f23-8bbc-0d11c6a2cd3c,38.69831715,-9.2140195,Portugal,Lisbon,CR,,LFM,,CDH,,3,,RES,,BPD,,RSH3,,RMT1,,CR/LFM/CDH/H:3/BPD/RSH3+RMT1/RES,"https://www.google.com/maps/@?api=1&map_action=pano&viewpoint=38.69831715,-9.2140195&heading=336.5674865864766&pitch=5&fov=120"
1325,7e23bb46-7cda-4953-b30e-92332d13a3e0,38.69891755,-9.20475895,Portugal,Lisbon,MUR,,LWAL,,CDL,,2,,RES,,BP1,,RSH2,,RMT1,,MUR/LWAL/CDL/H:2/BP1/RSH2+RMT1/RES,"https://www.google.com/maps/@?api=1&map_action=pano&viewpoint=38.69891755,-9.20475895&heading=131.83365248023614&pitch=5&fov=120"
1329,330541c5-1fbb-4d5f-a88a-f12b7ff8794d,38.69560945,-9.212094867,Portugal,Lisbon,CR,,LFINF,,CDM,,3,,RES,,BP1,,RSH1,,RMN,,CR/LFINF/CDM/H:3/BP1/RSH1+RMN/RES,"https://www.google.com/maps/@?api=1&map_action=pano&viewpoint=38.69560945,-9.21209487&heading=68.88873725588815&pitch=5&fov=120"
1330,1dfd730a-881e-410f-87ce-372d0ad722ad,38.70303611,-9.206307446,Portugal,Lisbon,CR,CR,LFM,LFINF,CDH,CDN,6.0-7.0,6.0-7.0,MIX(RES;COM),MIX(RES;COM),BP1,BP1,RSH1,RSH1,RMN,RMN,CR/LFM/CDH/H:6-7/BP1/RSH1+RMN/MIX(RES;COM),"https://www.google.com/maps/@?api=1&map_action=pano&viewpoint=38.70303611,-9.20630745&heading=49.36957066242343&pitch=5&fov=120"
1331,80db320a-0f36-470f-b29d-f31d17c86dd9,38.69808265,-9.194027,Portugal,Lisbon,MUR,MUR,LWAL,LWAL,CDN,CDN,1,1,RES,RES,BP2,BPD,RSH2,RSH3,RMT1,RMT1,MUR/LWAL/CDN/H:1/BP2/RSH2+RMT1/RES,"https://www.google.com/maps/@?api=1&map_action=pano&viewpoint=38.69808265,-9.194027&heading=315.8446521817682&pitch=5&fov=120"
1332,ad5c53df-ea68-468f-8e01-4430a80e0ded,38.6969436,-9.22272605,Portugal,Lisbon,CR,CR,LFINF,LFINF,CDL,CDN,2,2,RES,COM,BP2,BPD,RSH2,RSH1,RMT1,RMN,CR/LFINF/CDL/H:2/BP2/RSH2+RMT1/RES,"https://www.google.com/maps/@?api=1&map_action=pano&viewpoint=38.6969436,-9.22272605&heading=185.54379666357607&pitch=5&fov=120"
1334,cfb11f92-cdf6-4200-9394-fb76c456e94a,38.69728579,-9.217962152,Portugal,Lisbon,MCF,MUR,LWAL,LWAL,CDL,CDL,2,2,RES,RES,BP1,BP2,RSH2,RSH2,RMT1,RMT1,MCF/LWAL/CDL/H:2/BP1/RSH2+RMT1/RES,"https://www.google.com/maps/@?api=1&map_action=pano&viewpoint=38.69728579,-9.21796215&heading=95.1053143102103&pitch=5&fov=120"
1335,8b881968-1726-49f5-8ffd-2f67a0d0dddf,38.70446069,-9.202954176,Portugal,Lisbon,CR,CR,LFM,LFINF,CDN,CDN,3,3,RES,MIX(RES;COM),BP1,BP2,RSH3,RSH1,RMT1,RMN,CR/LFM/CDN/H:3/BP1/RSH3+RMT1/RES,"https://www.google.com/maps/@?api=1&map_action=pano&viewpoint=38.70446069,-9.20295418&heading=66.96097695950442&pitch=5&fov=120"
1339,13e58e0f-d9d7-456e-8904-f552c8f7f99a,38.69651509,-9.22405547,Portugal,Lisbon,CR,HYB(MCF;MUR),LFM,LWAL,CDH,CDH,4,5,RES,MIX(RES;COM),BPD,BP2,RSH1,RSH1,RMN,RMN,CR/LFM/CDH/H:4/BPD/RSH1+RMN/RES,"https://www.google.com/maps/@?api=1&map_action=pano&viewpoint=38.69651509,-9.22405547&heading=183.71876924979313&pitch=5&fov=120"
1340,4d96019f-e774-44c2-b7e6-24d59fa11258,38.69705932,-9.217701639,Portugal,Lisbon,MCF,MUR,LWAL,LWAL,CDN,CDN,2,2,RES,RES,BP2,BP1,RSH2,RSH2,RMT1,RMT1,MCF/LWAL/CDN/H:2/BP2/RSH2+RMT1/RES,"https://www.google.com/maps/@?api=1&map_action=pano&viewpoint=38.69705932,-9.21770164&heading=92.78713697552962&pitch=5&fov=120"
1341,5c15dcb1-3941-4ec8-bfcc-28b534cb56e7,38.6959414,-9.2107386,Portugal,Lisbon,CR,CR,LFM,LFINF,CDH,CDN,8.0-9.0,6.0-7.0,MIX(RES;COM),MIX(RES;COM),BP1,BP1,RSH1,RSH1,RMN,RMN,CR/LFM/CDH/H:8-9/BP1/RSH1+RMN/MIX(RES;COM),"https://www.google.com/maps/@?api=1&map_action=pano&viewpoint=38.6959414,-9.2107386&heading=308.2502084519863&pitch=5&fov=120"
1342,9ed3eda0-2247-420c-a3e6-9c4526df3637,38.69965051,-9.225696607,Portugal,Lisbon,CR,MUR,LFINF,LWAL,CDL,CDL,4,5,RES,RES,BP2,BP2,RSH2,RSH1,RMT1,RMN,CR/LFINF/CDL/H:4/BP2/RSH2+RMT1/RES,"https://www.google.com/maps/@?api=1&map_action=pano&viewpoint=38.69965051,-9.22569661&heading=10.249527901189367&pitch=5&fov=120"
1343,e94fbd03-cd40-4afe-a1f6-0a8bd7750863,38.6983734,-9.215969766,Portugal,Lisbon,CR,MCF,LFM,LWAL,CDH,CDN,2,2,GOV,IND,BPD,BPD,RSH1,RSH1,RMN,RMN,CR/LFM/CDH/H:2/BPD/RSH1+RMN/GOV,"https://www.google.com/maps/@?api=1&map_action=pano&viewpoint=38.6983734,-9.21596977&heading=175.55315289050782&pitch=5&fov=120"
1344,0a73e383-364b-4b57-b743-0de3a3ab54b7,38.70134794,-9.205108866,Portugal,Lisbon,MCF,MCF,LWAL,LWAL,CDL,CDL,2,3,RES,RES,BP1,BP1,RSH3,RSH3,RMT1,RMT1,MCF/LWAL/CDL/H:2/BP1/RSH3+RMT1/RES,"https://www.google.com/maps/@?api=1&map_action=pano&viewpoint=38.70134794,-9.20510887&heading=318.73584149350154&pitch=5&fov=120"
1345,b1d4d08e-3164-400e-86d0-675a8318b4ff,38.70328388,-9.206302982,Portugal,Lisbon,MCF,MCF,LWAL,LWAL,CDL,CDL,1,1,IND,IND,BPD,BPD,RSH2,RSH2,RMT6,RMT1,MCF/LWAL/CDL/H:1/BPD/RSH2+RMT6/IND,"https://www.google.com/maps/@?api=1&map_action=pano&viewpoint=38.70328388,-9.20630298&heading=322.0978685503803&pitch=5&fov=120"
1347,c5ea7901-9d62-49b6-b85f-2382a2a6c1a9,38.69515199,-9.214301099,Portugal,Lisbon,CR,CR,LFM,LFINF,CDM,CDM,4,6.0-7.0,MIX(RES;COM),COM,BP2,BP2,RSH1,RSH1,RMN,RMN,CR/LFM/CDM/H:4/BP2/RSH1+RMN/MIX(RES;COM),"https://www.google.com/maps/@?api=1&map_action=pano&viewpoint=38.69515199,-9.2143011&heading=327.9598837324768&pitch=5&fov=120"
1348,9087e548-9cf7-493f-af9c-01f7233fa0ec,38.70063959,-9.225227718,Portugal,Lisbon,MCF,,LWAL,,CDL,,3,,RES,,BP2,,RSH2,,RMT1,,MCF/LWAL/CDL/H:3/BP2/RSH2+RMT1/RES,"https://www.google.com/maps/@?api=1&map_action=pano&viewpoint=38.70063959,-9.22522772&heading=183.83545889672547&pitch=5&fov=120"
1349,e99ef021-8573-4611-92c2-38d59092e8c8,38.70052646,-9.205884542,Portugal,Lisbon,CR,CR,LFM,LFINF,CDL,CDN,4,5,MIX(RES;COM),MIX(RES;COM),BP2,BP1,RSH2,RSH1,RMT1,RMN,CR/LFM/CDL/H:4/BP2/RSH2+RMT1/MIX(RES;COM),"https://www.google.com/maps/@?api=1&map_action=pano&viewpoint=38.70052646,-9.20588454&heading=47.42554248638271&pitch=5&fov=120"
1350,c09fbbfb-f805-4a0a-a517-d9b9293e031b,38.69737213,-9.223526385,Portugal,Lisbon,MUR,MUR,LWAL,LWAL,CDL,CDN,2,2,RES,RES,BP2,BPD,RSH2,RSH2,RMT1,RMT1,MUR/LWAL/CDL/H:2/BP2/RSH2+RMT1/RES,"https://www.google.com/maps/@?api=1&map_action=pano&viewpoint=38.69737213,-9.22352638&heading=171.63824232337663&pitch=5&fov=120"
1354,2979ac6d-8b41-4af7-b303-f4be1afe0dd4,38.69613115,-9.212243033,Portugal,Lisbon,CR,MCF,LFINF,LWAL,CDM,CDN,6.0-7.0,4,RES,MIX(RES;COM),BP2,BP2,RSH1,RSH1,RMN,RMN,CR/LFINF/CDM/H:6-7/BP2/RSH1+RMN/RES,"https://www.google.com/maps/@?api=1&map_action=pano&viewpoint=38.69613115,-9.21224303&heading=216.61424638949495&pitch=5&fov=120"
1356,aeba2b3e-2869-4515-864a-e6554bdb1d4a,38.6970427,-9.216504061,Portugal,Lisbon,MCF,MUR,LWAL,LWAL,CDL,CDL,2,2,RES,RES,BP1,BPD,RSH3,RSH2,RMT1,RMT1,MCF/LWAL/CDL/H:2/BP1/RSH3+RMT1/RES,"https://www.google.com/maps/@?api=1&map_action=pano&viewpoint=38.6970427,-9.21650406&heading=85.410097752838&pitch=5&fov=120"
1357,74262c50-fb74-42af-a9d9-206d8dcfe8a4,38.70024155,-9.202289,Portugal,Lisbon,MUR,MUR,LWAL,LWAL,CDN,CDN,1,1,COM,COM,BPD,BP2,RSH2,RSH2,RMT1,RMT1,MUR/LWAL/CDN/H:1/BPD/RSH2+RMT1/COM,"https://www.google.com/maps/@?api=1&map_action=pano&viewpoint=38.70024155,-9.202289&heading=76.38969731631107&pitch=5&fov=120"
1358,42c747bb-fa6b-4c32-aa51-ccba16563bfa,38.69536891,-9.208932534,Portugal,Lisbon,CR,CR,LWAL,LFINF,CDH,CDH,2,1,COM,IND,BPD,BPD,RSH1,RSH1,RMN,RMN,CR/LWAL/CDH/H:2/BPD/RSH1+RMN/COM,"https://www.google.com/maps/@?api=1&map_action=pano&viewpoint=38.69536891,-9.20893253&heading=150&pitch=5&fov=120"
1359,d8d637ff-0639-4d6b-ba59-8383f47fa118,38.69544824,-9.216303166,Portugal,Lisbon,CR,CR,LFINF,LFINF,CDL,CDN,4,5,RES,MIX(RES;COM),BP1,BP1,RSH2,RSH1,RMT1,RMN,CR/LFINF/CDL/H:4/BP1/RSH2+RMT1/RES,"https://www.google.com/maps/@?api=1&map_action=pano&viewpoint=38.69544824,-9.21630317&heading=254.1677901874221&pitch=5&fov=120"
1360,42493c5e-cd7e-4ac6-ace0-c300fa98cf59,38.70121294,-9.209637852,Portugal,Lisbon,MUR,MCF,LWAL,LWAL,CDN,CDN,1,1,COM,COM,BPD,BPD,RSH2,RSH2,RMT1,RMT1,MUR/LWAL/CDN/H:1/BPD/RSH2+RMT1/COM,"https://www.google.com/maps/@?api=1&map_action=pano&viewpoint=38.70121294,-9.20963785&heading=130.4838667232366&pitch=5&fov=120"
1366,9d69dfb7-a756-4ef0-8d57-6a11a0d6464f,38.69739066,-9.22011351,Portugal,Lisbon,CR,,LFM,,CDM,,4,,GOV,,BPD,,RSH3,,RMT1,,CR/LFM/CDM/H:4/BPD/RSH3+RMT1/RES,"https://www.google.com/maps/@?api=1&map_action=pano&viewpoint=38.69739066,-9.22011351&heading=276.8365917309368&pitch=5&fov=120"
1367,52409cc0-b731-4b36-bf76-03161fa70e04,38.69586707,-9.216737763,Portugal,Lisbon,MCF,MUR,LWAL,LWAL,CDM,CDL,2,2,RES,RES,BPD,BPD,RSH3,RSH2,RMT1,RMT1,MCF/LWAL/CDM/H:2/BPD/RSH3+RMT1/RES,"https://www.google.com/maps/@?api=1&map_action=pano&viewpoint=38.69586707,-9.21673776&heading=352.0268910053179&pitch=5&fov=120"
1368,00bdb5fd-9444-440f-944f-a2b3b5f68d4d,38.69755871,-9.202584943,Portugal,Lisbon,MUR,MUR,LWAL,LWAL,CDN,CDN,2,1,MIX(RES;COM),RES,BP2,BP1,RSH2,RSH2,RMT1,RMT1,MUR/LWAL/CDN/H:2/BP2/RSH2+RMT1/MIX(RES;COM),"https://www.google.com/maps/@?api=1&map_action=pano&viewpoint=38.69755871,-9.20258494&heading=333.1934473495491&pitch=5&fov=120"
1369,eb493c66-bac9-48cf-aac8-0f14aaf7734b,38.69941593,-9.218092501,Portugal,Lisbon,CR,MUR,LFINF,LWAL,CDL,CDN,2,2,RES,RES,BPD,BPD,RSH3,RSH2,RMT1,RMT1,CR/LFINF/CDL/H:2/BPD/RSH3+RMT1/RES,"https://www.google.com/maps/@?api=1&map_action=pano&viewpoint=38.69941593,-9.2180925&heading=201.55118927808252&pitch=5&fov=120"
1371,1ae83021-a754-4f5b-abf4-62ffa48c658b,38.69730286,-9.21535413,Portugal,Lisbon,MUR,MUR,LWAL,LWAL,CDL,CDL,2,2,RES,RES,BP1,BPD,RSH2,RSH2,RMT6,RMT1,MUR/LWAL/CDL/H:2/BP1/RSH2+RMT6/RES,"https://www.google.com/maps/@?api=1&map_action=pano&viewpoint=38.69730286,-9.21535413&heading=77.4062305119561&pitch=5&fov=120"
1372,20e4a401-2145-452d-89aa-0b70334a1ea8,38.69799738,-9.215461793,Portugal,Lisbon,MCF,MUR,LWAL,LWAL,CDL,CDN,1,1,RES,RES,BP1,BP2,RSH5,RSH1,RMT1,RMN,MCF/LWAL/CDL/H:1/BP1/RSH5+RMT1/RES,"https://www.google.com/maps/@?api=1&map_action=pano&viewpoint=38.69799738,-9.21546179&heading=169.07575021242627&pitch=5&fov=120"
1375,b6c51299-288f-4f58-b9d8-825c0e4f70e3,38.69518989,-9.220574668,Portugal,Lisbon,CR,MCF,LWAL,LWAL,CDH,CDN,2,1,COM,COM,BPD,BPD,RSH1,RSH2,RMN,RMT1,CR/LWAL/CDH/H:2/BPD/RSH1+RMN/COM,"https://www.google.com/maps/@?api=1&map_action=pano&viewpoint=38.69518989,-9.22057467&heading=0.506930500039914&pitch=5&fov=120"
1377,1ad1b2a1-aa7b-45a3-9175-9708f1825312,38.6950496,-9.220810022,Portugal,Lisbon,MUR,MUR,LWAL,LWAL,CDN,CDN,1,1,COM,COM,BP1,BPD,RSH2,RSH2,RMT1,RMT1,MUR/LWAL/CDN/H:1/BP1/RSH2+RMT1/COM,"https://www.google.com/maps/@?api=1&map_action=pano&viewpoint=38.6950496,-9.22081002&heading=178.94238072672135&pitch=5&fov=120"
1378,e4c5e986-0d03-429f-952c-3288b33749ad,38.7011059,-9.21928415,Portugal,Lisbon,CR,MUR,LFINF,LWAL,CDM,CDN,2,2,RES,RES,BPD,BP2,RSH2,RSH1,RMT1,RMN,CR/LFINF/CDM/H:2/BPD/RSH2+RMT1/RES,"https://www.google.com/maps/@?api=1&map_action=pano&viewpoint=38.7011059,-9.21928415&heading=301.0751376367988&pitch=5&fov=120"
1379,8ec4d269-8a36-4780-a757-2fc537a3f001,38.69593824,-9.215701323,Portugal,Lisbon,CR,,LFINF,,CDM,,2,,RES,,BPD,,RSH3,,RMT1,,CR/LFINF/CDM/H:2/BPD/RSH3+RMT1/RES,"https://www.google.com/maps/@?api=1&map_action=pano&viewpoint=38.69593824,-9.21570132&heading=345.0331927329803&pitch=5&fov=120"
1380,5187d330-7d23-4f57-b661-ac5803f2df33,38.69285907,-9.213321299,Portugal,Lisbon,S,MUR,LFM,LWAL,CDM,CDN,1,3,COM,IND,BPD,BPD,RSH1,RSH2,RMN,RMT1,CR/LFINF/CDL/H:2/BPD/RSH1+RMN/RES,"https://www.google.com/maps/@?api=1&map_action=pano&viewpoint=38.69285907,-9.2133213&heading=226.96606521748294&pitch=5&fov=120"
1381,35481d63-25d4-4f69-8621-c0f3349b1888,38.69718028,-9.216830218,Portugal,Lisbon,MCF,MUR,LWAL,LWAL,CDL,CDL,2,2,RES,RES,BP2,BPD,RSH2,RSH2,RMT1,RMT1,MCF/LWAL/CDL/H:2/BP2/RSH2+RMT1/RES,"https://www.google.com/maps/@?api=1&map_action=pano&viewpoint=38.69718028,-9.21683022&heading=87.35995366945696&pitch=5&fov=120"
1382,83854336-42f9-4b9b-a0d9-3b6394a3a06b,38.7011705,-9.21908305,Portugal,Lisbon,MUR,MUR,LWAL,LWAL,CDL,CDL,1,1,RES,RES,BPD,BPD,RSH3,RSH1,RMT1,RMN,MUR/LWAL/CDL/H:1/BPD/RSH3+RMT1/RES,"https://www.google.com/maps/@?api=1&map_action=pano&viewpoint=38.7011705,-9.21908305&heading=211.40276693059445&pitch=5&fov=120"
1383,d9bb186f-c304-4972-bf0e-e5ced379eb04,38.69473155,-9.216061657,Portugal,Lisbon,MUR,MUR,LWAL,LWAL,CDN,CDN,1,1,RES,RES,BP1,BPD,RSH2,RSH1,RMT1,RMN,MUR/LWAL/CDN/H:1/BP1/RSH2+RMT1/RES,"https://www.google.com/maps/@?api=1&map_action=pano&viewpoint=38.69473155,-9.21606166&heading=232.94502030159248&pitch=5&fov=120"
1384,cdf7c6ac-f6cb-4b5e-97ab-b067a03b58cf,38.70030026,-9.220096202,Portugal,Lisbon,MCF,,LWAL,,CDL,,2,,RES,,BP2,,RSH2,,RMT1,,MCF/LWAL/CDL/H:2/BP2/RSH2+RMT1/RES,"https://www.google.com/maps/@?api=1&map_action=pano&viewpoint=38.70030026,-9.2200962&heading=211.95783827001026&pitch=5&fov=120"
1385,d7186bf6-2050-48f6-a41a-b24bdb2bba39,38.69772936,-9.215885969,Portugal,Lisbon,MCF,,LWAL,,CDL,,2,,RES,,BPD,,RSH2,,RMT1,,MCF/LWAL/CDL/H:2/BPD/RSH2+RMT1/RES,"https://www.google.com/maps/@?api=1&map_action=pano&viewpoint=38.69772936,-9.21588597&heading=351.5914674940928&pitch=5&fov=120"
1386,a6da8618-7455-4cf0-93c8-283c0519234b,38.69752606,-9.211674005,Portugal,Lisbon,MCF,MUR,LWAL,LWAL,CDL,CDN,2,2,RES,RES,BPD,BP1,RSH3,RSH2,RMT1,RMT1,MCF/LWAL/CDL/H:2/BPD/RSH3+RMT1/RES,"https://www.google.com/maps/@?api=1&map_action=pano&viewpoint=38.69752606,-9.211674&heading=312.49231872645555&pitch=5&fov=120"
1387,e16bb7ea-5bcf-4bc0-83dd-f0dfe996194a,38.69895532,-9.204486825,Portugal,Lisbon,MUR,MUR,LWAL,LWAL,CDL,CDL,2,2,RES,RES,BP1,BP1,RSH3,RSH1,RMT1,RMN,MUR/LWAL/CDL/H:2/BP1/RSH3+RMT1/RES,"https://www.google.com/maps/@?api=1&map_action=pano&viewpoint=38.69895532,-9.20448683&heading=144.47004323327337&pitch=5&fov=120"
1389,c0e9bc8e-18a9-426e-8e90-70d13956e977,38.69788145,-9.193647494,Portugal,Lisbon,MUR,,LWAL,,CDN,,1,,RES,,BP1,,RSH2,,RMT1,,MUR/LWAL/CDN/H:1/BP1/RSH2+RMT1/RES,"https://www.google.com/maps/@?api=1&map_action=pano&viewpoint=38.69788145,-9.19364749&heading=81.97928909400446&pitch=5&fov=120"
1390,498b3eb1-03dc-4d0d-b7af-9546b77ff039,38.69737769,-9.218299326,Portugal,Lisbon,MCF,MUR,LWAL,LWAL,CDL,CDL,2,2,RES,RES,BP2,BPD,RSH2,RSH2,RMT1,RMT1,MCF/LWAL/CDL/H:2/BP2/RSH2+RMT1/RES,"https://www.google.com/maps/@?api=1&map_action=pano&viewpoint=38.69737769,-9.21829933&heading=97.86846340200663&pitch=5&fov=120"
1391,11e0fc1d-dcf3-4962-b457-e6f2ce86968f,38.69757934,-9.194626867,Portugal,Lisbon,CR,MUR,LFINF,LWAL,CDL,CDN,4,5,MIX(RES;COM),MIX(RES;COM),BP1,BP2,RSH2,RSH1,RMT1,RMN,CR/LFINF/CDL/H:4/BP1/RSH2+RMT1/MIX(RES;COM),"https://www.google.com/maps/@?api=1&map_action=pano&viewpoint=38.69757934,-9.19462687&heading=333.2189252319263&pitch=5&fov=120"
1392,30bd1844-40d3-4858-af05-efec251bfdc1,38.7028641,-9.202904874,Portugal,Lisbon,MCF,MCF,LWAL,LWAL,CDL,CDL,2,2,RES,RES,BP2,BP1,RSH2,RSH2,RMT1,RMT1,MCF/LWAL/CDL/H:2/BP2/RSH2+RMT1/RES,"https://www.google.com/maps/@?api=1&map_action=pano&viewpoint=38.7028641,-9.20290487&heading=211.73457350630838&pitch=5&fov=120"
1393,30ee24af-324a-474f-ae9a-94b7cd841481,38.70259521,-9.204962085,Portugal,Lisbon,CR,,LFM,,CDH,,6.0-7.0,,RES,,BPD,,RSH1,,RMN,,CR/LFM/CDH/H:6-7/BPD/RSH1+RMN/RES,"https://www.google.com/maps/@?api=1&map_action=pano&viewpoint=38.70259521,-9.20496209&heading=175.0250249334693&pitch=5&fov=120"
1394,4c0ba54c-aa70-45b1-8c53-a8ca54a73d3c,38.70015577,-9.198745426,Portugal,Lisbon,MUR,MUR,LWAL,LWAL,CDN,CDL,1,1,COM,COM,BP1,BPD,RSH2,RSH2,RMT1,RMT1,MUR/LWAL/CDN/H:1/BP1/RSH2+RMT1/COM,"https://www.google.com/maps/@?api=1&map_action=pano&viewpoint=38.70015577,-9.19874543&heading=244.02664557018522&pitch=5&fov=120"
1395,5b726095-fa6b-4989-bc39-132f2d48a5c6,38.70014203,-9.222557553,Portugal,Lisbon,CR,,LFINF,,CDM,,2,,RES,,BPD,,RSH3,,RMT1,,CR/LFINF/CDM/H:2/BPD/RSH3+RMT1/RES,"https://www.google.com/maps/@?api=1&map_action=pano&viewpoint=38.70014203,-9.22255755&heading=122.17643820714898&pitch=5&fov=120"
1396,b60d9799-2f63-42c4-ae6c-62819df3c317,38.69895811,-9.218869942,Portugal,Lisbon,MCF,MUR,LWAL,LWAL,CDL,CDL,2,2,RES,RES,BP2,BP1,RSH2,RSH2,RMT1,RMT1,MCF/LWAL/CDL/H:2/BP2/RSH2+RMT1/RES,"https://www.google.com/maps/@?api=1&map_action=pano&viewpoint=38.69895811,-9.21886994&heading=290.14345783676225&pitch=5&fov=120"
1397,4dd9df9f-0718-4c65-b12b-dec38043f94d,38.70011703,-9.218782246,Portugal,Lisbon,MCF,MUR,LWAL,LWAL,CDN,CDN,2,1,RES,IND,BP2,BP2,RSH2,RSH2,RMT1,RMT1,MCF/LWAL/CDN/H:2/BP2/RSH2+RMT1/RES,"https://www.google.com/maps/@?api=1&map_action=pano&viewpoint=38.70011703,-9.21878225&heading=302.1647598226731&pitch=5&fov=120"
1398,a7816d4a-1020-4edd-8595-0ca0870422d7,38.70066683,-9.215650177,Portugal,Lisbon,CR,,LWAL,,CDM,,3,,RES,,BPD,,RSH3,,RMT1,,CR/LWAL/CDM/H:3/BPD/RSH3+RMT1/RES,"https://www.google.com/maps/@?api=1&map_action=pano&viewpoint=38.70066683,-9.21565018&heading=20.785123514741485&pitch=5&fov=120"
1400,afd77c07-18f9-4e75-aeb3-2d0494c3af44,38.69809195,-9.217261316,Portugal,Lisbon,MCF,,LWAL,,CDL,,2,,RES,,BP2,,RSH3,,RMT1,,MCF/LWAL/CDL/H:2/BP2/RSH3+RMT1/RES,"https://www.google.com/maps/@?api=1&map_action=pano&viewpoint=38.69809195,-9.21726132&heading=96.35158014495744&pitch=5&fov=120"
1401,906ab68d-f3b9-4e7e-bcce-8df43d41d9de,38.69682031,-9.212079845,Portugal,Lisbon,CR,CR,LFINF,LFINF,CDM,CDN,6.0-7.0,5,RES,RES,BP1,BP1,RSH1,RSH1,RMN,RMN,CR/LFINF/CDM/H:6-7/BP1/RSH1+RMN/RES,"https://www.google.com/maps/@?api=1&map_action=pano&viewpoint=38.69682031,-9.21207984&heading=128.4996804820949&pitch=5&fov=120"
1402,c024ecc8-4960-4ce2-80bc-7dba6fe12814,38.69480829,-9.218783438,Portugal,Lisbon,MUR,MUR,LWAL,LWAL,CDL,CDL,2,2,RES,RES,BP1,BP1,RSH2,RSH2,RMT1,RMT1,MUR/LWAL/CDL/H:2/BP1/RSH2+RMT1/RES,"https://www.google.com/maps/@?api=1&map_action=pano&viewpoint=38.69480829,-9.21878344&heading=196.02786266855475&pitch=5&fov=120"
1404,2eafb5ba-a8d9-479e-a727-c0c9d54e94b6,38.70075827,-9.20517183,Portugal,Lisbon,MCF,MCF,LWAL,LWAL,CDM,CDM,2,2,RES,RES,BP2,BP1,RSH2,RSH1,RMT1,RMN,MCF/LWAL/CDM/H:2/BP2/RSH2+RMT1/RES,"https://www.google.com/maps/@?api=1&map_action=pano&viewpoint=38.70075827,-9.20517183&heading=347.24337389672723&pitch=5&fov=120"
1405,0dfd34c3-0dbc-4dd9-9643-c2b8ddc85b5d,38.69887463,-9.219025699,Portugal,Lisbon,MCF,MUR,LWAL,LWAL,CDN,CDN,2,2,RES,RES,BP2,BP1,RSH2,RSH1,RMT1,RMN,MCF/LWAL/CDN/H:2/BP2/RSH2+RMT1/RES,"https://www.google.com/maps/@?api=1&map_action=pano&viewpoint=38.69887463,-9.2190257&heading=288.6329981882235&pitch=5&fov=120"
1406,304517d2-44e4-46e8-a54b-c0e135ecd4e8,38.70062998,-9.226110633,Portugal,Lisbon,CR,,LFM,,CDL,,3,,MIX(RES;COM),,BP2,,RSH2,,RMT1,,CR/LFM/CDL/H:3/BP2/RSH2+RMT1/MIX(RES;COM),"https://www.google.com/maps/@?api=1&map_action=pano&viewpoint=38.70062998,-9.22611063&heading=346.616754021862&pitch=5&fov=120"
1407,416c3b88-3989-4389-949d-1f5dcc4f6bde,38.69764737,-9.216481966,Portugal,Lisbon,MCF,CR,LWAL,LFINF,CDL,CDH,2,2,RES,RES,BP1,BP1,RSH3,RSH1,RMT1,RMN,MCF/LWAL/CDL/H:2/BP1/RSH3+RMT1/RES,"https://www.google.com/maps/@?api=1&map_action=pano&viewpoint=38.69764737,-9.21648197&heading=87.36984885081017&pitch=5&fov=120"
1409,db4cb247-afb1-46a2-b86b-a9413c28909f,38.70156207,-9.20545508,Portugal,Lisbon,MUR,MUR,LWAL,LWAL,CDN,CDN,2,2,RES,RES,BP2,BP1,RSH2,RSH2,RMT1,RMT1,MUR/LWAL/CDN/H:2/BP2/RSH2+RMT1/RES,"https://www.google.com/maps/@?api=1&map_action=pano&viewpoint=38.70156207,-9.20545508&heading=167.2028387425873&pitch=5&fov=120"
1410,a1348ab6-d893-4b21-993d-a97b438b46f4,38.69857553,-9.21895006,Portugal,Lisbon,MCF,MUR,LWAL,LWAL,CDL,CDN,2,2,RES,RES,BP2,BP1,RSH2,RSH1,RMT1,RMN,MCF/LWAL/CDL/H:2/BP2/RSH2+RMT1/RES,"https://www.google.com/maps/@?api=1&map_action=pano&viewpoint=38.69857553,-9.21895006&heading=286.45053971987824&pitch=5&fov=120"
1411,16c530e9-9693-4805-be49-2c02c8f28bf1,38.6979104,-9.194782976,Portugal,Lisbon,CR,CR,LFINF,LFINF,CDL,CDL,4,4,RES,RES,BP2,BP1,RSH2,RSH1,RMT1,RMN,CR/LFINF/CDL/H:4/BP2/RSH2+RMT1/RES,"https://www.google.com/maps/@?api=1&map_action=pano&viewpoint=38.6979104,-9.19478298&heading=123.32675099535533&pitch=5&fov=120"
1412,191a5107-7969-44be-a1f8-1b91ed058998,38.69707422,-9.215445858,Portugal,Lisbon,MCF,MUR,LWAL,LWAL,CDN,CDN,2,2,RES,RES,BP2,BP1,RSH2,RSH3,RMT1,RMT1,MCF/LWAL/CDN/H:2/BP2/RSH2+RMT1/RES,"https://www.google.com/maps/@?api=1&map_action=pano&viewpoint=38.69707422,-9.21544586&heading=78.25894977277608&pitch=5&fov=120"
1413,a88bfdac-7c5c-4ed1-810d-315f324cb4b3,38.6988563,-9.20403915,Portugal,Lisbon,MCF,,LWAL,,CDL,,2,,RES,,BPD,,RSH2,,RMT1,,MCF/LWAL/CDL/H:2/BPD/RSH2+RMT1/RES,"https://www.google.com/maps/@?api=1&map_action=pano&viewpoint=38.6988563,-9.20403915&heading=84.78648310218398&pitch=5&fov=120"
1415,de0ecef3-7912-40df-a78a-6d84a0a72fea,38.69970826,-9.225082502,Portugal,Lisbon,CR,MR,LFINF,LWAL,CDL,CDL,3,3,RES,MIX(RES;COM),BP2,BP1,RSH2,RSH1,RMT1,RMN,CR/LFINF/CDL/H:3/BP2/RSH2+RMT1/RES,"https://www.google.com/maps/@?api=1&map_action=pano&viewpoint=38.69970826,-9.2250825&heading=202.28757004063664&pitch=5&fov=120"
1416,594186d3-64aa-4131-93d3-59e5be0989b5,38.70097546,-9.215227465,Portugal,Lisbon,CR,MUR,LFINF,LWAL,CDM,CDN,2,2,RES,RES,BPD,BP1,RSH3,RSH1,RMT1,RMN,CR/LFINF/CDM/H:2/BPD/RSH3+RMT1/RES,"https://www.google.com/maps/@?api=1&map_action=pano&viewpoint=38.70097546,-9.21522746&heading=194.883732072528&pitch=5&fov=120"
1418,fdcd21ef-c50b-4767-af04-1d20d325d3b3,38.69774623,-9.196364424,Portugal,Lisbon,MCF,MCF,LWAL,LWAL,CDN,CDN,2,2,MIX(RES;COM),MIX(RES;COM),BP2,BP2,RSH2,RSH1,RMT1,RMN,MCF/LWAL/CDN/H:2/BP2/RSH2+RMT1/MIX(RES;COM),"https://www.google.com/maps/@?api=1&map_action=pano&viewpoint=38.69774623,-9.19636442&heading=147.70995759892963&pitch=5&fov=120"
1419,1bb8555d-1ee5-4d5a-b322-bef4707372ca,38.69717005,-9.216099193,Portugal,Lisbon,MCF,MUR,LWAL,LWAL,CDL,CDN,2,2,RES,RES,BP2,BP2,RSH2,RSH2,RMT1,RMT1,MCF/LWAL/CDL/H:2/BP2/RSH2+RMT1/RES,"https://www.google.com/maps/@?api=1&map_action=pano&viewpoint=38.69717005,-9.21609919&heading=83.03311722659885&pitch=5&fov=120"
1420,5d859b06-7aec-4926-9376-cf0b04bb5c2c,38.70099236,-9.206000873,Portugal,Lisbon,CR,,LFINF,,CDL,,4,,MIX(RES;COM),,BP2,,RSH2,,RMT1,,CR/LFINF/CDL/H:4/BP2/RSH2+RMT1/MIX(RES;COM),"https://www.google.com/maps/@?api=1&map_action=pano&viewpoint=38.70099236,-9.20600087&heading=48.09801702969344&pitch=5&fov=120"
1421,cfdb8596-bb67-43ad-9bef-f71bcf147e6e,38.7011314,-9.219599683,Portugal,Lisbon,CR,,LFINF,,CDM,,2,,RES,,BPD,,RSH3,,RMT1,,CR/LFINF/CDM/H:2/BPD/RSH3+RMT1/RES,"https://www.google.com/maps/@?api=1&map_action=pano&viewpoint=38.7011314,-9.21959968&heading=302.03409361149636&pitch=5&fov=120"
1422,6a304e19-ab9f-4d57-aeb3-aa5d6f00b47a,38.69998879,-9.219068512,Portugal,Lisbon,MUR,MUR,LWAL,LWAL,CDL,CDL,2,2,RES,RES,BP1,BPD,RSH2,RSH2,RMT1,RMT1,MUR/LWAL/CDL/H:2/BP1/RSH2+RMT1/RES,"https://www.google.com/maps/@?api=1&map_action=pano&viewpoint=38.69998879,-9.21906851&heading=302.381394261899&pitch=5&fov=120"
1423,fe3717b7-7daf-40da-823d-1de9708d4d30,38.69418851,-9.218657364,Portugal,Lisbon,CR,,LFM,,CDH,,4,,MIX(RES;COM),,BP1,,RSH1,,RMN,,CR/LFM/CDH/H:4/BP1/RSH1+RMN/MIX(RES;COM),"https://www.google.com/maps/@?api=1&map_action=pano&viewpoint=38.69418851,-9.21865736&heading=182.43651576464288&pitch=5&fov=120"
1424,485a7eb5-68f3-41c8-8296-14ea36dda09a,38.69934192,-9.206332967,Portugal,Lisbon,CR,MUR,LFINF,LWAL,CDL,CDN,3,3,COM,MIX(RES;COM),BP1,BP1,RSH3,RSH1,RMT1,RMN,CR/LFINF/CDL/H:3/BP1/RSH3+RMT1/MIX(RES;COM),"https://www.google.com/maps/@?api=1&map_action=pano&viewpoint=38.69934192,-9.20633297&heading=310.1734157727776&pitch=5&fov=120"
1425,403e60c5-c020-4ba5-916c-51d0025b599e,38.69443677,-9.210684809,Portugal,Lisbon,MUR,,LFM,,CDN,,1,,COM,,BPD,,RSH3,,RMT1,,MUR/LFM/CDN/H:1/BPD/RSH3+RMT1/RES,"https://www.google.com/maps/@?api=1&map_action=pano&viewpoint=38.69443677,-9.21068481&heading=323.303740388719&pitch=5&fov=120"
1426,39bae435-8fd1-4407-b3ff-b610c738c87c,38.69700578,-9.215832895,Portugal,Lisbon,MCF,MUR,LWAL,LWAL,CDL,CDL,2,2,RES,RES,BP2,BP1,RSH2,RSH1,RMT1,RMN,MCF/LWAL/CDL/H:2/BP2/RSH2+RMT1/RES,"https://www.google.com/maps/@?api=1&map_action=pano&viewpoint=38.69700578,-9.21583289&heading=80.41034035556788&pitch=5&fov=120"
1427,36a8e1ad-44e8-491f-b3c3-e08c3368873b,38.6995655,-9.221200095,Portugal,Lisbon,MUR,,LWAL,,CDL,,2,,RES,,BP2,,RSH2,,RMT1,,MUR/LWAL/CDL/H:2/BP2/RSH2+RMT1/RES,"https://www.google.com/maps/@?api=1&map_action=pano&viewpoint=38.6995655,-9.2212001&heading=31.856980647531316&pitch=5&fov=120"
1429,a3719fcf-54fa-40d9-93e3-b2a1644904ee,38.69947758,-9.223193309,Portugal,Lisbon,CR,MUR,LFM,LWAL,CDL,CDN,2,2,RES,RES,BPD,BP2,RSH3,RSH2,RMT1,RMT1,CR/LFM/CDL/H:2/BPD/RSH3+RMT1/RES,"https://www.google.com/maps/@?api=1&map_action=pano&viewpoint=38.69947758,-9.22319331&heading=301.4038907921124&pitch=5&fov=120"
1430,8d16ba80-bce8-46dc-86b7-80594f87b46d,38.69876072,-9.219751187,Portugal,Lisbon,MCF,,LWAL,,CDL,,2,,RES,,BP1,,RSH2,,RMT1,,MCF/LWAL/CDL/H:2/BP1/RSH2+RMT1/RES,"https://www.google.com/maps/@?api=1&map_action=pano&viewpoint=38.69876072,-9.21975119&heading=292.31367281102507&pitch=5&fov=120"
1431,0ec1f535-7dc6-4bdf-8a3e-f47edd574111,38.69734359,-9.224152299,Portugal,Lisbon,CR,,LFM,,CDH,,2,,RES,,BPD,,RSH3,,RMT1,,CR/LFM/CDH/H:2/BPD/RSH3+RMT1/RES,"https://www.google.com/maps/@?api=1&map_action=pano&viewpoint=38.69734359,-9.2241523&heading=2.0830007455437&pitch=5&fov=120"
1432,7965156c-0425-4a2b-9148-0ca49df0843b,38.69982032,-9.218092529,Portugal,Lisbon,CR,,LFINF,,CDL,,2,,RES,,BP1,,RSH2,,RMT1,,CR/LFINF/CDL/H:2/BP1/RSH2+RMT1/RES,"https://www.google.com/maps/@?api=1&map_action=pano&viewpoint=38.69982032,-9.21809253&heading=207.00036399334795&pitch=5&fov=120"
1433,3a1602ff-cf47-4889-8161-6f842204b4fc,38.69772914,-9.223759854,Portugal,Lisbon,CR,,LFINF,,CDM,,2,,RES,,BP1,,RSH1,,RMN,,CR/LFINF/CDM/H:2/BP1/RSH1+RMN/RES,"https://www.google.com/maps/@?api=1&map_action=pano&viewpoint=38.69772914,-9.22375985&heading=169.37071571611943&pitch=5&fov=120"
1435,e4336799-39a3-431c-a036-e4dd7ce14250,38.6971197,-9.21218525,Portugal,Lisbon,CR,CR,LFM,LFINF,CDH,CDH,2,2,RES,COM,BPD,BPD,RSH1,RSH1,RMN,RMN,CR/LFM/CDH/H:2/BPD/RSH1+RMN/RES,"https://www.google.com/maps/@?api=1&map_action=pano&viewpoint=38.6971197,-9.21218525&heading=139.65811659051622&pitch=5&fov=120"
1436,aec0ac61-c92b-42e9-9425-531578c59382,38.70122655,-9.20606115,Portugal,Lisbon,CR,CR,LFM,LFINF,CDL,CDN,4,4,MIX(RES;COM),MIX(RES;COM),BP2,BP1,RSH2,RSH1,RMT1,RMN,CR/LFM/CDL/H:4/BP2/RSH2+RMT1/MIX(RES;COM),"https://www.google.com/maps/@?api=1&map_action=pano&viewpoint=38.70122655,-9.20606115&heading=48.097979338098526&pitch=5&fov=120"
1438,9c16b0a8-a211-4779-ab17-909515b4a023,38.70187347,-9.204852272,Portugal,Lisbon,MCF,MCF,LWAL,LWAL,CDL,CDL,2,2,RES,RES,BP1,BPD,RSH2,RSH1,RMT1,RMN,MCF/LWAL/CDL/H:2/BP1/RSH2+RMT1/RES,"https://www.google.com/maps/@?api=1&map_action=pano&viewpoint=38.70187347,-9.20485227&heading=319.0426442124615&pitch=5&fov=120"
1439,0f097d94-5755-42af-86a6-2c28918db58d,38.69764757,-9.193714981,Portugal,Lisbon,CR,MUR,LFINF,LWAL,CDN,CDN,3,4,MIX(RES;COM),MIX(RES;COM),BP2,BP2,RSH2,RSH1,RMT1,RMN,CR/LFINF/CDN/H:3/BP2/RSH2+RMT1/MIX(RES;COM),"https://www.google.com/maps/@?api=1&map_action=pano&viewpoint=38.69764757,-9.19371498&heading=316.5578714463452&pitch=5&fov=120"
1440,9e1509c0-f9c9-41d3-beea-a39f38202285,38.70241997,-9.204310443,Portugal,Lisbon,CR,CR,LFM,LFINF,CDL,CDN,4,4,MIX(RES;COM),RES,BP2,BP1,RSH2,RSH1,RMT1,RMN,CR/LFM/CDL/H:4/BP2/RSH2+RMT1/MIX(RES;COM),"https://www.google.com/maps/@?api=1&map_action=pano&viewpoint=38.70241997,-9.20431044&heading=335.72627279813634&pitch=5&fov=120"
1443,c04097f3-6c65-4097-8ceb-ddc090b9ce20,38.69694367,-9.195106518,Portugal,Lisbon,MUR,,LWAL,,CDN,,1,,RES,,BP1,,RSH2,,RMT1,,MUR/LWAL/CDN/H:1/BP1/RSH2+RMT1/RES,"https://www.google.com/maps/@?api=1&map_action=pano&viewpoint=38.69694367,-9.19510652&heading=342.0107374419642&pitch=5&fov=120"
1444,84dd8275-52cd-4524-ad8c-35bf45927e04,38.69459787,-9.217210844,Portugal,Lisbon,MUR,MUR,LWAL,LWAL,CDN,CDL,2,2,RES,RES,BP1,BP1,RSH2,RSH2,RMT1,RMT1,MUR/LWAL/CDN/H:2/BP1/RSH2+RMT1/RES,"https://www.google.com/maps/@?api=1&map_action=pano&viewpoint=38.69459787,-9.21721084&heading=177.46287172146697&pitch=5&fov=120"
1445,f05b1789-6dee-426d-8af5-7c5e4ae29c54,38.69954048,-9.219499283,Portugal,Lisbon,MCF,MCF,LWAL,LWAL,CDL,CDH,2,2,RES,RES,BP2,BPD,RSH2,RSH2,RMT1,RMT1,MCF/LWAL/CDL/H:2/BP2/RSH2+RMT1/RES,"https://www.google.com/maps/@?api=1&map_action=pano&viewpoint=38.69954048,-9.21949928&heading=298.293008490839&pitch=5&fov=120"
1446,a646d77e-ce9e-4b3e-aefd-afdb0ed25b3e,38.69892267,-9.2049045,Portugal,Lisbon,MUR,MCF,LWAL,LWAL,CDL,CDN,2,1,RES,COM,BP1,BPD,RSH3,RSH2,RMT1,RMT1,MUR/LWAL/CDL/H:2/BP1/RSH3+RMT1/RES,"https://www.google.com/maps/@?api=1&map_action=pano&viewpoint=38.69892267,-9.2049045&heading=136.61548173363616&pitch=5&fov=120"
1448,0bb01caf-b0dc-4e19-9b1c-6b8c150a9242,38.69795381,-9.217353181,Portugal,Lisbon,MCF,MUR,LWAL,LWAL,CDL,CDN,2,2,RES,RES,BP2,BP1,RSH2,RSH2,RMT1,RMT1,MCF/LWAL/CDL/H:2/BP2/RSH2+RMT1/RES,"https://www.google.com/maps/@?api=1&map_action=pano&viewpoint=38.69795381,-9.21735318&heading=94.42349846055015&pitch=5&fov=120"
1449,af5c2ee9-64b1-4e48-805a-4169b186ff1f,38.69764207,-9.201999294,Portugal,Lisbon,MCF,MCF,LWAL,LWAL,CDL,CDL,2,2,RES,RES,BP2,BP2,RSH2,RSH1,RMT1,RMN,MCF/LWAL/CDL/H:2/BP2/RSH2+RMT1/RES,"https://www.google.com/maps/@?api=1&map_action=pano&viewpoint=38.69764207,-9.20199929&heading=222.10738405582907&pitch=5&fov=120"
1451,2f71e18e-f22a-4547-a9ea-77d330d3e9f4,38.70224529,-9.203535116,Portugal,Lisbon,MUR,MUR,LWAL,LWAL,CDN,CDN,1,1,RES,RES,BP2,BP1,RSH2,RSH2,RMT1,RMT1,MUR/LWAL/CDN/H:1/BP2/RSH2+RMT1/RES,"https://www.google.com/maps/@?api=1&map_action=pano&viewpoint=38.70224529,-9.20353512&heading=97.96872290465387&pitch=5&fov=120"
1452,2b2d9622-c220-4ec5-ba6e-83a34243ea11,38.69868495,-9.218821061,Portugal,Lisbon,MCF,MCF,LWAL,LWAL,CDL,CDL,2,2,RES,RES,BP2,BP2,RSH2,RSH2,RMT1,RMT1,MCF/LWAL/CDL/H:2/BP2/RSH2+RMT1/RES,"https://www.google.com/maps/@?api=1&map_action=pano&viewpoint=38.69868495,-9.21882106&heading=287.4768948134248&pitch=5&fov=120"
1453,9857507c-9cb8-4a0f-aa10-2ed31878afc4,38.70045821,-9.196374421,Portugal,Lisbon,CR,MUR,LFINF,LWAL,CDL,CDL,3,4,RES,RES,BP2,BP2,RSH2,RSH1,RMT1,RMN,CR/LFINF/CDL/H:3/BP2/RSH2+RMT1/RES,"https://www.google.com/maps/@?api=1&map_action=pano&viewpoint=38.70045821,-9.19637442&heading=222.1017176934589&pitch=5&fov=120"
1455,9285f683-1611-4732-9a9b-629aa0d8b459,38.70041776,-9.224268192,Portugal,Lisbon,MCF,,LWAL,,CDL,,2,,RES,,BPD,,RSH3,,RMT1,,MCF/LWAL/CDL/H:2/BPD/RSH3+RMT1/RES,"https://www.google.com/maps/@?api=1&map_action=pano&viewpoint=38.70041776,-9.22426819&heading=122.98779524406496&pitch=5&fov=120"
1457,369c569c-8e7c-434d-86d0-11b8d1b7e347,38.69635235,-9.215741554,Portugal,Lisbon,MCF,MUR,LWAL,LWAL,CDL,CDN,2,2,RES,RES,BP2,BP2,RSH2,RSH1,RMT1,RMN,MCF/LWAL/CDL/H:2/BP2/RSH2+RMT1/RES,"https://www.google.com/maps/@?api=1&map_action=pano&viewpoint=38.69635235,-9.21574155&heading=78.08490498645244&pitch=5&fov=120"
1458,52f76e1e-cc3a-40ba-a626-c7ebf0141d01,38.699004,-9.217915244,Portugal,Lisbon,MCF,,LWAL,,CDL,,2,,RES,,BP2,,RSH2,,RMT1,,MCF/LWAL/CDL/H:2/BP2/RSH2+RMT1/RES,"https://www.google.com/maps/@?api=1&map_action=pano&viewpoint=38.699004,-9.21791524&heading=283.8417950657514&pitch=5&fov=120"
1463,0c2dba7a-d665-4194-a5f4-40b1a1c82046,38.70016688,-9.226651625,Portugal,Lisbon,CR,CR,LFM,LFINF,CDL,CDH,5,4,RES,RES,BPD,BP1,RSH2,RSH1,RMT1,RMN,CR/LFM/CDL/H:5/BPD/RSH2+RMT1/RES,"https://www.google.com/maps/@?api=1&map_action=pano&viewpoint=38.70016688,-9.22665163&heading=61.187705135336444&pitch=5&fov=120"
1464,117a65a2-4901-4a20-906a-0de18a3a44eb,38.69826935,-9.192789219,Portugal,Lisbon,CR,MUR,LFINF,LWAL,CDL,CDL,3,3,RES,MIX(RES;COM),BP2,BP1,RSH2,RSH2,RMT1,RMT1,CR/LFINF/CDL/H:3/BP2/RSH2+RMT1/RES,"https://www.google.com/maps/@?api=1&map_action=pano&viewpoint=38.69826935,-9.19278922&heading=6.196404713342417&pitch=5&fov=120"
1467,7546cc0d-b906-4b35-b8f9-e7e9e8a5a633,38.70317244,-9.203554826,Portugal,Lisbon,CR,CR,LFINF,LFM,CDL,CDL,4,5,RES,MIX(RES;COM),BP2,BP1,RSH2,RSH1,RMT1,RMN,CR/LFINF/CDL/H:4/BP2/RSH2+RMT1/RES,"https://www.google.com/maps/@?api=1&map_action=pano&viewpoint=38.70317244,-9.20355483&heading=329.9604664658067&pitch=5&fov=120"
1469,40bfd196-5500-4c5d-a191-5135beebc2fc,38.69885567,-9.224904669,Portugal,Lisbon,CR,CR,LFINF,LFM,CDM,CDN,8.0-9.0,10.0-12.0,RES,RES,BPD,BP2,RSH1,RSH1,RMN,RMN,CR/LFINF/CDM/H:6-7/BPD/RSH1+RMN/RES,"https://www.google.com/maps/@?api=1&map_action=pano&viewpoint=38.69885567,-9.22490467&heading=54.78673096738066&pitch=5&fov=120"
1472,915d9ba7-5ed1-4699-bc9f-553cf18d2f30,38.69583561,-9.220566933,Portugal,Lisbon,CR,,LFINF,,CDM,,2,,RES,,BPD,,RSH3,,RMT1,,CR/LFINF/CDM/H:2/BPD/RSH3+RMT1/RES,"https://www.google.com/maps/@?api=1&map_action=pano&viewpoint=38.69583561,-9.22056693&heading=3.4506546116159598&pitch=5&fov=120"
1473,e93a49b7-a430-4def-bc73-a68b46eea6b3,38.69732553,-9.193896813,Portugal,Lisbon,CR,MUR,LFINF,LWAL,CDL,CDN,3,4,RES,MIX(RES;COM),BP2,BP2,RSH2,RSH2,RMT1,RMT1,CR/LFINF/CDL/H:3/BP2/RSH2+RMT1/RES,"https://www.google.com/maps/@?api=1&map_action=pano&viewpoint=38.69732553,-9.19389681&heading=136.66755786073702&pitch=5&fov=120"
1474,e84ed3e8-8c7c-47dd-9f42-a20e037817b4,38.70029244,-9.222150122,Portugal,Lisbon,CR,MUR,LFINF,LWAL,CDH,CDN,3,2,RES,RES,BPD,BP1,RSH1,RSH1,RMN,RMN,CR/LFINF/CDH/H:3/BPD/RSH1+RMN/RES,"https://www.google.com/maps/@?api=1&map_action=pano&viewpoint=38.70029244,-9.22215012&heading=211.51533023571432&pitch=5&fov=120"
1475,7fb132b6-5e83-4c34-a7d8-9e73d3e24545,38.70058187,-9.205326409,Portugal,Lisbon,MUR,MUR,LWAL,LWAL,CDN,CDN,1,1,RES,RES,BPD,BPD,RSH2,RSH2,RMT1,RMT1,MUR/LWAL/CDN/H:1/BPD/RSH2+RMT1/RES,"https://www.google.com/maps/@?api=1&map_action=pano&viewpoint=38.70058187,-9.20532641&heading=345.83115257042067&pitch=5&fov=120"
1476,72800573-fac4-48a2-a30d-164ee3b65ecf,38.70000326,-9.218945321,Portugal,Lisbon,MCF,MUR,LWAL,LWAL,CDL,CDN,2,1,RES,RES,BP1,BP1,RSH3,RSH2,RMT1,RMT1,MCF/LWAL/CDL/H:2/BP1/RSH3+RMT1/RES,"https://www.google.com/maps/@?api=1&map_action=pano&viewpoint=38.70000326,-9.21894532&heading=212.1248090687954&pitch=5&fov=120"
1478,5bbe4811-511f-4d7e-827a-ac99a4dd4ece,38.6947162,-9.216869213,Portugal,Lisbon,MCF,MUR,LWAL,LWAL,CDL,CDL,2,2,RES,MIX(RES;COM),BP2,BP1,RSH2,RSH1,RMT1,RMN,MCF/LWAL/CDL/H:2/BP2/RSH2+RMT1/RES,"https://www.google.com/maps/@?api=1&map_action=pano&viewpoint=38.6947162,-9.21686921&heading=77.926118025709&pitch=5&fov=120"
1481,f2f7656b-6ad5-4bf7-82c9-2d66cc4e8357,38.70035755,-9.209080835,Portugal,Lisbon,CR,,LFM,,CDM,,2,,RES,,BPD,,RSH3,,RMT1,,CR/LFM/CDM/H:2/BPD/RSH3+RMT1/RES,"https://www.google.com/maps/@?api=1&map_action=pano&viewpoint=38.70035755,-9.20908083&heading=130.31245080762335&pitch=5&fov=120"
1482,bd61ebea-a637-42ae-a9f3-8a55ce5f936e,38.69952464,-9.198800285,Portugal,Lisbon,MCF,MR,LWAL,LWAL,CDL,CDN,1,1,COM,RES,BPD,BPD,RSH2,RSH2,RMT1,RMT1,MUR/LWAL/CDN/H:1/BPD/RSH2+RMT1/RES,"https://www.google.com/maps/@?api=1&map_action=pano&viewpoint=38.69952464,-9.19880028&heading=50.22042616072201&pitch=5&fov=120"
1483,cedeff77-b651-4228-8109-c21141aeb63c,38.70380605,-9.203040834,Portugal,Lisbon,MCF,MCF,LWAL,LWAL,CDL,CDN,3,2,RES,RES,BP1,BP1,RSH2,RSH2,RMT1,RMT1,MCF/LWAL/CDL/H:3/BP1/RSH2+RMT1/RES,"https://www.google.com/maps/@?api=1&map_action=pano&viewpoint=38.70380605,-9.20304083&heading=161.56286320106557&pitch=5&fov=120"
1485,c2ac4126-c227-4128-8373-a6503ce7f089,38.69655018,-9.217465275,Portugal,Lisbon,MCF,MUR,LWAL,LWAL,CDL,CDN,2,2,RES,RES,BP2,BPD,RSH3,RSH1,RMT1,RMN,MCF/LWAL/CDL/H:2/BP2/RSH3+RMT1/RES,"https://www.google.com/maps/@?api=1&map_action=pano&viewpoint=38.69655018,-9.21746528&heading=269.3784531072581&pitch=5&fov=120"
1486,1efaaa25-95aa-4cbe-9835-4dab8c15e5c8,38.698254,-9.204385844,Portugal,Lisbon,CR,MUR,LFINF,LWAL,CDM,CDN,3,2,EDU,RES,BP1,BP1,RSH3,RSH1,RMT1,RMN,CR/LFINF/CDM/H:3/BP1/RSH3+RMT1/EDU,"https://www.google.com/maps/@?api=1&map_action=pano&viewpoint=38.698254,-9.20438584&heading=321.55987562647397&pitch=5&fov=120"
1490,a39c2542-416a-4b6f-98cd-ea43b905105f,38.6971221,-9.201975831,Portugal,Lisbon,CR,MUR,LFINF,LWAL,CDL,CDN,3,3,MIX(RES;COM),MIX(RES;COM),BP2,BP1,RSH2,RSH2,RMT1,RMT1,CR/LFINF/CDL/H:3/BP2/RSH2+RMT1/MIX(RES;COM),"https://www.google.com/maps/@?api=1&map_action=pano&viewpoint=38.6971221,-9.20197583&heading=154.99856042770233&pitch=5&fov=120"
1492,f6754f26-edd6-4c16-8b7d-acfed05f51e8,38.69704434,-9.202372264,Portugal,Lisbon,CR,MUR,LFINF,LWAL,CDL,CDL,3,1,RES,COM,BP2,BP1,RSH2,RSH2,RMT1,RMT1,CR/LFINF/CDL/H:3/BP2/RSH2+RMT1/RES,"https://www.google.com/maps/@?api=1&map_action=pano&viewpoint=38.69704434,-9.20237226&heading=155.13922628761816&pitch=5&fov=120"
1493,d9a183b7-7cd0-449e-8842-86b575486e42,38.7026605,-9.204159727,Portugal,Lisbon,MCF,MCF,LWAL,LWAL,CDL,CDN,3,3,RES,RES,BP2,BPD,RSH2,RSH1,RMT1,RMN,MCF/LWAL/CDL/H:3/BP2/RSH2+RMT1/RES,"https://www.google.com/maps/@?api=1&map_action=pano&viewpoint=38.7026605,-9.20415973&heading=340.01377755201656&pitch=5&fov=120"
1494,ba792847-c2cb-4d21-8fab-328d172b5f30,38.69544141,-9.221676796,Portugal,Lisbon,CR,CR,LFINF,LFM,CDL,CDL,3,4,RES,RES,BP2,BP2,RSH2,RSH2,RMT1,RMT1,CR/LFINF/CDL/H:3/BP2/RSH2+RMT1/RES,"https://www.google.com/maps/@?api=1&map_action=pano&viewpoint=38.69544141,-9.2216768&heading=179.61002698138424&pitch=5&fov=120"
1495,ea8241ba-75a0-4698-898d-61cc508835ad,38.70416516,-9.203747312,Portugal,Lisbon,CR,MUR,LFINF,LWAL,CDL,CDL,3,3,RES,RES,BP1,BP1,RSH2,RSH1,RMT1,RMN,CR/LFINF/CDL/H:3/BP1/RSH2+RMT1/RES,"https://www.google.com/maps/@?api=1&map_action=pano&viewpoint=38.70416516,-9.20374731&heading=75.70114660546193&pitch=5&fov=120"
1496,acd12f95-07f1-4aba-8e32-7809d70f2ea6,38.69902974,-9.217355913,Portugal,Lisbon,MCF,MUR,LWAL,LWAL,CDL,CDL,2,1,RES,RES,BP2,BP1,RSH2,RSH1,RMT1,RMN,MCF/LWAL/CDL/H:2/BP2/RSH2+RMT1/RES,"https://www.google.com/maps/@?api=1&map_action=pano&viewpoint=38.69902974,-9.21735591&heading=103.84214477346757&pitch=5&fov=120"
1497,c0c90f3e-7c1c-4b23-8d6d-e914db788fee,38.69586538,-9.212563509,Portugal,Lisbon,CR,CR,LFINF,LFM,CDH,CDH,6.0-7.0,8.0-9.0,RES,RES,BP1,BP1,RSH1,RSH1,RMN,RMN,CR/LFINF/CDH/H:6-7/BP1/RSH1+RMN/RES,"https://www.google.com/maps/@?api=1&map_action=pano&viewpoint=38.69586538,-9.21256351&heading=217.37351245829853&pitch=5&fov=120"
1498,13614fe2-29cd-4e55-b9ee-c11bc7a3f69d,38.70160046,-9.19956079,Portugal,Lisbon,MUR,,LWAL,,CDL,,1,,COM,,BP1,,RSH2,,RMT1,,CR/LFM/CDM/H:4/BP1/RSH1+RMN/RES,"https://www.google.com/maps/@?api=1&map_action=pano&viewpoint=38.70160046,-9.19956079&heading=333.99634387849903&pitch=5&fov=120"
1499,93964f44-bd99-41ee-8ded-5de5968e8101,38.69743374,-9.193114415,Portugal,Lisbon,MUR,CR,LWAL,LFINF,CDL,CDL,1,1,RES,COM,BP1,BPD,RSH2,RSH1,RMT1,RMN,MUR/LWAL/CDL/H:1/BP1/RSH2+RMT1/RES,"https://www.google.com/maps/@?api=1&map_action=pano&viewpoint=38.69743374,-9.19311442&heading=230.21732932055232&pitch=5&fov=120"
1500,e2974b4b-10aa-4ead-82d0-bfa31a7816ce,38.69810229,-9.198588279,Portugal,Lisbon,MUR,MUR,LWAL,LWAL,CDL,CDN,2,2,RES,COM,BP2,BP2,RSH2,RSH2,RMT1,RMT1,MUR/LWAL/CDL/H:2/BP2/RSH2+RMT1/RES,"https://www.google.com/maps/@?api=1&map_action=pano&viewpoint=38.69810229,-9.19858828&heading=234.86742730281458&pitch=5&fov=120"
1501,a2389c53-952c-4ed0-901c-b7c25e36c788,38.70178087,-9.204265415,Portugal,Lisbon,CR,MUR,LFINF,LWAL,CDL,CDN,5,5,MIX(RES;COM),MIX(RES;COM),BP1,BP1,RSH1,RSH1,RMN,RMN,CR/LFINF/CDL/H:5/BP1/RSH1+RMN/MIX(RES;COM),"https://www.google.com/maps/@?api=1&map_action=pano&viewpoint=38.70178087,-9.20426542&heading=313.05200546273966&pitch=5&fov=120"
1503,bdb93a40-0e40-4f28-b992-a7ec75d7d33a,38.69719167,-9.224660218,Portugal,Lisbon,CR,MUR,LFM,LWAL,CDL,CDN,2,2,RES,RES,BPD,BP1,RSH2,RSH2,RMT1,RMT1,CR/LFM/CDL/H:2/BPD/RSH2+RMT1/RES,"https://www.google.com/maps/@?api=1&map_action=pano&viewpoint=38.69719167,-9.22466022&heading=182.27617103703426&pitch=5&fov=120"
1506,a78c06a3-c1bb-4ddc-b2df-4612e235a8bf,38.70065589,-9.222670419,Portugal,Lisbon,MUR,,LWAL,,CDN,,2,,RES,,BP1,,RSH2,,RMT1,,MUR/LWAL/CDN/H:2/BP1/RSH2+RMT1/RES,"https://www.google.com/maps/@?api=1&map_action=pano&viewpoint=38.70065589,-9.22267042&heading=302.502209983497&pitch=5&fov=120"
1507,476091d6-3ede-4eaa-b3f7-dbd470bc3147,38.69781839,-9.192717849,Portugal,Lisbon,CR,MUR,LFM,LWAL,CDL,CDL,4,4,MIX(RES;COM),MIX(RES;COM),BP2,BP1,RSH2,RSH1,RMT1,RMN,CR/LFM/CDL/H:4/BP2/RSH2+RMT1/MIX(RES;COM),"https://www.google.com/maps/@?api=1&map_action=pano&viewpoint=38.69781839,-9.19271785&heading=317.2156540912131&pitch=5&fov=120"
1508,cb60614f-4819-46da-af9e-20b42b2d7611,38.69700047,-9.203212787,Portugal,Lisbon,CR,MUR,LFINF,LWAL,CDL,CDN,4,2,MIX(RES;COM),MIX(RES;COM),BP2,BP2,RSH2,RSH1,RMT1,RMN,CR/LFINF/CDL/H:4/BP2/RSH2+RMT1/MIX(RES;COM),"https://www.google.com/maps/@?api=1&map_action=pano&viewpoint=38.69700047,-9.20321279&heading=89.13363141643578&pitch=5&fov=120"
1509,4bfa4184-3f65-4ddd-9405-d5b0ff0ea507,38.70130652,-9.204074826,Portugal,Lisbon,MUR,MUR,LWAL,LWAL,CDN,CDN,1,1,RES,RES,BP1,BP2,RSH2,RSH2,RMT1,RMT1,MUR/LWAL/CDN/H:1/BP1/RSH2+RMT1/RES,"https://www.google.com/maps/@?api=1&map_action=pano&viewpoint=38.70130652,-9.20407483&heading=336.19366790125173&pitch=5&fov=120"
1510,39040625-fad6-4a5c-99fa-c16c1f05b3fa,38.69766675,-9.195015664,Portugal,Lisbon,MCF,MCF,LWAL,LWAL,CDN,CDN,2,2,RES,MIX(RES;COM),BP1,BP3,RSH2,RSH2,RMT1,RMT1,MCF/LWAL/CDN/H:2/BP1/RSH2+RMT1/RES,"https://www.google.com/maps/@?api=1&map_action=pano&viewpoint=38.69766675,-9.19501566&heading=227.44138819406356&pitch=5&fov=120"
1511,dbf142ba-52f4-4474-8971-3ded04046852,38.70040176,-9.210957124,Portugal,Lisbon,CR,,LFM,,CDH,,3,,RES,,BPD,,RSH1,,RMN,,CR/LFM/CDH/H:3/BPD/RSH1+RMN/RES,"https://www.google.com/maps/@?api=1&map_action=pano&viewpoint=38.70040176,-9.21095712&heading=310.54495127787254&pitch=5&fov=120"
1515,bddd161a-9290-4935-a541-014325c2529d,38.70101113,-9.20546587,Portugal,Lisbon,MUR,MUR,LWAL,LWAL,CDL,CDL,1,2,RES,RES,BP2,BPD,RSH2,RSH2,RMT1,RMT1,MUR/LWAL/CDL/H:1/BP2/RSH2+RMT1/RES,"https://www.google.com/maps/@?api=1&map_action=pano&viewpoint=38.70101113,-9.20546587&heading=347.1794195602489&pitch=5&fov=120"
1520,c29a4110-b9b9-46c9-8085-4afb28f0f086,38.70152179,-9.221746706,Portugal,Lisbon,CR,,LFINF,,CDM,,2,,RES,,BPD,,RSH3,,RMT1,,CR/LFINF/CDM/H:2/BPD/RSH3+RMT1/RES,"https://www.google.com/maps/@?api=1&map_action=pano&viewpoint=38.70152179,-9.22174671&heading=121.90223073125821&pitch=5&fov=120"
1521,a9f4d2f8-13f9-4015-ac54-8d38e395a25d,38.69789587,-9.193258326,Portugal,Lisbon,MCF,MUR,LWAL,LWAL,CDL,CDL,2,2,RES,RES,BP2,BP1,RSH2,RSH1,RMT1,RMN,MCF/LWAL/CDL/H:2/BP2/RSH2+RMT1/RES,"https://www.google.com/maps/@?api=1&map_action=pano&viewpoint=38.69789587,-9.19325833&heading=316.5581569471573&pitch=5&fov=120"
1522,e4b5cdb7-56e4-4256-97ef-e3605c6628eb,38.70426212,-9.203244522,Portugal,Lisbon,CR,CR,LFINF,LFINF,CDL,CDN,3,3,RES,COM,BP1,BP1,RSH2,RSH1,RMT1,RMN,CR/LFINF/CDL/H:3/BP1/RSH2+RMT1/RES,"https://www.google.com/maps/@?api=1&map_action=pano&viewpoint=38.70426212,-9.20324452&heading=158.9175225251202&pitch=5&fov=120"
1523,6118bbbd-5473-4299-aa9e-7158991861ce,38.69591827,-9.215586912,Portugal,Lisbon,MCF,MUR,LWAL,LWAL,CDL,CDL,2,2,RES,RES,BP1,BPD,RSH2,RSH2,RMT1,RMT1,MCF/LWAL/CDL/H:2/BP1/RSH2+RMT1/RES,"https://www.google.com/maps/@?api=1&map_action=pano&viewpoint=38.69591827,-9.21558691&heading=345.0332642588663&pitch=5&fov=120"
1524,4b8111d3-2589-4db4-a7dc-76235b820053,38.70094917,-9.205210461,Portugal,Lisbon,MCF,MUR,LWAL,LWAL,CDN,CDN,2,2,RES,MIX(RES;COM),BP1,BP1,RSH2,RSH2,RMT1,RMT1,MCF/LWAL/CDN/H:2/BP1/RSH2+RMT1/RES,"https://www.google.com/maps/@?api=1&map_action=pano&viewpoint=38.70094917,-9.20521046&heading=348.1390102744191&pitch=5&fov=120"
1526,8b666e89-c4c2-46ab-86d3-f692b166c936,38.69560611,-9.210874553,Portugal,Lisbon,CR,CR,LFM,LFINF,CDL,CDN,3,3,RES,RES,BP2,BP1,RSH1,RSH1,RMN,RMN,CR/LFM/CDL/H:3/BP2/RSH1+RMN/RES,"https://www.google.com/maps/@?api=1&map_action=pano&viewpoint=38.69560611,-9.21087455&heading=127.13823835514785&pitch=5&fov=120"
1527,9fd6fd08-b3df-41be-b583-e10232c84d54,38.69795763,-9.200620636,Portugal,Lisbon,CR,,LFM,,CDH,,3,,GOV,,BPD,,RSH3,,RMT1,,MUR/LWAL/CDN/H:1/BP2/RSH1+RMN/RES,"https://www.google.com/maps/@?api=1&map_action=pano&viewpoint=38.69782897625437,-9.200594415869189&heading=231.44088633190108&pitch=5&fov=120"
1529,f737b0fb-8a3f-4814-95fd-2fc8f2ad811b,38.69765221,-9.201492393,Portugal,Lisbon,MCF,,LWAL,,CDL,,2,,RES,,BP2,,RSH2,,RMT1,,MCF/LWAL/CDL/H:2/BP2/RSH2+RMT1/RES,"https://www.google.com/maps/@?api=1&map_action=pano&viewpoint=38.69765221,-9.20149239&heading=253.70789796929523&pitch=5&fov=120"
1532,a30e58a6-9de1-49db-91e9-0063f7a0155f,38.70334083,-9.217752592,Portugal,Lisbon,MCF,,LWAL,,CDL,,2,,RES,,BP1,,RSH3,,RMT1,,MCF/LWAL/CDL/H:2/BP1/RSH3+RMT1/RES,"https://www.google.com/maps/@?api=1&map_action=pano&viewpoint=38.70334083,-9.21775259&heading=119.91992235487919&pitch=5&fov=120"
1533,d6a8fcba-dcd4-4bfd-9029-7b84dcd6f8ac,38.69688532,-9.21986794,Portugal,Lisbon,CR,,LFINF,,CDM,,2,,RES,,BPD,,RSH3,,RMT1,,CR/LFINF/CDM/H:2/BPD/RSH3+RMT1/RES,"https://www.google.com/maps/@?api=1&map_action=pano&viewpoint=38.69688532,-9.21986794&heading=345.23992308405286&pitch=5&fov=120"
1535,b13a098e-7681-4937-8ff1-3f6fd15779fd,38.69527506,-9.219006315,Portugal,Lisbon,MCF,,LWAL,,CDL,,2,,RES,,BP2,,RSH2,,RMT1,,MCF/LWAL/CDL/H:2/BP2/RSH2+RMT1/RES,"https://www.google.com/maps/@?api=1&map_action=pano&viewpoint=38.69527506,-9.21900631&heading=15.625964542255701&pitch=5&fov=120"
1538,99609df8-ef2d-4e79-bbc2-3f72c0d2f1f2,38.69551495,-9.210674636,Portugal,Lisbon,CR,CR,LFM,LFINF,CDL,CDN,3,3,RES,RES,BP2,BP1,RSH2,RSH1,RMT1,RMN,CR/LFM/CDL/H:3/BP2/RSH2+RMT1/RES,"https://www.google.com/maps/@?api=1&map_action=pano&viewpoint=38.69551495,-9.21067464&heading=117.65738483512825&pitch=5&fov=120"
1542,13888510-bc98-4355-b42f-9bf6a6f1bfb9,38.69502105,-9.221395155,Portugal,Lisbon,MUR,MCF,LWAL,LWAL,CDN,CDN,1,1,RES,RES,BP1,BP3,RSH2,RSH2,RMT1,RMT1,MUR/LWAL/CDN/H:1/BP1/RSH2+RMT1/RES,"https://www.google.com/maps/@?api=1&map_action=pano&viewpoint=38.69502105,-9.22139515&heading=272.31472614278215&pitch=5&fov=120"
1543,cad2c505-dd93-4fac-a286-347a6aa773a5,38.70015385,-9.2126374,Portugal,Lisbon,CR,,LFM,,CDH,,3,,RES,,BPD,,RSH3,,RMT1,,CR/LFM/CDH/H:3/BPD/RSH3+RMT1/RES,"https://www.google.com/maps/@?api=1&map_action=pano&viewpoint=38.70015385,-9.2126374&heading=317.20487773460354&pitch=5&fov=120"
1544,066c94c9-04f7-4065-86fd-d858fe80e616,38.69561435,-9.21916045,Portugal,Lisbon,MCF,INF,LWAL,LN,CDL,CDN,1,1,RES,COM,BP1,BPD,RSH2,RSH2,RMT1,RMT1,MCF/LWAL/CDL/H:1/BP1/RSH2+RMT1/RES,"https://www.google.com/maps/@?api=1&map_action=pano&viewpoint=38.69561435,-9.21916045&heading=8.161812245936346&pitch=5&fov=120"
1545,68bdce74-746f-45c5-888a-e5b1f7660a57,38.6952311,-9.212259636,Portugal,Lisbon,MUR,MUR,LWAL,LWAL,CDN,CDL,1,1,RES,RES,BPD,BPD,RSH3,RSH2,RMT1,RMT1,MUR/LWAL/CDN/H:1/BPD/RSH3+RMT1/RES,"https://www.google.com/maps/@?api=1&map_action=pano&viewpoint=38.6952311,-9.21225964&heading=126.19603404217906&pitch=5&fov=120"
1547,d9767223-c091-49ea-bb67-61be7c27f1de,38.69896266,-9.220641864,Portugal,Lisbon,MCF,MUR,LWAL,LWAL,CDL,CDN,2,1,RES,RES,BP2,BP2,RSH2,RSH2,RMT1,RMT1,MCF/LWAL/CDL/H:2/BP2/RSH2+RMT1/RES,"https://www.google.com/maps/@?api=1&map_action=pano&viewpoint=38.69896266,-9.22064186&heading=298.4697250196783&pitch=5&fov=120"
1548,09910b55-9cb5-4c64-a925-eeb04026c036,38.70494967,-9.202493796,Portugal,Lisbon,CR,MUR,LFINF,LWAL,CDL,CDN,2,3,RES,RES,BP1,BP1,RSH2,RSH2,RMT1,RMT1,CR/LFINF/CDL/H:2/BP1/RSH2+RMT1/RES,"https://www.google.com/maps/@?api=1&map_action=pano&viewpoint=38.70494967,-9.2024938&heading=240.75067904779212&pitch=5&fov=120"
1549,bc267985-dab3-46fe-b498-62422c495667,38.70113176,-9.215459591,Portugal,Lisbon,MUR,,LWAL,,CDM,,1,,RES,,BPD,,RSH3,,RMT1,,MUR/LWAL/CDM/H:1/BPD/RSH3+RMT1/RES,"https://www.google.com/maps/@?api=1&map_action=pano&viewpoint=38.70113176,-9.21545959&heading=199.8810022084815&pitch=5&fov=120"
1550,30fa8626-2ab9-4893-921b-0189ce3f4c22,38.69590135,-9.220013221,Portugal,Lisbon,CR,MUR,LFM,LWAL,CDL,CDL,2,2,MIX(RES;COM),RES,BP2,BP1,RSH2,RSH1,RMT1,RMN,CR/LFM/CDL/H:2/BP2/RSH2+RMT1/MIX(RES;COM),"https://www.google.com/maps/@?api=1&map_action=pano&viewpoint=38.69590135,-9.22001322&heading=203.56012943664246&pitch=5&fov=120"
1551,631b4f11-7862-4e19-8c4d-45e224957dbb,38.70203723,-9.219729507,Portugal,Lisbon,CR,MUR,LFINF,LWAL,CDM,CDN,2,3,RES,RES,BPD,BP1,RSH3,RSH1,RMT1,RMN,CR/LFINF/CDM/H:2/BPD/RSH3+RMT1/RES,"https://www.google.com/maps/@?api=1&map_action=pano&viewpoint=38.70203723,-9.21972951&heading=213.62683753902928&pitch=5&fov=120"
1552,c09234b6-d814-4712-b7ac-247ea49a04b8,38.70066402,-9.203469907,Portugal,Lisbon,MCF,MUR,LWAL,LWAL,CDL,CDL,2,2,RES,RES,BP1,BP1,RSH2,RSH2,RMT1,RMT1,MCF/LWAL/CDL/H:2/BP1/RSH2+RMT1/RES,"https://www.google.com/maps/@?api=1&map_action=pano&viewpoint=38.70066402,-9.20346991&heading=79.6640967053703&pitch=5&fov=120"
1553,9d40fedc-48c3-4dbb-b6b5-b1fc79638f04,38.69968103,-9.222661366,Portugal,Lisbon,MCF,MUR,LWAL,LWAL,CDL,CDL,2,2,RES,RES,BPD,BP2,RSH3,RSH2,RMT1,RMT1,MCF/LWAL/CDL/H:2/BPD/RSH3+RMT1/RES,"https://www.google.com/maps/@?api=1&map_action=pano&viewpoint=38.69968103,-9.22266137&heading=301.9121036185981&pitch=5&fov=120"
1554,3dd10e17-9ff9-4312-98fd-7e415750583a,38.69926312,-9.20430532,Portugal,Lisbon,CR,MUR,LFINF,LWAL,CDM,CDL,2,2,RES,IND,BP1,BPD,RSH3,RSH1,RMT1,RMN,CR/LFINF/CDM/H:2/BP1/RSH3+RMT1/RES,"https://www.google.com/maps/@?api=1&map_action=pano&viewpoint=38.69926312,-9.20430532&heading=286.2321312586152&pitch=5&fov=120"
1555,9f921df7-754d-4bcd-84b2-27cb424447be,38.70083514,-9.205682938,Portugal,Lisbon,MUR,MUR,LWAL,LWAL,CDL,CDL,2,2,RES,RES,BP1,BP3,RSH2,RSH2,RMT1,RMT1,MUR/LWAL/CDL/H:2/BP1/RSH2+RMT1/RES,"https://www.google.com/maps/@?api=1&map_action=pano&viewpoint=38.70083514,-9.20568294&heading=317.89911639508443&pitch=5&fov=120"
1556,24ebc93a-cdbe-425c-9bd9-f21a5a490f41,38.69781091,-9.203039741,Portugal,Lisbon,MUR,MCF,LWAL,LWAL,CDL,CDL,2,1,RES,COM,BPD,BPD,RSH3,RSH2,RMT1,RMT1,MUR/LWAL/CDL/H:2/BPD/RSH3+RMT1/RES,"https://www.google.com/maps/@?api=1&map_action=pano&viewpoint=38.69781091,-9.20303974&heading=155.81350066421618&pitch=5&fov=120"
1557,022f6c7e-3489-4114-822d-bf234d6061b4,38.69961663,-9.219342153,Portugal,Lisbon,MR,MUR,LWAL,LWAL,CDL,CDL,2,2,RES,RES,BP1,BPD,RSH2,RSH2,RMT1,RMT1,MR/LWAL/CDL/H:2/BP1/RSH2+RMT1/RES,"https://www.google.com/maps/@?api=1&map_action=pano&viewpoint=38.69961663,-9.21934215&heading=298.293106734111&pitch=5&fov=120"
1558,12259a24-3f50-4337-acf1-25bcc96e7ffa,38.69838129,-9.216520785,Portugal,Lisbon,CR,CR,LFINF,LFINF,CDL,CDL,3,3,RES,RES,BP1,BPD,RSH2,RSH1,RMT1,RMN,CR/LFINF/CDL/H:3/BP1/RSH2+RMT1/RES,"https://www.google.com/maps/@?api=1&map_action=pano&viewpoint=38.69838129,-9.21652078&heading=180.3472545375492&pitch=5&fov=120"
1560,616373c8-f5e4-4bcf-959c-24c2a9dda299,38.69694292,-9.194435678,Portugal,Lisbon,MCF,MUR,LWAL,LWAL,CDL,CDL,2,5,COM,COM,BP1,BP1,RSH2,RSH2,RMT1,RMT1,MCF/LWAL/CDL/H:2/BP1/RSH2+RMT1/COM,"https://www.google.com/maps/@?api=1&map_action=pano&viewpoint=38.69694292,-9.19443568&heading=57.006937278223745&pitch=5&fov=120"
1562,4caed7c0-5002-4f8a-beaf-aa8ad98b614d,38.69781006,-9.217891399,Portugal,Lisbon,MCF,MUR,LWAL,LWAL,CDL,CDN,2,2,RES,RES,BP2,BPD,RSH2,RSH2,RMT1,RMT1,MCF/LWAL/CDL/H:2/BP2/RSH2+RMT1/RES,"https://www.google.com/maps/@?api=1&map_action=pano&viewpoint=38.69781006,-9.2178914&heading=99.02904935491131&pitch=5&fov=120"
1563,b4f70011-14d1-4b85-b0fb-9ab411cb0269,38.69776185,-9.202422098,Portugal,Lisbon,MUR,MUR,LWAL,LWAL,CDL,CDL,2,1,RES,RES,BP2,BP2,RSH2,RSH1,RMT1,RMN,MUR/LWAL/CDL/H:2/BP2/RSH2+RMT1/RES,"https://www.google.com/maps/@?api=1&map_action=pano&viewpoint=38.69776185,-9.2024221&heading=154.5265365694031&pitch=5&fov=120"
1564,bc74fbbd-33d7-44f4-8a80-eb4a42f87a63,38.69699802,-9.215268862,Portugal,Lisbon,MCF,MUR,LWAL,LWAL,CDL,CDL,2,2,RES,RES,BP2,BPD,RSH2,RSH1,RMT1,RMN,MCF/LWAL/CDL/H:2/BP2/RSH2+RMT1/RES,"https://www.google.com/maps/@?api=1&map_action=pano&viewpoint=38.69699802,-9.21526886&heading=78.25906042937288&pitch=5&fov=120"
1565,ceea344a-8896-44f5-a2cf-807da888ab45,38.69742689,-9.218704778,Portugal,Lisbon,MCF,MUR,LWAL,LWAL,CDN,CDN,2,2,RES,RES,BP2,BPD,RSH2,RSH2,RMT1,RMT1,MCF/LWAL/CDN/H:2/BP2/RSH2+RMT1/RES,"https://www.google.com/maps/@?api=1&map_action=pano&viewpoint=38.69742689,-9.21870478&heading=101.27206856564413&pitch=5&fov=120"
1566,7e0a06d7-3839-40a2-8491-db1c676b5dc9,38.70071031,-9.196987424,Portugal,Lisbon,CR,MUR,LFINF,LWAL,CDL,CDL,3,3,RES,MIX(RES;COM),BP2,BP1,RSH2,RSH1,RMT1,RMN,CR/LFINF/CDL/H:3/BP2/RSH2+RMT1/RES,"https://www.google.com/maps/@?api=1&map_action=pano&viewpoint=38.70071031,-9.19698742&heading=313.576647047396&pitch=5&fov=120"
1567,7f27b269-de42-4b8a-b11e-719da42527a5,38.69716518,-9.202857221,Portugal,Lisbon,CR,MUR,LFM,LWAL,CDL,CDN,4,3,MIX(RES;COM),MIX(RES;COM),BP2,BP1,RSH2,RSH2,RMT1,RMT1,CR/LFM/CDL/H:4/BP2/RSH2+RMT1/MIX(RES;COM),"https://www.google.com/maps/@?api=1&map_action=pano&viewpoint=38.69716518,-9.20285722&heading=155.83401755162458&pitch=5&fov=120"
1568,82ebe0a4-6085-43b5-aa28-274902a05889,38.69982064,-9.204957599,Portugal,Lisbon,MUR,MUR,LWAL,LWAL,CDL,CDN,1,1,RES,RES,BP2,BP2,RSH2,RSH5,RMT1,RMT1,MUR/LWAL/CDL/H:1/BP2/RSH2+RMT1/RES,"https://www.google.com/maps/@?api=1&map_action=pano&viewpoint=38.69982064,-9.2049576&heading=302.08436256313314&pitch=5&fov=120"
1570,bb771e56-84ac-4a17-a88d-dae6fa3adffd,38.7000226,-9.215830997,Portugal,Lisbon,CR,,LFM,,CDM,,2,,RES,,BPD,,RSH3,,RMT1,,CR/LFM/CDM/H:2/BPD/RSH3+RMT1/RES,"https://www.google.com/maps/@?api=1&map_action=pano&viewpoint=38.7000226,-9.215831&heading=187.39464751445217&pitch=5&fov=120"
1572,65715fd2-7b01-44e1-bf8a-9dbbd9bc30c6,38.69801714,-9.215070652,Portugal,Lisbon,CR,,LFM,,CDL,,2,,RES,,BPD,,RSH3,,RMT1,,CR/LFM/CDL/H:2/BPD/RSH3+RMT1/RES,"https://www.google.com/maps/@?api=1&map_action=pano&viewpoint=38.69801714,-9.21507065&heading=249.97600421093216&pitch=5&fov=120"
1573,2b0db5c5-055a-4e04-a520-67ef516ea532,38.70431092,-9.202610037,Portugal,Lisbon,CR,MUR,LFINF,LWAL,CDL,CDL,4,3,RES,RES,BP2,BP2,RSH2,RSH1,RMT1,RMN,CR/LFINF/CDL/H:4/BP2/RSH2+RMT1/RES,"https://www.google.com/maps/@?api=1&map_action=pano&viewpoint=38.70431092,-9.20261004&heading=148.94907321176413&pitch=5&fov=120"
1574,17c8ecf7-ecfc-4b3f-a1d0-f8118eebc91c,38.697594,-9.196318891,Portugal,Lisbon,CR,MUR,LFM,LWAL,CDL,CDN,3,3,MIX(RES;COM),MIX(RES;COM),BP2,BP2,RSH2,RSH1,RMT1,RMN,CR/LFM/CDL/H:3/BP2/RSH2+RMT1/MIX(RES;COM),"https://www.google.com/maps/@?api=1&map_action=pano&viewpoint=38.697594,-9.19631889&heading=325.25308428371113&pitch=5&fov=120"
1575,a51b134c-1922-4a02-ae8e-11c678403d7a,38.70209873,-9.203054557,Portugal,Lisbon,CR,MR,LFINF,LWAL,CDL,CDN,4,3,RES,MIX(RES;COM),BP2,BP1,RSH2,RSH1,RMT1,RMN,CR/LFINF/CDL/H:4/BP2/RSH2+RMT1/RES,"https://www.google.com/maps/@?api=1&map_action=pano&viewpoint=38.70209873,-9.20305456&heading=184.56383355024855&pitch=5&fov=120"
1577,338b87bf-ed19-4822-b328-560375096930,38.6973702,-9.215665076,Portugal,Lisbon,CR,MUR,LFINF,LWAL,CDM,CDN,3,3,RES,RES,BPD,BPD,RSH3,RSH1,RMT1,RMN,CR/LFINF/CDM/H:3/BPD/RSH3+RMT1/RES,"https://www.google.com/maps/@?api=1&map_action=pano&viewpoint=38.6973702,-9.21566508&heading=80.13026539340274&pitch=5&fov=120"
1579,06c98a54-e1f0-47e4-b616-f075c9cef6ae,38.69551557,-9.215483269,Portugal,Lisbon,CR,CR,LFM,LFINF,CDM,CDN,4,2,COM,COM,BPD,BPD,RSH1,RSH2,RMN,RMT1,CR/LFM/CDM/H:4/BPD/RSH1+RMN/COM,"https://www.google.com/maps/@?api=1&map_action=pano&viewpoint=38.69551557,-9.21548327&heading=165.0333290513372&pitch=5&fov=120"
1581,a07d7684-58de-45e5-8a59-a6f5d1951ebe,38.69886338,-9.21362828,Portugal,Lisbon,MCF,MUR,LWAL,LWAL,CDL,CDN,3,3,RES,RES,BPD,BPD,RSH3,RSH2,RMT1,RMT1,MCF/LWAL/CDL/H:3/BPD/RSH3+RMT1/RES,"https://www.google.com/maps/@?api=1&map_action=pano&viewpoint=38.69886338,-9.21362828&heading=232.43227338090549&pitch=5&fov=120"
1582,a8129ca2-d29d-4751-b6c0-e5dff0ea1550,38.69967659,-9.200018591,Portugal,Lisbon,MCF,,LWAL,,CDL,,2,,RES,,BP1,,RSH2,,RMT1,,MCF/LWAL/CDL/H:2/BP1/RSH2+RMT1/RES,"https://www.google.com/maps/@?api=1&map_action=pano&viewpoint=38.69967659,-9.20001859&heading=47.54062377747522&pitch=5&fov=120"
1583,73199c4f-21da-40d7-af9c-63a91add6c8c,38.70054822,-9.203612971,Portugal,Lisbon,MUR,MUR,LWAL,LWAL,CDN,CDN,1,1,RES,RES,BPD,BPD,RSH2,RSH2,RMT1,RMT1,MUR/LWAL/CDN/H:1/BPD/RSH2+RMT1/RES,"https://www.google.com/maps/@?api=1&map_action=pano&viewpoint=38.70054822,-9.20361297&heading=95.22591512786408&pitch=5&fov=120"
1584,c66997ec-ad03-40c3-8388-21e2ed98a668,38.69919177,-9.217692889,Portugal,Lisbon,MCF,MUR,LWAL,LWAL,CDL,CDL,2,2,RES,RES,BP2,BP1,RSH2,RSH2,RMT1,RMT1,MCF/LWAL/CDL/H:2/BP2/RSH2+RMT1/RES,"https://www.google.com/maps/@?api=1&map_action=pano&viewpoint=38.69919177,-9.21769289&heading=283.8419340834067&pitch=5&fov=120"
1585,f0a069ea-44ec-4fae-ac3f-4e7fe6b8e7fd,38.7028823,-9.20344645,Portugal,Lisbon,CR,CR,LFM,LFINF,CDL,CDN,4,4,MIX(RES;COM),MIX(RES;COM),BP1,BP1,RSH2,RSH1,RMT1,RMN,CR/LFM/CDL/H:4/BP1/RSH2+RMT1/MIX(RES;COM),"https://www.google.com/maps/@?api=1&map_action=pano&viewpoint=38.7028823,-9.20344645&heading=153.5406489956075&pitch=5&fov=120"
1586,6fd901a7-0edb-4daa-9a1a-24cc799138d2,38.70180856,-9.205699364,Portugal,Lisbon,MUR,MCF,LWAL,LWAL,CDL,CDN,2,1,RES,IND,BP1,BP2,RSH3,RSH2,RMT1,RMT1,MUR/LWAL/CDL/H:2/BP1/RSH3+RMT1/RES,"https://www.google.com/maps/@?api=1&map_action=pano&viewpoint=38.70180856,-9.20569936&heading=176.74684308665366&pitch=5&fov=120"
1587,4d112e99-c7d2-40cb-ba02-fc8088c7d8cc,38.69570402,-9.217739822,Portugal,Lisbon,CR,CR,LFINF,LFM,CDL,CDL,3,4,RES,IND,BP1,BP1,RSH3,RSH1,RMT1,RMN,CR/LFINF/CDL/H:3/BP1/RSH3+RMT1/RES,"https://www.google.com/maps/@?api=1&map_action=pano&viewpoint=38.69570402,-9.21773982&heading=351.32819780373615&pitch=5&fov=120"
1588,dda283e6-5663-45c9-9367-14dce3c029e0,38.70102698,-9.200832439,Portugal,Lisbon,MUR,MCF,LWAL,LWAL,CDL,CDL,1,1,GOV,COM,BPD,BPD,RSH3,RSH2,RMT6,RMT1,MUR/LWAL/CDL/H:1/BPD/RSH3+RMT6/GOV,"https://www.google.com/maps/@?api=1&map_action=pano&viewpoint=38.70102698,-9.20083244&heading=167.47900755039666&pitch=5&fov=120"
1590,d04cb49f-c28f-4097-9c4a-b7354249442b,38.69609982,-9.211329352,Portugal,Lisbon,CR,CR,LFM,LFM,CDM,CDM,6.0-7.0,5,RES,RES,BPD,BP2,RSH3,RSH1,RMT1,RMN,CR/LFM/CDM/H:6-7/BPD/RSH3+RMT1/RES,"https://www.google.com/maps/@?api=1&map_action=pano&viewpoint=38.69609982,-9.21132935&heading=128.68280831959459&pitch=5&fov=120"
1591,661a18cf-384c-4cbc-8413-04b2f3fc9158,38.69798683,-9.217706165,Portugal,Lisbon,MCF,MR,LWAL,LWAL,CDL,CDN,2,2,RES,RES,BP2,BP1,RSH2,RSH1,RMT1,RMN,MCF/LWAL/CDL/H:2/BP2/RSH2+RMT1/RES,"https://www.google.com/maps/@?api=1&map_action=pano&viewpoint=38.69798683,-9.21770617&heading=99.44942869449892&pitch=5&fov=120"
1592,61408583-446a-4357-928c-1cfcf17ecfb0,38.69749966,-9.192839864,Portugal,Lisbon,CR,MUR,LFINF,LWAL,CDL,CDN,3,3,RES,RES,BP2,BP1,RSH2,RSH2,RMT1,RMT1,CR/LFINF/CDL/H:3/BP2/RSH2+RMT1/RES,"https://www.google.com/maps/@?api=1&map_action=pano&viewpoint=38.69749966,-9.19283986&heading=137.215577808881&pitch=5&fov=120"
1593,a633d75a-5f4d-40c7-9f3b-02419b4030bf,38.69644951,-9.221064719,Portugal,Lisbon,CR,CR,LFM,LFINF,CDL,CDN,2,3,RES,COM,BP1,BP1,RSH2,RSH1,RMT1,RMN,CR/LFM/CDL/H:2/BP1/RSH2+RMT1/RES,"https://www.google.com/maps/@?api=1&map_action=pano&viewpoint=38.69644951,-9.22106472&heading=175.38841243885207&pitch=5&fov=120"
1594,72102cb9-d4b8-4f9b-b89e-e08a5935613d,38.69987825,-9.220664278,Portugal,Lisbon,MCF,,LWAL,,CDL,,2,,RES,,BP2,,RSH2,,RMT1,,MCF/LWAL/CDL/H:2/BP2/RSH2+RMT1/RES,"https://www.google.com/maps/@?api=1&map_action=pano&viewpoint=38.69987825,-9.22066428&heading=31.98013079875983&pitch=5&fov=120"
1598,904c04be-57bd-43c9-b397-4bd947c9c5ce,38.69838136,-9.225968788,Portugal,Lisbon,CR,CR,LFM,LFINF,CDM,CDN,4,5,MIX(RES;COM),MIX(RES;COM),BP1,BP2,RSH1,RSH1,RMN,RMN,CR/LFM/CDM/H:4/BP1/RSH1+RMN/MIX(RES;COM),"https://www.google.com/maps/@?api=1&map_action=pano&viewpoint=38.69838136,-9.22596879&heading=1.180688107695687&pitch=5&fov=120"
1599,cb202929-ada4-4c6b-bdab-9287410c884e,38.69757976,-9.201983064,Portugal,Lisbon,MCF,MCF,LWAL,LWAL,CDL,CDN,2,2,MIX(RES;COM),RES,BP1,BP1,RSH2,RSH1,RMT1,RMN,MCF/LWAL/CDL/H:2/BP1/RSH2+RMT1/MIX(RES;COM),"https://www.google.com/maps/@?api=1&map_action=pano&viewpoint=38.69757976,-9.20198306&heading=222.10739421743813&pitch=5&fov=120"
1600,c93c57f2-5ff1-40ce-8f30-75fb26bbd02e,38.69802536,-9.218091224,Portugal,Lisbon,MCF,MUR,LWAL,LWAL,CDL,CDN,2,2,RES,RES,BP2,BP2,RSH2,RSH2,RMT1,RMT1,MCF/LWAL/CDL/H:2/BP2/RSH2+RMT1/RES,"https://www.google.com/maps/@?api=1&map_action=pano&viewpoint=38.69802536,-9.21809122&heading=102.17956429602418&pitch=5&fov=120"
1601,d8a18e14-84dc-4378-ab4c-3bc9a42538f6,38.70185615,-9.203743613,Portugal,Lisbon,CR,CR,LFM,LFINF,CDM,CDM,4,5,RES,COM,BP2,BP1,RSH2,RSH1,RMT1,RMN,CR/LFM/CDM/H:4/BP2/RSH2+RMT1/RES,"https://www.google.com/maps/@?api=1&map_action=pano&viewpoint=38.70185615,-9.20374361&heading=311.655793231336&pitch=5&fov=120"
1602,ad3c2fe4-b62f-443c-b703-3e7047734ab4,38.69634195,-9.219842996,Portugal,Lisbon,CR,MUR,LFINF,LWAL,CDL,CDN,4,4,MIX(RES;COM),MIX(RES;COM),BP2,BP1,RSH2,RSH1,RMT1,RMN,CR/LFINF/CDL/H:4/BP2/RSH2+RMT1/MIX(RES;COM),"https://www.google.com/maps/@?api=1&map_action=pano&viewpoint=38.69634195,-9.219843&heading=353.9067388908918&pitch=5&fov=120"
1603,a3f7d691-7f18-4d0b-9611-d75fc184527e,38.70163727,-9.217580306,Portugal,Lisbon,MUR,,LWAL,,CDM,,1,,EDU,,BPD,,RSH2,,RMT1,,MUR/LWAL/CDM/H:1/BPD/RSH2+RMT1/EDU,"https://www.google.com/maps/@?api=1&map_action=pano&viewpoint=38.70163727,-9.21758031&heading=21.355743340960203&pitch=5&fov=120"
1604,5e3057c1-a3fd-4742-aa8a-25f1605efcab,38.6976968,-9.217187356,Portugal,Lisbon,MCF,,LWAL,,CDL,,2,,RES,,BP2,,RSH2,,RMT1,,MCF/LWAL/CDL/H:2/BP2/RSH2+RMT1/RES,"https://www.google.com/maps/@?api=1&map_action=pano&viewpoint=38.6976968,-9.21718736&heading=92.72237727355741&pitch=5&fov=120"
1605,221e76de-a030-4e78-ad4d-69b948a50c21,38.6991643,-9.220234809,Portugal,Lisbon,MCF,MUR,LWAL,LWAL,CDL,CDL,2,2,RES,RES,BP2,BP1,RSH2,RSH2,RMT1,RMT1,MCF/LWAL/CDL/H:2/BP2/RSH2+RMT1/RES,"https://www.google.com/maps/@?api=1&map_action=pano&viewpoint=38.6991643,-9.22023481&heading=296.52619774660883&pitch=5&fov=120"
1606,e33cba1a-8fcf-43f3-b596-1146fb4a142b,38.70021293,-9.214921239,Portugal,Lisbon,CR,,LFM,,CDM,,2,,RES,,BPD,,RSH1,,RMN,,CR/LFM/CDM/H:2/BPD/RSH1+RMN/RES,"https://www.google.com/maps/@?api=1&map_action=pano&viewpoint=38.70021293,-9.21492124&heading=356.85065830244673&pitch=5&fov=120"
1607,4b470147-ad41-4f94-b146-fb796a26699a,38.69674593,-9.194232854,Portugal,Lisbon,MCF,,LWAL,,CDL,,2,,MIX(RES;COM),,BP3,,RSH2,,RMT1,,MCF/LWAL/CDL/H:2/BP3/RSH2+RMT1/MIX(RES;COM),"https://www.google.com/maps/@?api=1&map_action=pano&viewpoint=38.69674593,-9.19423285&heading=325.2554253712192&pitch=5&fov=120"
1610,56d11d62-873b-4698-9484-b4a69d0ae02a,38.69805545,-9.191684714,Portugal,Lisbon,CR,MUR,LFINF,LWAL,CDL,CDN,3,3,RES,COM,BP2,BP1,RSH3,RSH3,RMT1,RMT1,CR/LFINF/CDL/H:3/BP2/RSH3+RMT1/RES,"https://www.google.com/maps/@?api=1&map_action=pano&viewpoint=38.69805545,-9.19168471&heading=318.85300303281986&pitch=5&fov=120"
1611,bdef95b5-e89d-4aa0-8235-209f6a36b4f2,38.69727356,-9.198221667,Portugal,Lisbon,CR,CR,LDUAL,LFINF,CDH,CDM,2,1,COM,IND,BPD,BP1,RSH1,RSH2,RMT6,RMT1,CR/LDUAL/CDH/H:2/BPD/RSH1+RMT6/COM,"https://www.google.com/maps/@?api=1&map_action=pano&viewpoint=38.69727356,-9.19822167&heading=148.47650885447717&pitch=5&fov=120"
1617,e9ce1f9a-57f1-43b3-a88a-2b2b3cbca347,38.69674523,-9.219477937,Portugal,Lisbon,MCF,MUR,LWAL,LWAL,CDL,CDL,2,2,RES,RES,BPD,BPD,RSH3,RSH2,RMT1,RMT1,MCF/LWAL/CDL/H:2/BPD/RSH3+RMT1/RES,"https://www.google.com/maps/@?api=1&map_action=pano&viewpoint=38.69674523,-9.21947794&heading=345.78323173935394&pitch=5&fov=120"
1619,03ec8866-3107-4c13-8e34-e5c8ec38b81b,38.70021217,-9.225064839,Portugal,Lisbon,CR,MUR,LFINF,LWAL,CDL,CDN,3,3,RES,RES,BP2,BP2,RSH2,RSH1,RMT1,RMN,CR/LFINF/CDL/H:3/BP2/RSH2+RMT1/RES,"https://www.google.com/maps/@?api=1&map_action=pano&viewpoint=38.70021217,-9.22506484&heading=119.63323286542749&pitch=5&fov=120"
1621,d5b6fa48-d554-4909-b563-7d5b31e1a078,38.69844537,-9.198753696,Portugal,Lisbon,MCF,MUR,LWAL,LWAL,CDN,CDN,1,1,IND,COM,BP2,BP2,RSH3,RSH2,RMT1,RMT1,MCF/LWAL/CDN/H:1/BP2/RSH3+RMT1/IND,"https://www.google.com/maps/@?api=1&map_action=pano&viewpoint=38.69844537,-9.1987537&heading=134.5385110131599&pitch=5&fov=120"
1623,39e62663-9b8f-413a-828f-ee62e44229ce,38.6993851,-9.203651703,Portugal,Lisbon,MCF,MUR,LWAL,LWAL,CDL,CDL,3,3,RES,RES,BP1,BP1,RSH2,RSH2,RMT1,RMT1,MCF/LWAL/CDL/H:3/BP1/RSH2+RMT1/RES,"https://www.google.com/maps/@?api=1&map_action=pano&viewpoint=38.6993851,-9.2036517&heading=259.8267632463512&pitch=5&fov=120"
1624,6116ac2c-7602-41db-affb-e204e9490d67,38.7008767,-9.210593559,Portugal,Lisbon,CR,MUR,LFINF,LWAL,CDH,CDN,2,2,RES,RES,BPD,BPD,RSH3,RSH1,RMT1,RMN,CR/LFINF/CDH/H:2/BPD/RSH3+RMT1/RES,"https://www.google.com/maps/@?api=1&map_action=pano&viewpoint=38.7008767,-9.21059356&heading=146.85877492162297&pitch=5&fov=120"
1625,20cb98b9-cb04-46ac-adce-55bf7f811108,38.6979606,-9.219816534,Portugal,Lisbon,MUR,,LWAL,,CDL,,2,,RES,,BP1,,RSH2,,RMT1,,MUR/LWAL/CDL/H:2/BP1/RSH2+RMT1/RES,"https://www.google.com/maps/@?api=1&map_action=pano&viewpoint=38.6979606,-9.21981653&heading=287.572083801468&pitch=5&fov=120"
1628,9499518d-4f02-4c4e-9cbc-54bb55603ade,38.69719093,-9.217576932,Portugal,Lisbon,MCF,MUR,LWAL,LWAL,CDL,CDN,2,2,RES,RES,BP1,BPD,RSH3,RSH2,RMT1,RMT1,MCF/LWAL/CDL/H:2/BP1/RSH3+RMT1/RES,"https://www.google.com/maps/@?api=1&map_action=pano&viewpoint=38.69719093,-9.21757693&heading=91.84523127684832&pitch=5&fov=120"
1629,cf650e2b-ca25-4044-9f5d-64d1385c00d4,38.69861164,-9.2134846,Portugal,Lisbon,CR,MUR,LFINF,LWAL,CDM,CDL,3,2,RES,RES,BPD,BPD,RSH3,RSH2,RMT1,RMT1,CR/LFINF/CDM/H:3/BPD/RSH3+RMT1/RES,"https://www.google.com/maps/@?api=1&map_action=pano&viewpoint=38.69861164,-9.2134846&heading=250.24647313142668&pitch=5&fov=120"
1631,abc514cc-c966-4a6e-8d7c-a17124f1d93d,38.6960685,-9.2158762,Portugal,Lisbon,MCF,MUR,LWAL,LWAL,CDL,CDL,2,2,RES,RES,BP2,BP1,RSH2,RSH2,RMT1,RMT1,MCF/LWAL/CDL/H:2/BP2/RSH2+RMT1/RES,"https://www.google.com/maps/@?api=1&map_action=pano&viewpoint=38.6960685,-9.2158762&heading=78.08482080507974&pitch=5&fov=120"
1632,64e19c59-20c3-4362-a82b-343e45233203,38.70094566,-9.204956496,Portugal,Lisbon,MUR,,LWAL,,CDM,,1,,RES,,BPD,,RSH3,,RMT1,,MUR/LWAL/CDM/H:1/BPD/RSH3+RMT1/RES,"https://www.google.com/maps/@?api=1&map_action=pano&viewpoint=38.70094566,-9.2049565&heading=316.9723971908056&pitch=5&fov=120"
1633,2f34cbb8-a28a-44cb-b174-c51fd8ad2f33,38.70048696,-9.225674269,Portugal,Lisbon,CR,MUR,LFINF,LWAL,CDL,CDL,3,3,MIX(RES;COM),MIX(RES;COM),BP2,BP2,RSH2,RSH1,RMT1,RMN,CR/LFINF/CDL/H:3/BP2/RSH2+RMT1/MIX(RES;COM),"https://www.google.com/maps/@?api=1&map_action=pano&viewpoint=38.70048696,-9.22567427&heading=359.0364413969042&pitch=5&fov=120"
1634,e2bc2e14-d0f8-47ad-ac2f-063add1d5c70,38.69990972,-9.208585384,Portugal,Lisbon,CR,,LFINF,,CDH,,2,,RES,,BPD,,RSH1,,RMN,,CR/LFINF/CDH/H:2/BPD/RSH1+RMN/RES,"https://www.google.com/maps/@?api=1&map_action=pano&viewpoint=38.69990972,-9.20858538&heading=229.90269865211758&pitch=5&fov=120"
1635,f94d1d0a-a658-4b5e-a87a-c45741f7a84e,38.69791751,-9.216400359,Portugal,Lisbon,MCF,,LWAL,,CDL,,2,,RES,,BP1,,RSH2,,RMT1,,MCF/LWAL/CDL/H:2/BP1/RSH2+RMT1/RES,"https://www.google.com/maps/@?api=1&map_action=pano&viewpoint=38.69791751,-9.21640036&heading=356.4834567351702&pitch=5&fov=120"
1636,2a22d7ad-f3f9-407a-a020-100f7a96a450,38.69282745,-9.21351125,Portugal,Lisbon,CR,,LFM,,CDH,,1,,COM,,BPD,,RSH1,,RMN,,CR/LFM/CDH/H:1/BPD/RSH1+RMN/COM,"https://www.google.com/maps/@?api=1&map_action=pano&viewpoint=38.69282745,-9.21351125&heading=47.823967416593916&pitch=5&fov=120"
1637,fa59cfce-de3d-4faf-872a-f87d79c3d290,38.70079049,-9.204989701,Portugal,Lisbon,MUR,CR,LWAL,LFINF,CDN,CDH,1,1,COM,COM,BP1,BPD,RSH2,RSH2,RMT1,RMT1,MUR/LWAL/CDN/H:1/BP1/RSH2+RMT1/COM,"https://www.google.com/maps/@?api=1&map_action=pano&viewpoint=38.70079049,-9.2049897&heading=136.97237643187697&pitch=5&fov=120"
1640,d7317196-79ca-41a8-a526-884d5649173c,38.70071843,-9.201526221,Portugal,Lisbon,MCF,MUR,LWAL,LWAL,CDN,CDN,2,1,COM,RES,BPD,BPD,RSH3,RSH1,RMT1,RMN,MCF/LWAL/CDN/H:2/BPD/RSH3+RMT1/COM,"https://www.google.com/maps/@?api=1&map_action=pano&viewpoint=38.70071843,-9.20152622&heading=193.79079361774757&pitch=5&fov=120"
1642,c97a4926-1cc3-40c8-841c-f73808bcbbb2,38.6988033,-9.217637137,Portugal,Lisbon,MCF,,LWAL,,CDL,,2,,RES,,BP1,,RSH3,,RMT1,,MCF/LWAL/CDL/H:2/BP1/RSH3+RMT1/RES,"https://www.google.com/maps/@?api=1&map_action=pano&viewpoint=38.6988033,-9.21763714&heading=103.84196894174647&pitch=5&fov=120"
1643,1cfb2552-bdd9-47df-a786-6df0c7908473,38.69668131,-9.212853445,Portugal,Lisbon,CR,,LFINF,,CDL,,5,,MIX(RES;COM),,BP1,,RSH2,,RMT1,,CR/LFINF/CDL/H:5/BP1/RSH2+RMT1/MIX(RES;COM),"https://www.google.com/maps/@?api=1&map_action=pano&viewpoint=38.69668131,-9.21285344&heading=309.64018217834825&pitch=5&fov=120"
1644,e3d02752-bb20-400a-82bb-9b80ff5f050b,38.69503176,-9.217202762,Portugal,Lisbon,CR,CR,LFINF,LFM,CDL,CDL,4,5,MIX(RES;COM),MIX(RES;COM),BP2,BP2,RSH2,RSH1,RMN,RMN,CR/LFINF/CDL/H:4/BP2/RSH2+RMN/MIX(RES;COM),"https://www.google.com/maps/@?api=1&map_action=pano&viewpoint=38.69503176,-9.21720276&heading=250.47063257629497&pitch=5&fov=120"
1645,dc074a0f-e8d3-45c0-a06e-5013549edaa5,38.6993463,-9.221050526,Portugal,Lisbon,MCF,,LWAL,,CDL,,2,,RES,,BP2,,RSH3,,RMT1,,MCF/LWAL/CDL/H:2/BP2/RSH3+RMT1/RES,"https://www.google.com/maps/@?api=1&map_action=pano&viewpoint=38.6993463,-9.22105053&heading=32.78532844913548&pitch=5&fov=120"
1646,c8bba19d-b9d2-4723-8b0f-479393fb2c4a,38.69665362,-9.217597725,Portugal,Lisbon,MCF,MUR,LWAL,LWAL,CDN,CDL,2,2,RES,RES,BP2,BPD,RSH2,RSH2,RMT1,RMT1,MCF/LWAL/CDN/H:2/BP2/RSH2+RMT1/RES,"https://www.google.com/maps/@?api=1&map_action=pano&viewpoint=38.69665362,-9.21759773&heading=90.52218871581061&pitch=5&fov=120"
1647,c02c2309-7636-4773-90f0-f15b2d606e97,38.69815689,-9.21752961,Portugal,Lisbon,MCF,MUR,LWAL,LWAL,CDL,CDN,2,2,RES,RES,BP2,BPD,RSH2,RSH2,RMT1,RMT1,MCF/LWAL/CDL/H:2/BP2/RSH2+RMT1/RES,"https://www.google.com/maps/@?api=1&map_action=pano&viewpoint=38.69815689,-9.21752961&heading=99.44953907425787&pitch=5&fov=120"
1648,05c918f0-8ecb-4758-8562-4934b0c15cf3,38.69874676,-9.198944551,Portugal,Lisbon,MCF,MCF,LWAL,LWAL,CDN,CDN,1,1,RES,RES,BPD,BPD,RSH2,RSH2,RMT1,RMT1,MCF/LWAL/CDN/H:1/BPD/RSH2+RMT1/RES,"https://www.google.com/maps/@?api=1&map_action=pano&viewpoint=38.69874676,-9.19894455&heading=230.51965094065713&pitch=5&fov=120"
1649,e8c5a0de-3741-42c0-a1f9-0cf8650eeffc,38.69854345,-9.19930619,Portugal,Lisbon,MCF,MCF,LWAL,LWAL,CDN,CDN,2,2,RES,RES,BP2,BP2,RSH2,RSH2,RMT1,RMT1,MCF/LWAL/CDN/H:2/BP2/RSH2+RMT1/RES,"https://www.google.com/maps/@?api=1&map_action=pano&viewpoint=38.69854345,-9.19930619&heading=316.95147413311895&pitch=5&fov=120"
1650,c37f502d-b1dc-4684-9e10-3f79c4fcd1e3,38.69805274,-9.193707526,Portugal,Lisbon,MUR,MUR,LWAL,LWAL,CDL,CDL,1,1,RES,RES,BP1,BP2,RSH2,RSH2,RMT1,RMT1,MUR/LWAL/CDL/H:1/BP1/RSH2+RMT1/RES,"https://www.google.com/maps/@?api=1&map_action=pano&viewpoint=38.69805274,-9.19370753&heading=81.67232799866235&pitch=5&fov=120"
1651,fa83bcab-eaf3-4b63-b2aa-468a937ab41a,38.6987249,-9.2136256,Portugal,Lisbon,CR,MUR,LFINF,LWAL,CDL,CDL,3,3,RES,RES,BPD,BPD,RSH2,RSH2,RMT1,RMT1,CR/LFINF/CDL/H:3/BPD/RSH2+RMT1/RES,"https://www.google.com/maps/@?api=1&map_action=pano&viewpoint=38.6987249,-9.2136256&heading=250.24638497174402&pitch=5&fov=120"
1654,c43bf173-d5e4-4471-9e87-8e33da71b83f,38.69699737,-9.196731404,Portugal,Lisbon,MCF,,LWAL,,CDL,,2,,RES,,BP1,,RSH3,,RMT1,,MCF/LWAL/CDL/H:2/BP1/RSH3+RMT1/RES,"https://www.google.com/maps/@?api=1&map_action=pano&viewpoint=38.69699737,-9.1967314&heading=163.63272299066807&pitch=5&fov=120"
1655,92ba674c-2c2d-49f3-9dab-cc6e5a330ab7,38.69489021,-9.204192623,Portugal,Lisbon,S,MUR,LFM,LWAL,CDH,CDL,1,1,COM,COM,BPD,BP1,RSH5,RSH5,RMT6,RMT1,S/LFM/CDH/H:1/BPD/RSH5+RMT6/COM,"https://www.google.com/maps/@?api=1&map_action=pano&viewpoint=38.69489021,-9.20419262&heading=135.9435318418976&pitch=5&fov=120"
1657,f83ecf48-be45-4d71-a5c9-c3575f8ad143,38.69956861,-9.225258946,Portugal,Lisbon,CR,CR,LFM,LFINF,CDL,CDL,4,5,RES,RES,BP2,BP2,RSH2,RSH1,RMT1,RMN,CR/LFM/CDL/H:4/BP2/RSH2+RMT1/RES,"https://www.google.com/maps/@?api=1&map_action=pano&viewpoint=38.69956861,-9.22525895&heading=301.4262498791158&pitch=5&fov=120"
1658,2b8b2f5c-4221-489c-92dc-53524fac004d,38.69717535,-9.202933732,Portugal,Lisbon,CR,MR,LFINF,LWAL,CDL,CDN,3,3,MIX(RES;COM),MIX(RES;COM),BP2,BP2,RSH2,RSH1,RMT1,RMN,CR/LFINF/CDL/H:3/BP2/RSH2+RMT1/MIX(RES;COM),"https://www.google.com/maps/@?api=1&map_action=pano&viewpoint=38.69717535,-9.20293373&heading=155.83396971606317&pitch=5&fov=120"
1659,86690f7c-e99b-4f1a-b7d4-a8a2dfea1919,38.69460332,-9.219769949,Portugal,Lisbon,CR,CR,LFM,LFINF,CDH,CDM,4,4,RES,COM,BP1,BP2,RSH2,RSH1,RMT1,RMN,CR/LFM/CDH/H:4/BP1/RSH2+RMT1/RES,"https://www.google.com/maps/@?api=1&map_action=pano&viewpoint=38.69460332,-9.21976995&heading=174.67003265590978&pitch=5&fov=120"
1661,f530a3c2-f7dd-44c1-bf42-054643946617,38.69668504,-9.216588511,Portugal,Lisbon,MUR,MCF,LWAL,LWAL,CDL,CDL,1,1,RES,COM,BP1,BP2,RSH2,RSH2,RMT1,RMT1,MUR/LWAL/CDL/H:1/BP1/RSH2+RMT1/RES,"https://www.google.com/maps/@?api=1&map_action=pano&viewpoint=38.69668504,-9.21658851&heading=263.42174122124874&pitch=5&fov=120"
1663,17c32211-8eeb-4c72-ae64-5c0a62ec3d77,38.69715477,-9.218052769,Portugal,Lisbon,MCF,MCF,LWAL,LWAL,CDL,CDN,2,2,RES,RES,BP2,BP1,RSH2,RSH1,RMT1,RMN,MCF/LWAL/CDL/H:2/BP2/RSH2+RMT1/RES,"https://www.google.com/maps/@?api=1&map_action=pano&viewpoint=38.69715477,-9.21805277&heading=95.82157574108498&pitch=5&fov=120"
1665,bcd9e22c-9713-4016-8f76-23dbf78a9bc1,38.69883548,-9.204478538,Portugal,Lisbon,CR,,LFINF,,CDL,,2,,RES,,BPD,,RSH3,,RMT1,,CR/LFINF/CDL/H:2/BPD/RSH3+RMT1/RES,"https://www.google.com/maps/@?api=1&map_action=pano&viewpoint=38.69883548,-9.20447854&heading=304.263321344064&pitch=5&fov=120"
1666,d7302100-6a12-46fa-a1ce-0f188c9fd7ae,38.70410516,-9.203602132,Portugal,Lisbon,CR,MCF,LFINF,LWAL,CDL,CDN,4,3,RES,MIX(RES;COM),BP1,BP2,RSH3,RSH1,RMT1,RMN,CR/LFINF/CDL/H:4/BP1/RSH3+RMT1/RES,"https://www.google.com/maps/@?api=1&map_action=pano&viewpoint=38.70410516,-9.20360213&heading=343.4023492358606&pitch=5&fov=120"
1667,df36bc6f-572b-4f74-baa5-2a41274ff787,38.69931186,-9.21162989,Portugal,Lisbon,CR,,LFM,,CDM,,2,,RES,,BPD,,RSH3,,RMT1,,CR/LFM/CDM/H:2/BPD/RSH3+RMT1/RES,"https://www.google.com/maps/@?api=1&map_action=pano&viewpoint=38.69931186,-9.21162989&heading=37.27661184630938&pitch=5&fov=120"
1669,ebd7dd4e-52f4-4984-83f9-0bb9cc553985,38.69623301,-9.210902881,Portugal,Lisbon,CR,CR,LFM,LFINF,CDM,CDN,6.0-7.0,6.0-7.0,RES,MIX(RES;COM),BPD,BP2,RSH1,RSH1,RMN,RMN,CR/LFM/CDM/H:6-7/BPD/RSH1+RMN/RES,"https://www.google.com/maps/@?api=1&map_action=pano&viewpoint=38.69623301,-9.21090288&heading=128.68307494557666&pitch=5&fov=120"
1672,40cb77dd-ebab-4709-9a76-bdb96edd07e5,38.70120275,-9.203244712,Portugal,Lisbon,MCF,MUR,LWAL,LWAL,CDL,CDL,2,2,RES,RES,BP1,BP1,RSH3,RSH1,RMT1,RMN,MCF/LWAL/CDL/H:2/BP1/RSH3+RMT1/RES,"https://www.google.com/maps/@?api=1&map_action=pano&viewpoint=38.70120275,-9.20324471&heading=88.42482669222403&pitch=5&fov=120"
1675,bfdefc35-4412-4b1a-9752-98fee75f6a1a,38.69715521,-9.202714529,Portugal,Lisbon,CR,MUR,LFINF,LWAL,CDN,CDN,3,3,RES,RES,BP2,BP1,RSH2,RSH2,RMT1,RMT1,CR/LFINF/CDN/H:3/BP2/RSH2+RMT1/RES,"https://www.google.com/maps/@?api=1&map_action=pano&viewpoint=38.69715521,-9.20271453&heading=154.87500968218586&pitch=5&fov=120"
1676,14ff69e9-361c-44d4-adc2-924cf5391a74,38.69949711,-9.19935708,Portugal,Lisbon,CR,,LFINF,,CDL,,4,,RES,,BP1,,RSH2,,RMT1,,CR/LFINF/CDL/H:4/BP1/RSH2+RMT1/RES,"https://www.google.com/maps/@?api=1&map_action=pano&viewpoint=38.69949711,-9.19935708&heading=142.16587099638627&pitch=5&fov=120"
1678,d87d755d-c92a-4818-90a2-a4ecc72e6844,38.70054848,-9.219067063,Portugal,Lisbon,MUR,MUR,LWAL,LWAL,CDL,CDN,2,2,RES,RES,BP2,BP2,RSH2,RSH1,RMT1,RMN,MUR/LWAL/CDL/H:2/BP2/RSH2+RMT1/RES,"https://www.google.com/maps/@?api=1&map_action=pano&viewpoint=38.70054848,-9.21906706&heading=212.1514528455237&pitch=5&fov=120"
1679,1284bff2-a49c-4fde-8d77-d69f30280dbb,38.70015361,-9.220008425,Portugal,Lisbon,MCF,,LWAL,,CDL,,2,,RES,,BP2,,RSH2,,RMT1,,MCF/LWAL/CDL/H:2/BP2/RSH2+RMT1/RES,"https://www.google.com/maps/@?api=1&map_action=pano&viewpoint=38.70015361,-9.22000842&heading=32.01136181591363&pitch=5&fov=120"
1681,d088407f-2e6a-4e97-b021-1af4c1ba5ca8,38.69986933,-9.210400849,Portugal,Lisbon,CR,,LFM,,,,1,,,,,,,,,,CR/LFM/H:1,"https://www.google.com/maps/@?api=1&map_action=pano&viewpoint=38.69986933,-9.21040085&heading=130.1195155804112&pitch=5&fov=120"
1683,d10709b7-af0a-4ca6-8539-3487c7cc355a,38.70367522,-9.203050493,Portugal,Lisbon,CR,CR,LFM,LFINF,CDL,CDN,4,3,RES,COM,BP1,BP1,RSH3,RSH1,RMT1,RMN,CR/LFM/CDL/H:4/BP1/RSH3+RMT1/RES,"https://www.google.com/maps/@?api=1&map_action=pano&viewpoint=38.70367522,-9.20305049&heading=68.3651308234513&pitch=5&fov=120"
1685,982c15c2-6c4e-4479-b52b-3c00e52c7d70,38.69873044,-9.199174645,Portugal,Lisbon,MUR,MCF,LWAL,LWAL,CDL,CDL,1,1,RES,RES,BP1,BPD,RSH2,RSH2,RMT1,RMT1,MUR/LWAL/CDL/H:1/BP1/RSH2+RMT1/RES,"https://www.google.com/maps/@?api=1&map_action=pano&viewpoint=38.69873044,-9.19917464&heading=317.9815398870114&pitch=5&fov=120"
1686,207dff42-81e5-40cf-807d-1dba71e8954f,38.7035038,-9.203366658,Portugal,Lisbon,CR,CR,LFINF,LFM,CDL,CDL,4,3,RES,MIX(RES;COM),BP2,BP2,RSH3,RSH1,RMT1,RMN,CR/LFINF/CDL/H:4/BP2/RSH3+RMT1/RES,"https://www.google.com/maps/@?api=1&map_action=pano&viewpoint=38.7035038,-9.20336666&heading=167.26095816087303&pitch=5&fov=120"
1690,f3630d9f-2782-483d-945c-29b779522965,38.69585544,-9.219321576,Portugal,Lisbon,CR,MUR,LFM,LWAL,CDL,CDL,4,3,RES,MIX(RES;COM),BP2,BP1,RSH2,RSH2,RMT1,RMT1,CR/LFM/CDL/H:4/BP2/RSH2+RMT1/RES,"https://www.google.com/maps/@?api=1&map_action=pano&viewpoint=38.69585544,-9.21932158&heading=84.08373235249275&pitch=5&fov=120"
1691,22b5a3aa-5262-4862-8879-481963e83223,38.70082024,-9.223455817,Portugal,Lisbon,MCF,,LWAL,,CDM,,2,,RES,,BPD,,RSH3,,RMT1,,MCF/LWAL/CDM/H:2/BPD/RSH3+RMT1/RES,"https://www.google.com/maps/@?api=1&map_action=pano&viewpoint=38.70082024,-9.22345582&heading=123.32066921856762&pitch=5&fov=120"
1692,edb24336-a860-47f7-a774-aeca49681740,38.70064745,-9.2112073,Portugal,Lisbon,CR,,LFINF,,CDM,,2,,RES,,BPD,,RSH3,,RMT1,,CR/LFINF/CDM/H:2/BPD/RSH3+RMT1/RES,"https://www.google.com/maps/@?api=1&map_action=pano&viewpoint=38.70064745,-9.2112073&heading=137.07132690720204&pitch=5&fov=120"
1693,c89f651b-0936-41b4-8055-2a5e229dc564,38.69643657,-9.217311206,Portugal,Lisbon,MCF,MUR,LWAL,LWAL,CDL,CDL,2,2,RES,RES,BP1,BPD,RSH2,RSH2,RMT1,RMT1,MCF/LWAL/CDL/H:2/BP1/RSH2+RMT1/RES,"https://www.google.com/maps/@?api=1&map_action=pano&viewpoint=38.69643657,-9.21731121&heading=89.37854943417835&pitch=5&fov=120"
1695,201abe1c-a9fc-45ef-88e2-0549e1f475ca,38.69751779,-9.216603387,Portugal,Lisbon,MCF,,LWAL,,CDL,,2,,RES,,BP2,,RSH2,,RMT1,,MCF/LWAL/CDL/H:2/BP2/RSH2+RMT1/RES,"https://www.google.com/maps/@?api=1&map_action=pano&viewpoint=38.69751779,-9.21660339&heading=87.36977293468175&pitch=5&fov=120"
1696,a42064b8-3417-4895-bc7b-b1b6ee25bced,38.70151812,-9.204221045,Portugal,Lisbon,MUR,MUR,LWAL,LWAL,CDN,CDN,1,2,RES,RES,BP2,BP2,RSH2,RSH2,RMT1,RMT1,MUR/LWAL/CDN/H:1/BP2/RSH2+RMT1/RES,"https://www.google.com/maps/@?api=1&map_action=pano&viewpoint=38.70151812,-9.20422105&heading=353.76141232065925&pitch=5&fov=120"
1697,dc94b825-4a02-4ce2-9cc2-d202c981824d,38.69810648,-9.217599002,Portugal,Lisbon,MCF,MCF,LWAL,LWAL,CDL,CDN,2,3,RES,RES,BP1,BP2,RSH2,RSH1,RMT1,RMN,MCF/LWAL/CDL/H:2/BP1/RSH2+RMT1/RES,"https://www.google.com/maps/@?api=1&map_action=pano&viewpoint=38.69810648,-9.217599&heading=99.44949570381698&pitch=5&fov=120"
1698,6efe1593-87d7-4499-b9ed-55e8f4c2c208,38.69888576,-9.22012964,Portugal,Lisbon,MCF,W,LWAL,LWAL,CDL,CDL,2,2,RES,RES,BP2,BPD,RSH2,RSH1,RMT1,RMN,MCF/LWAL/CDL/H:2/BP2/RSH2+RMT1/RES,"https://www.google.com/maps/@?api=1&map_action=pano&viewpoint=38.69888576,-9.22012964&heading=295.26436358672527&pitch=5&fov=120"
1701,65671867-f47f-4ec8-9d83-92e5c01ba702,38.69971662,-9.204743677,Portugal,Lisbon,CR,MUR,LFINF,LWAL,CDL,CDL,2,3,RES,RES,BPD,BP1,RSH3,RSH1,RMT1,RMN,CR/LFINF/CDL/H:2/BPD/RSH3+RMT1/RES,"https://www.google.com/maps/@?api=1&map_action=pano&viewpoint=38.69971662,-9.20474368&heading=123.24025515727374&pitch=5&fov=120"
1702,17e4390b-8325-4fc0-b655-d0c2ceb0d157,38.70043474,-9.205388779,Portugal,Lisbon,MUR,MUR,LWAL,LWAL,CDN,CDN,1,1,RES,RES,BP2,BP2,RSH2,RSH5,RMT1,RMT1,MUR/LWAL/CDN/H:1/BP2/RSH2+RMT1/RES,"https://www.google.com/maps/@?api=1&map_action=pano&viewpoint=38.70043474,-9.20538878&heading=165.83111358192554&pitch=5&fov=120"
1703,630dc333-d60e-4343-a922-b42eba523866,38.69655958,-9.217630604,Portugal,Lisbon,MCF,MUR,LWAL,LWAL,CDL,CDL,3,3,IND,IND,BP1,BPD,RSH2,RSH2,RMT1,RMT1,MCF/LWAL/CDL/H:3/BP1/RSH2+RMT1/IND,"https://www.google.com/maps/@?api=1&map_action=pano&viewpoint=38.69655958,-9.2176306&heading=90.52216816514834&pitch=5&fov=120"
1705,b42c4496-5991-413b-814c-d8d2f27ed1f1,38.69755285,-9.20360529,Portugal,Lisbon,MCF,MUR,LWAL,LWAL,CDL,CDL,2,1,RES,RES,BP1,BP2,RSH2,RSH2,RMT1,RMT1,MCF/LWAL/CDL/H:2/BP1/RSH2+RMT1/RES,"https://www.google.com/maps/@?api=1&map_action=pano&viewpoint=38.69755285,-9.20360529&heading=247.8980779889165&pitch=5&fov=120"
1706,ef0399a2-c9b8-4584-8b68-094892b5e277,38.69732016,-9.216727688,Portugal,Lisbon,MCF,,LWAL,,CDL,,2,,RES,,BP2,,RSH3,,RMT1,,MCF/LWAL/CDL/H:2/BP2/RSH3+RMT1/RES,"https://www.google.com/maps/@?api=1&map_action=pano&viewpoint=38.69732016,-9.21672769&heading=88.0428870145513&pitch=5&fov=120"
1708,e85ac2da-adbd-4cb1-81c9-26316a130628,38.69749677,-9.192764222,Portugal,Lisbon,MCF,MUR,LWAL,LWAL,CDL,CDL,3,2,RES,RES,BP1,BPD,RSH2,RSH2,RMT1,RMT1,MCF/LWAL/CDL/H:3/BP1/RSH2+RMT1/RES,"https://www.google.com/maps/@?api=1&map_action=pano&viewpoint=38.69749677,-9.19276422&heading=227.06946756710545&pitch=5&fov=120"
1709,f53613a5-85ed-4fcd-812c-380a8db69362,38.7019393,-9.2037798,Portugal,Lisbon,CR,CR,LFM,LFINF,CDL,CDL,4,5,MIX(RES;COM),MIX(RES;COM),BP2,BP2,RSH2,RSH1,RMT1,RMN,CR/LFM/CDL/H:4/BP2/RSH2+RMT1/MIX(RES;COM),"https://www.google.com/maps/@?api=1&map_action=pano&viewpoint=38.7019393,-9.2037798&heading=220.74009569083205&pitch=5&fov=120"
1710,847b3afa-31fe-4447-b141-93798846bb4f,38.69619496,-9.22009387,Portugal,Lisbon,CR,MUR,LFINF,LWAL,CDL,CDN,4,4,MIX(RES;COM),MIX(RES;COM),BP2,BP2,RSH2,RSH1,RMT1,RMN,CR/LFINF/CDL/H:4/BP2/RSH2+RMT1/MIX(RES;COM),"https://www.google.com/maps/@?api=1&map_action=pano&viewpoint=38.69619496,-9.22009387&heading=24.37441728788309&pitch=5&fov=120"
1711,f726929f-6ab6-473b-b602-ce89b7618b04,38.69825495,-9.198566837,Portugal,Lisbon,CR,MUR,LFINF,LWAL,CDL,CDN,2,2,RES,RES,BP2,BP1,RSH2,RSH1,RMT1,RMN,CR/LFINF/CDL/H:2/BP2/RSH2+RMT1/RES,"https://www.google.com/maps/@?api=1&map_action=pano&viewpoint=38.69825495,-9.19856684&heading=289.67725063536244&pitch=5&fov=120"
1712,29f77325-4781-4496-9937-1c4cb038b6b8,38.69699294,-9.202189502,Portugal,Lisbon,CR,MUR,LFINF,LWAL,CDL,CDL,2,1,RES,COM,BP2,BPD,RSH2,RSH2,RMT1,RMT1,CR/LFINF/CDL/H:2/BP2/RSH2+RMT1/RES,"https://www.google.com/maps/@?api=1&map_action=pano&viewpoint=38.69699294,-9.2021895&heading=154.99842684020143&pitch=5&fov=120"
1713,c77e04e2-29e5-44eb-9bbc-c84253c9d53e,38.69921846,-9.220158581,Portugal,Lisbon,MCF,,LWAL,,CDL,,2,,RES,,BPD,,RSH2,,RMT1,,MCF/LWAL/CDL/H:2/BPD/RSH2+RMT1/RES,"https://www.google.com/maps/@?api=1&map_action=pano&viewpoint=38.69921846,-9.22015858&heading=297.14067408468014&pitch=5&fov=120"
1714,aff39e68-34fa-4c46-b597-84a8e072f433,38.69781862,-9.20206141,Portugal,Lisbon,MCF,MCF,LWAL,LWAL,CDN,CDN,2,1,RES,RES,BP1,BP1,RSH2,RSH2,RMT1,RMT1,MCF/LWAL/CDN/H:2/BP1/RSH2+RMT1/RES,"https://www.google.com/maps/@?api=1&map_action=pano&viewpoint=38.69781862,-9.20206141&heading=223.97862878547863&pitch=5&fov=120"
1716,6238b319-d6c9-4452-81bb-6b787ab119bd,38.70125626,-9.203361418,Portugal,Lisbon,MCF,MUR,LWAL,LWAL,CDL,CDL,2,2,RES,RES,BP1,BP1,RSH3,RSH1,RMT1,RMN,MCF/LWAL/CDL/H:2/BP1/RSH3+RMT1/RES,"https://www.google.com/maps/@?api=1&map_action=pano&viewpoint=38.70125626,-9.20336142&heading=86.12514314044489&pitch=5&fov=120"
1722,c9f08b08-bd65-4cd8-81c3-127a82b3d1d7,38.69747282,-9.216270397,Portugal,Lisbon,MCF,,LWAL,,CDL,,2,,RES,,BP2,,RSH2,,RMT1,,MCF/LWAL/CDL/H:2/BP2/RSH2+RMT1/RES,"https://www.google.com/maps/@?api=1&map_action=pano&viewpoint=38.69747282,-9.2162704&heading=85.15937254192511&pitch=5&fov=120"
1723,1a7320ba-d345-4fb9-a891-3b67f9f4e20e,38.69521916,-9.213628858,Portugal,Lisbon,MCF,MUR,LWAL,LWAL,CDL,CDN,3,4,RES,MIX(RES;COM),BP2,BP1,RSH2,RSH2,RMT1,RMT1,MCF/LWAL/CDL/H:3/BP2/RSH2+RMT1/RES,"https://www.google.com/maps/@?api=1&map_action=pano&viewpoint=38.69521916,-9.21362886&heading=146.0895068470843&pitch=5&fov=120"
1724,565e30e5-7337-4802-b0a1-973c965eb6f3,38.70003181,-9.212402719,Portugal,Lisbon,CR,,LFM,,CDM,,3,,RES,,BPD,,RSH3,,RMT1,,CR/LFM/CDM/H:3/BPD/RSH3+RMT1/RES,"https://www.google.com/maps/@?api=1&map_action=pano&viewpoint=38.70003181,-9.21240272&heading=312.8803624940267&pitch=5&fov=120"
1725,050c7514-2ec3-465f-a317-7da09de9cf3c,38.69833727,-9.219835613,Portugal,Lisbon,MCF,MUR,LWAL,LWAL,CDL,CDL,2,2,RES,RES,BP2,BPD,RSH2,RSH1,RMT1,RMN,MCF/LWAL/CDL/H:2/BP2/RSH2+RMT1/RES,"https://www.google.com/maps/@?api=1&map_action=pano&viewpoint=38.69833727,-9.21983561&heading=290.7153577172809&pitch=5&fov=120"
1726,c5b25cbe-f186-45cb-a727-44feaef9e1f4,38.69736692,-9.193446989,Portugal,Lisbon,CR,MUR,LFM,LWAL,CDN,CDN,2,3,RES,RES,BPD,BP2,RSH3,RSH1,RMT1,RMN,CR/LFM/CDN/H:2/BPD/RSH3+RMT1/RES,"https://www.google.com/maps/@?api=1&map_action=pano&viewpoint=38.69736692,-9.19344699&heading=136.55803899440252&pitch=5&fov=120"
1727,3dda4a34-af1e-47ce-b267-1685b1000fcc,38.70162487,-9.20568253,Portugal,Lisbon,MUR,MUR,LWAL,LWAL,CDL,CDL,2,2,RES,RES,BP1,BP1,RSH2,RSH2,RMT1,RMT1,MUR/LWAL/CDL/H:2/BP1/RSH2+RMT1/RES,"https://www.google.com/maps/@?api=1&map_action=pano&viewpoint=38.70162487,-9.20568253&heading=167.20269652790637&pitch=5&fov=120"
1729,02e9e987-901a-42e9-b4ce-90a0ce08d7d7,38.69742066,-9.201436588,Portugal,Lisbon,MUR,MUR,LWAL,LWAL,CDN,CDL,2,2,COM,COM,BP1,BP1,RSH2,RSH1,RMT1,RMN,MUR/LWAL/CDN/H:2/BP1/RSH2+RMT1/COM,"https://www.google.com/maps/@?api=1&map_action=pano&viewpoint=38.69742066,-9.20143659&heading=337.77466574803464&pitch=5&fov=120"
1730,a044aebc-3acd-4d05-a2be-20ecd998c42e,38.7015491,-9.20363835,Portugal,Lisbon,CR,CR,LFM,LFINF,CDN,CDN,4,3,RES,RES,BP1,BP2,RSH3,RSH1,RMT1,RMN,CR/LFM/CDN/H:4/BP1/RSH3+RMT1/RES,"https://www.google.com/maps/@?api=1&map_action=pano&viewpoint=38.7015491,-9.20363835&heading=220.31978956331824&pitch=5&fov=120"
1733,4ffbb766-04dd-4a36-8820-2f98da865689,38.69820962,-9.188132278,Portugal,Lisbon,MUR,MUR,LWAL,LWAL,CDL,CDL,1,1,RES,RES,BP1,BP1,RSH2,RSH2,RMT1,RMT1,MUR/LWAL/CDL/H:1/BP1/RSH2+RMT1/RES,"https://www.google.com/maps/@?api=1&map_action=pano&viewpoint=38.69820962,-9.18813228&heading=228.82321109936964&pitch=5&fov=120"
1735,d63a8ddd-4f70-459a-843c-18fe18b88fb3,38.69524594,-9.214804241,Portugal,Lisbon,CR,,LFM,,CDM,,4,,COM,,BP1,,RSH1,,RMN,,CR/LFM/CDM/H:4/BP1/RSH1+RMN/COM,"https://www.google.com/maps/@?api=1&map_action=pano&viewpoint=38.69524594,-9.21480424&heading=72.11903523249714&pitch=5&fov=120"
1737,7a6dbc1a-b961-47aa-94f5-2b3b8819d066,38.70027496,-9.205511439,Portugal,Lisbon,MCF,S,LWAL,LFBR,CDL,CDH,2,2,RES,RES,BPD,BPD,RSH3,RSH2,RMT1,RMT1,MCF/LWAL/CDL/H:2/BPD/RSH3+RMT1/RES,"https://www.google.com/maps/@?api=1&map_action=pano&viewpoint=38.70027496,-9.20551144&heading=43.86952481324124&pitch=5&fov=120"
1738,20f3eb75-482a-408d-8e93-86ed6ce8a0ca,38.7006395,-9.218709312,Portugal,Lisbon,MCF,MUR,LWAL,LWAL,CDM,CDN,2,2,RES,RES,BP1,BP1,RSH3,RSH2,RMT1,RMT1,MCF/LWAL/CDM/H:2/BP1/RSH3+RMT1/RES,"https://www.google.com/maps/@?api=1&map_action=pano&viewpoint=38.7006395,-9.21870931&heading=212.36319148293444&pitch=5&fov=120"
1739,081bcf04-2b83-4e3a-8391-9bdf078cc4ba,38.69992206,-9.203399218,Portugal,Lisbon,CR,MUR,LFINF,LWAL,CDL,CDL,3,3,RES,RES,BP2,BP1,RSH2,RSH2,RMT1,RMT1,CR/LFINF/CDL/H:3/BP2/RSH2+RMT1/RES,"https://www.google.com/maps/@?api=1&map_action=pano&viewpoint=38.69992206,-9.20339922&heading=260.14028302742696&pitch=5&fov=120"
1740,95b1d0dd-6bf9-476b-9cf3-b81fa8a5d1b2,38.69959336,-9.219990221,Portugal,Lisbon,CR,MUR,LFINF,LWAL,CDM,CDL,2,1,RES,COM,BPD,BPD,RSH1,RSH2,RMN,RMT1,CR/LFINF/CDM/H:2/BPD/RSH1+RMN/RES,"https://www.google.com/maps/@?api=1&map_action=pano&viewpoint=38.69959336,-9.21999022&heading=302.5504704412059&pitch=5&fov=120"
1742,7d8a7132-bc62-47df-9520-98fc17ded804,38.70368377,-9.202564681,Portugal,Lisbon,CR,MUR,LFM,LWAL,CDL,CDL,4,3,MIX(RES;COM),MIX(RES;COM),BP1,BP1,RSH2,RSH1,RMT1,RMN,CR/LFM/CDL/H:4/BP1/RSH2+RMT1/MIX(RES;COM),"https://www.google.com/maps/@?api=1&map_action=pano&viewpoint=38.70368377,-9.20256468&heading=241.20296908840857&pitch=5&fov=120"
1744,87736654-39a3-4f86-809f-d53376d2520b,38.69748192,-9.2022761,Portugal,Lisbon,CR,MUR,LFM,LWAL,CDL,CDN,3,2,MIX(RES;COM),COM,BP2,BP1,RSH2,RSH3,RMT1,RMT1,CR/LFM/CDL/H:3/BP2/RSH2+RMT1/MIX(RES;COM),"https://www.google.com/maps/@?api=1&map_action=pano&viewpoint=38.69748192,-9.2022761&heading=333.43598607755666&pitch=5&fov=120"
1745,783affb4-4c7f-447d-8491-fd21587246d0,38.69824127,-9.21998784,Portugal,Lisbon,MUR,MUR,LWAL,LWAL,CDN,CDL,2,2,RES,RES,BP1,BP1,RSH2,RSH2,RMT1,RMT1,MUR/LWAL/CDN/H:2/BP1/RSH2+RMT1/RES,"https://www.google.com/maps/@?api=1&map_action=pano&viewpoint=38.69824127,-9.21998784&heading=289.88866387725636&pitch=5&fov=120"
1746,2c359097-dff1-4763-8946-dad2320eef69,38.69610522,-9.219011874,Portugal,Lisbon,CR,,LFINF,,CDL,,5,,MIX(RES;COM),,BP2,,RSH2,,RMT1,,CR/LFINF/CDL/H:5/BP2/RSH2+RMT1/MIX(RES;COM),"https://www.google.com/maps/@?api=1&map_action=pano&viewpoint=38.69610522,-9.21901187&heading=351.3276549420874&pitch=5&fov=120"
1748,41940b5c-dab6-4ea4-9481-feee1665f8c8,38.69872207,-9.220454094,Portugal,Lisbon,MUR,,LWAL,,CDL,,2,,RES,,BP2,,RSH2,,RMT1,,MUR/LWAL/CDL/H:2/BP2/RSH2+RMT1/RES,"https://www.google.com/maps/@?api=1&map_action=pano&viewpoint=38.69872207,-9.22045409&heading=294.11106007655314&pitch=5&fov=120"
1751,7d0dc822-4e8a-42e3-af6f-c67385a62737,38.69801677,-9.21936993,Portugal,Lisbon,MCF,,LWAL,,CDL,,2,,RES,,BP2,,RSH2,,RMT1,,MCF/LWAL/CDL/H:2/BP2/RSH2+RMT1/RES,"https://www.google.com/maps/@?api=1&map_action=pano&viewpoint=38.69801677,-9.21936993&heading=107.57236302459705&pitch=5&fov=120"
1752,00b9378c-0234-4356-a996-3ff5f984571d,38.70096865,-9.22269905,Portugal,Lisbon,MCF,,LWAL,,CDL,,2,,RES,,BPD,,RSH3,,RMT1,,MCF/LWAL/CDL/H:2/BPD/RSH3+RMT1/RES,"https://www.google.com/maps/@?api=1&map_action=pano&viewpoint=38.70096865,-9.22269905&heading=211.8653252734519&pitch=5&fov=120"
1753,ea7f53f6-c17b-4e90-b9f2-1d6ad2f10830,38.69776852,-9.217517279,Portugal,Lisbon,MCF,MUR,LWAL,LWAL,CDL,CDL,2,2,RES,RES,BP2,BPD,RSH2,RSH2,RMT1,RMT1,MCF/LWAL/CDL/H:2/BP2/RSH2+RMT1/RES,"https://www.google.com/maps/@?api=1&map_action=pano&viewpoint=38.69776852,-9.21751728&heading=95.0992412500359&pitch=5&fov=120"
1754,ea4645ea-2d1f-4d23-be35-167ee629ff78,38.69496927,-9.216451418,Portugal,Lisbon,CR,CR,LFINF,LFINF,CDL,CDN,4,5,MIX(RES;COM),MIX(RES;COM),BP2,BP2,RSH2,RSH1,RMT1,RMN,CR/LFINF/CDL/H:4/BP2/RSH2+RMT1/MIX(RES;COM),"https://www.google.com/maps/@?api=1&map_action=pano&viewpoint=38.69496927,-9.21645142&heading=168.68697353128323&pitch=5&fov=120"
1755,38af523f-ffb4-45a6-b7c2-a47c47f8aa2f,38.69774168,-9.202706709,Portugal,Lisbon,MCF,CR,LWAL,LFINF,CDL,CDN,2,1,RES,RES,BP2,BP2,RSH2,RSH1,RMT1,RMN,MCF/LWAL/CDL/H:2/BP2/RSH2+RMT1/RES,"https://www.google.com/maps/@?api=1&map_action=pano&viewpoint=38.69774168,-9.20270671&heading=155.81370887923458&pitch=5&fov=120"
1759,ac01bb84-1690-4342-b6db-3725365070f3,38.70433935,-9.203706947,Portugal,Lisbon,CR,MUR,LFINF,LWAL,CDL,CDN,3,2,RES,RES,BP1,BP1,RSH3,RSH1,RMT1,RMN,CR/LFINF/CDL/H:3/BP1/RSH3+RMT1/RES,"https://www.google.com/maps/@?api=1&map_action=pano&viewpoint=38.70433935,-9.20370695&heading=79.12062394474941&pitch=5&fov=120"
1760,34b8523a-7060-46ec-99d7-c0e0c5106506,38.70146832,-9.20758897,Portugal,Lisbon,S,MCF,LFM,LWAL,CDH,CDN,1,1,COM,COM,BPD,BP1,RSH1,RSH2,RMT6,RMT1,S/LFM/CDH/H:1/BPD/RSH1+RMT6/COM,"https://www.google.com/maps/@?api=1&map_action=pano&viewpoint=38.70146832,-9.20758897&heading=309.3885927245583&pitch=5&fov=120"
1761,cd8837b5-b27b-42f4-b2aa-5822f67e2e57,38.6978163,-9.20261685,Portugal,Lisbon,MUR,CR,LWAL,LFINF,CDN,CDN,2,1,RES,RES,BP2,BP2,RSH2,RSH1,RMT1,RMN,MUR/LWAL/CDN/H:2/BP2/RSH2+RMT1/RES,"https://www.google.com/maps/@?api=1&map_action=pano&viewpoint=38.6978163,-9.20261685&heading=155.81376506112275&pitch=5&fov=120"
1762,774444b4-10f3-4d43-aef4-3a601f99e7a5,38.69769601,-9.198020444,Portugal,Lisbon,MCF,MUR,LWAL,LWAL,CDL,CDL,3,3,RES,RES,BP2,BP2,RSH2,RSH2,RMT1,RMT1,MCF/LWAL/CDL/H:3/BP2/RSH2+RMT1/RES,"https://www.google.com/maps/@?api=1&map_action=pano&viewpoint=38.69769601,-9.19802044&heading=147.5456764987057&pitch=5&fov=120"
1764,c7759349-4474-4617-ba86-410e7c2d4b16,38.7001853,-9.205053177,Portugal,Lisbon,MCF,MUR,LWAL,LWAL,CDL,CDN,3,2,RES,RES,BP1,BPD,RSH3,RSH2,RMT1,RMT1,MCF/LWAL/CDL/H:3/BP1/RSH3+RMT1/RES,"https://www.google.com/maps/@?api=1&map_action=pano&viewpoint=38.7001853,-9.20505318&heading=302.4219076255723&pitch=5&fov=120"
1765,a904ed96-23c1-400a-be71-fd230645bc1d,38.6966193,-9.219875947,Portugal,Lisbon,MCF,MUR,LWAL,LWAL,CDL,CDN,2,2,RES,RES,BP2,BP1,RSH2,RSH2,RMT1,RMT1,MCF/LWAL/CDL/H:2/BP2/RSH2+RMT1/RES,"https://www.google.com/maps/@?api=1&map_action=pano&viewpoint=38.6966193,-9.21987595&heading=165.2399180769649&pitch=5&fov=120"
1766,919464f2-cf41-429c-8b9e-c53cfb059ee8,38.70138997,-9.222164973,Portugal,Lisbon,CR,,LFINF,,CDL,,3,,RES,,BPD,,RSH3,,RMT1,,CR/LFINF/CDL/H:3/BPD/RSH3+RMT1/RES,"https://www.google.com/maps/@?api=1&map_action=pano&viewpoint=38.70138997,-9.22216497&heading=121.90196920976689&pitch=5&fov=120"
1768,ede65337-506f-4d90-9a02-896577580c5d,38.69993968,-9.199466391,Portugal,Lisbon,MCF,MUR,LWAL,LWAL,CDL,CDL,2,1,COM,COM,BP1,BPD,RSH2,RSH2,RMT1,RMT1,MCF/LWAL/CDL/H:2/BP1/RSH2+RMT1/COM,"https://www.google.com/maps/@?api=1&map_action=pano&viewpoint=38.69993968,-9.19946639&heading=322.165802650703&pitch=5&fov=120"
1770,cc632eeb-7151-4689-a0d9-9ab504ae71b1,38.69700164,-9.217752019,Portugal,Lisbon,MCF,MUR,LWAL,LWAL,CDL,CDN,2,2,RES,RES,BP2,BPD,RSH2,RSH2,RMT1,RMT1,MCF/LWAL/CDL/H:2/BP2/RSH2+RMT1/RES,"https://www.google.com/maps/@?api=1&map_action=pano&viewpoint=38.69700164,-9.21775202&heading=92.78710548429638&pitch=5&fov=120"
1773,e8f1227f-52a6-4e1b-9c0c-93e01b0c39f5,38.69795647,-9.201674336,Portugal,Lisbon,MCF,MUR,LWAL,LWAL,CDL,CDL,2,2,RES,RES,BP2,BPD,RSH2,RSH2,RMT1,RMT1,MCF/LWAL/CDL/H:2/BP2/RSH2+RMT1/RES,"https://www.google.com/maps/@?api=1&map_action=pano&viewpoint=38.69795647,-9.20167434&heading=41.43695233432135&pitch=5&fov=120"
1774,2564b0fd-cbf0-4a9f-bfd1-d8207c4ff04f,38.69865245,-9.20145789,Portugal,Lisbon,CR,CR,LFM,LFINF,CDN,CDN,1,1,COM,COM,BPD,BP3,RSH2,RSH1,RMT1,RMN,CR/LFM/CDN/H:1/BPD/RSH2+RMT1/COM,"https://www.google.com/maps/@?api=1&map_action=pano&viewpoint=38.69865245,-9.20145789&heading=150&pitch=5&fov=120"
1775,c3dda194-cf49-40c9-b605-3727ae256874,38.6973569,-9.2111268,Portugal,Lisbon,CR,MCF,LFINF,LWAL,CDM,CDN,2,2,RES,RES,BPD,BP1,RSH1,RSH1,RMN,RMN,CR/LFINF/CDM/H:2/BPD/RSH1+RMN/RES,"https://www.google.com/maps/@?api=1&map_action=pano&viewpoint=38.6973569,-9.2111268&heading=130.59074398362486&pitch=5&fov=120"
1776,44909c39-d174-40ec-9d96-73823d13aefe,38.6966908,-9.221992194,Portugal,Lisbon,MCF,MCF,LWAL,LWAL,CDL,CDL,2,2,RES,RES,BP1,BP2,RSH2,RSH2,RMT1,RMT1,MCF/LWAL/CDL/H:2/BP1/RSH2+RMT1/RES,"https://www.google.com/maps/@?api=1&map_action=pano&viewpoint=38.6966908,-9.22199219&heading=261.7727413371146&pitch=5&fov=120"
1780,7186bf0f-6b39-4e19-b65e-f66178132d96,38.69749528,-9.216959991,Portugal,Lisbon,MCF,MUR,LWAL,LWAL,CDL,CDL,2,2,RES,RES,BP2,BPD,RSH2,RSH2,RMT1,RMT1,MCF/LWAL/CDL/H:2/BP2/RSH2+RMT1/RES,"https://www.google.com/maps/@?api=1&map_action=pano&viewpoint=38.69749528,-9.21695999&heading=90.32631386316632&pitch=5&fov=120"
1781,8cfe7817-6e8c-40bb-80f8-54008e272d48,38.69685452,-9.218797475,Portugal,Lisbon,MUR,MUR,LWAL,LWAL,CDL,CDN,2,2,RES,RES,BP1,BP1,RSH3,RSH1,RMT1,RMN,MUR/LWAL/CDL/H:2/BP1/RSH3+RMT1/RES,"https://www.google.com/maps/@?api=1&map_action=pano&viewpoint=38.69685452,-9.21879747&heading=97.69125974748908&pitch=5&fov=120"
1786,18015a02-3772-41b3-8869-4edabbed6650,38.69792751,-9.194039505,Portugal,Lisbon,MUR,MUR,LWAL,LWAL,CDN,CDN,1,1,RES,RES,BP2,BPD,RSH2,RSH2,RMT1,RMT1,MUR/LWAL/CDN/H:1/BP2/RSH2+RMT1/RES,"https://www.google.com/maps/@?api=1&map_action=pano&viewpoint=38.69792751,-9.19403951&heading=316.7152319420088&pitch=5&fov=120"
1787,51c43f18-19a9-47d3-8d2f-fb8b9f36bde2,38.69765773,-9.202831126,Portugal,Lisbon,MCF,MCF,LWAL,LWAL,CDN,CDN,2,1,RES,RES,BP2,BP2,RSH2,RSH1,RMT1,RMN,MCF/LWAL/CDN/H:2/BP2/RSH2+RMT1/RES,"https://www.google.com/maps/@?api=1&map_action=pano&viewpoint=38.69765773,-9.20283113&heading=334.16786095288296&pitch=5&fov=120"
1788,4db1ae45-ab98-48e7-b506-7e51abe3b5d4,38.70074157,-9.203203041,Portugal,Lisbon,CR,MUR,LFINF,LWAL,CDL,CDN,3,3,RES,RES,BP2,BP1,RSH2,RSH1,RMT1,RMN,CR/LFINF/CDL/H:3/BP2/RSH2+RMT1/RES,"https://www.google.com/maps/@?api=1&map_action=pano&viewpoint=38.70074157,-9.20320304&heading=256.38912581382544&pitch=5&fov=120"
1791,7d14a91c-0cbd-4f60-a199-54dd6cf20be4,38.70222803,-9.203406976,Portugal,Lisbon,CR,MUR,LFINF,LWAL,CDL,CDN,4,4,RES,MIX(RES;COM),BP1,BP1,RSH2,RSH2,RMT1,RMT1,CR/LFINF/CDL/H:4/BP1/RSH2+RMT1/RES,"https://www.google.com/maps/@?api=1&map_action=pano&viewpoint=38.70222803,-9.20340698&heading=175.48525218212012&pitch=5&fov=120"
1792,c9a430f7-be7a-4734-ac52-5f8756e0de6f,38.70154508,-9.204309968,Portugal,Lisbon,MCF,CR,LWAL,LFM,CDM,CDH,2,3,RES,RES,BP1,BP1,RSH3,RSH1,RMT1,RMN,MCF/LWAL/CDM/H:2/BP1/RSH3+RMT1/RES,"https://www.google.com/maps/@?api=1&map_action=pano&viewpoint=38.70154508,-9.20430997&heading=353.7613567235834&pitch=5&fov=120"
1793,32adf238-ef07-4379-8d5d-97a8551f0134,38.70071125,-9.2115112,Portugal,Lisbon,CR,MUR,LFINF,LWAL,CDM,CDN,2,2,RES,RES,BPD,BPD,RSH3,RSH1,RMT1,RMN,CR/LFINF/CDM/H:2/BPD/RSH3+RMT1/RES,"https://www.google.com/maps/@?api=1&map_action=pano&viewpoint=38.70071125,-9.2115112&heading=135.48394374095545&pitch=5&fov=120"
1794,b0234450-82e2-4f5c-a06a-40a7ecac2615,38.69752382,-9.224550537,Portugal,Lisbon,CR,,LFINF,,CDM,,2,,RES,,BPD,,RSH3,,RMN,,CR/LFINF/CDM/H:2/BPD/RSH3+RMN/RES,"https://www.google.com/maps/@?api=1&map_action=pano&viewpoint=38.69752382,-9.22455054&heading=0.5827394991952133&pitch=5&fov=120"
1795,85f957bd-f43b-4766-91f9-9c9ec14d93a3,38.69580796,-9.211164981,Portugal,Lisbon,CR,CR,LFM,LFINF,CDH,CDH,8.0-9.0,5,RES,RES,BP1,BP2,RSH1,RSH1,RMN,RMN,CR/LFM/CDH/H:8-9/BP1/RSH1+RMN/RES,"https://www.google.com/maps/@?api=1&map_action=pano&viewpoint=38.69580796,-9.21116498&heading=35.685708581136964&pitch=5&fov=120"
1796,ec0b0c58-fe23-4633-a35f-071c3225b207,38.69746546,-9.215911489,Portugal,Lisbon,MUR,MUR,LWAL,LWAL,CDL,CDL,2,2,RES,RES,BP1,BPD,RSH2,RSH2,RMT1,RMT1,MUR/LWAL/CDL/H:2/BP1/RSH2+RMT1/RES,"https://www.google.com/maps/@?api=1&map_action=pano&viewpoint=38.69746546,-9.21591149&heading=82.09254377969955&pitch=5&fov=120"
1797,b7c1e3cc-c397-4ba4-a312-51f0a7877a21,38.69687091,-9.219325545,Portugal,Lisbon,MUR,,LWAL,,CDL,,2,,RES,,BP2,,RSH2,,RMT1,,MUR/LWAL/CDL/H:2/BP2/RSH2+RMT1/RES,"https://www.google.com/maps/@?api=1&map_action=pano&viewpoint=38.69687091,-9.21932555&heading=102.17213246986427&pitch=5&fov=120"
1798,1b11b00e-cd0b-432c-8111-514a68ee5120,38.69813091,-9.199102164,Portugal,Lisbon,MCF,,LWAL,,CDM,,1,,COM,,BP2,,RSH2,,RMT1,,MCF/LWAL/CDM/H:1/BP2/RSH2+RMT1/COM,"https://www.google.com/maps/@?api=1&map_action=pano&viewpoint=38.69813091,-9.19910216&heading=50.96418592899681&pitch=5&fov=120"
1799,4488b4a5-8628-4ad8-90ba-9feebfb40dc7,38.69693452,-9.224850057,Portugal,Lisbon,CR,HYB(MCF;MUR),LFM,LWAL,CDH,CDL,4,3,RES,MIX(RES;COM),BPD,BP2,RSH1,RSH1,RMN,RMN,CR/LFM/CDH/H:4/BPD/RSH1+RMN/RES,"https://www.google.com/maps/@?api=1&map_action=pano&viewpoint=38.69693452,-9.22485006&heading=182.97373747023272&pitch=5&fov=120"
1800,0f07a438-c3c9-44ea-b191-1fc472585164,38.69855119,-9.211274172,Portugal,Lisbon,CR,MUR,LFINF,LWAL,CDM,CDL,2,2,RES,RES,BPD,BPD,RSH2,RSH2,RMT1,RMT1,CR/LFINF/CDM/H:2/BPD/RSH2+RMT1/RES,"https://www.google.com/maps/@?api=1&map_action=pano&viewpoint=38.69855119,-9.21127417&heading=36.37043217789744&pitch=5&fov=120"
1802,48150f14-17fc-4fc3-8b27-03f06a17ac6d,38.69616268,-9.218301682,Portugal,Lisbon,CR,CR,LFM,LFINF,CDM,CDL,5,3,MIX(RES;COM),MIX(RES;COM),BP2,BP1,RSH2,RSH3,RMT1,RMT1,CR/LFM/CDM/H:5/BP2/RSH2+RMT1/MIX(RES;COM),"https://www.google.com/maps/@?api=1&map_action=pano&viewpoint=38.69616268,-9.21830168&heading=352.0142214387183&pitch=5&fov=120"
1804,159e598a-f4d4-4216-8182-3605670f8730,38.6968973,-9.212930891,Portugal,Lisbon,CR,,LFM,,CDH,,3,,RES,,BPD,,RSH3,,RMT1,,CR/LFM/CDH/H:3/BPD/RSH3+RMT1/RES,"https://www.google.com/maps/@?api=1&map_action=pano&viewpoint=38.6968973,-9.21293089&heading=145.692018571579&pitch=5&fov=120"
1805,cb222a83-bbc6-4fbd-96e5-6c3a968c8a44,38.6995034,-9.2051889,Portugal,Lisbon,MUR,MUR,LWAL,LWAL,CDN,CDN,1,1,RES,RES,BP1,BP2,RSH2,RSH2,RMT1,RMT1,MUR/LWAL/CDN/H:1/BP1/RSH2+RMT1/RES,"https://www.google.com/maps/@?api=1&map_action=pano&viewpoint=38.6995034,-9.2051889&heading=213.750956569136&pitch=5&fov=120"
1806,ed1b4ae4-d5cd-459b-bf76-87e9aea57f51,38.69754926,-9.201699884,Portugal,Lisbon,MCF,CR,LWAL,LFINF,CDL,CDH,2,1,RES,RES,BP1,BPD,RSH3,RSH1,RMT1,RMN,MCF/LWAL/CDL/H:2/BP1/RSH3+RMT1/RES,"https://www.google.com/maps/@?api=1&map_action=pano&viewpoint=38.69754926,-9.20169988&heading=42.10757126346681&pitch=5&fov=120"
1808,f4f07eed-64db-4618-9dcc-9dfc94641fe2,38.70180973,-9.198046521,Portugal,Lisbon,MCF,MUR,LWAL,LWAL,CDL,CDL,2,2,GOV,RES,BP1,BP1,RSH2,RSH1,RMT1,RMN,MCF/LWAL/CDL/H:2/BP1/RSH2+RMT1/GOV,"https://www.google.com/maps/@?api=1&map_action=pano&viewpoint=38.70180973,-9.19804652&heading=151.707815062262&pitch=5&fov=120"
1809,5e471948-c7a7-44ee-a1db-69c8dc28a73b,38.69482713,-9.218256139,Portugal,Lisbon,MCF,MUR,LWAL,LWAL,CDL,CDL,3,1,RES,COM,BP1,BP1,RSH2,RSH2,RMT1,RMT1,MCF/LWAL/CDL/H:3/BP1/RSH2+RMT1/RES,"https://www.google.com/maps/@?api=1&map_action=pano&viewpoint=38.69482713,-9.21825614&heading=279.80470040848235&pitch=5&fov=120"
1810,331c240a-386d-4606-b5e7-44e52ab9343f,38.69764461,-9.203008806,Portugal,Lisbon,CR,MUR,LFINF,LWAL,CDL,CDL,4,4,MIX(RES;COM),MIX(RES;COM),BP2,BP1,RSH2,RSH2,RMT1,RMT1,CR/LFINF/CDL/H:4/BP2/RSH2+RMT1/MIX(RES;COM),"https://www.google.com/maps/@?api=1&map_action=pano&viewpoint=38.69764461,-9.20300881&heading=334.1677498663693&pitch=5&fov=120"
1812,dff24336-29d1-4c6a-ace8-1d12f422fbc9,38.69904905,-9.220744886,Portugal,Lisbon,MUR,MUR,LWAL,LWAL,CDN,CDN,1,2,RES,IND,BPD,BP2,RSH2,RSH2,RMT1,RMT1,MUR/LWAL/CDN/H:1/BPD/RSH2+RMT1/RES,"https://www.google.com/maps/@?api=1&map_action=pano&viewpoint=38.69904905,-9.22074489&heading=121.71277055981375&pitch=5&fov=120"
1814,263ff2af-5281-4d9d-9de8-7cc274b0a989,38.70436593,-9.202953967,Portugal,Lisbon,CR,MUR,LFINF,LWAL,CDL,CDL,3,2,RES,COM,BP2,BP1,RSH2,RSH2,RMT1,RMT1,CR/LFINF/CDL/H:3/BP2/RSH2+RMT1/RES,"https://www.google.com/maps/@?api=1&map_action=pano&viewpoint=38.70436593,-9.20295397&heading=66.96097709782572&pitch=5&fov=120"
1815,4d5c27ee-bccc-492e-8783-6bd79fc3635f,38.70316381,-9.217975051,Portugal,Lisbon,CR,,LFM,,CDM,,2,,RES,,BPD,,RSH3,,RMT1,,CR/LFM/CDM/H:2/BPD/RSH3+RMT1/RES,"https://www.google.com/maps/@?api=1&map_action=pano&viewpoint=38.70316381,-9.21797505&heading=102.09428345826478&pitch=5&fov=120"
1816,13b54c5e-e634-42b2-95e4-a5286a6d3e4a,38.69969385,-9.225329033,Portugal,Lisbon,CR,CR,LFM,LFINF,CDL,CDL,4,5,RES,RES,BP2,BP2,RSH2,RSH1,RMT1,RMN,CR/LFM/CDL/H:4/BP2/RSH2+RMT1/RES,"https://www.google.com/maps/@?api=1&map_action=pano&viewpoint=38.69969385,-9.22532903&heading=301.42620606384327&pitch=5&fov=120"
1817,35f46f09-1557-42ff-8f19-e14608b4078c,38.70298945,-9.203196433,Portugal,Lisbon,CR,CR,LFINF,LFINF,CDN,CDN,5,5,MIX(RES;COM),MIX(RES;COM),BP1,BP1,RSH2,RSH1,RMT1,RMN,CR/LFINF/CDN/H:5/BP1/RSH2+RMT1/MIX(RES;COM),"https://www.google.com/maps/@?api=1&map_action=pano&viewpoint=38.70298945,-9.20319643&heading=163.9742638614344&pitch=5&fov=120"
1818,9a26f72b-49e6-40ac-9dab-fee89f624438,38.69735555,-9.22521905,Portugal,Lisbon,CR,CR,LFM,LFINF,CDH,CDN,4,5,RES,COM,BP1,BP1,RSH1,RSH1,RMN,RMN,CR/LFM/CDH/H:4/BP1/RSH1+RMN/RES,"https://www.google.com/maps/@?api=1&map_action=pano&viewpoint=38.69735555,-9.22521905&heading=91.5311872947322&pitch=5&fov=120"
1820,c5e3b59f-c00f-4288-b418-bd224439915e,38.6997517,-9.210651569,Portugal,Lisbon,CR,,LFINF,,CDM,,2,,RES,,BPD,,RSH3,,RMT1,,CR/LFINF/CDM/H:2/BPD/RSH3+RMT1/RES,"https://www.google.com/maps/@?api=1&map_action=pano&viewpoint=38.6997517,-9.21065157&heading=130.5451423203686&pitch=5&fov=120"
1823,23ad815b-c033-40fa-ac5c-235d0948b5c8,38.69725183,-9.218909717,Portugal,Lisbon,MCF,MUR,LWAL,LWAL,CDL,CDL,2,2,RES,RES,BP1,BPD,RSH2,RSH2,RMT1,RMT1,MCF/LWAL/CDL/H:2/BP1/RSH2+RMT1/RES,"https://www.google.com/maps/@?api=1&map_action=pano&viewpoint=38.69725183,-9.21890972&heading=101.25025054753746&pitch=5&fov=120"
1825,769f3817-8ad4-4678-bb59-c6e0bfa07411,38.70043951,-9.205856065,Portugal,Lisbon,CR,CR,LFM,LFINF,CDM,CDN,4,4,MIX(RES;COM),MIX(RES;COM),BP2,BP1,RSH2,RSH1,RMT1,RMN,CR/LFM/CDM/H:4/BP2/RSH2+RMT1/MIX(RES;COM),"https://www.google.com/maps/@?api=1&map_action=pano&viewpoint=38.70043951,-9.20585606&heading=47.4255602951265&pitch=5&fov=120"
1826,3417a1c7-64f6-4876-acd3-09149cd066d5,38.69960911,-9.223224904,Portugal,Lisbon,CR,MUR,LFINF,LWAL,CDM,CDN,2,2,RES,RES,BPD,BP2,RSH3,RSH2,RMT1,RMT1,CR/LFINF/CDM/H:2/BPD/RSH3+RMT1/RES,"https://www.google.com/maps/@?api=1&map_action=pano&viewpoint=38.69960911,-9.2232249&heading=301.4038710404296&pitch=5&fov=120"
1828,4803d48d-9e07-451d-b1d5-7d95d7848958,38.69530254,-9.212680308,Portugal,Lisbon,CR,MCF,LFINF,LWAL,CDM,CDH,5,6.0-7.0,IND,IND,BPD,BPD,RSH1,RSH1,RMN,RMN,CR/LFINF/CDM/H:5/BPD/RSH1+RMN/IND,"https://www.google.com/maps/@?api=1&map_action=pano&viewpoint=38.69530254,-9.21268031&heading=216.50144215502348&pitch=5&fov=120"
1829,a10a7d7a-cb01-46ff-b9ef-bcf2c86311ca,38.70250101,-9.21933427,Portugal,Lisbon,CR,,LFINF,,CDM,,2,,RES,,BPD,,RSH2,,RMT1,,CR/LFINF/CDM/H:2/BPD/RSH2+RMT1/RES,"https://www.google.com/maps/@?api=1&map_action=pano&viewpoint=38.70250101,-9.21933427&heading=121.47947620815728&pitch=5&fov=120"
1830,78162391-ffb1-4424-b417-f2badd2865d5,38.70189665,-9.20453715,Portugal,Lisbon,CR,MUR,LFINF,LWAL,CDM,CDN,6.0-7.0,4,RES,MIX(RES;COM),BP2,BP2,RSH2,RSH1,RMT1,RMN,CR/LFINF/CDM/H:6-7/BP2/RSH2+RMT1/RES,"https://www.google.com/maps/@?api=1&map_action=pano&viewpoint=38.70189665,-9.20453715&heading=29.13247808736844&pitch=5&fov=120"
1831,e51f56a1-ff4f-4f30-a3e3-b61374102962,38.69430762,-9.21785851,Portugal,Lisbon,MCF,MUR,LWAL,LWAL,CDL,CDN,1,1,IND,IND,BP1,BPD,RSH2,RSH2,RMT6,RMT1,MCF/LWAL/CDL/H:1/BP1/RSH2+RMT6/IND,"https://www.google.com/maps/@?api=1&map_action=pano&viewpoint=38.69430762,-9.21785851&heading=161.52515363630027&pitch=5&fov=120"
1833,86c05514-e811-44ec-86df-8ea7dab8f70a,38.70014561,-9.219180945,Portugal,Lisbon,MCF,,LWAL,,CDL,,2,,RES,,BP2,,RSH2,,RMT1,,MCF/LWAL/CDL/H:2/BP2/RSH2+RMT1/RES,"https://www.google.com/maps/@?api=1&map_action=pano&viewpoint=38.70014561,-9.21918094&heading=212.12466176171768&pitch=5&fov=120"
1835,177c5a3e-0f0e-416c-bb40-edd5d1f1085c,38.70071111,-9.210351426,Portugal,Lisbon,CR,,LFINF,,CDH,,3,,RES,,BPD,,RSH1,,RMN,,CR/LFINF/CDH/H:3/BPD/RSH1+RMN/RES,"https://www.google.com/maps/@?api=1&map_action=pano&viewpoint=38.70071111,-9.21035143&heading=146.85892631501338&pitch=5&fov=120"
1836,50d66626-9326-408c-85aa-723796a7f67d,38.69745307,-9.202590642,Portugal,Lisbon,CR,MCF,LFINF,LWAL,CDN,CDN,4,1,RES,RES,BP2,BPD,RSH2,RSH2,RMT1,RMT1,CR/LFINF/CDN/H:4/BP2/RSH2+RMT1/RES,"https://www.google.com/maps/@?api=1&map_action=pano&viewpoint=38.69745307,-9.20259064&heading=333.193443784626&pitch=5&fov=120"
1837,fc0deb59-a031-4aea-bf47-5c6a58db9096,38.69557535,-9.216527232,Portugal,Lisbon,CR,MUR,LFM,LWAL,CDM,CDN,3,2,EDU,MIX(RES;COM),BP2,BP1,RSH1,RSH1,RMN,RMN,CR/LFM/CDM/H:3/BP2/RSH1+RMN/EDU,"https://www.google.com/maps/@?api=1&map_action=pano&viewpoint=38.69557535,-9.21652723&heading=172.02702262726535&pitch=5&fov=120"
1839,1985f91f-5364-435e-a595-d03cc383829b,38.69516219,-9.215375721,Portugal,Lisbon,CR,CR,LFINF,LFINF,CDL,CDM,4,2,MIX(RES;COM),COM,BP1,BP1,RSH2,RSH1,RMT1,RMN,CR/LFINF/CDL/H:4/BP1/RSH2+RMT1/MIX(RES;COM),"https://www.google.com/maps/@?api=1&map_action=pano&viewpoint=38.69516219,-9.21537572&heading=333.01339750523323&pitch=5&fov=120"
1840,7bf2b414-4a4d-4fe4-8484-42425a942a75,38.69494584,-9.221130197,Portugal,Lisbon,MUR,,LFM,,CDN,,1,,RES,,BPD,,RSH2,,RMT1,,MUR/LFM/CDN/H:1/BPD/RSH2+RMT1/RES,"https://www.google.com/maps/@?api=1&map_action=pano&viewpoint=38.69494584,-9.2211302&heading=92.3148917739104&pitch=5&fov=120"
1842,67f11823-1b4f-48ea-82cf-38436aabaea4,38.70221344,-9.204595916,Portugal,Lisbon,CR,CR,LFINF,LFM,CDL,CDN,4,4,RES,MIX(RES;COM),BP1,BP1,RSH2,RSH1,RMT1,RMN,CR/LFINF/CDL/H:4/BP1/RSH2+RMT1/RES,"https://www.google.com/maps/@?api=1&map_action=pano&viewpoint=38.70221344,-9.20459592&heading=157.6894312761268&pitch=5&fov=120"
1843,c254ef77-9ff1-4c73-83b0-5be63a803b0e,38.69938124,-9.203913544,Portugal,Lisbon,MCF,MUR,LWAL,LWAL,CDL,CDL,2,2,RES,RES,BP1,BP2,RSH2,RSH1,RMT1,RMN,MCF/LWAL/CDL/H:2/BP1/RSH2+RMT1/RES,"https://www.google.com/maps/@?api=1&map_action=pano&viewpoint=38.69938124,-9.20391354&heading=62.90202663623296&pitch=5&fov=120"
1844,c4822bbb-3425-4fc6-81cd-075b743b9ab0,38.69924137,-9.203713869,Portugal,Lisbon,MCF,MUR,LWAL,LWAL,CDL,CDN,1,1,RES,RES,BP1,BP3,RSH1,RSH1,RMN,RMN,MCF/LWAL/CDL/H:1/BP1/RSH1+RMN/RES,"https://www.google.com/maps/@?api=1&map_action=pano&viewpoint=38.69924137,-9.20371387&heading=259.8267243752932&pitch=5&fov=120"
1846,95597597-0cc1-4980-a7e6-c518f669dc0e,38.69879977,-9.19980782,Portugal,Lisbon,MCF,,LWAL,,CDL,,2,,RES,,BP2,,RSH2,,RMT1,,MCF/LWAL/CDL/H:2/BP2/RSH2+RMT1/RES,"https://www.google.com/maps/@?api=1&map_action=pano&viewpoint=38.69879977,-9.19980782&heading=230.7691765052105&pitch=5&fov=120"
1848,b529c381-1687-47d5-85f5-e570f20cb631,38.70449363,-9.203110326,Portugal,Lisbon,CR,MCF,LFINF,LWAL,CDL,CDN,3,2,RES,RES,BP1,BP1,RSH2,RSH2,RMT1,RMT1,CR/LFINF/CDL/H:3/BP1/RSH2+RMT1/RES,"https://www.google.com/maps/@?api=1&map_action=pano&viewpoint=38.70449363,-9.20311033&heading=246.9608793162085&pitch=5&fov=120"
1850,c59601c5-8b2e-4415-8870-62663b31d7e7,38.69650965,-9.217254,Portugal,Lisbon,MCF,MUR,LWAL,LWAL,CDL,CDL,2,2,RES,RES,BP2,BPD,RSH2,RSH2,RMT1,RMT1,MCF/LWAL/CDL/H:2/BP2/RSH2+RMT1/RES,"https://www.google.com/maps/@?api=1&map_action=pano&viewpoint=38.69650965,-9.217254&heading=89.37858519788824&pitch=5&fov=120"
1852,fe5504ca-e199-43a5-b9c2-e9b248990257,38.69825553,-9.20461644,Portugal,Lisbon,CR,HYB(MCF;MUR),LFINF,LWAL,CDM,CDL,3,3,EDU,RES,BP1,BP1,RSH2,RSH1,RMT1,RMN,CR/LFINF/CDM/H:3/BP1/RSH2+RMT1/EDU,"https://www.google.com/maps/@?api=1&map_action=pano&viewpoint=38.69825553,-9.20461644&heading=316.1474169747853&pitch=5&fov=120"
1853,6e5886c0-d339-4be1-b54e-62b502d0d9b5,38.69730501,-9.216021821,Portugal,Lisbon,MCF,MUR,LWAL,LWAL,CDL,CDN,2,2,RES,RES,BP2,BPD,RSH2,RSH1,RMT1,RMN,MCF/LWAL/CDL/H:2/BP2/RSH2+RMT1/RES,"https://www.google.com/maps/@?api=1&map_action=pano&viewpoint=38.69730501,-9.21602182&heading=82.09247479471367&pitch=5&fov=120"
1854,890e64f2-de99-4495-8444-91de82ddfdd1,38.69717404,-9.203074963,Portugal,Lisbon,CR,MUR,LFINF,LWAL,CDL,CDL,3,2,MIX(RES;COM),COM,BP2,BP2,RSH2,RSH2,RMT1,RMT1,CR/LFINF/CDL/H:3/BP2/RSH2+RMT1/MIX(RES;COM),"https://www.google.com/maps/@?api=1&map_action=pano&viewpoint=38.69717404,-9.20307496&heading=155.8338814156071&pitch=5&fov=120"
1855,bfedd28c-161c-4e83-87bd-151c40f23a8a,38.69770374,-9.217569229,Portugal,Lisbon,MCF,MUR,LWAL,LWAL,CDL,CDN,2,2,RES,RES,BP2,BPD,RSH2,RSH2,RMT1,RMT1,MCF/LWAL/CDL/H:2/BP2/RSH2+RMT1/RES,"https://www.google.com/maps/@?api=1&map_action=pano&viewpoint=38.69770374,-9.21756923&heading=96.23207131846675&pitch=5&fov=120"
1856,996784ec-1fbf-4f31-a245-2fb8f1078128,38.69506427,-9.203423315,Portugal,Lisbon,CR,MCF,LFM,LWAL,CDH,CDH,1,1,COM,IND,BPD,BPD,RSH1,RSH2,RMN,RMT1,CR/LFM/CDH/H:1/BPD/RSH1+RMN/COM,"https://www.google.com/maps/@?api=1&map_action=pano&viewpoint=38.69506427,-9.20342332&heading=137.14141104927114&pitch=5&fov=120"
1857,66722426-6f5d-48be-a243-8d79259dd243,38.69760019,-9.194489417,Portugal,Lisbon,CR,MUR,LFINF,LWAL,CDL,CDN,4,4,MIX(RES;COM),MIX(RES;COM),BP1,BP1,RSH2,RSH1,RMT1,RMN,CR/LFINF/CDL/H:4/BP1/RSH2+RMT1/MIX(RES;COM),"https://www.google.com/maps/@?api=1&map_action=pano&viewpoint=38.69760019,-9.19448942&heading=333.2190111664895&pitch=5&fov=120"
1858,780e9df3-50c7-4721-8a3c-ac7d12894783,38.69547143,-9.213455163,Portugal,Lisbon,CR,CR,LFM,LFM,CDL,CDN,4,5,RES,RES,BP2,BP1,RSH2,RSH1,RMT1,RMN,CR/LFM/CDL/H:4/BP2/RSH2+RMT1/RES,"https://www.google.com/maps/@?api=1&map_action=pano&viewpoint=38.69547143,-9.21345516&heading=326.08961544075714&pitch=5&fov=120"
1859,9d770273-48e5-484f-8176-64c7a02ade5b,38.7007531,-9.205943119,Portugal,Lisbon,CR,CR,LFINF,LFINF,CDL,CDN,4,5,RES,RES,BP2,BP1,RSH2,RSH1,RMT1,RMN,CR/LFINF/CDL/H:4/BP2/RSH2+RMT1/RES,"https://www.google.com/maps/@?api=1&map_action=pano&viewpoint=38.7007531,-9.20594312&heading=229.33348167081112&pitch=5&fov=120"
1861,c38b9c8e-de6d-47c4-9abf-d0bec86705a2,38.6993104,-9.218519486,Portugal,Lisbon,MCF,MUR,LWAL,LWAL,CDL,CDL,2,2,RES,RES,BP1,BP1,RSH3,RSH3,RMT1,RMT1,MCF/LWAL/CDL/H:2/BP1/RSH3+RMT1/RES,"https://www.google.com/maps/@?api=1&map_action=pano&viewpoint=38.6993104,-9.21851949&heading=21.853952952634074&pitch=5&fov=120"
1862,c5bffd2b-9b69-4074-ba9b-ab915f4d7d95,38.69931713,-9.219327535,Portugal,Lisbon,MCF,MCF,LWAL,LWAL,CDL,CDH,2,2,RES,RES,BP2,BP1,RSH2,RSH2,RMT1,RMT1,MCF/LWAL/CDL/H:2/BP2/RSH2+RMT1/RES,"https://www.google.com/maps/@?api=1&map_action=pano&viewpoint=38.69931713,-9.21932754&heading=295.421062884935&pitch=5&fov=120"
1864,3684da88-4057-462a-bc05-bd322bfea8bf,38.69720805,-9.215737403,Portugal,Lisbon,MCF,MUR,LWAL,LWAL,CDL,CDL,2,2,RES,RES,BP2,BP1,RSH2,RSH1,RMT1,RMN,MCF/LWAL/CDL/H:2/BP2/RSH2+RMT1/RES,"https://www.google.com/maps/@?api=1&map_action=pano&viewpoint=38.69720805,-9.2157374&heading=80.41040004822355&pitch=5&fov=120"
1865,d166f275-9bef-456a-aa0c-fa19ea05bff0,38.69796803,-9.218158897,Portugal,Lisbon,MCF,MUR,LWAL,LWAL,CDL,CDN,2,2,RES,RES,BP2,BP1,RSH2,RSH2,RMT1,RMT1,MCF/LWAL/CDL/H:2/BP2/RSH2+RMT1/RES,"https://www.google.com/maps/@?api=1&map_action=pano&viewpoint=38.69796803,-9.2181589&heading=100.44037880477146&pitch=5&fov=120"
1867,1a4a89e8-29ae-41b8-a4e2-d8294c8370aa,38.69467474,-9.212424096,Portugal,Lisbon,CR,CR,LFM,LFM,CDL,CDH,1,1,COM,COM,BP2,BPD,RSH2,RSH2,RMT1,RMT1,CR/LFM/CDL/H:1/BP2/RSH2+RMT1/COM,"https://www.google.com/maps/@?api=1&map_action=pano&viewpoint=38.69467474,-9.2124241&heading=308.8072125132443&pitch=5&fov=120"
1868,c05a573a-87aa-4a75-a023-b8b901befcfc,38.70398912,-9.202577111,Portugal,Lisbon,CR,MUR,LFINF,LWAL,CDL,CDL,3,3,RES,COM,BP2,BP2,RSH2,RSH2,RMT1,RMT1,CR/LFINF/CDL/H:3/BP2/RSH2+RMT1/RES,"https://www.google.com/maps/@?api=1&map_action=pano&viewpoint=38.70398912,-9.20257711&heading=241.9666046763715&pitch=5&fov=120"
1869,01e6c66c-f089-43d7-9a98-1f59dabb8843,38.7021602,-9.20577803,Portugal,Lisbon,MUR,MUR,LWAL,LWAL,CDN,CDN,1,1,RES,IND,BP2,BPD,RSH2,RSH2,RMT1,RMT1,MUR/LWAL/CDN/H:1/BP2/RSH2+RMT1/RES,"https://www.google.com/maps/@?api=1&map_action=pano&viewpoint=38.7021602,-9.20577803&heading=114.70329352858471&pitch=5&fov=120"
1870,ae263f07-4d77-4d31-8530-91c30762f3e1,38.6967761,-9.215539659,Portugal,Lisbon,MCF,MCF,LWAL,LWAL,CDL,CDL,2,2,RES,RES,BP1,BPD,RSH2,RSH2,RMT1,RMT1,MCF/LWAL/CDL/H:2/BP1/RSH2+RMT1/RES,"https://www.google.com/maps/@?api=1&map_action=pano&viewpoint=38.6967761,-9.21553966&heading=78.25889112454382&pitch=5&fov=120"
1871,d99c0d42-b7fc-418c-880d-23ff1972f031,38.69441212,-9.217144962,Portugal,Lisbon,MCF,MCF,LWAL,LWAL,CDN,CDN,1,1,COM,COM,BP1,BP1,RSH2,RSH2,RMT1,RMT1,MCF/LWAL/CDN/H:1/BP1/RSH2+RMT1/COM,"https://www.google.com/maps/@?api=1&map_action=pano&viewpoint=38.69441212,-9.21714496&heading=334.55076708276397&pitch=5&fov=120"
1872,b6620de4-8ff1-4d69-a966-a80e0023ca91,38.69461322,-9.212955611,Portugal,Lisbon,MCF,MUR,LWAL,LWAL,CDL,CDL,3,1,RES,RES,BP1,BPD,RSH2,RSH2,RMT1,RMT1,MCF/LWAL/CDL/H:3/BP1/RSH2+RMT1/RES,"https://www.google.com/maps/@?api=1&map_action=pano&viewpoint=38.69461322,-9.21295561&heading=140.09762220798456&pitch=5&fov=120"
1874,3b46a57c-b468-40ef-bb3b-a07b0f6e5138,38.69598827,-9.221389966,Portugal,Lisbon,MCF,MUR,LWAL,LWAL,CDL,CDL,2,2,RES,RES,BPD,BPD,RSH2,RSH1,RMT1,RMN,MCF/LWAL/CDL/H:2/BPD/RSH2+RMT1/RES,"https://www.google.com/maps/@?api=1&map_action=pano&viewpoint=38.69598827,-9.22138997&heading=0.9120346710451486&pitch=5&fov=120"
1875,c45dfac7-9c5a-49c1-b85c-298bd3527c87,38.69901785,-9.218805948,Portugal,Lisbon,MCF,MUR,LWAL,LWAL,CDL,CDL,2,2,RES,RES,BP2,BP1,RSH2,RSH2,RMT1,RMT1,MCF/LWAL/CDL/H:2/BP2/RSH2+RMT1/RES,"https://www.google.com/maps/@?api=1&map_action=pano&viewpoint=38.69901785,-9.21880595&heading=290.14349783939474&pitch=5&fov=120"
1876,5877f08d-7f46-4e00-8762-e9d494e49cda,38.69904065,-9.218245601,Portugal,Lisbon,MCF,,LWAL,,CDL,,2,,RES,,BP1,,RSH3,,RMT1,,MCF/LWAL/CDL/H:2/BP1/RSH3+RMT1/RES,"https://www.google.com/maps/@?api=1&map_action=pano&viewpoint=38.69904065,-9.2182456&heading=16.887371680474644&pitch=5&fov=120"
1877,d9ff2ab0-1489-4d9f-b8c2-244b55d601c5,38.69976365,-9.220934845,Portugal,Lisbon,CR,MUR,LFINF,LWAL,CDM,CDN,2,2,RES,RES,BPD,BP2,RSH3,RSH2,RMT1,RMT1,CR/LFINF/CDM/H:2/BPD/RSH3+RMT1/RES,"https://www.google.com/maps/@?api=1&map_action=pano&viewpoint=38.69976365,-9.22093484&heading=211.97996163042745&pitch=5&fov=120"
1878,8d69511d-edd2-4f46-a5d6-b7a6d1c7dacb,38.70358619,-9.204609624,Portugal,Lisbon,CR,MUR,LFM,LWAL,CDL,CDN,2,3,COM,RES,BP2,BP2,RSH2,RSH1,RMT1,RMN,CR/LFM/CDL/H:2/BP2/RSH2+RMT1/COM,"https://www.google.com/maps/@?api=1&map_action=pano&viewpoint=38.70358619,-9.20460962&heading=315.80701108012306&pitch=5&fov=120"
1879,5c01d45d-1e51-4f97-9784-cbcb1c668273,38.69720826,-9.218485059,Portugal,Lisbon,MCF,MUR,LWAL,LWAL,CDL,CDN,2,2,RES,RES,BP2,BP1,RSH2,RSH2,RMT1,RMT1,MCF/LWAL/CDL/H:2/BP2/RSH2+RMT1/RES,"https://www.google.com/maps/@?api=1&map_action=pano&viewpoint=38.69720826,-9.21848506&heading=99.45991097224612&pitch=5&fov=120"
1880,beb18c7b-69c8-4820-b665-9180cec8b4dd,38.70132486,-9.20478539,Portugal,Lisbon,CR,CR,LFM,LFINF,CDM,CDM,2,2,COM,COM,BP1,BP1,RSH1,RSH1,RMN,RMN,CR/LFM/CDM/H:2/BP1/RSH1+RMN/COM,"https://www.google.com/maps/@?api=1&map_action=pano&viewpoint=38.70132486,-9.20478539&heading=175.74017258459986&pitch=5&fov=120"
1881,55870cff-a2a1-405e-8975-891266c73924,38.69998861,-9.210673369,Portugal,Lisbon,CR,,LFINF,,CDM,,2,,RES,,BPD,,RSH3,,RMT1,,CR/LFINF/CDM/H:2/BPD/RSH3+RMT1/RES,"https://www.google.com/maps/@?api=1&map_action=pano&viewpoint=38.69998861,-9.21067337&heading=130.54512868993248&pitch=5&fov=120"
1882,785dc906-b76a-49cf-a44b-e32953bea209,38.70003258,-9.195681407,Portugal,Lisbon,CR,,LFM,,CDM,,3,,EDU,,BPD,,RSH2,,RMT1,,CR/LFM/CDM/H:3/BPD/RSH2+RMT1/EDU,"https://www.google.com/maps/@?api=1&map_action=pano&viewpoint=38.70003258,-9.19568141&heading=42.10118229246052&pitch=5&fov=120"
1883,bdf539ae-c7ed-4913-a107-0b1afe948b20,38.69759408,-9.223321302,Portugal,Lisbon,MCF,HYB(MCF;MUR),LWAL,LWAL,CDL,CDH,2,2,RES,RES,BP1,BP1,RSH2,RSH2,RMT1,RMT1,MCF/LWAL/CDL/H:2/BP1/RSH2+RMT1/RES,"https://www.google.com/maps/@?api=1&map_action=pano&viewpoint=38.69759408,-9.2233213&heading=181.05145011404352&pitch=5&fov=120"
1884,ff495bb0-af2f-4628-80d3-c23afd3aae11,38.70361968,-9.20293953,Portugal,Lisbon,CR,CR,LFINF,LFM,CDL,CDN,4,4,MIX(RES;COM),MIX(RES;COM),BP1,BP1,RSH2,RSH1,RMT1,RMN,CR/LFINF/CDL/H:4/BP1/RSH2+RMT1/MIX(RES;COM),"https://www.google.com/maps/@?api=1&map_action=pano&viewpoint=38.70361968,-9.20293953&heading=348.8358432143349&pitch=5&fov=120"
1885,ab7b1ff4-289d-401f-84f6-a22721682a08,38.70163543,-9.203119178,Portugal,Lisbon,MCF,MCF,LWAL,LWAL,CDL,CDL,2,2,RES,COM,BP2,BP1,RSH2,RSH2,RMT1,RMT1,MCF/LWAL/CDL/H:2/BP2/RSH2+RMT1/RES,"https://www.google.com/maps/@?api=1&map_action=pano&viewpoint=38.70163543,-9.20311918&heading=170.76214855360405&pitch=5&fov=120"
1888,62b6751d-696b-4d41-85f9-cba86f701865,38.7033755,-9.2028631,Portugal,Lisbon,CR,,LFINF,,CDM,,5,,RES,,BP2,,RSH2,,RMT1,,CR/LFINF/CDM/H:5/BP2/RSH2+RMT1/RES,"https://www.google.com/maps/@?api=1&map_action=pano&viewpoint=38.7033755,-9.2028631&heading=344.2749308894088&pitch=5&fov=120"
1890,0b4fa3da-032c-45d6-97db-f98ffd00421f,38.70343346,-9.203094178,Portugal,Lisbon,CR,MUR,LFINF,LWAL,CDL,CDN,4,2,RES,RES,BP1,BP1,RSH2,RSH1,RMT1,RMN,CR/LFINF/CDL/H:4/BP1/RSH2+RMT1/RES,"https://www.google.com/maps/@?api=1&map_action=pano&viewpoint=38.70343346,-9.20309418&heading=164.54189203055626&pitch=5&fov=120"
1891,56a41f9c-4ae7-4314-ae29-c606c1cb308c,38.696053,-9.219830411,Portugal,Lisbon,MCF,MUR,LWAL,LWAL,CDN,CDN,2,2,RES,IND,BP2,BP1,RSH2,RSH2,RMT1,RMT1,MCF/LWAL/CDN/H:2/BP2/RSH2+RMT1/RES,"https://www.google.com/maps/@?api=1&map_action=pano&viewpoint=38.696053,-9.21983041&heading=173.90674675883776&pitch=5&fov=120"
1892,a10fff93-78e1-4083-965b-c0809a83ac97,38.69783817,-9.196104997,Portugal,Lisbon,MCF,MCF,LWAL,LWAL,CDL,CDN,2,2,RES,RES,BP2,BP1,RSH2,RSH1,RMT1,RMN,MCF/LWAL/CDL/H:2/BP2/RSH2+RMT1/RES,"https://www.google.com/maps/@?api=1&map_action=pano&viewpoint=38.69783817,-9.196105&heading=147.71011979284054&pitch=5&fov=120"
1893,0d7aca04-f9d1-4314-a405-d46f1aed8855,38.69775854,-9.203731692,Portugal,Lisbon,MCF,MUR,LWAL,LWAL,CDN,CDN,2,2,RES,RES,BP1,BPD,RSH2,RSH2,RMT1,RMT1,MCF/LWAL/CDN/H:2/BP1/RSH2+RMT1/RES,"https://www.google.com/maps/@?api=1&map_action=pano&viewpoint=38.69775854,-9.20373169&heading=155.21018515768918&pitch=5&fov=120"
1894,9ad669a7-277c-40dd-a5bc-15b739882432,38.69398162,-9.218173143,Portugal,Lisbon,CR,CR,LFINF,LFM,CDH,CDN,4,8.0-9.0,RES,RES,BPD,BP1,RSH3,RSH1,RMT1,RMN,CR/LFINF/CDH/H:4/BPD/RSH3+RMT1/RES,"https://www.google.com/maps/@?api=1&map_action=pano&viewpoint=38.69398162,-9.21817314&heading=181.07216870955995&pitch=5&fov=120"
1895,0bd9aaa0-c82b-4b44-910f-801a29eafc4e,38.69924821,-9.198618705,Portugal,Lisbon,MUR,,LWAL,,CDL,,1,,COM,,BP1,,RSH2,,RMT1,,MUR/LWAL/CDL/H:1/BP1/RSH2+RMT1/RES,"https://www.google.com/maps/@?api=1&map_action=pano&viewpoint=38.69924821,-9.19861871&heading=240.6158109243712&pitch=5&fov=120"
1898,f6e6cb06-e7ad-4a93-a2b3-b8e9711c61c0,38.70160352,-9.206160607,Portugal,Lisbon,CR,,LFINF,,CDM,,4,,RES,,BP2,,RSH2,,RMT1,,CR/LFINF/CDM/H:4/BP2/RSH2+RMT1/RES,"https://www.google.com/maps/@?api=1&map_action=pano&viewpoint=38.70160352,-9.20616061&heading=48.09935978119796&pitch=5&fov=120"
1899,f78b8871-f46a-4abd-a18a-9f07abb9a80a,38.70243811,-9.203250057,Portugal,Lisbon,MCF,MCF,LWAL,LWAL,CDL,CDL,2,2,RES,RES,BP1,BP1,RSH2,RSH2,RMT1,RMT1,MCF/LWAL/CDL/H:2/BP1/RSH2+RMT1/RES,"https://www.google.com/maps/@?api=1&map_action=pano&viewpoint=38.70243811,-9.20325006&heading=355.48535030190124&pitch=5&fov=120"
1900,2badc765-0760-4a46-b1f4-9ba4cbef87b2,38.70233108,-9.205187537,Portugal,Lisbon,MUR,MUR,LWAL,LWAL,CDN,CDN,1,1,RES,COM,BP2,BP2,RSH2,RSH2,RMT1,RMT1,MUR/LWAL/CDN/H:1/BP2/RSH2+RMT1/RES,"https://www.google.com/maps/@?api=1&map_action=pano&viewpoint=38.70233108,-9.20518754&heading=157.92923168182307&pitch=5&fov=120"
1901,f28e0df0-d357-4048-982d-41aa415efbcb,38.70037315,-9.199612897,Portugal,Lisbon,CR,,LFINF,,CDM,,3,,RES,,BP1,,RSH3,,RMT1,,CR/LFINF/CDM/H:3/BP1/RSH3+RMT1/RES,"https://www.google.com/maps/@?api=1&map_action=pano&viewpoint=38.70037315,-9.1996129&heading=61.3402256952989&pitch=5&fov=120"
1903,9ba8bf48-c7f7-4101-9b86-58fc96a28ff9,38.7046355,-9.202540204,Portugal,Lisbon,MUR,,LWAL,,CDN,,1,,RES,,BPD,,RSH5,,RMT1,,MUR/LWAL/CDN/H:1/BPD/RSH5+RMT1/RES,"https://www.google.com/maps/@?api=1&map_action=pano&viewpoint=38.7046355,-9.2025402&heading=130.612798008857&pitch=5&fov=120"
1904,187b5cf1-ee3c-425a-bb90-afa1454d0960,38.70333361,-9.202701846,Portugal,Lisbon,CR,CR,LFINF,LFM,CDL,CDM,4,5,MIX(RES;COM),MIX(RES;COM),BP1,BP1,RSH3,RSH1,RMT1,RMN,CR/LFINF/CDL/H:4/BP1/RSH3+RMT1/MIX(RES;COM),"https://www.google.com/maps/@?api=1&map_action=pano&viewpoint=38.70333361,-9.20270185&heading=8.322896739621797&pitch=5&fov=120"
1906,b7207423-95e2-49da-8caa-ac99a1aadf66,38.69660108,-9.216011656,Portugal,Lisbon,MCF,MCF,LWAL,LWAL,CDL,CDL,2,2,RES,RES,BP1,BPD,RSH3,RSH2,RMT6,RMT1,MCF/LWAL/CDL/H:2/BP1/RSH3+RMT6/RES,"https://www.google.com/maps/@?api=1&map_action=pano&viewpoint=38.69660108,-9.21601166&heading=80.27307935700958&pitch=5&fov=120"
1907,0c1b1efc-9bdf-4a51-8b9d-f32c39a32996,38.69806376,-9.192467587,Portugal,Lisbon,MUR,MUR,LWAL,LWAL,CDN,CDN,1,1,RES,IND,BP2,BP1,RSH2,RSH2,RMT1,RMT1,MUR/LWAL/CDN/H:1/BP2/RSH2+RMT1/RES,"https://www.google.com/maps/@?api=1&map_action=pano&viewpoint=38.69806376,-9.19246759&heading=45.173698937877475&pitch=5&fov=120"
1908,7986a894-0413-464f-91d9-ae48e4865408,38.69566809,-9.208051206,Portugal,Lisbon,CR,,LDUAL,,CDH,,4,,GOV,,BPD,,RSH1,,RMN,,CR/LDUAL/CDH/H:4/BPD/RSH1+RMN/GOV,"https://www.google.com/maps/@?api=1&map_action=pano&viewpoint=38.69566809,-9.20805121&heading=150&pitch=5&fov=120"
1911,21c948db-03c6-4d24-ad2f-b3c9d5deb177,38.69666563,-9.219019537,Portugal,Lisbon,MCF,,LWAL,,CDL,,2,,RES,,BP1,,RSH3,,RMT1,,MCF/LWAL/CDL/H:2/BP1/RSH3+RMT1/RES,"https://www.google.com/maps/@?api=1&map_action=pano&viewpoint=38.69666563,-9.21901954&heading=99.49954599907306&pitch=5&fov=120"
1912,2b2bc083-ca94-41e6-96bb-979b5a962861,38.70222706,-9.205480762,Portugal,Lisbon,MCF,MUR,LWAL,LWAL,CDL,CDL,2,1,RES,RES,BP1,BPD,RSH3,RSH2,RMT1,RMT1,MCF/LWAL/CDL/H:2/BP1/RSH3+RMT1/RES,"https://www.google.com/maps/@?api=1&map_action=pano&viewpoint=38.70222706,-9.20548076&heading=227.1650729559111&pitch=5&fov=120"
1913,03e5a065-01dd-41ad-98c6-d427cc57c6a9,38.69751946,-9.203246605,Portugal,Lisbon,MUR,MUR,LWAL,LWAL,CDL,CDN,2,3,RES,MIX(RES;COM),BP1,BP2,RSH3,RSH1,RMT1,RMN,MUR/LWAL/CDL/H:2/BP1/RSH3+RMT1/RES,"https://www.google.com/maps/@?api=1&map_action=pano&viewpoint=38.69751946,-9.20324661&heading=334.1676011917558&pitch=5&fov=120"
1914,c6356299-01bb-4263-8ec5-1a9a283952bc,38.69716074,-9.20264272,Portugal,Lisbon,CR,MR,LFINF,LWAL,CDL,CDN,3,4,MIX(RES;COM),MIX(RES;COM),BP2,BP2,RSH2,RSH1,RMT1,RMN,CR/LFINF/CDL/H:3/BP2/RSH2+RMT1/MIX(RES;COM),"https://www.google.com/maps/@?api=1&map_action=pano&viewpoint=38.69716074,-9.20264272&heading=154.87505458019098&pitch=5&fov=120"
1915,19d9dc18-0c9c-43cc-a73a-7c3952d86d01,38.6975761,-9.217288835,Portugal,Lisbon,MCF,MUR,LWAL,LWAL,CDL,CDN,2,2,RES,RES,BP2,BPD,RSH2,RSH2,RMT1,RMT1,MCF/LWAL/CDL/H:2/BP2/RSH2+RMT1/RES,"https://www.google.com/maps/@?api=1&map_action=pano&viewpoint=38.6975761,-9.21728883&heading=92.9975121453453&pitch=5&fov=120"
1916,b820484b-c2a7-4c81-a3ea-34fe937e039b,38.69808151,-9.218033459,Portugal,Lisbon,MCF,MCF,LWAL,LWAL,CDL,CDL,2,2,RES,RES,BP2,BPD,RSH2,RSH2,RMT1,RMT1,MCF/LWAL/CDL/H:2/BP2/RSH2+RMT1/RES,"https://www.google.com/maps/@?api=1&map_action=pano&viewpoint=38.69808151,-9.21803346&heading=102.17960040522513&pitch=5&fov=120"
1917,814b6a25-9819-40ce-96fd-df193cd09f6c,38.70001246,-9.219901475,Portugal,Lisbon,MCF,,LWAL,,CDL,,2,,RES,,BP2,,RSH2,,RMT1,,MCF/LWAL/CDL/H:2/BP2/RSH2+RMT1/RES,"https://www.google.com/maps/@?api=1&map_action=pano&viewpoint=38.70001246,-9.21990147&heading=211.9579600159716&pitch=5&fov=120"
1920,13355ebd-c518-40da-bfab-99c32585e850,38.69695282,-9.195516628,Portugal,Lisbon,MUR,,LWAL,,CDL,,1,,COM,,BP1,,RSH2,,RMT1,,MUR/LWAL/CDL/H:1/BP1/RSH2+RMT1/COM,"https://www.google.com/maps/@?api=1&map_action=pano&viewpoint=38.69695282,-9.19551663&heading=335.4230423898832&pitch=5&fov=120"
1924,9a419f8e-a633-4709-a524-01fa467d25e6,38.70137117,-9.20532848,Portugal,Lisbon,MUR,MUR,LWAL,LWAL,CDL,CDL,2,2,RES,RES,BP1,BPD,RSH2,RSH2,RMT1,RMT1,MUR/LWAL/CDL/H:2/BP1/RSH2+RMT1/RES,"https://www.google.com/maps/@?api=1&map_action=pano&viewpoint=38.70137117,-9.20532848&heading=349.21709772281645&pitch=5&fov=120"
1926,c2685e26-2291-42fe-847c-e660bbffe3a2,38.70241435,-9.204137691,Portugal,Lisbon,CR,CR,LFINF,LFM,CDL,CDN,5,5,MIX(RES;COM),MIX(RES;COM),BP1,BP2,RSH2,RSH1,RMT1,RMN,CR/LFINF/CDL/H:5/BP1/RSH2+RMT1/MIX(RES;COM),"https://www.google.com/maps/@?api=1&map_action=pano&viewpoint=38.70241435,-9.20413769&heading=335.726380812658&pitch=5&fov=120"
1928,9c77bcd0-f736-41bc-b6a5-b93c019446f3,38.70391118,-9.203817767,Portugal,Lisbon,CR,MUR,LFINF,LWAL,CDL,CDL,4,4,RES,MIX(RES;COM),BP1,BP1,RSH2,RSH2,RMT1,RMT1,CR/LFINF/CDL/H:4/BP1/RSH2+RMT1/RES,"https://www.google.com/maps/@?api=1&map_action=pano&viewpoint=38.70391118,-9.20381777&heading=164.25921694914524&pitch=5&fov=120"
1929,4ebdea48-dbb4-4824-a962-1e5a9677fb5b,38.70366208,-9.205138757,Portugal,Lisbon,MUR,MUR,LWAL,LWAL,CDN,CDN,1,1,COM,RES,BP1,BP1,RSH2,RSH1,RMT1,RMN,MUR/LWAL/CDN/H:1/BP1/RSH2+RMT1/COM,"https://www.google.com/maps/@?api=1&map_action=pano&viewpoint=38.70366208,-9.20513876&heading=314.17934924685596&pitch=5&fov=120"
1930,9548d93e-deef-4558-b2a9-af1e0176c56f,38.70373853,-9.202705252,Portugal,Lisbon,CR,MCF,LFINF,LWAL,CDM,CDM,4,5,MIX(RES;COM),COM,BP2,BP1,RSH2,RSH1,RMT1,RMN,CR/LFINF/CDM/H:4/BP2/RSH2+RMT1/MIX(RES;COM),"https://www.google.com/maps/@?api=1&map_action=pano&viewpoint=38.70373853,-9.20270525&heading=242.74129780981878&pitch=5&fov=120"
1932,6bcef05f-a793-468f-9871-99f3176756d5,38.69909437,-9.220399942,Portugal,Lisbon,MCF,MUR,LWAL,LWAL,CDL,CDN,2,2,RES,RES,BP2,BP1,RSH2,RSH2,RMT1,RMT1,MCF/LWAL/CDL/H:2/BP2/RSH2+RMT1/RES,"https://www.google.com/maps/@?api=1&map_action=pano&viewpoint=38.69909437,-9.22039994&heading=298.46987627469434&pitch=5&fov=120"
1937,4a70a54d-92bf-4549-af32-8bbef16664c5,38.69972484,-9.199012033,Portugal,Lisbon,MCF,,LWAL,,CDN,,1,,COM,,BPD,,RSH2,,RMT1,,MCF/LWAL/CDN/H:1/BPD/RSH2+RMT1/COM,"https://www.google.com/maps/@?api=1&map_action=pano&viewpoint=38.69972484,-9.19901203&heading=229.80857103302333&pitch=5&fov=120"
1938,2718a466-f0a0-4f36-854f-df8f301f5984,38.69693412,-9.219255875,Portugal,Lisbon,MCF,,LWAL,,CDL,,2,,RES,,BP2,,RSH2,,RMT1,,MCF/LWAL/CDL/H:2/BP2/RSH2+RMT1/RES,"https://www.google.com/maps/@?api=1&map_action=pano&viewpoint=38.69693412,-9.21925587&heading=100.09100087308286&pitch=5&fov=120"
1941,3b30e20d-5f28-4ef3-b6a5-9c144b5ad2a9,38.69855811,-9.220046578,Portugal,Lisbon,MCF,,LWAL,,CDL,,2,,RES,,BP2,,RSH2,,RMT1,,MCF/LWAL/CDL/H:2/BP2/RSH2+RMT1/RES,"https://www.google.com/maps/@?api=1&map_action=pano&viewpoint=38.69855811,-9.22004658&heading=292.4220555334834&pitch=5&fov=120"
1942,b98eae78-60fa-4175-b7a4-b2be0861bda2,38.69795374,-9.215558086,Portugal,Lisbon,MUR,MUR,LWAL,LWAL,CDL,CDN,1,1,RES,IND,BP1,BP2,RSH2,RSH2,RMT1,RMT1,MUR/LWAL/CDL/H:1/BP1/RSH2+RMT1/RES,"https://www.google.com/maps/@?api=1&map_action=pano&viewpoint=38.69795374,-9.21555809&heading=68.8568975204476&pitch=5&fov=120"
1944,a3cecd9a-b80e-45cb-ae04-33a542b4b735,38.6967248,-9.223721436,Portugal,Lisbon,CR,MUR,LFINF,LWAL,CDM,CDN,2,2,RES,RES,BPD,BP1,RSH3,RSH1,RMT1,RMN,CR/LFINF/CDM/H:2/BPD/RSH3+RMT1/RES,"https://www.google.com/maps/@?api=1&map_action=pano&viewpoint=38.6967248,-9.22372144&heading=182.26680312967414&pitch=5&fov=120"
1945,bd344804-048c-4aee-a3b8-08e0ab6f1f43,38.7022806,-9.218758374,Portugal,Lisbon,CR,CR,LFM,LFINF,CDH,CDN,3,2,RES,RES,BPD,BP2,RSH1,RSH1,RMN,RMN,CR/LFM/CDH/H:3/BPD/RSH1+RMN/RES,"https://www.google.com/maps/@?api=1&map_action=pano&viewpoint=38.7022806,-9.21875837&heading=300.6724550453914&pitch=5&fov=120"
1946,70715775-f864-42b6-88aa-095bd7b52442,38.70243437,-9.204448242,Portugal,Lisbon,CR,CR,LFM,LFINF,CDL,CDN,4,4,RES,MIX(RES;COM),BP2,BP1,RSH2,RSH1,RMT1,RMN,CR/LFM/CDL/H:4/BP2/RSH2+RMT1/RES,"https://www.google.com/maps/@?api=1&map_action=pano&viewpoint=38.70243437,-9.20444824&heading=339.5810100530799&pitch=5&fov=120"
1949,5496ba52-7c01-43bf-aaa0-bfb867a5dd4f,38.69927404,-9.205217549,Portugal,Lisbon,MUR,MUR,LWAL,LWAL,CDL,CDN,1,1,RES,RES,BP2,BPD,RSH2,RSH2,RMT1,RMT1,MUR/LWAL/CDL/H:1/BP2/RSH2+RMT1/RES,"https://www.google.com/maps/@?api=1&map_action=pano&viewpoint=38.69927404,-9.20521755&heading=212.8759608773721&pitch=5&fov=120"
1950,62c0e98c-2eb3-4a2b-ad16-54daf8e77584,38.70109915,-9.22285705,Portugal,Lisbon,MCF,MUR,LWAL,LWAL,CDM,CDN,2,2,RES,RES,BPD,BP2,RSH2,RSH1,RMT1,RMN,MCF/LWAL/CDM/H:2/BPD/RSH2+RMT1/RES,"https://www.google.com/maps/@?api=1&map_action=pano&viewpoint=38.70109915,-9.22285705&heading=121.4810796862875&pitch=5&fov=120"
1951,a5de781e-a366-452c-81c6-c76f5fec9b09,38.69729932,-9.194709681,Portugal,Lisbon,CR,MUR,LFINF,LWAL,CDL,CDN,3,4,RES,RES,BP1,BP2,RSH2,RSH1,RMT1,RMN,CR/LFINF/CDL/H:3/BP1/RSH2+RMT1/RES,"https://www.google.com/maps/@?api=1&map_action=pano&viewpoint=38.69729932,-9.19470968&heading=153.21887345842242&pitch=5&fov=120"
1952,bea8d871-0526-4cfe-8160-df1450ec85c2,38.69672584,-9.217545268,Portugal,Lisbon,MCF,MUR,LWAL,LWAL,CDL,CDL,2,2,RES,RES,BP2,BP2,RSH2,RSH2,RMT1,RMT1,MCF/LWAL/CDL/H:2/BP2/RSH2+RMT1/RES,"https://www.google.com/maps/@?api=1&map_action=pano&viewpoint=38.69672584,-9.21754527&heading=90.52222151004707&pitch=5&fov=120"
1956,153a1209-86bd-436b-86ac-e2407d03af86,38.70071807,-9.204905798,Portugal,Lisbon,MUR,,LWAL,,CDL,,1,,RES,,BP2,,RSH2,,RMT1,,MUR/LWAL/CDL/H:1/BP2/RSH2+RMT1/RES,"https://www.google.com/maps/@?api=1&map_action=pano&viewpoint=38.70071807,-9.2049058&heading=319.7513669263508&pitch=5&fov=120"
1958,29c23ce7-1ab5-4a60-bf57-3f11e89494e6,38.70154974,-9.199350017,Portugal,Lisbon,MUR,MUR,LWAL,LWAL,CDN,CDN,1,2,COM,COM,BPD,BP2,RSH3,RSH1,RMT1,RMN,MUR/LWAL/CDN/H:1/BPD/RSH3+RMT1/RES,"https://www.google.com/maps/@?api=1&map_action=pano&viewpoint=38.70154974,-9.19935002&heading=333.99647566397016&pitch=5&fov=120"
1959,b32b29fa-2b67-47a8-b3a9-2965ad7efcad,38.69759821,-9.194353178,Portugal,Lisbon,CR,MUR,LFINF,LWAL,CDM,CDN,4,5,MIX(RES;COM),MIX(RES;COM),BP2,BP1,RSH2,RSH1,RMT1,RMN,CR/LFINF/CDM/H:4/BP2/RSH2+RMT1/MIX(RES;COM),"https://www.google.com/maps/@?api=1&map_action=pano&viewpoint=38.69759821,-9.19435318&heading=332.1467311577369&pitch=5&fov=120"
1960,42f677be-86e6-4ba4-b647-bbed9d02e5e9,38.70454442,-9.203214043,Portugal,Lisbon,MUR,MUR,LWAL,LWAL,CDN,CDN,1,1,RES,RES,BP1,BP1,RSH2,RSH1,RMT1,RMN,MUR/LWAL/CDN/H:1/BP1/RSH2+RMT1/RES,"https://www.google.com/maps/@?api=1&map_action=pano&viewpoint=38.70454442,-9.20321404&heading=250.34878224339252&pitch=5&fov=120"
1962,b162d4ef-116b-45bb-8e15-1cb2fcf3b7c8,38.69895945,-9.2186141,Portugal,Lisbon,CR,CR,LFM,LFINF,CDM,CDM,1,1,RES,RES,BPD,BPD,RSH2,RSH2,RMT6,RMT1,CR/LFM/CDM/H:1/BPD/RSH2+RMT6/RES,"https://www.google.com/maps/@?api=1&map_action=pano&viewpoint=38.69895945,-9.2186141&heading=109.39082530375833&pitch=5&fov=120"
1963,b65291c0-4a0b-4133-9c58-44c7965bb2ef,38.70062163,-9.219103916,Portugal,Lisbon,MCF,,LWAL,,CDL,,2,,RES,,BP1,,RSH2,,RMT1,,MCF/LWAL/CDL/H:2/BP1/RSH2+RMT1/RES,"https://www.google.com/maps/@?api=1&map_action=pano&viewpoint=38.70062163,-9.21910392&heading=212.15142980049905&pitch=5&fov=120"
1966,4f24ebbf-6f2e-40cf-8d8d-ddacefefc7d2,38.69999359,-9.205680337,Portugal,Lisbon,,MUR,LFINF,LWAL,CDL,CDN,3,3,RES,RES,BP2,BP1,RSH2,RSH1,RMT1,RMN,LFINF/CDL/H:3/BP2/RSH2+RMT1/RES,"https://www.google.com/maps/@?api=1&map_action=pano&viewpoint=38.69999359,-9.20568034&heading=54.29631347305673&pitch=5&fov=120"
1967,ee71749e-ab73-4b48-95b9-8dbdb596b09d,38.70325785,-9.203831442,Portugal,Lisbon,CR,,LFINF,,CDL,,4,,RES,,BP2,,RSH2,,RMT1,,CR/LFINF/CDL/H:4/BP2/RSH2+RMT1/RES,"https://www.google.com/maps/@?api=1&map_action=pano&viewpoint=38.70325785,-9.20383144&heading=62.913468845220166&pitch=5&fov=120"
1969,32ad57a9-5079-423d-99a2-e8b6d1fd3740,38.696924,-9.222435399,Portugal,Lisbon,MCF,MCF,LWAL,LWAL,CDL,CDN,1,1,COM,COM,BP2,BP1,RSH2,RSH1,RMT1,RMN,MCF/LWAL/CDL/H:1/BP2/RSH2+RMT1/COM,"https://www.google.com/maps/@?api=1&map_action=pano&viewpoint=38.696924,-9.2224354&heading=184.56296626414183&pitch=5&fov=120"
1970,218225f7-265b-40a4-9d77-c7f17477be7f,38.69788106,-9.195235744,Portugal,Lisbon,MUR,MUR,LWAL,LWAL,CDL,CDN,2,2,RES,RES,BP2,BPD,RSH2,RSH2,RMT1,RMT1,MUR/LWAL/CDL/H:2/BP2/RSH2+RMT1/RES,"https://www.google.com/maps/@?api=1&map_action=pano&viewpoint=38.69788106,-9.19523574&heading=145.8124155220442&pitch=5&fov=120"
1972,571d2824-def0-4da3-a06a-5b2ca0782ff5,38.69870609,-9.225553982,Portugal,Lisbon,CR,MUR,LFINF,LWAL,CDL,CDL,4,3,RES,RES,BP2,BP2,RSH2,RSH1,RMT1,RMN,CR/LFINF/CDL/H:4/BP2/RSH2+RMT1/RES,"https://www.google.com/maps/@?api=1&map_action=pano&viewpoint=38.69870609,-9.22555398&heading=232.85689917141394&pitch=5&fov=120"
1973,2d29e22d-3395-445c-91aa-faf70d909181,38.69913287,-9.223968484,Portugal,Lisbon,CR,CR,LFM,LFINF,CDM,CDN,2,2,RES,RES,BPD,BP2,RSH3,RSH2,RMT1,RMT1,CR/LFM/CDM/H:2/BPD/RSH3+RMT1/RES,"https://www.google.com/maps/@?api=1&map_action=pano&viewpoint=38.69913287,-9.22396848&heading=302.641438772323&pitch=5&fov=120"
1975,35e375e9-dfbf-4fb1-b11f-1cd0a276063a,38.70033646,-9.218923053,Portugal,Lisbon,MCF,,LWAL,,CDM,,2,,RES,,BP2,,RSH3,,RMT1,,MCF/LWAL/CDM/H:2/BP2/RSH3+RMT1/RES,"https://www.google.com/maps/@?api=1&map_action=pano&viewpoint=38.70033646,-9.21892305&heading=212.1515428879735&pitch=5&fov=120"
1976,556df093-a7c4-4cfc-8160-5a4f2ed883c8,38.69755198,-9.216207536,Portugal,Lisbon,MCF,MUR,LWAL,LWAL,CDL,CDL,2,2,RES,RES,BP1,BP1,RSH3,RSH1,RMT1,RMN,MCF/LWAL/CDL/H:2/BP1/RSH3+RMT1/RES,"https://www.google.com/maps/@?api=1&map_action=pano&viewpoint=38.69755198,-9.21620754&heading=85.15941185131129&pitch=5&fov=120"
1977,8c3bff04-34a5-4a8b-bdf6-de3a1204f629,38.69655266,-9.218261844,Portugal,Lisbon,MUR,MUR,LWAL,LWAL,CDL,CDN,2,2,RES,RES,BPD,BP2,RSH3,RSH2,RMT1,RMT1,MUR/LWAL/CDL/H:2/BPD/RSH3+RMT1/RES,"https://www.google.com/maps/@?api=1&map_action=pano&viewpoint=38.69655266,-9.21826184&heading=182.03329330292758&pitch=5&fov=120"
1980,0d81d40e-6080-49c3-8576-19d3de948fc9,38.69813797,-9.21796845,Portugal,Lisbon,MCF,MCF,LWAL,LWAL,CDL,CDL,2,2,RES,RES,BP2,BPD,RSH2,RSH2,RMT1,RMT1,MCF/LWAL/CDL/H:2/BP2/RSH2+RMT1/RES,"https://www.google.com/maps/@?api=1&map_action=pano&viewpoint=38.69813797,-9.21796845&heading=100.14867546157672&pitch=5&fov=120"
1981,eb28d4d3-ef0e-4875-85a6-2a651769a46e,38.69883368,-9.218605672,Portugal,Lisbon,MCF,MCF,LWAL,LWAL,CDL,CDM,2,2,RES,RES,BP1,BPD,RSH2,RSH5,RMT1,RMT1,MCF/LWAL/CDL/H:2/BP1/RSH2+RMT1/RES,"https://www.google.com/maps/@?api=1&map_action=pano&viewpoint=38.69883368,-9.21860567&heading=286.6819489787595&pitch=5&fov=120"
1983,a3b2d880-aca8-4513-a87e-01804c7c6b25,38.69893732,-9.204272267,Portugal,Lisbon,MCF,MUR,LWAL,LWAL,CDL,CDL,2,2,RES,IND,BP1,BPD,RSH3,RSH2,RMT1,RMT1,MCF/LWAL/CDL/H:2/BP1/RSH3+RMT1/RES,"https://www.google.com/maps/@?api=1&map_action=pano&viewpoint=38.69893732,-9.20427227&heading=196.72777654663435&pitch=5&fov=120"
1984,e0743412-2a9b-4033-940d-6924d556aa89,38.69759363,-9.196175199,Portugal,Lisbon,CR,MUR,LFINF,LWAL,CDL,CDL,4,3,RES,MIX(RES;COM),BP2,BP2,RSH2,RSH1,RMT1,RMN,CR/LFINF/CDL/H:4/BP2/RSH2+RMT1/RES,"https://www.google.com/maps/@?api=1&map_action=pano&viewpoint=38.69759363,-9.1961752&heading=325.25317412081404&pitch=5&fov=120"
1985,41307d24-8081-44de-aeeb-be7ca8a31007,38.69749384,-9.203082803,Portugal,Lisbon,CR,MUR,LFM,LWAL,CDL,CDL,4,4,MIX(RES;COM),MIX(RES;COM),BP2,BP1,RSH2,RSH1,RMT1,RMN,CR/LFM/CDL/H:4/BP2/RSH2+RMT1/MIX(RES;COM),"https://www.google.com/maps/@?api=1&map_action=pano&viewpoint=38.69749384,-9.2030828&heading=334.1677036071442&pitch=5&fov=120"
1986,3cee1563-06f3-465f-ac90-41ffb02d9dea,38.69680826,-9.217911341,Portugal,Lisbon,MCF,MUR,LWAL,LWAL,CDL,CDL,2,2,RES,RES,BP2,BP1,RSH2,RSH2,RMT1,RMT1,MCF/LWAL/CDL/H:2/BP2/RSH2+RMT1/RES,"https://www.google.com/maps/@?api=1&map_action=pano&viewpoint=38.69680826,-9.21791134&heading=92.78700587687428&pitch=5&fov=120"
1988,513339a2-b751-4315-8f3b-42854ce24b1c,38.69914705,-9.219659882,Portugal,Lisbon,MCF,MUR,LWAL,LWAL,CDL,CDL,2,3,RES,RES,BP2,BP1,RSH2,RSH1,RMT1,RMN,MCF/LWAL/CDL/H:2/BP2/RSH2+RMT1/RES,"https://www.google.com/maps/@?api=1&map_action=pano&viewpoint=38.69914705,-9.21965988&heading=295.4208550952082&pitch=5&fov=120"
1989,ac710228-ae29-4cdd-9da6-c48770b5779a,38.70181106,-9.205140623,Portugal,Lisbon,MCF,MCF,LWAL,LWAL,CDL,CDL,2,2,RES,RES,BP1,BPD,RSH3,RSH2,RMT1,RMT1,MCF/LWAL/CDL/H:2/BP1/RSH3+RMT1/RES,"https://www.google.com/maps/@?api=1&map_action=pano&viewpoint=38.70181106,-9.20514062&heading=317.52741070525974&pitch=5&fov=120"
1990,1cd1565e-623e-4784-89de-0a5ea999a6a5,38.70515646,-9.202487275,Portugal,Lisbon,MCF,MUR,LWAL,LWAL,CDL,CDL,2,3,RES,RES,BP1,BP2,RSH2,RSH1,RMT1,RMN,MCF/LWAL/CDL/H:2/BP1/RSH2+RMT1/RES,"https://www.google.com/maps/@?api=1&map_action=pano&viewpoint=38.70515646,-9.20248728&heading=240.7506831120421&pitch=5&fov=120"
1991,53a59486-23c9-4169-bf88-d3c98f1bdb3f,38.70192665,-9.205493709,Portugal,Lisbon,MUR,MUR,LWAL,LWAL,CDN,CDN,1,1,RES,RES,BP1,BP2,RSH3,RSH2,RMT1,RMT1,MUR/LWAL/CDN/H:1/BP1/RSH3+RMT1/RES,"https://www.google.com/maps/@?api=1&map_action=pano&viewpoint=38.70192665,-9.20549371&heading=323.7299895200315&pitch=5&fov=120"
1993,59fb8793-b83e-4b2c-8104-3f61ae188e09,38.6945381,-9.215670513,Portugal,Lisbon,CR,MUR,LFINF,LWAL,CDL,CDL,3,4,RES,RES,BP2,BP1,RSH2,RSH2,RMT1,RMT1,CR/LFINF/CDL/H:3/BP2/RSH2+RMT1/RES,"https://www.google.com/maps/@?api=1&map_action=pano&viewpoint=38.6945381,-9.21567051&heading=143.06431655908113&pitch=5&fov=120"
1997,c0f5da3a-441b-4757-a13e-10f45c4bffb1,38.69792471,-9.217775854,Portugal,Lisbon,MCF,MCF,LWAL,LWAL,CDL,CDN,2,2,RES,RES,BP2,BP2,RSH2,RSH2,RMT1,RMT1,MCF/LWAL/CDL/H:2/BP2/RSH2+RMT1/RES,"https://www.google.com/maps/@?api=1&map_action=pano&viewpoint=38.69792471,-9.21777585&heading=99.44938512735865&pitch=5&fov=120"
1998,e74eb264-27e6-42aa-a7a5-171b4d41464d,38.70274225,-9.2034399,Portugal,Lisbon,CR,CR,LFM,LFINF,CDL,CDN,4,4,RES,MIX(RES;COM),BP1,BP1,RSH2,RSH1,RMT1,RMN,CR/LFM/CDL/H:4/BP1/RSH2+RMT1/RES,"https://www.google.com/maps/@?api=1&map_action=pano&viewpoint=38.70274225,-9.2034399&heading=153.54065309174797&pitch=5&fov=120"
1999,e67effb4-4719-4a58-8628-dd3ffe076b52,38.6966492,-9.216757863,Portugal,Lisbon,MCF,MUR,LWAL,LWAL,CDL,CDN,2,2,RES,RES,BP2,BPD,RSH2,RSH2,RMT1,RMT1,MCF/LWAL/CDL/H:2/BP2/RSH2+RMT1/RES,"https://www.google.com/maps/@?api=1&map_action=pano&viewpoint=38.6966492,-9.21675786&heading=85.30226703299877&pitch=5&fov=120"
2000,ab35cbfc-446a-4cf1-aad2-ba3d930a9bea,38.69651097,-9.216052693,Portugal,Lisbon,MCF,MCF,LWAL,LWAL,CDL,CDL,2,2,RES,RES,BP2,BPD,RSH2,RSH2,RMT1,RMT1,MCF/LWAL/CDL/H:2/BP2/RSH2+RMT1/RES,"https://www.google.com/maps/@?api=1&map_action=pano&viewpoint=38.69651097,-9.21605269&heading=80.27305370734285&pitch=5&fov=120"
2002,dfd63ea4-9413-40f8-b121-375756b19d3f,38.69832574,-9.217225652,Portugal,Lisbon,MCF,MUR,LWAL,LWAL,CDL,CDL,2,2,RES,RES,BP1,BP2,RSH3,RSH1,RMT1,RMN,MCF/LWAL/CDL/H:2/BP1/RSH3+RMT1/RES,"https://www.google.com/maps/@?api=1&map_action=pano&viewpoint=38.69832574,-9.21722565&heading=7.7138969611446555&pitch=5&fov=120"
2004,5f0e75a4-82f5-4cb9-8212-7ac38ba19275,38.69653612,-9.216415627,Portugal,Lisbon,MCF,MUR,LWAL,LWAL,CDL,CDN,2,2,RES,RES,BP2,BPD,RSH2,RSH3,RMT1,RMT1,MCF/LWAL/CDL/H:2/BP2/RSH2+RMT1/RES,"https://www.google.com/maps/@?api=1&map_action=pano&viewpoint=38.69653612,-9.21641563&heading=83.42184930755366&pitch=5&fov=120"
