ID,country,city
0186c805-d72e-46b7-a429-be0b72ad454c.jpg,Colombia,Medellin
01ffd380-ae44-4568-9e23-2a049d1baacf.jpg,Colombia,Medellin
0953b3e3-5691-4df0-8bfd-93f34053d269.jpg,Colombia,Medellin
09aabd62-8737-4c57-aa72-1c47ea52a9c5.jpg,Colombia,Medellin
0d5dcc67-e214-4551-b521-64c9a6e15d6f.jpg,Colombia,Medellin
0f0ecdf4-e97b-4871-9009-0b0d3eb1c175.jpg,Colombia,Medellin
0f15fcdf-763e-482c-9574-507d330afd7f.jpg,Colombia,Medellin
104947.jpg,Colombia,Cartagena
105130.jpg,Colombia,Cartagena
105522.jpg,Colombia,Cartagena
106049.jpg,Colombia,Cartagena
106262.jpg,Colombia,Cartagena
106664.jpg,Colombia,Cartagena
106688.jpg,Colombia,Cartagena
1135f885-aa47-4d10-908c-6a04af36cab6.jpg,Colombia,Medellin
121df08a-7802-44a2-b990-1f168d22003d.jpg,Colombia,Medellin
1292.jpg,,
1335-1.jpg,,
139167.jpg,Colombia,Cartagena
1454.jpg,,
150247.jpg,Colombia,Cartagena
150350.jpg,Colombia,Cartagena
150379.jpg,Colombia,Cartagena
151315.jpg,Colombia,Santa Marta
1540ad9f-0e01-4f94-b61d-1506c918c71c.jpg,Colombia,Medellin
155168.jpg,Colombia,Cartagena
155412.jpg,Colombia,Cartagena
155432.jpg,Colombia,Cartagena
155775.jpg,Colombia,Cartagena
156540.jpg,Colombia,Cartagena
156554.jpg,Colombia,Cartagena
157803.jpg,Colombia,Cartagena
157884.jpg,Colombia,Cartagena
160304.jpg,Colombia,Santa Marta
169264.jpg,Colombia,Cartagena
172920.jpg,Colombia,Cartagena
172927.jpg,Colombia,Cartagena
173023.jpg,Colombia,Cartagena
173027.jpg,Colombia,Cartagena
173043.jpg,Colombia,Cartagena
173072.jpg,Colombia,Cartagena
174630.jpg,Colombia,Cartagena
174648.jpg,Colombia,Cartagena
174714.jpg,Colombia,Cartagena
175097.jpg,Colombia,Cartagena
175494.jpg,Colombia,Barranquilla
175584.jpg,Colombia,Barranquilla
175885.jpg,Colombia,Barranquilla
175893.jpg,Colombia,Barranquilla
175910.jpg,Colombia,Barranquilla
175993.jpg,Colombia,Barranquilla
175995.jpg,Colombia,Barranquilla
175996.jpg,Colombia,Barranquilla
175999.jpg,Colombia,Barranquilla
176010.jpg,Colombia,Barranquilla
176011.jpg,Colombia,Barranquilla
176515.jpg,Colombia,Barranquilla
177657.jpg,Colombia,Barranquilla
177872.jpg,Colombia,Barranquilla
177890.jpg,Colombia,Barranquilla
177922.jpg,Colombia,Barranquilla
179681.jpg,Colombia,Barranquilla
179707.jpg,Colombia,Barranquilla
179715.jpg,Colombia,Barranquilla
179719.jpg,Colombia,Barranquilla
179792.jpg,Colombia,Barranquilla
179797.jpg,Colombia,Barranquilla
179809.jpg,Colombia,Barranquilla
179821.jpg,Colombia,Barranquilla
179834.jpg,Colombia,Barranquilla
182785.jpg,Colombia,Barranquilla
184215.jpg,Colombia,Barranquilla
184218.jpg,Colombia,Barranquilla
184442.jpg,Colombia,Barranquilla
184462.jpg,Colombia,Barranquilla
184474.jpg,Colombia,Barranquilla
1882-1.jpg,,
189274.jpg,Colombia,Barranquilla
189285.jpg,Colombia,Barranquilla
189334.jpg,Colombia,Barranquilla
189386.jpg,Colombia,Barranquilla
189394.jpg,Colombia,Barranquilla
189399.jpg,Colombia,Barranquilla
189413.jpg,Colombia,Barranquilla
189419.jpg,Colombia,Barranquilla
189432.jpg,Colombia,Barranquilla
189434.jpg,Colombia,Barranquilla
189449.jpg,Colombia,Barranquilla
191397.jpg,Colombia,Barranquilla
191410.jpg,Colombia,Barranquilla
191433.jpg,Colombia,Barranquilla
191463.jpg,Colombia,Barranquilla
191466.jpg,Colombia,Barranquilla
191469.jpg,Colombia,Barranquilla
191477.jpg,Colombia,Barranquilla
191602.jpg,Colombia,Barranquilla
1918-1.jpg,,
196da25b-b867-437a-a48b-b82939506d1e.jpg,Colombia,Medellin
198409.jpg,Colombia,Barranquilla
198411.jpg,Colombia,Barranquilla
198466.jpg,Colombia,Barranquilla
198471.jpg,Colombia,Barranquilla
198526.jpg,Colombia,Barranquilla
198528.jpg,Colombia,Barranquilla
19ec0268-8c54-49e3-98b0-37bad2a63c63.jpg,Colombia,Medellin
1a3a43ac-7f1f-44e9-81e2-77cac1519d30.jpg,Colombia,Medellin
1b1d2fae-ae9c-4cf0-a8f0-b36448767f35.jpg,Colombia,Medellin
1c380384-da0f-453a-abb2-18b0a75969a8.jpg,Colombia,Medellin
1d06bef6-60a7-4c9a-be9e-bd47ab0ff510.jpg,Colombia,Medellin
1d78f5cb-e3ca-4d74-ad76-af3a0737d247.jpg,Colombia,Medellin
1da93f16-15c3-4580-944e-313d8314eb35.jpg,Colombia,Medellin
206529.jpg,Colombia,Barranquilla
2069-2.jpg,,
2101e1b9-f29c-4ade-bde3-212f1ed16f3b.jpg,Colombia,Medellin
212483.jpg,Colombia,Barranquilla
212502.jpg,Colombia,Barranquilla
212522.jpg,Colombia,Barranquilla
212535.jpg,Colombia,Barranquilla
212544.jpg,Colombia,Barranquilla
212562.jpg,Colombia,Barranquilla
212576.jpg,Colombia,Barranquilla
212577.jpg,Colombia,Barranquilla
212581.jpg,Colombia,Barranquilla
212655.jpg,Colombia,Barranquilla
212660.jpg,Colombia,Barranquilla
212675.jpg,Colombia,Barranquilla
213600.jpg,Colombia,Barranquilla
213657.jpg,Colombia,Barranquilla
213667.jpg,Colombia,Barranquilla
213736.jpg,Colombia,Barranquilla
214192.jpg,Colombia,Barranquilla
214208.jpg,Colombia,Barranquilla
214232.jpg,Colombia,Barranquilla
214291.jpg,Colombia,Barranquilla
214298.jpg,Colombia,Barranquilla
214506.jpg,Colombia,Barranquilla
214507.jpg,Colombia,Barranquilla
214511.jpg,Colombia,Barranquilla
214516.jpg,Colombia,Barranquilla
217299.jpg,Colombia,Barranquilla
217308.jpg,Colombia,Barranquilla
217313.jpg,Colombia,Barranquilla
217324.jpg,Colombia,Barranquilla
217349.jpg,Colombia,Barranquilla
219477.jpg,Colombia,Barranquilla
219820.jpg,Colombia,Barranquilla
2211-1.jpg,,
2211-2.jpg,,
2211-3.jpg,,
222529.jpg,Colombia,Barranquilla
222870.jpg,Colombia,Barranquilla
222873.jpg,Colombia,Barranquilla
222998.jpg,Colombia,Barranquilla
223245.jpg,Colombia,Barranquilla
223752.jpg,Colombia,Barranquilla
225378.jpg,Colombia,Barranquilla
225458.jpg,Colombia,Barranquilla
225546.jpg,Colombia,Barranquilla
225550.jpg,Colombia,Barranquilla
225586.jpg,Colombia,Barranquilla
226294.jpg,Colombia,Barranquilla
226366.jpg,Colombia,Barranquilla
227191.jpg,Colombia,Barranquilla
227249.jpg,Colombia,Barranquilla
229304.jpg,Colombia,Barranquilla
229323.jpg,Colombia,Barranquilla
229351.jpg,Colombia,Barranquilla
229597.jpg,Colombia,Barranquilla
229666.jpg,Colombia,Barranquilla
229961.jpg,Colombia,Barranquilla
230007.jpg,Colombia,Barranquilla
230018.jpg,Colombia,Barranquilla
230257.jpg,Colombia,Barranquilla
230285.jpg,Colombia,Barranquilla
230344.jpg,Colombia,Barranquilla
236500.jpg,Colombia,Barranquilla
236513.jpg,Colombia,Barranquilla
238303.jpg,Colombia,Barranquilla
240099.jpg,Colombia,Barranquilla
242538.jpg,Colombia,Barranquilla
242762.jpg,Colombia,Barranquilla
242987.jpg,Colombia,Barranquilla
243297.jpg,Colombia,Barranquilla
245288.jpg,Colombia,Barranquilla
245464.jpg,Colombia,Barranquilla
246063.jpg,Colombia,Barranquilla
2467-2.jpg,,
2467-5.jpg,,
256046.jpg,Colombia,Barranquilla
256724.jpg,Colombia,Barranquilla
257364.jpg,Colombia,Barranquilla
257403.jpg,Colombia,Barranquilla
257498.jpg,Colombia,Barranquilla
257541.jpg,Colombia,Barranquilla
257584.jpg,Colombia,Barranquilla
257941.jpg,Colombia,Barranquilla
257962.jpg,Colombia,Barranquilla
257998.jpg,Colombia,Barranquilla
258044.jpg,Colombia,Barranquilla
258317.jpg,Colombia,Barranquilla
259165.jpg,Colombia,Barranquilla
259292.jpg,Colombia,Barranquilla
2594-1.jpg,,
259451.jpg,Colombia,Barranquilla
260213.jpg,Colombia,Barranquilla
260275.jpg,Colombia,Barranquilla
260725.jpg,Colombia,Barranquilla
261799.jpg,Colombia,Barranquilla
261856.jpg,Colombia,Barranquilla
266502.jpg,Colombia,Barranquilla
273522.jpg,Colombia,Barranquilla
273641.jpg,Colombia,Barranquilla
275792.jpg,Colombia,Barranquilla
278546.jpg,Colombia,Barranquilla
278715.jpg,Colombia,Barranquilla
278923.jpg,Colombia,Barranquilla
278951.jpg,Colombia,Barranquilla
282816.jpg,Colombia,Barranquilla
282932.jpg,Colombia,Barranquilla
287673.jpg,Colombia,Barranquilla
294834.jpg,Colombia,Barranquilla
299260.jpg,Colombia,Barranquilla
299291.jpg,Colombia,Barranquilla
299729.jpg,Colombia,Barranquilla
2b22063c-45a0-481d-91fc-add33d7f2762.jpg,Colombia,Medellin
2ee7e335-d25e-4f00-953c-d5dad1764af7.jpg,Colombia,Medellin
3028.jpg,,
3037-1.jpg,,
30554f1d-8914-42f1-8d41-f172def2a01c.jpg,Colombia,Medellin
3063-1.jpg,,
3063-2.jpg,,
3131ccfd-6749-4fc5-8c96-71b2a67eec89.jpg,Colombia,Medellin
316-3.jpg,,
3191-1.jpg,,
3191-2.jpg,,
3204-1.jpg,,
3236-2.jpg,,
327191.jpg,Colombia,Barranquilla
327593.jpg,Colombia,Barranquilla
327594.jpg,Colombia,Barranquilla
327840.jpg,Colombia,Barranquilla
327841.jpg,Colombia,Barranquilla
327849.jpg,Colombia,Barranquilla
327851.jpg,Colombia,Barranquilla
339ec0c9-88fb-4752-bb4b-5c3930ff7383.jpg,Colombia,Medellin
3406-2.jpg,,
3442-2.jpg,,
3715-3.jpg,,
3715-4.jpg,,
37a4b57c-9d6d-4ed1-a913-f55c260b19e9.jpg,Colombia,Medellin
3a7bbc6e-3c0d-4f60-aca0-dc0c387e622c.jpg,Colombia,Medellin
3aaafeb1-a6d3-43eb-9542-dbaa4143bc0a.jpg,Colombia,Medellin
3b3d17c0-7b84-4338-9df8-2e870017ad7d.jpg,Colombia,Medellin
3c95d44a-4953-4a61-b1d7-4a7bd429862f.jpg,Colombia,Medellin
3dcb6210-583f-4b3f-9c7c-b47e85065a68.jpg,Colombia,Medellin
4164-1.jpg,,
43473230-9507-40dd-9649-927d63456b8e.jpg,Colombia,Medellin
43c519df-83d1-483c-9b97-df807c2138c7.jpg,Colombia,Medellin
43e9cbc6-aefd-4a71-aeaf-19a587f38700.jpg,Colombia,Medellin
4afb6145-df95-4387-a48b-d3aaf2a8907a.jpg,Colombia,Medellin
4bc9ccd5-6fdb-435a-b93b-1dcaea9a6ea9.jpg,Colombia,Medellin
522-1.jpg,,
52ab2beb-a2d7-4b14-a41d-1b95ee84ec8b.jpg,Colombia,Medellin
52c263b7-a0c0-418f-97dc-f10a5ca45b81.jpg,Colombia,Medellin
577c761e-ec62-471f-89ae-d71b7e28af06.jpg,Colombia,Medellin
59a90d86-1ed1-4696-a715-9bb482c4274c.jpg,Colombia,Medellin
5a557bf9-3474-4a72-a542-c82bc36cd7e0.jpg,Colombia,Medellin
5f5801c8-7172-4bee-a25c-ff60eca701b6.jpg,Colombia,Medellin
603-1.jpg,,
6689f4f7-f74b-4e06-bcc0-55924193abfe.jpg,Colombia,Medellin
6c9f2e67-d432-463d-b028-66382d487991.jpg,Colombia,Medellin
733fc981-61d0-4b34-83e2-4aaf48b9cc69.jpg,Colombia,Medellin
735b3269-d102-4bc6-be00-503356048bd4.jpg,Colombia,Medellin
7aa2b734-4d3a-445e-ba70-317c5797db9f.jpg,Colombia,Medellin
7ce7b2cd-d954-4d64-a1ef-5be39ac6c106.jpg,Colombia,Medellin
7e8d90cc-6322-46f4-9985-96dea33bef15.jpg,Colombia,Medellin
80377.jpg,Colombia,Santa Marta
80459.jpg,Colombia,Santa Marta
82d0d1e3-2ea5-4164-a18f-5f3873b04d2f.jpg,Colombia,Medellin
834491c7-c152-4428-a1ac-43a731b07574.jpg,Colombia,Medellin
839b9f8f-885c-4b94-84d3-9decea3681a0.jpg,Colombia,Medellin
87e370c1-f8ba-4599-92ff-27f99182d828.jpg,Colombia,Medellin
8a14b40f-87bc-463c-a3b8-3d9e2d224a9b.jpg,Colombia,Medellin
8d74b49b-f562-477d-a504-1e57aa12be61.jpg,Colombia,Medellin
8ff4f184-f186-4041-9e42-bb311e57d1b8.jpg,Colombia,Medellin
900670af-062b-43c2-9a8b-ce865d510bd5.jpg,Colombia,Medellin
9441579a-d92b-41fe-b16e-5eb1b1b2acc5.jpg,Colombia,Medellin
967c5041-7171-41e3-a123-db7e6c9bc3cb.jpg,Colombia,Medellin
9a9d344e-0763-4c2b-8825-12d3e6d3c732.jpg,Colombia,Medellin
9dc2cc17-b282-4c9c-aa9d-f7e98c7fa721.jpg,Colombia,Medellin
9e81571d-566f-411d-97fe-4844ba196682.jpg,Colombia,Medellin
9fabbd8c-bf87-4ed4-ad74-f4623c3ca69f.jpg,Colombia,Medellin
a6cbfd35-ff8c-4fda-8930-8113dff4793e.jpg,Colombia,Medellin
abea48eb-e70f-4683-a784-076abc742e12.jpg,Colombia,Medellin
afe608c4-21b7-4c8a-b7bb-07b857c99c66.jpg,Colombia,Medellin
affeb9c7-5a21-4a81-9534-9f7f3ade2321.jpg,Colombia,Medellin
b2c09816-ef94-4265-8325-3c7ba88615ad.jpg,Colombia,Medellin
b48b34c0-55a3-4d7b-9223-4dc43e45df6e.jpg,Colombia,Medellin
b48ec87a-e722-45aa-8294-e504acf2951d.jpg,Colombia,Medellin
b7fb3a4b-d120-4b29-b291-14b0d8365c06.jpg,Colombia,Medellin
b8bd6997-1ae8-4123-b7a7-b73813314c19.jpg,Colombia,Medellin
bb47518a-bc07-43f9-860d-982340308c48.jpg,Colombia,Medellin
bcafba48-d6bd-4bef-88b5-b848c75652c6.jpg,Colombia,Medellin
bf1780a3-0c13-41c9-afe6-77e1d461f938.jpg,Colombia,Medellin
c0668484-affb-4e7e-ac40-fc4628fdf0c5.jpg,Colombia,Medellin
c7011cd3-44f0-4fcf-9cbb-725281f27219.jpg,Colombia,Medellin
c7d41305-2c39-4adc-8a66-7608d5eab9cc.jpg,Colombia,Medellin
Cali_002.jpg,Colombia,Cali
Cali_058.jpg,Colombia,Cali
Cali_072.jpg,Colombia,Cali
Cali_073.jpg,Colombia,Cali
Cali_075.jpg,Colombia,Cali
Cali_078.jpg,Colombia,Cali
Cali_102.jpg,Colombia,Cali
Cali_103.jpg,Colombia,Cali
Cali_104.jpg,Colombia,Cali
d0dfac08-0cc9-43f9-9238-15b894f7f467.jpg,Colombia,Medellin
d8e7b7b3-a48a-4dc5-bfab-2c3b529e40d0.jpg,Colombia,Medellin
df41876e-d366-4559-937d-726da9e9712e.jpg,Colombia,Medellin
e25550d6-7e0a-4288-87a9-284c1bdee48d.jpg,Colombia,Medellin
e337b4b3-6583-4c03-a7d0-8ca88c3091d9.jpg,Colombia,Medellin
f4544945-878e-482f-a3bb-041092f5f1a8.jpg,Colombia,Medellin
f5c81dc7-144c-4f6b-9c30-4a857b760256.jpg,Colombia,Medellin
fa521fe9-acbb-427e-af93-7de2449c87e6.jpg,Colombia,Medellin
fc889308-2372-470a-9400-b4f6e9a9a0ce.jpg,Colombia,Medellin
fe863fe1-8802-48fe-af5b-e02d6af49f92.jpg,Colombia,Medellin
ff841458-d670-4398-b4d9-84c4ecd7faa6.jpg,Colombia,Medellin
IMG_107.jpg,Colombia,Bogota
IMG_115_1.jpg,Colombia,Bogota
IMG_117.jpg,Colombia,Bogota
IMG_119.jpg,Colombia,Bogota
IMG_1202.jpg,Colombia,Bogota
IMG_1202_1.jpg,Colombia,Bogota
IMG_124.jpg,Colombia,Bogota
IMG_124_1.jpg,Colombia,Bogota
IMG_125_1.jpg,Colombia,Bogota
IMG_126.jpg,Colombia,Bogota
IMG_127.jpg,Colombia,Bogota
IMG_127_1.jpg,Colombia,Bogota
IMG_129.jpg,Colombia,Bogota
IMG_129_1.jpg,Colombia,Bogota
IMG_131.jpg,Colombia,Bogota
IMG_131_1.jpg,Colombia,Bogota
IMG_132.jpg,Colombia,Bogota
IMG_132_1.jpg,Colombia,Bogota
IMG_133_1.jpg,Colombia,Bogota
IMG_137.jpg,Colombia,Bogota
IMG_137_1.jpg,Colombia,Bogota
IMG_138.jpg,Colombia,Bogota
IMG_143.jpg,Colombia,Bogota
IMG_143_1.jpg,Colombia,Bogota
IMG_144.jpg,Colombia,Bogota
IMG_144_1.jpg,Colombia,Bogota
IMG_145.jpg,Colombia,Bogota
IMG_148.jpg,Colombia,Bogota
IMG_148_1.jpg,Colombia,Bogota
IMG_150.jpg,Colombia,Bogota
IMG_150_1.jpg,Colombia,Bogota
IMG_1565.jpg,Colombia,Bogota
IMG_162.jpg,Colombia,Bogota
IMG_162_1.jpg,Colombia,Bogota
IMG_170.jpg,Colombia,Bogota
IMG_171.jpg,Colombia,Bogota
IMG_171_1.jpg,Colombia,Bogota
IMG_172.jpg,Colombia,Bogota
IMG_172_1.jpg,Colombia,Bogota
IMG_174.jpg,Colombia,Bogota
IMG_175_1.jpg,Colombia,Bogota
IMG_176.jpg,Colombia,Bogota
IMG_176_1.jpg,Colombia,Bogota
IMG_177.jpg,Colombia,Bogota
IMG_179.jpg,Colombia,Bogota
IMG_180_1.jpg,Colombia,Bogota
IMG_183.jpg,Colombia,Bogota
IMG_183_1.jpg,Colombia,Bogota
IMG_184.jpg,Colombia,Bogota
IMG_184_1.jpg,Colombia,Bogota
IMG_185_1.jpg,Colombia,Bogota
IMG_187.jpg,Colombia,Bogota
IMG_190_1.jpg,Colombia,Bogota
IMG_191.jpg,Colombia,Bogota
IMG_191_1.jpg,Colombia,Bogota
IMG_193.jpg,Colombia,Bogota
IMG_194.jpg,Colombia,Bogota
IMG_195.jpg,Colombia,Bogota
IMG_195_1.jpg,Colombia,Bogota
IMG_197.jpg,Colombia,Bogota
IMG_197_1.jpg,Colombia,Bogota
IMG_198.jpg,Colombia,Bogota
IMG_199_1.jpg,Colombia,Bogota
IMG_200_1.jpg,Colombia,Bogota
IMG_202.jpg,Colombia,Bogota
IMG_20250503_143551856_HDR (1).jpg,Colombia,Cali
IMG_20250503_143701349.jpg,Colombia,Cali
IMG_20250504_113219686_HDR.jpg,Colombia,Cali
IMG_20250529_110152946_HDR.jpg,Colombia,Cali
IMG_20250529_110443268_HDR.jpg,Colombia,Cali
IMG_20250529_111230189_HDR.jpg,Colombia,Cali
IMG_20250529_111408043_HDR.jpg,Colombia,Cali
IMG_20250529_111846492_HDR.jpg,Colombia,Cali
IMG_20250529_113134088_HDR (1).jpg,Colombia,Cali
IMG_20250529_113134088_HDR.jpg,Colombia,Cali
IMG_20250529_113236210_HDR.jpg,Colombia,Cali
IMG_20250529_113335998_HDR.jpg,Colombia,Cali
IMG_20250529_114550916_HDR.jpg,Colombia,Cali
IMG_20250529_114550917_HDR.jpg,Colombia,Cali
IMG_20250530_122407991_HDR.jpg,Colombia,Cali
IMG_20250530_122446174_HDR.jpg,Colombia,Cali
IMG_20250530_122617241_HDR.jpg,Colombia,Cali
IMG_20250530_122922765_HDR.jpg,Colombia,Cali
IMG_20250615_073537945_HDR.jpg,Colombia,Cali
IMG_20250615_073555789_HDR.jpg,Colombia,Cali
IMG_20250616_094056951_HDR.jpg,Colombia,Cali
IMG_20250616_094128941_HDR.jpg,Colombia,Cali
IMG_20250616_094254331_HDR.jpg,Colombia,Cali
IMG_20250616_104906201_HDR.jpg,Colombia,Cali
IMG_20250616_104952144_HDR.jpg,Colombia,Cali
IMG_20250616_105148679_HDR.jpg,Colombia,Cali
IMG_20250616_105157813_HDR.jpg,Colombia,Cali
IMG_20250616_105628445_HDR.jpg,Colombia,Cali
IMG_20250616_105703293_HDR.jpg,Colombia,Cali
IMG_20250616_105936403_HDR.jpg,Colombia,Cali
IMG_20250616_110216994_HDR.jpg,Colombia,Cali
IMG_20250616_110301925_HDR.jpg,Colombia,Cali
IMG_20250618_133308682_HDR.jpg,Colombia,Cali
IMG_20250618_133400422_HDR.jpg,Colombia,Cali
IMG_20250618_133532190_HDR.jpg,Colombia,Cali
IMG_20250618_134634523_HDR.jpg,Colombia,Cali
IMG_20250618_135734138_HDR.jpg,Colombia,Cali
IMG_20250618_135750678_HDR.jpg,Colombia,Cali
IMG_20250618_144745060_HDR.jpg,Colombia,Cali
IMG_20250618_144805402_HDR.jpg,Colombia,Cali
IMG_20250618_144844237_HDR.jpg,Colombia,Cali
IMG_20250618_144955550_HDR.jpg,Colombia,Cali
IMG_20250618_145034350_HDR.jpg,Colombia,Cali
IMG_20250618_145347366_HDR.jpg,Colombia,Cali
IMG_20250618_145347367_HDR.jpg,Colombia,Cali
IMG_20250618_145609728_HDR.jpg,Colombia,Cali
IMG_20250619_134810251_HDR.jpg,Colombia,Cali
IMG_20250620_100722755_HDR.jpg,Colombia,Cali
IMG_20250620_101104967_HDR.jpg,Colombia,Cali
IMG_20250620_101219706_HDR.jpg,Colombia,Cali
IMG_20250620_101711903_HDR.jpg,Colombia,Cali
IMG_20250620_101847564_HDR.jpg,Colombia,Cali
IMG_20250620_102005231_HDR.jpg,Colombia,Cali
IMG_20250620_102005232_HDR.jpg,Colombia,Cali
IMG_20250620_102033103_HDR.jpg,Colombia,Cali
IMG_20250620_102113776_HDR.jpg,Colombia,Cali
IMG_20250620_102201906_HDR.jpg,Colombia,Cali
IMG_20250620_102511347_HDR.jpg,Colombia,Cali
IMG_20250620_102526621_HDR.jpg,Colombia,Cali
IMG_20250620_102609647_HDR.jpg,Colombia,Cali
IMG_20250620_103328740_HDR.jpg,Colombia,Cali
IMG_20250620_103348935_HDR.jpg,Colombia,Cali
IMG_20250620_103551205_HDR.jpg,Colombia,Cali
IMG_20250620_103612079_HDR.jpg,Colombia,Cali
IMG_20250620_103656005_HDR.jpg,Colombia,Cali
IMG_20250620_103801406_HDR.jpg,Colombia,Cali
IMG_20250620_104549833_HDR.jpg,Colombia,Cali
IMG_20250620_104909525_HDR.jpg,Colombia,Cali
IMG_20250620_105008383_HDR.jpg,Colombia,Cali
IMG_20250620_105125149_HDR.jpg,Colombia,Cali
IMG_20250620_105220086_HDR.jpg,Colombia,Cali
IMG_20250620_105307525_HDR.jpg,Colombia,Cali
IMG_20250620_105801620_HDR.jpg,Colombia,Cali
IMG_20250620_105826555_HDR.jpg,Colombia,Cali
IMG_20250620_110742742_HDR.jpg,Colombia,Cali
IMG_20250620_111143924_HDR.jpg,Colombia,Cali
IMG_20250620_111338509_HDR.jpg,Colombia,Cali
IMG_20250620_111419805_HDR.jpg,Colombia,Cali
IMG_20250620_111449826_HDR.jpg,Colombia,Cali
IMG_20250620_111449827_HDR.jpg,Colombia,Cali
IMG_20250620_111556635_HDR.jpg,Colombia,Cali
IMG_20250620_111922786_HDR.jpg,Colombia,Cali
IMG_20250620_112011149_HDR.jpg,Colombia,Cali
IMG_20250620_112204100_HDR.jpg,Colombia,Cali
IMG_20250620_112258761_HDR.jpg,Colombia,Cali
IMG_20250620_112355209_HDR.jpg,Colombia,Cali
IMG_20250620_112444828_HDR.jpg,Colombia,Cali
IMG_20250620_112444829_HDR.jpg,Colombia,Cali
IMG_20250620_114514337_HDR.jpg,Colombia,Cali
IMG_20250620_114749394.jpg,Colombia,Cali
IMG_20250620_114822222_HDR.jpg,Colombia,Cali
IMG_20250620_114859623_HDR.jpg,Colombia,Cali
IMG_20250620_114956951_HDR.jpg,Colombia,Cali
IMG_20250620_115029876_HDR.jpg,Colombia,Cali
IMG_20250620_115228128_HDR.jpg,Colombia,Cali
IMG_20250620_115437027_HDR.jpg,Colombia,Cali
IMG_20250620_115852161_HDR.jpg,Colombia,Cali
IMG_20250620_115852162_HDR.jpg,Colombia,Cali
IMG_20250620_115852163_HDR.jpg,Colombia,Cali
IMG_20250620_120055958_HDR.jpg,Colombia,Cali
IMG_20250620_120133357_HDR.jpg,Colombia,Cali
IMG_20250620_120307292_HDR.jpg,Colombia,Cali
IMG_20250620_120325866_HDR.jpg,Colombia,Cali
IMG_20250620_120546446_HDR.jpg,Colombia,Cali
IMG_20250620_120901024_HDR.jpg,Colombia,Cali
IMG_20250620_121046081_HDR.jpg,Colombia,Cali
IMG_20250622_104133943_HDR.jpg,Colombia,Cali
IMG_20250622_104408877_HDR.jpg,Colombia,Cali
IMG_20250622_104524846_HDR.jpg,Colombia,Cali
IMG_20250622_104615306_HDR.jpg,Colombia,Cali
IMG_20250622_104653717_HDR.jpg,Colombia,Cali
IMG_20250622_104655729_HDR.jpg,Colombia,Cali
IMG_20250622_105110345_HDR.jpg,Colombia,Cali
IMG_20250622_110037575_HDR.jpg,Colombia,Cali
IMG_20250622_110153928_HDR.jpg,Colombia,Cali
IMG_20250622_110707037_BURST000_COVER.jpg,Colombia,Cali
IMG_20250622_110856540_HDR.jpg,Colombia,Cali
IMG_20250622_111240296_HDR.jpg,Colombia,Cali
IMG_20250622_111420378_HDR.jpg,Colombia,Cali
IMG_20250622_111533518_HDR.jpg,Colombia,Cali
IMG_20250622_111842164_HDR.jpg,Colombia,Cali
IMG_20250622_111938148_HDR.jpg,Colombia,Cali
IMG_20250622_112048247_HDR.jpg,Colombia,Cali
IMG_20250622_112151118_HDR.jpg,Colombia,Cali
IMG_20250622_112225239_HDR.jpg,Colombia,Cali
IMG_20250622_112346532_HDR.jpg,Colombia,Cali
IMG_20250622_112459495_HDR.jpg,Colombia,Cali
IMG_20250622_112617217_HDR.jpg,Colombia,Cali
IMG_20250622_112722186_HDR.jpg,Colombia,Cali
IMG_20250622_112811878_HDR.jpg,Colombia,Cali
IMG_20250622_112945128_HDR.jpg,Colombia,Cali
IMG_20250622_113401697_HDR.jpg,Colombia,Cali
IMG_20250622_113407951_HDR.jpg,Colombia,Cali
IMG_20250622_113416031_HDR.jpg,Colombia,Cali
IMG_20250622_113432515_HDR.jpg,Colombia,Cali
IMG_20250622_113433643_HDR.jpg,Colombia,Cali
IMG_20250622_113532976_HDR.jpg,Colombia,Cali
IMG_20250622_113744358_HDR.jpg,Colombia,Cali
IMG_20250624_095625626_HDR.jpg,Colombia,Cali
IMG_20250624_095633259_HDR.jpg,Colombia,Cali
IMG_20250624_095752839_HDR.jpg,Colombia,Cali
IMG_20250624_100507352_HDR.jpg,Colombia,Cali
IMG_20250624_100544783_HDR.jpg,Colombia,Cali
IMG_20250624_102125507_HDR.jpg,Colombia,Cali
IMG_20250624_102845690_HDR.jpg,Colombia,Cali
IMG_20250624_102940367_HDR.jpg,Colombia,Cali
IMG_20250624_103541367_HDR.jpg,Colombia,Cali
IMG_20250624_103712353_HDR.jpg,Colombia,Cali
IMG_20250624_103921861_HDR.jpg,Colombia,Cali
IMG_20250624_104006848_HDR.jpg,Colombia,Cali
IMG_20250624_105211639_HDR.jpg,Colombia,Cali
IMG_20250624_105258252_HDR.jpg,Colombia,Cali
IMG_20250624_105344067_HDR.jpg,Colombia,Cali
IMG_20250624_105609075_HDR.jpg,Colombia,Cali
IMG_20250624_105703085_HDR.jpg,Colombia,Cali
IMG_20250624_105829633_HDR.jpg,Colombia,Cali
IMG_20250624_110303809_HDR.jpg,Colombia,Cali
IMG_20250624_110838937_HDR.jpg,Colombia,Cali
IMG_20250624_111423891_HDR.jpg,Colombia,Cali
IMG_20250624_112322646_HDR.jpg,Colombia,Cali
IMG_20250624_113607504_HDR.jpg,Colombia,Cali
IMG_20250624_114616584_HDR.jpg,Colombia,Cali
IMG_20250624_114821470_HDR.jpg,Colombia,Cali
IMG_20250624_115313950_HDR.jpg,Colombia,Cali
IMG_20250624_115329192_HDR.jpg,Colombia,Cali
IMG_20250624_115628051_HDR.jpg,Colombia,Cali
IMG_20250624_115645663_HDR.jpg,Colombia,Cali
IMG_20250624_115911275_HDR.jpg,Colombia,Cali
IMG_20250624_120132329_HDR.jpg,Colombia,Cali
IMG_20250624_120313302_HDR.jpg,Colombia,Cali
IMG_20250624_120320669_HDR.jpg,Colombia,Cali
IMG_20250624_120425178_HDR.jpg,Colombia,Cali
IMG_20250624_120436740_HDR.jpg,Colombia,Cali
IMG_20250624_120501500_HDR.jpg,Colombia,Cali
IMG_20250624_120514602_HDR.jpg,Colombia,Cali
IMG_20250624_121132639_HDR.jpg,Colombia,Cali
IMG_20250624_121255533_HDR.jpg,Colombia,Cali
IMG_20250624_121607913_HDR.jpg,Colombia,Cali
IMG_20250624_130323103_HDR.jpg,Colombia,Cali
IMG_20250624_130359559.jpg,Colombia,Cali
IMG_20250624_130438817_HDR.jpg,Colombia,Cali
IMG_20250624_130457792_HDR.jpg,Colombia,Cali
IMG_20250624_130511160.jpg,Colombia,Cali
IMG_20250624_130605161_HDR.jpg,Colombia,Cali
IMG_20250624_130612306_HDR.jpg,Colombia,Cali
IMG_20250624_130656664_HDR.jpg,Colombia,Cali
IMG_20250624_130808728_HDR.jpg,Colombia,Cali
IMG_20250624_130816616_HDR.jpg,Colombia,Cali
IMG_20250624_131227494_HDR.jpg,Colombia,Cali
IMG_20250624_131325656_HDR.jpg,Colombia,Cali
IMG_20250624_131351257_HDR.jpg,Colombia,Cali
IMG_20250624_131426655_HDR.jpg,Colombia,Cali
IMG_20250624_131459168_HDR.jpg,Colombia,Cali
IMG_20250624_131543413_HDR.jpg,Colombia,Cali
IMG_20250624_131621985_HDR.jpg,Colombia,Cali
IMG_20250624_131700096_HDR.jpg,Colombia,Cali
IMG_20250624_131805737_HDR.jpg,Colombia,Cali
IMG_20250624_132130955_HDR.jpg,Colombia,Cali
IMG_20250624_132152912_HDR.jpg,Colombia,Cali
IMG_20250624_132428533_HDR.jpg,Colombia,Cali
IMG_20250702_163925533_HDR.jpg,Colombia,Cali
IMG_20250702_164651922_HDR.jpg,Colombia,Cali
IMG_203.jpg,Colombia,Bogota
IMG_208.jpg,Colombia,Bogota
IMG_210.jpg,Colombia,Bogota
IMG_210_1.jpg,Colombia,Bogota
IMG_211.jpg,Colombia,Bogota
IMG_212.jpg,Colombia,Bogota
IMG_213.jpg,Colombia,Bogota
IMG_213_1.jpg,Colombia,Bogota
IMG_215_1.jpg,Colombia,Bogota
IMG_224.jpg,Colombia,Bogota
IMG_225.jpg,Colombia,Bogota
IMG_226.jpg,Colombia,Bogota
IMG_232.jpg,Colombia,Bogota
IMG_232_1.jpg,Colombia,Bogota
IMG_234.jpg,Colombia,Bogota
IMG_235_1.jpg,Colombia,Bogota
IMG_236.jpg,Colombia,Bogota
IMG_236_1.jpg,Colombia,Bogota
IMG_238.jpg,Colombia,Bogota
IMG_238_1.jpg,Colombia,Bogota
IMG_239.jpg,Colombia,Bogota
IMG_240.jpg,Colombia,Bogota
IMG_240_1.jpg,Colombia,Bogota
IMG_243.jpg,Colombia,Bogota
IMG_243_1.jpg,Colombia,Bogota
IMG_246_1.jpg,Colombia,Bogota
IMG_268_1.jpg,Colombia,Bogota
IMG_270_1.jpg,Colombia,Bogota
IMG_271.jpg,Colombia,Bogota
IMG_272.jpg,Colombia,Bogota
IMG_272_1.jpg,Colombia,Bogota
IMG_281.jpg,Colombia,Bogota
IMG_282_1.jpg,Colombia,Bogota
IMG_3013.jpg,Mexico,Mexico City
IMG_3040.jpg,Mexico,Mexico City
IMG_3043.jpg,Mexico,Mexico City
IMG_3044.jpg,Mexico,Mexico City
IMG_3057.jpg,Mexico,Mexico City
IMG_3060.jpg,Mexico,Mexico City
IMG_3061.jpg,Mexico,Mexico City
IMG_3076.jpg,Mexico,Mexico City
IMG_3077.jpg,Mexico,Mexico City
IMG_310.jpg,Colombia,Bogota
IMG_310_1.jpg,Colombia,Bogota
IMG_311.jpg,Colombia,Bogota
IMG_311_1.jpg,Colombia,Bogota
IMG_3130.jpg,Mexico,Mexico City
IMG_316.jpg,Colombia,Bogota
IMG_321.jpg,Colombia,Bogota
IMG_321_1.jpg,Colombia,Bogota
IMG_322.jpg,Colombia,Bogota
IMG_325.jpg,Colombia,Bogota
IMG_327_1.jpg,Colombia,Bogota
IMG_328.jpg,Colombia,Bogota
IMG_328_1.jpg,Colombia,Bogota
IMG_329_1.jpg,Colombia,Bogota
IMG_336.jpg,Colombia,Bogota
IMG_336_1.jpg,Colombia,Bogota
IMG_338.jpg,Colombia,Bogota
IMG_338_1.jpg,Colombia,Bogota
IMG_342.jpg,Colombia,Bogota
IMG_342_1.jpg,Colombia,Bogota
IMG_343.jpg,Colombia,Bogota
IMG_343_1.jpg,Colombia,Bogota
IMG_345_1.jpg,Colombia,Bogota
IMG_349.jpg,Colombia,Bogota
IMG_351.jpg,Colombia,Bogota
IMG_352.jpg,Colombia,Bogota
IMG_352_1.jpg,Colombia,Bogota
IMG_3826.jpg,Mexico,Mexico City
IMG_3875.jpg,Mexico,Mexico City
IMG_4008.jpg,Mexico,Mexico City
IMG_4023.jpg,Mexico,Mexico City
IMG_4107.jpg,Mexico,Mexico City
IMG_4273.jpg,Mexico,Mexico City
IMG_4325.jpg,Mexico,Mexico City
IMG_46.jpg,Colombia,Bogota
IMG_46_1.jpg,Colombia,Bogota
IMG_47.jpg,Colombia,Bogota
IMG_4778.jpg,Mexico,Mexico City
IMG_47_1.jpg,Colombia,Bogota
IMG_48.jpg,Colombia,Bogota
IMG_49.jpg,Colombia,Bogota
IMG_49_1.jpg,Colombia,Bogota
IMG_502.jpg,Colombia,Bogota
IMG_502_1.jpg,Colombia,Bogota
IMG_57.jpg,Colombia,Bogota
IMG_57_1.jpg,Colombia,Bogota
IMG_61_1.jpg,Colombia,Bogota
IMG_62_1.jpg,Colombia,Bogota
IMG_63.jpg,Colombia,Bogota
IMG_63_1.jpg,Colombia,Bogota
IMG_64.jpg,Colombia,Bogota
IMG_66.jpg,Colombia,Bogota
IMG_67.jpg,Colombia,Bogota
IMG_67_1.jpg,Colombia,Bogota
IMG_72_1.jpg,Colombia,Bogota
IMG_73.jpg,Colombia,Bogota
IMG_76.jpg,Colombia,Bogota
IMG_78_1.jpg,Colombia,Bogota
IMG_80.jpg,Colombia,Bogota
IMG_80_1.jpg,Colombia,Bogota
IMG_81_1.jpg,Colombia,Bogota
IMG_82.jpg,Colombia,Bogota
IMG_82_1.jpg,Colombia,Bogota
IMG_84.jpg,Colombia,Bogota
IMG_84_1.jpg,Colombia,Bogota
IMG_86_1.jpg,Colombia,Bogota
IMG_88.jpg,Colombia,Bogota
IMG_88_1.jpg,Colombia,Bogota
IMG_92_1.jpg,Colombia,Bogota
IMG_93_1.jpg,Colombia,Bogota
IMG_94_1.jpg,Colombia,Bogota
IMG_95.jpg,Colombia,Bogota
IMG_96.jpg,Colombia,Bogota
00c8b7d0-56f4-4393-9e7b-1d73329fac03.jpg,Colombia,Medellin
02d0e906-788f-4b0e-8bc4-3c1e6591c0c3.jpg,Colombia,Medellin
05f5b922-88e7-4591-90b8-62ed4a4eae4b.jpg,Colombia,Medellin
06493418-026a-45a1-bee7-d0cec6732573.jpg,Colombia,Medellin
08071e31-9fb6-4fe1-938c-6aa378f5c0e8.jpg,Colombia,Medellin
082e0ed5-2424-432b-9d1b-7b0a5210f8b5.jpg,Colombia,Medellin
0a777b3a-f8a5-4081-9b85-04d4ecd4d158.jpg,Colombia,Medellin
0a8ec340-9d07-4772-b33e-7f11fc1371e9.jpg,Colombia,Medellin
0bec7f8c-ad46-428d-8e24-cc5f6a8666aa.jpg,Colombia,Medellin
0c5ce1f1-4b93-44d9-9658-e3b0d075ddd8.jpg,Colombia,Medellin
0c687d93-aea4-4563-a63f-a1fbebc2e9d8.jpg,Colombia,Medellin
0c9a7fb8-c739-4531-b0da-22b666ce5338.jpg,Colombia,Medellin
0ce99ae8-0233-4e60-8b54-c982ab068af9.jpg,Colombia,Medellin
0d9cb62c-4a75-4d4f-b376-4bfdc655d90e.jpg,Colombia,Medellin
1005338252_2693_2.jpg,Portugal,Lisbon
1005338255_2696_2.jpg,Portugal,Lisbon
1005338267_2708_1.jpg,Portugal,Lisbon
1005338270_2711_2.jpg,Portugal,Lisbon
1005338278_2719_0.jpg,Portugal,Lisbon
1005377984_2737_0.jpg,Portugal,Lisbon
1005377984_2737_2.jpg,Portugal,Lisbon
10614aaa-cbff-4604-b4cb-ff6f7b8320c1.jpg,Colombia,Medellin
10bcade8-1547-4af2-9606-38e9b1ad45e2.jpg,Colombia,Medellin
1183ac14-a3ad-42cd-b6d3-9cd73ec69b80.jpg,Colombia,Medellin
131903600_118_0.jpg,Portugal,Lisbon
165473086_131_1.jpg,Portugal,Lisbon
16899cb1-30fe-4138-bbf3-2f854a2b45dc.jpg,Colombia,Medellin
17c68729-0ad5-41dd-9c63-4180379e9950.jpg,Colombia,Medellin
19078743-f473-4bde-8b8b-2bd39deb65ec.jpg,Colombia,Medellin
19552dd4-25cc-4c2d-b1d3-640f97b012b0.jpg,Colombia,Medellin
1ad8f9b7-6468-4e2f-ba45-adc1fe1e291f.jpg,Colombia,Medellin
1af58dfd-f04e-41f1-aecc-e8a299f9a804.jpg,Colombia,Medellin
1bc8e9db-8222-4926-8f93-dc31d4097791.jpg,Colombia,Medellin
1c069eb8-1b14-402d-9b08-7b3cde1722c3.jpg,Colombia,Medellin
1c9eb985-12c8-4657-bb1c-3ff77cc4bc90.jpg,Colombia,Medellin
1e3e281c-b54c-43e4-b90f-b71446ae3d4d.jpg,Colombia,Medellin
1ed4b779-fb2f-4162-93ac-020165bfbecf.jpg,Colombia,Medellin
1edbee69-e4fe-49d4-814e-92b77c6953d3.jpg,Colombia,Medellin
1f77455c-8406-46c2-afd3-3043c5b564cf.jpg,Colombia,Medellin
20250614_110542.jpg,Mexico,La Paz
207663049_253_0.jpg,Portugal,Lisbon
208587561_273_1.jpg,Portugal,Lisbon
209224962_302_0.jpg,Portugal,Lisbon
209356625_327_1.jpg,Portugal,Lisbon
20f1c599-213d-4e8b-b22d-20125665a8ca.jpg,Colombia,Medellin
220463702_357_0.jpg,Portugal,Lisbon
226739406_388_1.jpg,Portugal,Lisbon
226740039_391_1.jpg,Portugal,Lisbon
226740053_394_2.jpg,Portugal,Lisbon
226740073_400_1.jpg,Portugal,Lisbon
226740075_401_2.jpg,Portugal,Lisbon
227631087_405_0.jpg,Portugal,Lisbon
238480198_419_1.jpg,Portugal,Lisbon
238848327_437_2.jpg,Portugal,Lisbon
241792104_469_1.jpg,Portugal,Lisbon
241792268_470_0.jpg,Portugal,Lisbon
243963179_511_1.jpg,Portugal,Lisbon
2466cc94-3198-47e9-a558-6883e526a849.jpg,Colombia,Medellin
250550478_564_2.jpg,Portugal,Lisbon
2521537e-a012-49d1-80d0-9c4cbccbd6ec.jpg,Colombia,Medellin
291744643_572_2.jpg,Portugal,Lisbon
291744645_573_1.jpg,Portugal,Lisbon
291744650_577_0.jpg,Portugal,Lisbon
291744651_578_0.jpg,Portugal,Lisbon
291782434_589_0.jpg,Portugal,Lisbon
2a814150-44fc-4f82-b45a-1165b8879309.jpg,Colombia,Medellin
2a9905c4-5a53-4f1c-9c80-ec7cd6a62be2.jpg,Colombia,Medellin
2b770a65-3597-45f4-89a5-008a81144d8b.jpg,Colombia,Medellin
2e91e25e-ca0e-4489-9262-9bb665475eb8.jpg,Colombia,Medellin
2f3ef309-7578-454e-8777-42c53163e056.jpg,Colombia,Medellin
2f623077-c72f-42ba-b274-ffb2ed13b4d3.jpg,Colombia,Medellin
2fcc8eb9-a9a9-4697-8f4c-cf7e663c85bf.jpg,Colombia,Medellin
303925248_624_0.jpg,Portugal,Lisbon
303927515_648_0.jpg,Portugal,Lisbon
303927515_648_1.jpg,Portugal,Lisbon
303927518_651_2.jpg,Portugal,Lisbon
303927532_658_2.jpg,Portugal,Lisbon
303927535_661_1.jpg,Portugal,Lisbon
303927535_661_2.jpg,Portugal,Lisbon
303927538_663_0.jpg,Portugal,Lisbon
303927542_666_0.jpg,Portugal,Lisbon
303927554_672_2.jpg,Portugal,Lisbon
304101947_685_2.jpg,Portugal,Lisbon
309936643_825_1.jpg,Portugal,Lisbon
309936645_827_0.jpg,Portugal,Lisbon
309936648_830_0.jpg,Portugal,Lisbon
309936648_830_1.jpg,Portugal,Lisbon
30faefa3-da30-45e0-951a-6d32df922a09.jpg,Colombia,Medellin
31730499_22_0.jpg,Portugal,Lisbon
31731374_25_0.jpg,Portugal,Lisbon
31731525_27_1.jpg,Portugal,Lisbon
31731525_27_2.jpg,Portugal,Lisbon
31731528_29_1.jpg,Portugal,Lisbon
31731724_34_2.jpg,Portugal,Lisbon
3285b80b-23e6-4760-99cd-2ce5327e8087.jpg,Colombia,Medellin
33682754-345a-44d0-a77b-8ddd6d9d1428.jpg,Colombia,Medellin
33bc40db-6155-40d2-9b91-1d23c2842081.jpg,Colombia,Medellin
340790363_842_1.jpg,Portugal,Lisbon
340790364_843_0.jpg,Portugal,Lisbon
340790369_847_0.jpg,Portugal,Lisbon
340790370_848_0.jpg,Portugal,Lisbon
340790371_849_0.jpg,Portugal,Lisbon
340790376_854_1.jpg,Portugal,Lisbon
340790380_858_0.jpg,Portugal,Lisbon
340790383_860_2.jpg,Portugal,Lisbon
340790389_866_1.jpg,Portugal,Lisbon
340790391_868_2.jpg,Portugal,Lisbon
341113766_873_1.jpg,Portugal,Lisbon
341113768_874_1.jpg,Portugal,Lisbon
341113793_890_2.jpg,Portugal,Lisbon
341271043_907_0.jpg,Portugal,Lisbon
341271044_908_1.jpg,Portugal,Lisbon
341271046_910_0.jpg,Portugal,Lisbon
341271046_910_2.jpg,Portugal,Lisbon
341271048_912_1.jpg,Portugal,Lisbon
34a8af41-6088-43c4-ace9-b36623f46618.jpg,Colombia,Medellin
36fb2e8e-f17a-46cb-b29b-50cb3019b19a.jpg,Colombia,Medellin
379681981_959_0.jpg,Portugal,Lisbon
384236c5-3c74-4a77-889f-313b0200d728.jpg,Colombia,Medellin
3912f57d-e41a-41b6-8d05-e4adada33d44.jpg,Colombia,Medellin
3925826a-998c-4cd5-878d-e9bc69ca7295.jpg,Colombia,Medellin
3a0e6cb4-de2b-4779-8c9e-3faf0649a5cf.jpg,Colombia,Medellin
3a0f9d3e-e9a8-4ed7-81d0-fffbf22975b1.jpg,Colombia,Medellin
3a96e784-2c8b-4b5b-aa22-a2a2313bc858.jpg,Colombia,Medellin
3c302df3-f615-4133-abde-0652e64c090a.jpg,Colombia,Medellin
3d1acfea-3433-46d1-ba83-d35ae08bd116.jpg,Colombia,Medellin
3d2038a8-5583-4c07-a2ab-f6fddbed07d5.jpg,Colombia,Medellin
3dafcb28-4ebe-4910-acaa-cfe3d20939fa.jpg,Colombia,Medellin
405711756_969_0.jpg,Portugal,Lisbon
405711758_971_2.jpg,Portugal,Lisbon
405711759_972_0.jpg,Portugal,Lisbon
405711759_972_2.jpg,Portugal,Lisbon
410597037_976_0.jpg,Portugal,Lisbon
410597044_983_1.jpg,Portugal,Lisbon
410597045_984_0.jpg,Portugal,Lisbon
410597065_996_0.jpg,Portugal,Lisbon
410598202_1007_0.jpg,Portugal,Lisbon
412444584_1009_0.jpg,Portugal,Lisbon
419369335_1031_2.jpg,Portugal,Lisbon
419369337_1033_1.jpg,Portugal,Lisbon
419369340_1036_0.jpg,Portugal,Lisbon
419369341_1037_0.jpg,Portugal,Lisbon
419369344_1040_2.jpg,Portugal,Lisbon
419369346_1042_0.jpg,Portugal,Lisbon
419369356_1052_1.jpg,Portugal,Lisbon
419369382_1078_1.jpg,Portugal,Lisbon
419369385_1081_2.jpg,Portugal,Lisbon
419369389_1085_1.jpg,Portugal,Lisbon
419369395_1091_2.jpg,Portugal,Lisbon
419369400_1096_0.jpg,Portugal,Lisbon
419369410_1106_1.jpg,Portugal,Lisbon
419369411_1107_0.jpg,Portugal,Lisbon
419369411_1107_1.jpg,Portugal,Lisbon
419369441_1137_1.jpg,Portugal,Lisbon
419369441_1137_2.jpg,Portugal,Lisbon
41c59f0e-2997-4ec5-b5b0-3e5125dd0c2f.jpg,Colombia,Medellin
425378588_1210_0.jpg,Portugal,Lisbon
425378599_1221_1.jpg,Portugal,Lisbon
425388550_1233_0.jpg,Portugal,Lisbon
43043706-a636-4163-bae7-7a8d20cb5810.jpg,Colombia,Medellin
432043235_1325_0.jpg,Portugal,Lisbon
4618e686-9e68-42d1-8f0b-693ba3e03c24.jpg,Colombia,Medellin
463701239_1342_0.jpg,Portugal,Lisbon
463701245_1348_0.jpg,Portugal,Lisbon
4784f376-4834-4ca5-888a-7aa5f6cb8143.jpg,Colombia,Medellin
49e4446f-d331-4bd5-8a4b-b222492a40a6.jpg,Colombia,Medellin
4a66ed77-4056-4ae6-b90f-9010f4554da6.jpg,Colombia,Medellin
4fae28b9-d4d7-447e-bff3-10903a4b1915.jpg,Colombia,Medellin
51fba56e-a50a-453c-9222-1b4ce0fe9a0a.jpg,Colombia,Medellin
533485427_1382_0.jpg,Portugal,Lisbon
547705655_1406_0.jpg,Portugal,Lisbon
547706980_1417_2.jpg,Portugal,Lisbon
5552d851-8f4a-4251-9302-39793686ad27.jpg,Colombia,Medellin
557d35d5-c7d2-431b-a027-3979b8611b67.jpg,Colombia,Medellin
558277326_1431_2.jpg,Portugal,Lisbon
558277327_1432_1.jpg,Portugal,Lisbon
5689a1fb-f487-4e80-b10a-97270a3c4e1a.jpg,Colombia,Medellin
57393391-99e7-4a7a-b7ad-de6fc5c659d4.jpg,Colombia,Medellin
579006394_1454_1.jpg,Portugal,Lisbon
57ed64be-79b6-43dc-b483-8e031d3d8a1b.jpg,Colombia,Medellin
5c699f6b-984e-40af-9234-685e309bd534.jpg,Colombia,Medellin
5db770ed-5d58-4b23-b3ac-817a04a686c3.jpg,Colombia,Medellin
5f851112-809b-4311-96d0-b82b28991558.jpg,Colombia,Medellin
60e8f073-2077-404c-a553-f385c89d7250.jpg,Colombia,Medellin
60f02ba0-f82f-4b5b-b1f6-76783f5a475d.jpg,Colombia,Medellin
617eb6da-bbb6-4e5d-8a97-3a2fd7d694ba.jpg,Colombia,Medellin
626346790_1475_1.jpg,Portugal,Lisbon
626346790_1475_2.jpg,Portugal,Lisbon
626346794_1479_0.jpg,Portugal,Lisbon
638884730_1498_0.jpg,Portugal,Lisbon
64ed1d0f-fd49-4f64-90bb-ebdce8631e63.jpg,Colombia,Medellin
660341840_1502_1.jpg,Portugal,Lisbon
66e6b4d4-50c4-42bd-9c46-7ab6767b3eb4.jpg,Colombia,Medellin
6ba6bebe-09c9-40c9-b7fc-4d564b889a28.jpg,Colombia,Medellin
6d04f84f-66cf-432e-823a-2d31ca1ec2dd.jpg,Colombia,Medellin
704757594_1526_0.jpg,Portugal,Lisbon
704762480_1550_1.jpg,Portugal,Lisbon
704762482_1552_2.jpg,Portugal,Lisbon
704762486_1556_0.jpg,Portugal,Lisbon
704764139_1557_1.jpg,Portugal,Lisbon
704764142_1560_0.jpg,Portugal,Lisbon
704764142_1560_2.jpg,Portugal,Lisbon
704767848_1578_0.jpg,Portugal,Lisbon
704767855_1582_1.jpg,Portugal,Lisbon
704767861_1587_0.jpg,Portugal,Lisbon
705094740_1621_1.jpg,Portugal,Lisbon
705099151_1656_0.jpg,Portugal,Lisbon
705099154_1659_1.jpg,Portugal,Lisbon
705099156_1661_1.jpg,Portugal,Lisbon
705099158_1663_2.jpg,Portugal,Lisbon
705099496_1681_1.jpg,Portugal,Lisbon
705099497_1682_0.jpg,Portugal,Lisbon
705099497_1682_2.jpg,Portugal,Lisbon
708516270_1695_0.jpg,Portugal,Lisbon
708516273_1698_1.jpg,Portugal,Lisbon
708520232_1735_2.jpg,Portugal,Lisbon
708520237_1740_1.jpg,Portugal,Lisbon
708521502_1745_1.jpg,Portugal,Lisbon
718be32b-7c93-4325-bd8f-59aa73fcaa55.jpg,Colombia,Medellin
732d97ae-c136-4e19-838f-bb1e2e16e458.jpg,Colombia,Medellin
734d12c8-9b3e-45e7-ac34-d6cad927bccd.jpg,Colombia,Medellin
74a9454b-20b6-42c2-925a-4a6a7fed337d.jpg,Colombia,Medellin
756235757_1883_1.jpg,Portugal,Lisbon
766404114_1895_1.jpg,Portugal,Lisbon
7763ebaf-ca67-419d-bba8-37ab13ce2979.jpg,Colombia,Medellin
78897d94-77b7-4d97-b057-125193ff6d9d.jpg,Colombia,Medellin
7ae0c803-8e40-4e6e-a68a-064f047276b3.jpg,Colombia,Medellin
7b311783-16e6-40c6-abc6-f6f4f8ad961f.jpg,Colombia,Medellin
7d085663-1fb1-400f-be47-c26ffc2f013b.jpg,Colombia,Medellin
7e8ee515-cb68-4012-ba2d-216edc28bc08.jpg,Colombia,Medellin
808c0dbb-3b2f-45fc-8f79-8acd5c38282e.jpg,Colombia,Medellin
810768337_1901_1.jpg,Portugal,Lisbon
810768340_1903_2.jpg,Portugal,Lisbon
810768341_1904_0.jpg,Portugal,Lisbon
810768345_1908_0.jpg,Portugal,Lisbon
81dbc82b-4a8d-408b-880d-f360104990cd.jpg,Colombia,Medellin
849054622_1916_0.jpg,Portugal,Lisbon
849054622_1916_1.jpg,Portugal,Lisbon
849054624_1918_1.jpg,Portugal,Lisbon
849054625_1919_1.jpg,Portugal,Lisbon
849054628_1922_0.jpg,Portugal,Lisbon
849054628_1922_1.jpg,Portugal,Lisbon
855943888_1926_1.jpg,Portugal,Lisbon
857946259_1939_1.jpg,Portugal,Lisbon
857946260_1940_0.jpg,Portugal,Lisbon
857946261_1941_2.jpg,Portugal,Lisbon
857946262_1942_0.jpg,Portugal,Lisbon
857946262_1942_2.jpg,Portugal,Lisbon
857946263_1943_0.jpg,Portugal,Lisbon
857946263_1943_2.jpg,Portugal,Lisbon
864246876_1970_2.jpg,Portugal,Lisbon
866102976_1974_1.jpg,Portugal,Lisbon
866102977_1975_2.jpg,Portugal,Lisbon
866102979_1977_1.jpg,Portugal,Lisbon
866102984_1982_2.jpg,Portugal,Lisbon
866102991_1989_1.jpg,Portugal,Lisbon
866103026_2024_2.jpg,Portugal,Lisbon
866103035_2033_2.jpg,Portugal,Lisbon
877053b7-c6f9-4061-9a33-114603b924e4.jpg,Colombia,Medellin
88a8ec7d-879a-4a85-90f3-050cd4babdf7.jpg,Colombia,Medellin
88f8fb3c-79f6-4700-989d-74eac69976df.jpg,Colombia,Medellin
895621739_2104_1.jpg,Portugal,Lisbon
895621740_2105_1.jpg,Portugal,Lisbon
895895716_2130_0.jpg,Portugal,Lisbon
895895717_2131_0.jpg,Portugal,Lisbon
895895721_2134_1.jpg,Portugal,Lisbon
896729174_2138_1.jpg,Portugal,Lisbon
896729178_2142_0.jpg,Portugal,Lisbon
896729178_2142_1.jpg,Portugal,Lisbon
896733237_2149_0.jpg,Portugal,Lisbon
896733244_2156_0.jpg,Portugal,Lisbon
896733245_2157_0.jpg,Portugal,Lisbon
896746911_2158_2.jpg,Portugal,Lisbon
896746916_2163_1.jpg,Portugal,Lisbon
896746925_2172_1.jpg,Portugal,Lisbon
896746926_2173_0.jpg,Portugal,Lisbon
896746927_2174_2.jpg,Portugal,Lisbon
896746929_2176_0.jpg,Portugal,Lisbon
896746929_2176_2.jpg,Portugal,Lisbon
89abe05f-38ce-4830-afa9-3844aff474ca.jpg,Colombia,Medellin
8a909786-dcd6-4087-9064-b76c773644a5.jpg,Colombia,Medellin
8b4b0c75-7618-45a9-9458-d01a20ffad2f.jpg,Colombia,Medellin
8cc56b69-0c93-4548-b865-17aa4cdaf90e.jpg,Colombia,Medellin
8d9ea774-c67a-43cf-ae14-b28e392e17f8.jpg,Colombia,Medellin
8dd291c2-72aa-4b73-aabf-d8d85ed74b36.jpg,Colombia,Medellin
8e89a617-574e-4df7-a991-e0e106fa2f30.jpg,Colombia,Medellin
8f07cc5f-f574-4988-a853-b5c5dea7807c.jpg,Colombia,Medellin
8fc8631f-0811-4fd7-90f3-6840a5ab75ec.jpg,Colombia,Medellin
902259245_2186_0.jpg,Portugal,Lisbon
902259253_2194_2.jpg,Portugal,Lisbon
902643345_2202_1.jpg,Portugal,Lisbon
902643351_2208_1.jpg,Portugal,Lisbon
914cd70d-57c5-4a77-b1ab-8edb1dbd6c9c.jpg,Colombia,Medellin
915d7283-3380-4774-9c80-8006966bff4b.jpg,Colombia,Medellin
92aa9b32-491f-410e-a33d-ba6379780554.jpg,Colombia,Medellin
93d0a700-960b-4866-a11c-55d65e67d4a4.jpg,Colombia,Medellin
946e8678-a398-4d70-87b0-3a8690acd1d8.jpg,Colombia,Medellin
966a2b2a-90d7-49f1-b271-90f519e918be.jpg,Colombia,Medellin
97678471_49_1.jpg,Portugal,Lisbon
97680526_63_1.jpg,Portugal,Lisbon
97680527_64_0.jpg,Portugal,Lisbon
97680549_72_0.jpg,Portugal,Lisbon
97680556_75_2.jpg,Portugal,Lisbon
97680580_85_2.jpg,Portugal,Lisbon
977461208_2211_1.jpg,Portugal,Lisbon
987156812_2221_2.jpg,Portugal,Lisbon
987156813_2222_2.jpg,Portugal,Lisbon
987156823_2232_0.jpg,Portugal,Lisbon
987156829_2238_0.jpg,Portugal,Lisbon
987156829_2238_1.jpg,Portugal,Lisbon
987156839_2248_0.jpg,Portugal,Lisbon
987168413_2257_0.jpg,Portugal,Lisbon
987168413_2257_1.jpg,Portugal,Lisbon
987168413_2257_2.jpg,Portugal,Lisbon
987168418_2262_1.jpg,Portugal,Lisbon
987168427_2271_2.jpg,Portugal,Lisbon
987168429_2273_0.jpg,Portugal,Lisbon
987168430_2274_2.jpg,Portugal,Lisbon
987168453_2297_0.jpg,Portugal,Lisbon
987807597_2410_0.jpg,Portugal,Lisbon
988071492_2565_1.jpg,Portugal,Lisbon
988071492_2565_2.jpg,Portugal,Lisbon
9a4d8937-132d-4832-ba00-d1110278e653.jpg,Colombia,Medellin
9abcf417-2085-4af7-ab53-7f037186c573.jpg,Colombia,Medellin
9cf4c367-2fbe-45a9-bec7-2685bf996812.jpg,Colombia,Medellin
9dff6e5f-ec8d-41bf-9826-50d22f676c66.jpg,Colombia,Medellin
a0a32764-ac81-4d87-bd81-edeb3a0c585d.jpg,Colombia,Medellin
a10ca832-98b6-4372-921d-d36b3e474041.jpg,Colombia,Medellin
a2139f67-8873-4c01-87c2-2030117ab657.jpg,Colombia,Medellin
a2cd7fe9-f01c-4d29-962c-a01c0c16de71.jpg,Colombia,Medellin
ae977585-c0a0-4b7f-bdcd-57855c3302f5.jpg,Colombia,Medellin
af7d0f1e-e283-4d78-9d66-1ba4fbd4fe91.jpg,Colombia,Medellin
b197197d-8c4b-43d1-ae1a-cac3e5b5740a.jpg,Colombia,Medellin
b34d61e8-3c2c-4313-a1fc-32271ca289f6.jpg,Colombia,Medellin
b386f2a3-2272-4ed5-907d-d4616eb29bfb.jpg,Colombia,Medellin
b6e0cb35-5da0-41d7-9691-7c3fd4b24521.jpg,Colombia,Medellin
b74bc75a-16c3-4c56-8af3-7730dc3f7403.jpg,Colombia,Medellin
b7bbc3c9-e74f-47d6-a05b-6c00e73820f7.jpg,Colombia,Medellin
bdd1948d-f301-40cd-9e65-a6596a442234.jpg,Colombia,Medellin
bf6702bc-b2b7-481a-816d-5696948cdc5b.jpg,Colombia,Medellin
bfa2b808-d2b4-483f-8265-9a3812956797.jpg,Colombia,Medellin
c0c7d144-7650-4b27-8747-f4abe00c3126.jpg,Colombia,Medellin
c3de2f5f-78de-4f69-808a-cdac8b041eec.jpg,Colombia,Medellin
c7d6c234-0f52-43c2-a84f-cb0f7219a00e.jpg,Colombia,Medellin
cad42854-38ba-4d79-afcc-d1efa72551fa.jpg,Colombia,Medellin
Cali_009.jpg,Colombia,Cali
Cali_014.jpg,Colombia,Cali
Cali_017.jpg,Colombia,Cali
Cali_023.jpg,Colombia,Cali
Cali_027.jpg,Colombia,Cali
Cali_036.jpg,Colombia,Cali
Cali_039.jpg,Colombia,Cali
Cali_040.jpg,Colombia,Cali
Cali_041.jpg,Colombia,Cali
Cali_043.jpg,Colombia,Cali
Cali_051.jpg,Colombia,Cali
Cali_055.jpg,Colombia,Cali
Cali_060.jpg,Colombia,Cali
Cali_061.jpg,Colombia,Cali
Cali_063.jpg,Colombia,Cali
Cali_064.jpg,Colombia,Cali
Cali_065.jpg,Colombia,Cali
Cali_067.jpg,Colombia,Cali
Cali_068.jpg,Colombia,Cali
Cali_069.jpg,Colombia,Cali
Cali_070.jpg,Colombia,Cali
Cali_080.jpg,Colombia,Cali
Cali_081.jpg,Colombia,Cali
Cali_083.jpg,Colombia,Cali
Cali_085.jpg,Colombia,Cali
Cali_087.jpg,Colombia,Cali
Cali_091.jpg,Colombia,Cali
Cali_097.jpg,Colombia,Cali
Cali_098.jpg,Colombia,Cali
Cali_099.jpg,Colombia,Cali
Cali_101.jpg,Colombia,Cali
cb149571-79a8-4802-8bf5-04f2fc56c525.jpg,Colombia,Medellin
cba0085d-e4a7-4ddf-9555-ccf187be1b2e.jpg,Colombia,Medellin
cd87f576-e774-4f8e-99ab-fb0f1be051df.jpg,Colombia,Medellin
cdd86651-a3d7-478d-9c07-ecfdbc3f4350.jpg,Colombia,Medellin
d08e517d-da75-4235-a954-3ec29f7d1f41.jpg,Colombia,Medellin
d0f7eadb-1db1-4631-b232-dd4f0b77b63b.jpg,Colombia,Medellin
d1aefd3e-a8aa-4309-9362-9db9fcc13428.jpg,Colombia,Medellin
d1bce59c-4551-420d-952a-24005597540b.jpg,Colombia,Medellin
d5ddbce3-5022-438a-ab4e-83a2d0192474.jpg,Colombia,Medellin
dbc71ce2-794d-4817-9f3f-31eef71ae750.jpg,Colombia,Medellin
dbd7a774-21bc-48f3-90c7-ba5d762553c4.jpg,Colombia,Medellin
dcc0abda-83aa-4adf-8529-608da03a431b.jpg,Colombia,Medellin
dfcfb46b-044f-430c-bd90-4c8cb65f7c6c.jpg,Colombia,Medellin
e3fa0bc3-a175-4529-9367-b1c06b534f71.jpg,Colombia,Medellin
e54c2e34-5210-4cda-a215-aae00cedd133.jpg,Colombia,Medellin
e594a8ff-f33a-40c6-8cf1-b0fedc049f17.jpg,Colombia,Medellin
ea3f7b85-b991-4c52-9476-68a800dcd822.jpg,Colombia,Medellin
ea4c81cd-2c9b-47a3-8b98-885cf1ea4e8a.jpg,Colombia,Medellin
edcaad4e-a448-4b0f-b0fe-9a7791b3d438.jpg,Colombia,Medellin
eec914a5-d131-42df-857a-7a641922386f.jpg,Colombia,Medellin
eed84573-2d3a-44ae-b95b-fc9f3f2706a8.jpg,Colombia,Medellin
f072e966-11f1-4d00-ba25-1ad7ac79d284.jpg,Colombia,Medellin
f0c60998-ba0e-4ef0-a909-9ca0dea84fcf.jpg,Colombia,Medellin
f1be0f9b-ef32-4451-9e2e-5ae17284da5c.jpg,Colombia,Medellin
f59f02d8-1365-4760-bb13-f2b11e2e8a87.jpg,Colombia,Medellin
f6eece76-d881-4482-b505-09a7f2461380.jpg,Colombia,Medellin
f823e09b-819b-479f-ab22-256e8e011e4f.jpg,Colombia,Medellin
f83932ad-03fc-4cc8-bc41-1f3db8b2242c.jpg,Colombia,Medellin
fa22d846-20ea-4f23-a9db-2601ca0371bc.jpg,Colombia,Medellin
fbcd5e3e-8ef9-492d-9c5e-85957b87dfe3.jpg,Colombia,Medellin
IMG_0279.jpg,Mexico,Mexico City
IMG_1002_1.jpg,Colombia,Bogota
IMG_1004.jpg,Colombia,Bogota
IMG_1014.jpg,Colombia,Bogota
IMG_1017.jpg,Colombia,Bogota
IMG_1017_1.jpg,Colombia,Bogota
IMG_1019.jpg,Colombia,Bogota
IMG_1019_1.jpg,Colombia,Bogota
IMG_1024.jpg,Colombia,Bogota
IMG_1024_1.jpg,Colombia,Bogota
IMG_1032.jpg,Colombia,Bogota
IMG_1047_1.jpg,Colombia,Bogota
IMG_1048.jpg,Colombia,Bogota
IMG_1051.jpg,Colombia,Bogota
IMG_1054.jpg,Colombia,Bogota
IMG_1059.jpg,Colombia,Bogota
IMG_1062.jpg,Colombia,Bogota
IMG_1064.jpg,Colombia,Bogota
IMG_1069.jpg,Colombia,Bogota
IMG_1069_1.jpg,Colombia,Bogota
IMG_1072.jpg,Colombia,Bogota
IMG_1079.jpg,Colombia,Bogota
IMG_1085.jpg,Colombia,Bogota
IMG_1085_1.jpg,Colombia,Bogota
IMG_1087.jpg,Colombia,Bogota
IMG_1087_1.jpg,Colombia,Bogota
IMG_1123.jpg,Colombia,Bogota
IMG_1126.jpg,Colombia,Bogota
IMG_1129.jpg,Colombia,Bogota
IMG_120_1.jpg,Colombia,Bogota
IMG_1211.jpg,Colombia,Bogota
IMG_1215.jpg,Colombia,Bogota
IMG_1230.jpg,Colombia,Bogota
IMG_1231.jpg,Colombia,Bogota
IMG_1231_1.jpg,Colombia,Bogota
IMG_1242.jpg,Colombia,Bogota
IMG_1253.jpg,Colombia,Bogota
IMG_1263.jpg,Colombia,Bogota
IMG_13.jpg,Colombia,Bogota
IMG_1318.jpg,Colombia,Bogota
IMG_1331.jpg,Colombia,Bogota
IMG_1343.jpg,Colombia,Bogota
IMG_1351.jpg,Colombia,Bogota
IMG_1362.jpg,Colombia,Bogota
IMG_138_1.jpg,Colombia,Bogota
IMG_13_1.jpg,Colombia,Bogota
IMG_140.jpg,Colombia,Bogota
IMG_140_1.jpg,Colombia,Bogota
IMG_141.jpg,Colombia,Bogota
IMG_1419.jpg,Colombia,Bogota
IMG_141_1.jpg,Colombia,Bogota
IMG_1420.jpg,Colombia,Bogota
IMG_1425.jpg,Colombia,Bogota
IMG_1429.jpg,Colombia,Bogota
IMG_1436.jpg,Colombia,Bogota
IMG_1438.jpg,Colombia,Bogota
IMG_1440.jpg,Colombia,Bogota
IMG_1444.jpg,Colombia,Bogota
IMG_1447.jpg,Colombia,Bogota
IMG_1475.jpg,Colombia,Bogota
IMG_165.jpg,Colombia,Bogota
IMG_196.jpg,Colombia,Bogota
IMG_20.jpg,Colombia,Bogota
IMG_20250426_155142552_HDR.jpg,Colombia,Cali
IMG_20250426_155850502_HDR.jpg,Colombia,Cali
IMG_20250426_160407280_HDR.jpg,Colombia,Cali
IMG_20250426_160407281_HDR.jpg,Colombia,Cali
IMG_20250426_160631649_HDR.jpg,Colombia,Cali
IMG_20250426_160759361_HDR.jpg,Colombia,Cali
IMG_20250426_160832974_HDR.jpg,Colombia,Cali
IMG_20250503_151413197.jpg,Colombia,Cali
IMG_20250504_115222816_HDR.jpg,Colombia,Cali
IMG_20250504_115310339_HDR.jpg,Colombia,Cali
IMG_20250504_115916758_HDR.jpg,Colombia,Cali
IMG_20250504_115916759_HDR.jpg,Colombia,Cali
IMG_20250504_120803012_HDR.jpg,Colombia,Cali
IMG_20250504_120803013_HDR.jpg,Colombia,Cali
IMG_20250527_083224136_HDR.jpg,Colombia,Cali
IMG_20250527_083238089_HDR.jpg,Colombia,Cali
IMG_20250527_083311795_HDR.jpg,Colombia,Cali
IMG_20250527_083605246_HDR.jpg,Colombia,Cali
IMG_20250527_083800431_HDR.jpg,Colombia,Cali
IMG_20250527_084017278_HDR.jpg,Colombia,Cali
IMG_20250527_084034646_HDR.jpg,Colombia,Cali
IMG_20250527_084125984_HDR.jpg,Colombia,Cali
IMG_20250527_084204116_HDR.jpg,Colombia,Cali
IMG_20250527_084221566_HDR.jpg,Colombia,Cali
IMG_20250527_084242336_HDR.jpg,Colombia,Cali
IMG_20250527_084334959_HDR.jpg,Colombia,Cali
IMG_20250527_084343615_HDR.jpg,Colombia,Cali
IMG_20250527_084512424_HDR.jpg,Colombia,Cali
IMG_20250527_084634360_HDR.jpg,Colombia,Cali
IMG_20250527_084747214_HDR.jpg,Colombia,Cali
IMG_20250527_084757642_HDR.jpg,Colombia,Cali
IMG_20250527_084910720_HDR.jpg,Colombia,Cali
IMG_20250527_085039054_HDR.jpg,Colombia,Cali
IMG_20250527_085051884_HDR.jpg,Colombia,Cali
IMG_20250527_085115907_HDR.jpg,Colombia,Cali
IMG_20250527_085137941_HDR.jpg,Colombia,Cali
IMG_20250527_085345527_HDR.jpg,Colombia,Cali
IMG_20250527_085407507_HDR.jpg,Colombia,Cali
IMG_20250527_085827782_HDR.jpg,Colombia,Cali
IMG_20250527_085848826_HDR.jpg,Colombia,Cali
IMG_20250527_090010069_HDR.jpg,Colombia,Cali
IMG_20250527_090140172_HDR.jpg,Colombia,Cali
IMG_20250527_090211664_HDR.jpg,Colombia,Cali
IMG_20250527_090320230_HDR.jpg,Colombia,Cali
IMG_20250527_090402544_HDR.jpg,Colombia,Cali
IMG_20250527_091403923.jpg,Colombia,Cali
IMG_20250527_091433028_HDR.jpg,Colombia,Cali
IMG_20250527_091555943_HDR.jpg,Colombia,Cali
IMG_20250527_091639641_HDR.jpg,Colombia,Cali
IMG_20250527_091756497_HDR.jpg,Colombia,Cali
IMG_20250527_091811784_HDR.jpg,Colombia,Cali
IMG_20250527_092208630_HDR.jpg,Colombia,Cali
IMG_20250527_092227026_HDR.jpg,Colombia,Cali
IMG_20250527_092436357_HDR.jpg,Colombia,Cali
IMG_20250527_092457787_HDR.jpg,Colombia,Cali
IMG_20250527_093322915_HDR.jpg,Colombia,Cali
IMG_20250527_093333947_HDR.jpg,Colombia,Cali
IMG_20250527_093359381_HDR.jpg,Colombia,Cali
IMG_20250527_094238275_HDR.jpg,Colombia,Cali
IMG_20250527_094447149_HDR.jpg,Colombia,Cali
IMG_20250527_095129181_HDR.jpg,Colombia,Cali
IMG_20250527_095157353_HDR.jpg,Colombia,Cali
IMG_20250527_095308537_HDR.jpg,Colombia,Cali
IMG_20250527_095503992_HDR.jpg,Colombia,Cali
IMG_20250527_100435970_HDR.jpg,Colombia,Cali
IMG_20250527_100528065_HDR.jpg,Colombia,Cali
IMG_20250529_110947895_HDR.jpg,Colombia,Cali
IMG_20250529_111007069_HDR.jpg,Colombia,Cali
IMG_20250529_111244197_HDR.jpg,Colombia,Cali
IMG_20250529_111706617_HDR.jpg,Colombia,Cali
IMG_20250529_111736989_HDR.jpg,Colombia,Cali
IMG_20250529_112925052_HDR.jpg,Colombia,Cali
IMG_20250529_113721386_HDR.jpg,Colombia,Cali
IMG_20250529_113844519_HDR.jpg,Colombia,Cali
IMG_20250529_113904655_HDR.jpg,Colombia,Cali
IMG_20250529_113904656_HDR.jpg,Colombia,Cali
IMG_20250529_114528182_HDR.jpg,Colombia,Cali
IMG_20250529_114528183_HDR.jpg,Colombia,Cali
IMG_20250529_115613673_HDR.jpg,Colombia,Cali
IMG_20250530_123442604_HDR.jpg,Colombia,Cali
IMG_20250616_101422384_HDR.jpg,Colombia,Cali
IMG_20250616_101526778_HDR.jpg,Colombia,Cali
IMG_20250616_101850333_HDR.jpg,Colombia,Cali
IMG_20250616_102139711_HDR.jpg,Colombia,Cali
IMG_20250616_102323958_HDR.jpg,Colombia,Cali
IMG_20250616_102411165_HDR.jpg,Colombia,Cali
IMG_20250616_102722303_HDR.jpg,Colombia,Cali
IMG_20250616_102747327.jpg,Colombia,Cali
IMG_20250616_102809795_HDR.jpg,Colombia,Cali
IMG_20250616_102827689_HDR.jpg,Colombia,Cali
IMG_20250616_103121656_HDR.jpg,Colombia,Cali
IMG_20250616_103148312_HDR.jpg,Colombia,Cali
IMG_20250616_103211695_HDR.jpg,Colombia,Cali
IMG_20250616_103308726_HDR.jpg,Colombia,Cali
IMG_20250616_103321733_HDR.jpg,Colombia,Cali
IMG_20250616_103334708_HDR.jpg,Colombia,Cali
IMG_20250616_103352875.jpg,Colombia,Cali
IMG_20250617_132048924_HDR.jpg,Colombia,Cali
IMG_20250617_132321800_HDR.jpg,Colombia,Cali
IMG_20250617_132405979_HDR.jpg,Colombia,Cali
IMG_20250617_132550399_HDR.jpg,Colombia,Cali
IMG_20250617_132826668_HDR.jpg,Colombia,Cali
IMG_20250617_133346606_HDR.jpg,Colombia,Cali
IMG_20250617_133434811_HDR.jpg,Colombia,Cali
IMG_20250617_133606668_HDR.jpg,Colombia,Cali
IMG_20250617_135532348_HDR.jpg,Colombia,Cali
IMG_20250617_135614752_HDR.jpg,Colombia,Cali
IMG_20250617_135753226_HDR.jpg,Colombia,Cali
IMG_20250617_135815235_HDR.jpg,Colombia,Cali
IMG_20250617_140046721_HDR.jpg,Colombia,Cali
IMG_20250617_140536551_HDR.jpg,Colombia,Cali
IMG_20250617_141043598_HDR.jpg,Colombia,Cali
IMG_20250617_141207630_HDR.jpg,Colombia,Cali
IMG_20250617_141330016_HDR.jpg,Colombia,Cali
IMG_20250617_141330017_HDR.jpg,Colombia,Cali
IMG_20250617_141814981_HDR.jpg,Colombia,Cali
IMG_20250617_141838496_HDR.jpg,Colombia,Cali
IMG_20250617_141902311_HDR.jpg,Colombia,Cali
IMG_20250617_141916261_HDR.jpg,Colombia,Cali
IMG_20250617_141934774_HDR.jpg,Colombia,Cali
IMG_20250617_142328176_HDR.jpg,Colombia,Cali
IMG_20250617_142328177_HDR.jpg,Colombia,Cali
IMG_20250617_142459313.jpg,Colombia,Cali
IMG_20250617_142711862_HDR.jpg,Colombia,Cali
IMG_20250617_145816654_HDR.jpg,Colombia,Cali
IMG_20250617_145816655_HDR.jpg,Colombia,Cali
IMG_20250617_145928474_HDR.jpg,Colombia,Cali
IMG_20250617_145959465_HDR.jpg,Colombia,Cali
IMG_20250617_150200516_HDR.jpg,Colombia,Cali
IMG_20250617_150200517_HDR.jpg,Colombia,Cali
IMG_20250617_150213676_HDR.jpg,Colombia,Cali
IMG_20250617_150227294_HDR.jpg,Colombia,Cali
IMG_20250617_150227295_HDR.jpg,Colombia,Cali
IMG_20250617_150414231_HDR.jpg,Colombia,Cali
IMG_20250617_150518162.jpg,Colombia,Cali
IMG_20250617_150617188_HDR.jpg,Colombia,Cali
IMG_20250617_150617189_HDR.jpg,Colombia,Cali
IMG_20250617_150641450_HDR.jpg,Colombia,Cali
IMG_20250617_150718285_HDR.jpg,Colombia,Cali
IMG_20250617_151146748_HDR.jpg,Colombia,Cali
IMG_20250617_151207777_HDR.jpg,Colombia,Cali
IMG_20250617_151339425_HDR.jpg,Colombia,Cali
IMG_20250617_151413435_HDR.jpg,Colombia,Cali
IMG_20250617_151522511_HDR.jpg,Colombia,Cali
IMG_20250618_093053197_HDR.jpg,Colombia,Cali
IMG_20250618_093522827_HDR.jpg,Colombia,Cali
IMG_20250618_133915930_HDR.jpg,Colombia,Cali
IMG_20250618_134251451_HDR.jpg,Colombia,Cali
IMG_20250618_134317801_HDR.jpg,Colombia,Cali
IMG_20250618_134324334_HDR.jpg,Colombia,Cali
IMG_20250618_134335417_HDR.jpg,Colombia,Cali
IMG_20250618_134347154_HDR.jpg,Colombia,Cali
IMG_20250618_134401195_HDR.jpg,Colombia,Cali
IMG_20250618_134721563_HDR.jpg,Colombia,Cali
IMG_20250618_134721565_HDR.jpg,Colombia,Cali
IMG_20250618_134736961_HDR.jpg,Colombia,Cali
IMG_20250618_134804612_HDR.jpg,Colombia,Cali
IMG_20250618_134804613_HDR.jpg,Colombia,Cali
IMG_20250618_135058226_HDR.jpg,Colombia,Cali
IMG_20250618_135242826_HDR.jpg,Colombia,Cali
IMG_20250618_135254641_HDR.jpg,Colombia,Cali
IMG_20250618_135411836_HDR.jpg,Colombia,Cali
IMG_20250618_135411837_HDR.jpg,Colombia,Cali
IMG_20250618_135435594_HDR.jpg,Colombia,Cali
IMG_20250618_140251437.jpg,Colombia,Cali
IMG_20250618_140301237_HDR.jpg,Colombia,Cali
IMG_20250618_140450713_HDR.jpg,Colombia,Cali
IMG_20250618_140858292_HDR.jpg,Colombia,Cali
IMG_20250618_140858293_HDR.jpg,Colombia,Cali
IMG_20250618_140922147_HDR.jpg,Colombia,Cali
IMG_20250618_141056621_HDR.jpg,Colombia,Cali
IMG_20250618_142726416_HDR.jpg,Colombia,Cali
IMG_20250618_142726417_HDR.jpg,Colombia,Cali
IMG_20250618_142904965_HDR.jpg,Colombia,Cali
IMG_20250618_144708904_HDR.jpg,Colombia,Cali
IMG_20250618_145050050_HDR.jpg,Colombia,Cali
IMG_20250618_145133451_HDR.jpg,Colombia,Cali
IMG_20250618_145636692_HDR.jpg,Colombia,Cali
IMG_20250618_145652874_HDR.jpg,Colombia,Cali
IMG_20250619_114513036_HDR.jpg,Colombia,Cali
IMG_20250619_115658081_HDR.jpg,Colombia,Cali
IMG_20250619_115722053_HDR.jpg,Colombia,Cali
IMG_20250619_115753383_HDR.jpg,Colombia,Cali
IMG_20250619_115807299_HDR.jpg,Colombia,Cali
IMG_20250619_121800560_HDR.jpg,Colombia,Cali
IMG_20250619_142959661_HDR.jpg,Colombia,Cali
IMG_20250620_102319228_HDR.jpg,Colombia,Cali
IMG_20250620_102350598_HDR.jpg,Colombia,Cali
IMG_20250620_102657549_HDR.jpg,Colombia,Cali
IMG_20250620_103917074_HDR.jpg,Colombia,Cali
IMG_20250620_104916167_HDR.jpg,Colombia,Cali
IMG_20250620_105905282_HDR.jpg,Colombia,Cali
IMG_20250620_105905284_HDR.jpg,Colombia,Cali
IMG_20250620_105933363_HDR.jpg,Colombia,Cali
IMG_20250620_115618969_HDR.jpg,Colombia,Cali
IMG_20250620_115655510_HDR.jpg,Colombia,Cali
IMG_20250620_115802242_HDR.jpg,Colombia,Cali
IMG_20250620_120240452_HDR.jpg,Colombia,Cali
IMG_20250620_121055494_HDR.jpg,Colombia,Cali
IMG_20250621_134142374_HDR.jpg,Colombia,Cali
IMG_20250621_134206456_HDR.jpg,Colombia,Cali
IMG_20250621_134233106_HDR.jpg,Colombia,Cali
IMG_20250621_134349482_HDR.jpg,Colombia,Cali
IMG_20250621_134424511_HDR.jpg,Colombia,Cali
IMG_20250621_134552490_HDR.jpg,Colombia,Cali
IMG_20250621_135025769_HDR.jpg,Colombia,Cali
IMG_20250621_135115626_HDR.jpg,Colombia,Cali
IMG_20250621_135150099_HDR.jpg,Colombia,Cali
IMG_20250621_135216044_HDR.jpg,Colombia,Cali
IMG_20250621_135219906_HDR.jpg,Colombia,Cali
IMG_20250621_135229629_HDR.jpg,Colombia,Cali
IMG_20250621_135316678_HDR.jpg,Colombia,Cali
IMG_20250621_135336697_HDR.jpg,Colombia,Cali
IMG_20250621_135518669_HDR.jpg,Colombia,Cali
IMG_20250621_135534174_HDR.jpg,Colombia,Cali
IMG_20250621_135556985_HDR.jpg,Colombia,Cali
IMG_20250621_135626755_HDR.jpg,Colombia,Cali
IMG_20250621_135653223_HDR.jpg,Colombia,Cali
IMG_20250621_135656162_HDR.jpg,Colombia,Cali
IMG_20250621_135724353_HDR.jpg,Colombia,Cali
IMG_20250621_135734682_HDR.jpg,Colombia,Cali
IMG_20250621_135750486_HDR.jpg,Colombia,Cali
IMG_20250621_140143192_HDR.jpg,Colombia,Cali
IMG_20250621_144011484_HDR.jpg,Colombia,Cali
IMG_20250621_144248080_HDR.jpg,Colombia,Cali
IMG_20250621_144314266_HDR.jpg,Colombia,Cali
IMG_20250621_144841290_HDR.jpg,Colombia,Cali
IMG_20250621_144856837_HDR.jpg,Colombia,Cali
IMG_20250621_145651017_HDR.jpg,Colombia,Cali
IMG_20250621_145651018_HDR.jpg,Colombia,Cali
IMG_20250621_145729049_HDR.jpg,Colombia,Cali
IMG_20250621_145759091_HDR.jpg,Colombia,Cali
IMG_20250621_145851685_HDR.jpg,Colombia,Cali
IMG_20250621_150228112_HDR.jpg,Colombia,Cali
IMG_20250621_150326622_HDR.jpg,Colombia,Cali
IMG_20250621_150418657_HDR.jpg,Colombia,Cali
IMG_20250621_150518188.jpg,Colombia,Cali
IMG_20250621_150615356_HDR.jpg,Colombia,Cali
IMG_20250621_150710889_HDR.jpg,Colombia,Cali
IMG_20250621_150905357_HDR.jpg,Colombia,Cali
IMG_20250621_151217508_HDR.jpg,Colombia,Cali
IMG_20250621_151555342_HDR.jpg,Colombia,Cali
IMG_20250621_152238705_HDR.jpg,Colombia,Cali
IMG_20250621_152257618_HDR.jpg,Colombia,Cali
IMG_20250621_152338924_HDR.jpg,Colombia,Cali
IMG_20250621_152412088_HDR.jpg,Colombia,Cali
IMG_20250621_152518154_HDR.jpg,Colombia,Cali
IMG_20250622_104833456_HDR.jpg,Colombia,Cali
IMG_20250622_104848230.jpg,Colombia,Cali
IMG_20250622_104922791_HDR.jpg,Colombia,Cali
IMG_20250622_104952348_HDR.jpg,Colombia,Cali
IMG_20250622_110308441_HDR.jpg,Colombia,Cali
IMG_20250622_110354460_HDR.jpg,Colombia,Cali
IMG_20250622_110429939_HDR.jpg,Colombia,Cali
IMG_20250622_110624631_HDR.jpg,Colombia,Cali
IMG_20250622_110906808_HDR.jpg,Colombia,Cali
IMG_20250622_112329745_HDR.jpg,Colombia,Cali
IMG_20250622_112642052_HDR.jpg,Colombia,Cali
IMG_20250622_112706341_HDR.jpg,Colombia,Cali
IMG_20250622_113855266_HDR.jpg,Colombia,Cali
IMG_20250622_113911221_HDR.jpg,Colombia,Cali
IMG_20250622_113920275_HDR.jpg,Colombia,Cali
IMG_20250624_095815872_HDR.jpg,Colombia,Cali
IMG_20250624_095834406_HDR.jpg,Colombia,Cali
IMG_20250624_095838714_HDR.jpg,Colombia,Cali
IMG_20250624_100200845_HDR.jpg,Colombia,Cali
IMG_20250624_100258750_HDR.jpg,Colombia,Cali
IMG_20250624_100321645_HDR.jpg,Colombia,Cali
IMG_20250624_100339323_HDR.jpg,Colombia,Cali
IMG_20250624_100820048_HDR.jpg,Colombia,Cali
IMG_20250624_100901140_HDR.jpg,Colombia,Cali
IMG_20250624_101015045_HDR.jpg,Colombia,Cali
IMG_20250624_101237150_HDR.jpg,Colombia,Cali
IMG_20250624_101838440_HDR.jpg,Colombia,Cali
IMG_20250624_101913044_HDR.jpg,Colombia,Cali
IMG_20250624_102531217_HDR.jpg,Colombia,Cali
IMG_20250624_103106862_HDR.jpg,Colombia,Cali
IMG_20250624_110605909_HDR.jpg,Colombia,Cali
IMG_20250624_110727512_HDR.jpg,Colombia,Cali
IMG_20250624_110831045_HDR.jpg,Colombia,Cali
IMG_20250624_110951510_HDR.jpg,Colombia,Cali
IMG_20250624_111049880_HDR.jpg,Colombia,Cali
IMG_20250624_111113462_HDR.jpg,Colombia,Cali
IMG_20250624_111329026_HDR.jpg,Colombia,Cali
IMG_20250624_111911510_HDR.jpg,Colombia,Cali
IMG_20250624_111931699_HDR.jpg,Colombia,Cali
IMG_20250624_112126607_HDR.jpg,Colombia,Cali
IMG_20250624_112211284_HDR.jpg,Colombia,Cali
IMG_20250624_112225943_HDR.jpg,Colombia,Cali
IMG_20250624_112247890_HDR.jpg,Colombia,Cali
IMG_20250624_112550253_HDR.jpg,Colombia,Cali
IMG_20250624_112558245_HDR.jpg,Colombia,Cali
IMG_20250624_112620698_HDR.jpg,Colombia,Cali
IMG_20250624_112629735_HDR.jpg,Colombia,Cali
IMG_20250624_112729461_HDR.jpg,Colombia,Cali
IMG_20250624_112835005_HDR.jpg,Colombia,Cali
IMG_20250624_112910391_HDR.jpg,Colombia,Cali
IMG_20250624_112933462_HDR.jpg,Colombia,Cali
IMG_20250624_112948716_HDR.jpg,Colombia,Cali
IMG_20250624_113107594_HDR.jpg,Colombia,Cali
IMG_20250624_113124119_HDR.jpg,Colombia,Cali
IMG_20250624_113307915_HDR.jpg,Colombia,Cali
IMG_20250624_113434542_HDR.jpg,Colombia,Cali
IMG_20250624_113526698_HDR.jpg,Colombia,Cali
IMG_20250624_113859559_HDR.jpg,Colombia,Cali
IMG_20250624_114110348_HDR.jpg,Colombia,Cali
IMG_20250624_114217296_HDR.jpg,Colombia,Cali
IMG_20250624_115829747_HDR.jpg,Colombia,Cali
IMG_20250624_120117301_HDR.jpg,Colombia,Cali
IMG_20250624_120238390_HDR.jpg,Colombia,Cali
IMG_20250624_121406008_HDR.jpg,Colombia,Cali
IMG_20250624_121437662_HDR.jpg,Colombia,Cali
IMG_20250624_121550773_HDR.jpg,Colombia,Cali
IMG_20250624_121623570_HDR.jpg,Colombia,Cali
IMG_20250624_121655440_HDR.jpg,Colombia,Cali
IMG_20250624_121710481_HDR.jpg,Colombia,Cali
IMG_20250624_130140825_HDR.jpg,Colombia,Cali
IMG_20250624_130153827_HDR.jpg,Colombia,Cali
IMG_20250624_130751197_HDR.jpg,Colombia,Cali
IMG_20250624_131844508_HDR.jpg,Colombia,Cali
IMG_20250624_131913400_HDR.jpg,Colombia,Cali
IMG_20250624_133246246_HDR.jpg,Colombia,Cali
IMG_20250624_133301363_HDR.jpg,Colombia,Cali
IMG_20250624_133316224_HDR.jpg,Colombia,Cali
IMG_20250702_143618542_HDR.jpg,Colombia,Cali
IMG_20250702_143628282_HDR.jpg,Colombia,Cali
IMG_20250702_143634568_HDR.jpg,Colombia,Cali
IMG_20250702_143652764_HDR.jpg,Colombia,Cali
IMG_20250702_143717033_HDR.jpg,Colombia,Cali
IMG_20250702_143839208_HDR.jpg,Colombia,Cali
IMG_20250702_143901341_HDR.jpg,Colombia,Cali
IMG_20250702_143919943_HDR.jpg,Colombia,Cali
IMG_20250702_143936845_HDR.jpg,Colombia,Cali
IMG_20250702_143945210_HDR.jpg,Colombia,Cali
IMG_20250702_144006902_HDR.jpg,Colombia,Cali
IMG_20250702_144031607_HDR.jpg,Colombia,Cali
IMG_20250702_144103086.jpg,Colombia,Cali
IMG_20250702_144138086_HDR.jpg,Colombia,Cali
IMG_20250702_144152325_HDR.jpg,Colombia,Cali
IMG_20250702_144200269_HDR.jpg,Colombia,Cali
IMG_20250702_144231412_HDR.jpg,Colombia,Cali
IMG_20250702_144305350_HDR.jpg,Colombia,Cali
IMG_20250702_144319830_HDR.jpg,Colombia,Cali
IMG_20250702_144330860_HDR.jpg,Colombia,Cali
IMG_20250702_144350140_HDR.jpg,Colombia,Cali
IMG_20250702_144400958_HDR.jpg,Colombia,Cali
IMG_20250702_144507530_HDR.jpg,Colombia,Cali
IMG_20250702_144512939_HDR.jpg,Colombia,Cali
IMG_20250702_144527141_HDR.jpg,Colombia,Cali
IMG_20250702_144605227_HDR.jpg,Colombia,Cali
IMG_20250702_144613062_HDR.jpg,Colombia,Cali
IMG_20250702_144620436_HDR.jpg,Colombia,Cali
IMG_20250702_144631613_HDR.jpg,Colombia,Cali
IMG_20250702_144638569_HDR.jpg,Colombia,Cali
IMG_20250702_144709849_HDR.jpg,Colombia,Cali
IMG_20250702_144737639_HDR.jpg,Colombia,Cali
IMG_20250702_144756605_HDR.jpg,Colombia,Cali
IMG_20250702_144809578_HDR.jpg,Colombia,Cali
IMG_20250702_145028073_HDR.jpg,Colombia,Cali
IMG_20250702_145228882_HDR.jpg,Colombia,Cali
IMG_20250702_145306437_HDR.jpg,Colombia,Cali
IMG_20250702_145321173_HDR.jpg,Colombia,Cali
IMG_20250702_145328369_HDR.jpg,Colombia,Cali
IMG_20250702_145355364_HDR.jpg,Colombia,Cali
IMG_20250702_145426446_HDR.jpg,Colombia,Cali
IMG_20250702_145612134_HDR.jpg,Colombia,Cali
IMG_20250702_145623097_HDR.jpg,Colombia,Cali
IMG_20250702_145721322_HDR.jpg,Colombia,Cali
IMG_20250702_145759602_HDR.jpg,Colombia,Cali
IMG_20250702_145820093_HDR.jpg,Colombia,Cali
IMG_20250702_145841947_HDR.jpg,Colombia,Cali
IMG_20250702_145928465_HDR.jpg,Colombia,Cali
IMG_20250702_150225882_HDR.jpg,Colombia,Cali
IMG_20250702_150257055_HDR.jpg,Colombia,Cali
IMG_20250702_150331588_HDR.jpg,Colombia,Cali
IMG_20250702_150431318_HDR.jpg,Colombia,Cali
IMG_20250702_150622578_HDR.jpg,Colombia,Cali
IMG_20250702_150926529_HDR.jpg,Colombia,Cali
IMG_20250702_150932659_HDR.jpg,Colombia,Cali
IMG_20250702_150939386_HDR.jpg,Colombia,Cali
IMG_20250702_151001768_HDR.jpg,Colombia,Cali
IMG_20250702_151101632_HDR.jpg,Colombia,Cali
IMG_20250702_151135356_HDR.jpg,Colombia,Cali
IMG_20250702_151223105_HDR.jpg,Colombia,Cali
IMG_20250702_151234659_HDR.jpg,Colombia,Cali
IMG_20250702_151254959_HDR.jpg,Colombia,Cali
IMG_20250702_151520031_HDR.jpg,Colombia,Cali
IMG_20250702_151724748_HDR.jpg,Colombia,Cali
IMG_20250702_151833136_HDR.jpg,Colombia,Cali
IMG_20250702_151844955_HDR.jpg,Colombia,Cali
IMG_20250702_151927052.jpg,Colombia,Cali
IMG_20250702_152100554_HDR.jpg,Colombia,Cali
IMG_20250702_152109184_HDR.jpg,Colombia,Cali
IMG_20250702_152137110_HDR.jpg,Colombia,Cali
IMG_20250702_152141579_HDR.jpg,Colombia,Cali
IMG_20250702_152204201_HDR.jpg,Colombia,Cali
IMG_20250702_152249865.jpg,Colombia,Cali
IMG_20250702_152359649_HDR.jpg,Colombia,Cali
IMG_20250702_152508595_HDR.jpg,Colombia,Cali
IMG_20250702_152626090_HDR.jpg,Colombia,Cali
IMG_20250702_152641414_HDR.jpg,Colombia,Cali
IMG_20250702_152727650_HDR.jpg,Colombia,Cali
IMG_20250702_152740796_HDR.jpg,Colombia,Cali
IMG_20250702_152811762_HDR.jpg,Colombia,Cali
IMG_20250702_152824002.jpg,Colombia,Cali
IMG_20250702_152837358_HDR.jpg,Colombia,Cali
IMG_20250702_152917379_HDR.jpg,Colombia,Cali
IMG_20250702_152939200_HDR.jpg,Colombia,Cali
IMG_20250702_152954288_HDR.jpg,Colombia,Cali
IMG_20250702_153014399_HDR.jpg,Colombia,Cali
IMG_20250702_153029889_HDR.jpg,Colombia,Cali
IMG_20250702_153031974_HDR.jpg,Colombia,Cali
IMG_20250702_153038396_HDR.jpg,Colombia,Cali
IMG_20250702_153050269_HDR.jpg,Colombia,Cali
IMG_20250702_153057876_HDR.jpg,Colombia,Cali
IMG_20250702_153104143_HDR.jpg,Colombia,Cali
IMG_20250702_153217745_HDR.jpg,Colombia,Cali
IMG_20250702_153232548_HDR.jpg,Colombia,Cali
IMG_20250702_153254346_HDR.jpg,Colombia,Cali
IMG_20250702_153323856_HDR.jpg,Colombia,Cali
IMG_20250702_153341479_HDR.jpg,Colombia,Cali
IMG_20250702_153356404_HDR.jpg,Colombia,Cali
IMG_20250702_153413320_HDR.jpg,Colombia,Cali
IMG_20250702_153430845_HDR.jpg,Colombia,Cali
IMG_20250702_153433504_HDR.jpg,Colombia,Cali
IMG_20250702_153439150_HDR.jpg,Colombia,Cali
IMG_20250702_153850147_HDR.jpg,Colombia,Cali
IMG_20250702_153856940_HDR.jpg,Colombia,Cali
IMG_20250702_153922749_HDR.jpg,Colombia,Cali
IMG_20250702_153948158_HDR.jpg,Colombia,Cali
IMG_20250702_154242080_HDR.jpg,Colombia,Cali
IMG_20250702_154252062_HDR.jpg,Colombia,Cali
IMG_20250702_154349810_HDR.jpg,Colombia,Cali
IMG_20250702_154426816_HDR.jpg,Colombia,Cali
IMG_20250702_154444704_HDR.jpg,Colombia,Cali
IMG_20250702_154508483.jpg,Colombia,Cali
IMG_20250702_154541473_HDR.jpg,Colombia,Cali
IMG_20250702_154559466_HDR.jpg,Colombia,Cali
IMG_20250702_154613610_HDR.jpg,Colombia,Cali
IMG_20250702_154637588.jpg,Colombia,Cali
IMG_20250702_154639558.jpg,Colombia,Cali
IMG_20250702_154835170_HDR.jpg,Colombia,Cali
IMG_20250702_154929042_HDR.jpg,Colombia,Cali
IMG_20250702_154938410_HDR.jpg,Colombia,Cali
IMG_20250702_155035119_HDR.jpg,Colombia,Cali
IMG_20250702_155050115_HDR.jpg,Colombia,Cali
IMG_20250702_155054143.jpg,Colombia,Cali
IMG_20250702_155058055_HDR.jpg,Colombia,Cali
IMG_20250702_155142454_HDR.jpg,Colombia,Cali
IMG_20250702_155202836_HDR.jpg,Colombia,Cali
IMG_20250702_155211544_HDR.jpg,Colombia,Cali
IMG_20250702_155219833_HDR.jpg,Colombia,Cali
IMG_20250702_155225886_HDR.jpg,Colombia,Cali
IMG_20250702_155236647_HDR.jpg,Colombia,Cali
IMG_20250702_155248018_HDR.jpg,Colombia,Cali
IMG_20250702_155305740_HDR.jpg,Colombia,Cali
IMG_20250702_155332355.jpg,Colombia,Cali
IMG_20250702_155427072_HDR.jpg,Colombia,Cali
IMG_20250702_155428077_HDR.jpg,Colombia,Cali
IMG_20250702_155506736_HDR.jpg,Colombia,Cali
IMG_20250702_155510734_HDR.jpg,Colombia,Cali
IMG_20250702_155530297_HDR.jpg,Colombia,Cali
IMG_20250702_155548451_HDR.jpg,Colombia,Cali
IMG_20250702_155804398_HDR.jpg,Colombia,Cali
IMG_20250702_155809827_HDR.jpg,Colombia,Cali
IMG_20250702_155830811_HDR.jpg,Colombia,Cali
IMG_20250702_155848904_HDR.jpg,Colombia,Cali
IMG_20250702_155925214_HDR.jpg,Colombia,Cali
IMG_20250702_155945862_HDR.jpg,Colombia,Cali
IMG_20250702_160049055_HDR.jpg,Colombia,Cali
IMG_20250702_160104610_HDR.jpg,Colombia,Cali
IMG_20250702_160209134.jpg,Colombia,Cali
IMG_20250702_160233494_HDR.jpg,Colombia,Cali
IMG_20250702_160240409_HDR.jpg,Colombia,Cali
IMG_20250702_160323396_HDR.jpg,Colombia,Cali
IMG_20250702_160347038_HDR.jpg,Colombia,Cali
IMG_20250702_160355537_HDR.jpg,Colombia,Cali
IMG_20250702_160505265.jpg,Colombia,Cali
IMG_20250702_160603229.jpg,Colombia,Cali
IMG_20250702_160657657_HDR.jpg,Colombia,Cali
IMG_20250702_160714192_HDR.jpg,Colombia,Cali
IMG_20250702_160744607_HDR.jpg,Colombia,Cali
IMG_20250702_160904624_HDR.jpg,Colombia,Cali
IMG_20250702_160924855_HDR.jpg,Colombia,Cali
IMG_20250702_160937675_HDR.jpg,Colombia,Cali
IMG_20250702_160951597_HDR.jpg,Colombia,Cali
IMG_20250702_161000656_HDR.jpg,Colombia,Cali
IMG_20250702_161016442_HDR.jpg,Colombia,Cali
IMG_20250702_161040885_HDR.jpg,Colombia,Cali
IMG_20250702_161101098_HDR.jpg,Colombia,Cali
IMG_20250702_161121990.jpg,Colombia,Cali
IMG_20250702_161215436_HDR.jpg,Colombia,Cali
IMG_20250702_161229588_HDR.jpg,Colombia,Cali
IMG_20250702_161344311_HDR.jpg,Colombia,Cali
IMG_20250702_161402704_HDR.jpg,Colombia,Cali
IMG_20250702_161420433.jpg,Colombia,Cali
IMG_20250702_162318022_HDR.jpg,Colombia,Cali
IMG_20250702_162333340_HDR.jpg,Colombia,Cali
IMG_20250702_162359877_HDR.jpg,Colombia,Cali
IMG_20250702_162435155_HDR.jpg,Colombia,Cali
IMG_20250702_162441478_HDR.jpg,Colombia,Cali
IMG_20250702_162500102_HDR.jpg,Colombia,Cali
IMG_20250702_162724376_HDR.jpg,Colombia,Cali
IMG_20250702_162921387_HDR.jpg,Colombia,Cali
IMG_20250702_162957701_HDR.jpg,Colombia,Cali
IMG_20250702_163022253_HDR.jpg,Colombia,Cali
IMG_20250702_163141157_HDR.jpg,Colombia,Cali
IMG_20250702_163557441_HDR.jpg,Colombia,Cali
IMG_20250702_163629395_HDR.jpg,Colombia,Cali
IMG_20250702_163644184_HDR.jpg,Colombia,Cali
IMG_20250702_163706989_HDR.jpg,Colombia,Cali
IMG_20250702_163725406_HDR.jpg,Colombia,Cali
IMG_20250702_163737318_HDR.jpg,Colombia,Cali
IMG_20250702_163752795_HDR.jpg,Colombia,Cali
IMG_20250702_163810758_HDR.jpg,Colombia,Cali
IMG_20250702_163814640_HDR.jpg,Colombia,Cali
IMG_20250702_164155216_HDR.jpg,Colombia,Cali
IMG_20250704_112507365_HDR.jpg,Colombia,Cali
IMG_20250704_112518142_HDR.jpg,Colombia,Cali
IMG_20250704_112520020_HDR.jpg,Colombia,Cali
IMG_20250704_112534642_HDR.jpg,Colombia,Cali
IMG_20250704_112606701_HDR.jpg,Colombia,Cali
IMG_20250704_112615871_HDR.jpg,Colombia,Cali
IMG_20250704_112718868_HDR.jpg,Colombia,Cali
IMG_20250704_112805179_HDR.jpg,Colombia,Cali
IMG_20250704_112824711_HDR.jpg,Colombia,Cali
IMG_20250704_112849319_HDR.jpg,Colombia,Cali
IMG_20250704_112923797_HDR.jpg,Colombia,Cali
IMG_20250704_112936251_HDR.jpg,Colombia,Cali
IMG_20250704_112943049_HDR.jpg,Colombia,Cali
IMG_20250704_112951593_HDR.jpg,Colombia,Cali
IMG_20250704_113038987_HDR.jpg,Colombia,Cali
IMG_20250704_113044755_HDR.jpg,Colombia,Cali
IMG_20250704_113106119_HDR.jpg,Colombia,Cali
IMG_20250704_113115214_HDR.jpg,Colombia,Cali
IMG_20250704_113142176_HDR.jpg,Colombia,Cali
IMG_20250704_113204990_HDR.jpg,Colombia,Cali
IMG_20250704_113215775_HDR.jpg,Colombia,Cali
IMG_20250704_113229209_HDR.jpg,Colombia,Cali
IMG_20250704_113251991_HDR.jpg,Colombia,Cali
IMG_20250704_113301593_HDR.jpg,Colombia,Cali
IMG_20250704_113412898_HDR.jpg,Colombia,Cali
IMG_20250704_113423274_HDR.jpg,Colombia,Cali
IMG_20250704_113448455_HDR.jpg,Colombia,Cali
IMG_20250704_113457646_HDR.jpg,Colombia,Cali
IMG_20250704_113505447_HDR.jpg,Colombia,Cali
IMG_20250704_113530696_HDR.jpg,Colombia,Cali
IMG_20250704_113550226_HDR.jpg,Colombia,Cali
IMG_20250704_113626259_HDR.jpg,Colombia,Cali
IMG_20250704_113637707_HDR.jpg,Colombia,Cali
IMG_20250704_113642619_HDR.jpg,Colombia,Cali
IMG_20250704_113647339_HDR.jpg,Colombia,Cali
IMG_20250704_113658963_HDR.jpg,Colombia,Cali
IMG_20250704_113707174.jpg,Colombia,Cali
IMG_20250704_113716714_HDR.jpg,Colombia,Cali
IMG_20250704_113739883_HDR.jpg,Colombia,Cali
IMG_20250704_113749163.jpg,Colombia,Cali
IMG_20250704_113758767_HDR.jpg,Colombia,Cali
IMG_20250704_113831369_HDR.jpg,Colombia,Cali
IMG_20250704_113855596_HDR.jpg,Colombia,Cali
IMG_20250704_113906206_HDR.jpg,Colombia,Cali
IMG_20250704_113912030_HDR.jpg,Colombia,Cali
IMG_20250704_113914058_HDR.jpg,Colombia,Cali
IMG_20250704_113921489_HDR.jpg,Colombia,Cali
IMG_20250704_114023997_HDR.jpg,Colombia,Cali
IMG_20250704_114103602_HDR.jpg,Colombia,Cali
IMG_20250704_114128183_HDR.jpg,Colombia,Cali
IMG_20250704_114250415_HDR.jpg,Colombia,Cali
IMG_20250704_114254747_HDR.jpg,Colombia,Cali
IMG_20250704_114329100_HDR.jpg,Colombia,Cali
IMG_20250704_114517647_HDR.jpg,Colombia,Cali
IMG_20250704_114532335_HDR.jpg,Colombia,Cali
IMG_20250704_114645492_HDR.jpg,Colombia,Cali
IMG_20250704_114657515_HDR.jpg,Colombia,Cali
IMG_20250704_114948854_HDR.jpg,Colombia,Cali
IMG_20250704_114959910.jpg,Colombia,Cali
IMG_20250704_115013534_HDR.jpg,Colombia,Cali
IMG_20250704_115105096_HDR.jpg,Colombia,Cali
IMG_20250704_115125153_HDR.jpg,Colombia,Cali
IMG_20250704_115201481_HDR.jpg,Colombia,Cali
IMG_20250704_115218385_HDR.jpg,Colombia,Cali
IMG_20250704_115236366_HDR.jpg,Colombia,Cali
IMG_20250704_115322627_HDR.jpg,Colombia,Cali
IMG_20250704_115558180_HDR.jpg,Colombia,Cali
IMG_20250704_115602937.jpg,Colombia,Cali
IMG_20250704_115607404_HDR.jpg,Colombia,Cali
IMG_20250704_115611244_HDR.jpg,Colombia,Cali
IMG_20250704_115622139_HDR.jpg,Colombia,Cali
IMG_20250704_115709599.jpg,Colombia,Cali
IMG_20250704_115713405_HDR.jpg,Colombia,Cali
IMG_20250704_115720524_HDR.jpg,Colombia,Cali
IMG_20250704_115752490_HDR.jpg,Colombia,Cali
IMG_20250704_115804878_HDR.jpg,Colombia,Cali
IMG_20250704_115821838_HDR.jpg,Colombia,Cali
IMG_20250704_115938627_HDR.jpg,Colombia,Cali
IMG_20250704_115942832_HDR.jpg,Colombia,Cali
IMG_20250704_120003359_HDR.jpg,Colombia,Cali
IMG_20250704_120018505_HDR.jpg,Colombia,Cali
IMG_20250704_120148939_HDR.jpg,Colombia,Cali
IMG_20250704_120153239_HDR.jpg,Colombia,Cali
IMG_20250704_120232220_HDR.jpg,Colombia,Cali
IMG_20250704_120240931_HDR.jpg,Colombia,Cali
IMG_20250704_120246866_HDR.jpg,Colombia,Cali
IMG_20250704_120248246_HDR.jpg,Colombia,Cali
IMG_20250704_120312591_HDR.jpg,Colombia,Cali
IMG_20250704_120335051_HDR.jpg,Colombia,Cali
IMG_20250704_120342623_HDR.jpg,Colombia,Cali
IMG_20250704_120405893.jpg,Colombia,Cali
IMG_20250704_120412429_HDR.jpg,Colombia,Cali
IMG_20250704_120429206_HDR.jpg,Colombia,Cali
IMG_20250704_120444901_HDR.jpg,Colombia,Cali
IMG_20250704_120458702_HDR.jpg,Colombia,Cali
IMG_20250704_120536565_HDR.jpg,Colombia,Cali
IMG_206.jpg,Colombia,Bogota
IMG_209.jpg,Colombia,Bogota
IMG_209_1.jpg,Colombia,Bogota
IMG_20_1.jpg,Colombia,Bogota
IMG_214.jpg,Colombia,Bogota
IMG_214_1.jpg,Colombia,Bogota
IMG_216.jpg,Colombia,Bogota
IMG_218_1.jpg,Colombia,Bogota
IMG_222_1.jpg,Colombia,Bogota
IMG_228_1.jpg,Colombia,Bogota
IMG_229.jpg,Colombia,Bogota
IMG_23.jpg,Colombia,Bogota
IMG_23_1.jpg,Colombia,Bogota
IMG_24.jpg,Colombia,Bogota
IMG_24_1.jpg,Colombia,Bogota
IMG_255.jpg,Colombia,Bogota
IMG_255_1.jpg,Colombia,Bogota
IMG_28.jpg,Colombia,Bogota
IMG_280.jpg,Colombia,Bogota
IMG_2804.jpg,Mexico,Mexico City
IMG_280_1.jpg,Colombia,Bogota
IMG_2834.jpg,Mexico,Mexico City
IMG_284_1.jpg,Colombia,Bogota
IMG_285.jpg,Colombia,Bogota
IMG_287.jpg,Colombia,Bogota
IMG_2880.jpg,Mexico,Mexico City
IMG_2967.jpg,Mexico,Mexico City
IMG_308.jpg,Colombia,Bogota
IMG_308_1.jpg,Colombia,Bogota
IMG_324_1.jpg,Colombia,Bogota
IMG_332.jpg,Colombia,Bogota
IMG_353_1.jpg,Colombia,Bogota
IMG_357.jpg,Colombia,Bogota
IMG_362.jpg,Colombia,Bogota
IMG_366_1.jpg,Colombia,Bogota
IMG_368.jpg,Colombia,Bogota
IMG_368_1.jpg,Colombia,Bogota
IMG_377.jpg,Colombia,Bogota
IMG_395.jpg,Colombia,Bogota
IMG_406.jpg,Colombia,Bogota
IMG_4291.jpg,Mexico,Mexico City
IMG_431.jpg,Colombia,Bogota
IMG_433.jpg,Colombia,Bogota
IMG_443.jpg,Colombia,Bogota
IMG_448.jpg,Colombia,Bogota
IMG_454.jpg,Colombia,Bogota
IMG_456.jpg,Colombia,Bogota
IMG_457.jpg,Colombia,Bogota
IMG_468.jpg,Colombia,Bogota
IMG_4815.jpg,Mexico,Mexico City
IMG_4913.jpg,Mexico,Mexico City
IMG_494.jpg,Colombia,Bogota
IMG_495.jpg,Colombia,Bogota
IMG_5.jpg,Colombia,Bogota
IMG_50.jpg,Colombia,Bogota
IMG_501.jpg,Colombia,Bogota
IMG_501_1.jpg,Colombia,Bogota
IMG_506.jpg,Colombia,Bogota
IMG_506_1.jpg,Colombia,Bogota
IMG_507.jpg,Colombia,Bogota
IMG_507_1.jpg,Colombia,Bogota
IMG_508.jpg,Colombia,Bogota
IMG_508_1.jpg,Colombia,Bogota
IMG_50_1.jpg,Colombia,Bogota
IMG_51_1.jpg,Colombia,Bogota
IMG_544.jpg,Colombia,Bogota
IMG_564.jpg,Colombia,Bogota
IMG_564_1.jpg,Colombia,Bogota
IMG_570.jpg,Colombia,Bogota
IMG_584_1.jpg,Colombia,Bogota
IMG_589.jpg,Colombia,Bogota
IMG_589_1.jpg,Colombia,Bogota
IMG_595_1.jpg,Colombia,Bogota
IMG_603.jpg,Colombia,Bogota
IMG_603_1.jpg,Colombia,Bogota
IMG_607.jpg,Colombia,Bogota
IMG_607_1.jpg,Colombia,Bogota
IMG_608.jpg,Colombia,Bogota
IMG_608_1.jpg,Colombia,Bogota
IMG_615.jpg,Colombia,Bogota
IMG_615_1.jpg,Colombia,Bogota
IMG_617.jpg,Colombia,Bogota
IMG_620.jpg,Colombia,Bogota
IMG_632.jpg,Colombia,Bogota
IMG_6362.jpg,Mexico,La Paz
IMG_657_1.jpg,Colombia,Bogota
IMG_660.jpg,Colombia,Bogota
IMG_6882.jpg,Mexico,La Paz
IMG_707.jpg,Colombia,Bogota
IMG_707_1.jpg,Colombia,Bogota
IMG_74_1.jpg,Colombia,Bogota
IMG_912.jpg,Colombia,Bogota
IMG_953.jpg,Colombia,Bogota
IMG_953_1.jpg,Colombia,Bogota
Original_TimePhoto_20250503_142529.jpg,Colombia,Cali
Original_TimePhoto_20250503_144802.jpg,Colombia,Cali
Original_TimePhoto_20250503_144803.jpg,Colombia,Cali
Original_TimePhoto_20250504_112309.jpg,Colombia,Cali
Original_TimePhoto_20250504_113001.jpg,Colombia,Cali
Original_TimePhoto_20250504_113111.jpg,Colombia,Cali
Original_TimePhoto_20250504_114838.jpg,Colombia,Cali
Original_TimePhoto_20250504_115025.jpg,Colombia,Cali
Original_TimePhoto_20250504_120223.jpg,Colombia,Cali
Original_TimePhoto_20250527_095651.jpg,Colombia,Cali
Original_TimePhoto_20250527_095652.jpg,Colombia,Cali
Original_TimePhoto_20250529_111335.jpg,Colombia,Cali
Original_TimePhoto_20250529_111354.jpg,Colombia,Cali
Original_TimePhoto_20250529_112227.jpg,Colombia,Cali
Original_TimePhoto_20250529_112251.jpg,Colombia,Cali
Original_TimePhoto_20250530_100957.jpg,Colombia,Cali
Original_TimePhoto_20250530_100958.jpg,Colombia,Cali
ED_05_03.jpg,,
ED_06_02.jpg,,
ED_07_01.jpg,,
ED_11_03.jpg,,
ED_12_03.jpg,,
ED_14_01.jpg,,
ED_15.jpg,,
ED_16.png,,
ED_17.JPG,,
ED_18.JPG,,
ED10_02.jpg,,
ED11_01.jpg,,
TimePhoto_20250503_142706.jpg,Colombia,Cali
TimePhoto_20250503_142737.jpg,Colombia,Cali
TimePhoto_20250504_114710.jpg,Colombia,Cali
TimePhoto_20250504_114728.jpg,Colombia,Cali
TimePhoto_20250504_115319.jpg,Colombia,Cali
TimePhoto_20250504_115345.jpg,Colombia,Cali
TimePhoto_20250504_115432.jpg,Colombia,Cali
TimePhoto_20250504_120547.jpg,Colombia,Cali
TimePhoto_20250504_120603.jpg,Colombia,Cali
087580103000000920045000000000.jpg,Colombia,Soledad
105002.jpg,Colombia,Cartagena
105228.jpg,Colombia,Cartagena
105589.jpg,Colombia,Cartagena
105843.jpg,Colombia,Cartagena
105948.jpg,Colombia,Cartagena
106112.jpg,Colombia,Cartagena
106233.jpg,Colombia,Cartagena
106279.jpg,Colombia,Cartagena
106665.jpg,Colombia,Cartagena
106674.jpg,Colombia,Cartagena
106700.jpg,Colombia,Cartagena
106702.jpg,Colombia,Cartagena
107123.jpg,Colombia,Cartagena
110024.jpg,Colombia,Cartagena
136025.jpg,Colombia,Cartagena
138119.jpg,Colombia,Cartagena
139133.jpg,Colombia,Cartagena
139139.jpg,Colombia,Cartagena
139228.jpg,Colombia,Cartagena
145612.jpg,Colombia,Santa Marta
145631.jpg,Colombia,Santa Marta
147044.jpg,Colombia,Santa Marta
147118.jpg,Colombia,Santa Marta
147221.jpg,Colombia,Santa Marta
148845.jpg,Colombia,Santa Marta
148871.jpg,Colombia,Santa Marta
150388.jpg,Colombia,Cartagena
150420.jpg,Colombia,Cartagena
151395.jpg,Colombia,Cartagena
151572.jpg,Colombia,Cartagena
151605.jpg,Colombia,Cartagena
151609.jpg,Colombia,Cartagena
151705.jpg,Colombia,Cartagena
151916.jpg,Colombia,Cartagena
151926.jpg,Colombia,Cartagena
151943.jpg,Colombia,Cartagena
152042.jpg,Colombia,Cartagena
152047.jpg,Colombia,Cartagena
152053.jpg,Colombia,Santa Marta
152126.jpg,Colombia,Cartagena
152301.jpg,Colombia,Santa Marta
152302.jpg,Colombia,Santa Marta
153231.jpg,Colombia,Cartagena
153291.jpg,Colombia,Cartagena
153661.jpg,Colombia,Cartagena
153785.jpg,Colombia,Cartagena
153804.jpg,Colombia,Cartagena
154189.jpg,Colombia,Cartagena
154320.jpg,Colombia,Cartagena
154426.jpg,Colombia,Cartagena
155233.jpg,Colombia,Santa Marta
155565.jpg,Colombia,Cartagena
155732.jpg,Colombia,Cartagena
155987.jpg,Colombia,Cartagena
156033.jpg,Colombia,Cartagena
156049.jpg,Colombia,Cartagena
156051.jpg,Colombia,Cartagena
156081.jpg,Colombia,Cartagena
156145.jpg,Colombia,Cartagena
156166.jpg,Colombia,Cartagena
156173.jpg,Colombia,Cartagena
156177.jpg,Colombia,Cartagena
156193.jpg,Colombia,Cartagena
156419.jpg,Colombia,Cartagena
157970.jpg,Colombia,Cartagena
157988.jpg,Colombia,Cartagena
158000.jpg,Colombia,Cartagena
158047.jpg,Colombia,Cartagena
158069.jpg,Colombia,Cartagena
158182.jpg,Colombia,Cartagena
159410.jpg,Colombia,Santa Marta
164467.jpg,Colombia,Santa Marta
164730.jpg,Colombia,Santa Marta
164751.jpg,Colombia,Santa Marta
167891.jpg,Colombia,Cartagena
168295.jpg,Colombia,Cartagena
168409.jpg,Colombia,Cartagena
168980.jpg,Colombia,Cartagena
169233.jpg,Colombia,Cartagena
169401.jpg,Colombia,Cartagena
169429.jpg,Colombia,Cartagena
170576.jpg,Colombia,Cartagena
170619.jpg,Colombia,Cartagena
171639.jpg,Colombia,Cartagena
171644.jpg,Colombia,Cartagena
172831.jpg,Colombia,Barranquilla
172912.jpg,Colombia,Cartagena
172933.jpg,Colombia,Cartagena
173034.jpg,Colombia,Cartagena
173629.jpg,Colombia,Cartagena
173991.jpg,Colombia,Cartagena
174516.jpg,Colombia,Cartagena
174641.jpg,Colombia,Cartagena
175034.jpg,Colombia,Cartagena
175421.jpg,Colombia,Barranquilla
175891.jpg,Colombia,Barranquilla
182766.jpg,Colombia,Barranquilla
185691.jpg,Colombia,Barranquilla
185804.jpg,Colombia,Barranquilla
185848.jpg,Colombia,Barranquilla
186996.jpg,Colombia,Barranquilla
187004.jpg,Colombia,Barranquilla
187030.jpg,Colombia,Barranquilla
189426.jpg,Colombia,Barranquilla
190596.jpg,Colombia,Barranquilla
191450.jpg,Colombia,Barranquilla
191460.jpg,Colombia,Barranquilla
191582.jpg,Colombia,Barranquilla
191601.jpg,Colombia,Barranquilla
191604.jpg,Colombia,Barranquilla
191615.jpg,Colombia,Barranquilla
192446.jpg,Colombia,Santa Marta
193276.jpg,Colombia,Barranquilla
193454.jpg,Colombia,Barranquilla
197818.jpg,Colombia,Santa Marta
197986.jpg,Colombia,Barranquilla
197997.jpg,Colombia,Barranquilla
198067.jpg,Colombia,Barranquilla
198383.jpg,Colombia,Barranquilla
198398.jpg,Colombia,Barranquilla
198404.jpg,Colombia,Barranquilla
198406.jpg,Colombia,Barranquilla
198412.jpg,Colombia,Barranquilla
198445.jpg,Colombia,Barranquilla
198496.jpg,Colombia,Barranquilla
198501.jpg,Colombia,Barranquilla
198520.jpg,Colombia,Barranquilla
198647.jpg,Colombia,Santa Marta
198652.jpg,Colombia,Santa Marta
198875.jpg,Colombia,Santa Marta
201929.jpg,Colombia,Santa Marta
20250605_103711.jpg,Mexico,La Paz
20250605_104350.jpg,Mexico,La Paz
20250605_104814.jpg,Mexico,La Paz
20250605_104911.jpg,Mexico,La Paz
20250605_105407.jpg,Mexico,La Paz
20250605_105605.jpg,Mexico,La Paz
20250605_110231.jpg,Mexico,La Paz
20250605_110821.jpg,Mexico,La Paz
20250605_111129.jpg,Mexico,La Paz
20250605_111143.jpg,Mexico,La Paz
20250605_111456.jpg,Mexico,La Paz
20250605_111719.jpg,Mexico,La Paz
20250605_112359.jpg,Mexico,La Paz
20250605_112648.jpg,Mexico,La Paz
20250605_112800.jpg,Mexico,La Paz
20250605_112826.jpg,Mexico,La Paz
20250605_112836.jpg,Mexico,La Paz
20250605_113132.jpg,Mexico,La Paz
20250605_113539.jpg,Mexico,La Paz
20250605_113833.jpg,Mexico,La Paz
20250605_114140.jpg,Mexico,La Paz
20250605_115241.jpg,Mexico,La Paz
20250605_115359.jpg,Mexico,La Paz
20250605_120320.jpg,Mexico,La Paz
20250605_120511.jpg,Mexico,La Paz
20250605_121206.jpg,Mexico,La Paz
20250605_122022.jpg,Mexico,La Paz
20250605_122237.jpg,Mexico,La Paz
20250614_093836.jpg,Mexico,La Paz
20250614_103413.jpg,Mexico,La Paz
20250614_103642.jpg,Mexico,La Paz
20250614_103718.jpg,Mexico,La Paz
20250614_104037.jpg,Mexico,La Paz
20250614_104924.jpg,Mexico,La Paz
20250614_111530.jpg,Mexico,La Paz
20250614_112045.jpg,Mexico,La Paz
20250614_112137.jpg,Mexico,La Paz
20250614_113453.jpg,Mexico,La Paz
20250614_113756.jpg,Mexico,La Paz
20250614_113955.jpg,Mexico,La Paz
20250614_114929.jpg,Mexico,La Paz
20250614_120955.jpg,Mexico,La Paz
20250614_121445.jpg,Mexico,La Paz
20250614_121956.jpg,Mexico,La Paz
20250614_122243.jpg,Mexico,La Paz
20250614_123540.jpg,Mexico,La Paz
20250614_124106.jpg,Mexico,La Paz
20250614_124433.jpg,Mexico,La Paz
20250614_130002.jpg,Mexico,La Paz
20250614_130203.jpg,Mexico,La Paz
20250614_130244.jpg,Mexico,La Paz
20250614_130351.jpg,Mexico,La Paz
20250614_130807.jpg,Mexico,La Paz
20250614_130919.jpg,Mexico,La Paz
20250614_162747.jpg,Mexico,La Paz
20250614_162945.jpg,Mexico,La Paz
20250614_163434.jpg,Mexico,La Paz
20250614_163620.jpg,Mexico,La Paz
20250614_163951.jpg,Mexico,La Paz
20250614_164617.jpg,Mexico,La Paz
20250614_165011.jpg,Mexico,La Paz
20250614_170908.jpg,Mexico,La Paz
20250614_171248.jpg,Mexico,La Paz
20250614_171726.jpg,Mexico,La Paz
20250614_173135.jpg,Mexico,La Paz
20250614_174620.jpg,Mexico,La Paz
20250614_174748.jpg,Mexico,La Paz
20250614_175133.jpg,Mexico,La Paz
20250614_175242.jpg,Mexico,La Paz
20250614_175820.jpg,Mexico,La Paz
20250614_180128.jpg,Mexico,La Paz
20250614_180347.jpg,Mexico,La Paz
20250614_180803.jpg,Mexico,La Paz
20250614_182325.jpg,Mexico,La Paz
20250614_182941.jpg,Mexico,La Paz
20250614_184020.jpg,Mexico,La Paz
20250626_073743.jpg,Mexico,La Paz
20250626_080057.jpg,Mexico,La Paz
20250626_080543.jpg,Mexico,La Paz
20250626_080644.jpg,Mexico,La Paz
20250626_081553.jpg,Mexico,La Paz
20250626_082629.jpg,Mexico,La Paz
20250626_082847.jpg,Mexico,La Paz
20250626_083659.jpg,Mexico,La Paz
20250626_084143.jpg,Mexico,La Paz
20250626_084345.jpg,Mexico,La Paz
20250626_092214.jpg,Mexico,La Paz
20250626_092612.jpg,Mexico,La Paz
20250626_092859.jpg,Mexico,La Paz
20250626_093024.jpg,Mexico,La Paz
203395.jpg,Colombia,Barranquilla
205311.jpg,Colombia,Barranquilla
208181.jpg,Colombia,Barranquilla
208435.jpg,Colombia,Barranquilla
209279.jpg,Colombia,Barranquilla
209725.jpg,Colombia,Barranquilla
210728.jpg,Colombia,Santa Marta
213850.jpg,Colombia,Barranquilla
214143.jpg,Colombia,Barranquilla
214173.jpg,Colombia,Barranquilla
214248.jpg,Colombia,Barranquilla
214316.jpg,Colombia,Barranquilla
214514.jpg,Colombia,Barranquilla
217438.jpg,Colombia,Barranquilla
218971.jpg,Colombia,Barranquilla
219019.jpg,Colombia,Barranquilla
219739.jpg,Colombia,Barranquilla
219811.jpg,Colombia,Barranquilla
220258.jpg,Colombia,Santa Marta
220568.jpg,Colombia,Barranquilla
220623.jpg,Colombia,Barranquilla
220648.jpg,Colombia,Barranquilla
222590.jpg,Colombia,Barranquilla
222642.jpg,Colombia,Barranquilla
222749.jpg,Colombia,Santa Marta
223767.jpg,Colombia,Barranquilla
223775.jpg,Colombia,Barranquilla
223776.jpg,Colombia,Barranquilla
223781.jpg,Colombia,Barranquilla
223783.jpg,Colombia,Barranquilla
223790.jpg,Colombia,Barranquilla
225371.jpg,Colombia,Barranquilla
225492.jpg,Colombia,Barranquilla
225763.jpg,Colombia,Barranquilla
225973.jpg,Colombia,Barranquilla
225992.jpg,Colombia,Santa Marta
227018.jpg,Colombia,Barranquilla
227148.jpg,Colombia,Barranquilla
227184.jpg,Colombia,Barranquilla
227818.jpg,Colombia,Santa Marta
227850.jpg,Colombia,Santa Marta
227898.jpg,Colombia,Barranquilla
228221.jpg,Colombia,Santa Marta
228242.jpg,Colombia,Santa Marta
228286.jpg,Colombia,Santa Marta
228735.jpg,Colombia,Santa Marta
228760.jpg,Colombia,Santa Marta
228857.jpg,Colombia,Santa Marta
228859.jpg,Colombia,Santa Marta
229680.jpg,Colombia,Barranquilla
229710.jpg,Colombia,Barranquilla
230028.jpg,Colombia,Barranquilla
230349.jpg,Colombia,Barranquilla
230382.jpg,Colombia,Barranquilla
230428.jpg,Colombia,Barranquilla
230444.jpg,Colombia,Barranquilla
230448.jpg,Colombia,Barranquilla
230457.jpg,Colombia,Barranquilla
230641.jpg,Colombia,Barranquilla
231288.jpg,Colombia,Barranquilla
231798.jpg,Colombia,Barranquilla
231835.jpg,Colombia,Barranquilla
231847.jpg,Colombia,Barranquilla
231953.jpg,Colombia,Barranquilla
232042.jpg,Colombia,Barranquilla
232108.jpg,Colombia,Barranquilla
232115.jpg,Colombia,Barranquilla
232129.jpg,Colombia,Barranquilla
232130.jpg,Colombia,Barranquilla
232588.jpg,Colombia,Barranquilla
232711.jpg,Colombia,Barranquilla
232713.jpg,Colombia,Barranquilla
232786.jpg,Colombia,Barranquilla
232873.jpg,Colombia,Santa Marta
233137.jpg,Colombia,Barranquilla
233791.jpg,Colombia,Barranquilla
234352.jpg,Colombia,Barranquilla
234397.jpg,Colombia,Barranquilla
234488.jpg,Colombia,Barranquilla
234698.jpg,Colombia,Santa Marta
235078.jpg,Colombia,Barranquilla
235309.jpg,Colombia,Barranquilla
235465.jpg,Colombia,Barranquilla
235949.jpg,Colombia,Barranquilla
236136.jpg,Colombia,Barranquilla
236150.jpg,Colombia,Barranquilla
236181.jpg,Colombia,Barranquilla
236314.jpg,Colombia,Barranquilla
236317.jpg,Colombia,Barranquilla
236393.jpg,Colombia,Barranquilla
236408.jpg,Colombia,Barranquilla
236432.jpg,Colombia,Barranquilla
236465.jpg,Colombia,Barranquilla
236474.jpg,Colombia,Barranquilla
236515.jpg,Colombia,Barranquilla
237388.jpg,Colombia,Barranquilla
237802.jpg,Colombia,Barranquilla
237850.jpg,Colombia,Barranquilla
237856.jpg,Colombia,Barranquilla
238087.jpg,Colombia,Barranquilla
238177.jpg,Colombia,Barranquilla
238216.jpg,Colombia,Barranquilla
238225.jpg,Colombia,Barranquilla
238735.jpg,Colombia,Barranquilla
238964.jpg,Colombia,Barranquilla
238972.jpg,Colombia,Barranquilla
239253.jpg,Colombia,Barranquilla
239273.jpg,Colombia,Barranquilla
239308.jpg,Colombia,Barranquilla
239371.jpg,Colombia,Barranquilla
240127.jpg,Colombia,Barranquilla
242270.jpg,Colombia,Barranquilla
242457.jpg,Colombia,Barranquilla
242576.jpg,Colombia,Barranquilla
242689.jpg,Colombia,Barranquilla
243360.jpg,Colombia,Barranquilla
243374.jpg,Colombia,Barranquilla
243404.jpg,Colombia,Barranquilla
245173.jpg,Colombia,Barranquilla
245175.jpg,Colombia,Barranquilla
245212.jpg,Colombia,Barranquilla
245365.jpg,Colombia,Barranquilla
245681.jpg,Colombia,Barranquilla
246049.jpg,Colombia,Barranquilla
246079.jpg,Colombia,Barranquilla
246109.jpg,Colombia,Barranquilla
246142.jpg,Colombia,Barranquilla
246162.jpg,Colombia,Barranquilla
246164.jpg,Colombia,Barranquilla
246169.jpg,Colombia,Barranquilla
246175.jpg,Colombia,Barranquilla
246324.jpg,Colombia,Barranquilla
246338.jpg,Colombia,Barranquilla
246377.jpg,Colombia,Barranquilla
246394.jpg,Colombia,Barranquilla
246436.jpg,Colombia,Barranquilla
246494.jpg,Colombia,Barranquilla
246501.jpg,Colombia,Barranquilla
246555.jpg,Colombia,Barranquilla
246560.jpg,Colombia,Barranquilla
246563.jpg,Colombia,Barranquilla
246585.jpg,Colombia,Barranquilla
246595.jpg,Colombia,Barranquilla
246609.jpg,Colombia,Barranquilla
246699.jpg,Colombia,Barranquilla
246713.jpg,Colombia,Barranquilla
255468.jpg,Colombia,Barranquilla
255569.jpg,Colombia,Barranquilla
255856.jpg,Colombia,Santa Marta
255873.jpg,Colombia,Santa Marta
255954.jpg,Colombia,Barranquilla
256031.jpg,Colombia,Barranquilla
256077.jpg,Colombia,Barranquilla
256092.jpg,Colombia,Barranquilla
256296.jpg,Colombia,Barranquilla
256315.jpg,Colombia,Barranquilla
256344.jpg,Colombia,Barranquilla
257308.jpg,Colombia,Barranquilla
257614.jpg,Colombia,Barranquilla
257663.jpg,Colombia,Barranquilla
257714.jpg,Colombia,Barranquilla
257716.jpg,Colombia,Barranquilla
257725.jpg,Colombia,Barranquilla
257801.jpg,Colombia,Barranquilla
257897.jpg,Colombia,Barranquilla
257914.jpg,Colombia,Barranquilla
257928.jpg,Colombia,Barranquilla
258027.jpg,Colombia,Barranquilla
258638.jpg,Colombia,Barranquilla
258643.jpg,Colombia,Barranquilla
258891.jpg,Colombia,Barranquilla
258898.jpg,Colombia,Barranquilla
259005.jpg,Colombia,Barranquilla
259023.jpg,Colombia,Barranquilla
259037.jpg,Colombia,Barranquilla
259286.jpg,Colombia,Barranquilla
259430.jpg,Colombia,Barranquilla
259483.jpg,Colombia,Barranquilla
259888.jpg,Colombia,Barranquilla
259983.jpg,Colombia,Barranquilla
259989.jpg,Colombia,Barranquilla
260006.jpg,Colombia,Barranquilla
260191.jpg,Colombia,Barranquilla
260267.jpg,Colombia,Barranquilla
260313.jpg,Colombia,Barranquilla
260394.jpg,Colombia,Barranquilla
261097.jpg,Colombia,Barranquilla
261106.jpg,Colombia,Barranquilla
261136.jpg,Colombia,Barranquilla
261147.jpg,Colombia,Barranquilla
261152.jpg,Colombia,Barranquilla
262097.jpg,Colombia,Barranquilla
269624.jpg,Colombia,Santa Marta
269957.jpg,Colombia,Barranquilla
269974.jpg,Colombia,Barranquilla
273672.jpg,Colombia,Barranquilla
273720.jpg,Colombia,Barranquilla
273735.jpg,Colombia,Barranquilla
275206.jpg,Colombia,Barranquilla
275320.jpg,Colombia,Barranquilla
275403.jpg,Colombia,Barranquilla
275704.jpg,Colombia,Barranquilla
275738.jpg,Colombia,Barranquilla
276961.jpg,Colombia,Barranquilla
276985.jpg,Colombia,Barranquilla
278318.jpg,Colombia,Barranquilla
278383.jpg,Colombia,Barranquilla
278571.jpg,Colombia,Barranquilla
278696.jpg,Colombia,Barranquilla
278708.jpg,Colombia,Barranquilla
278776.jpg,Colombia,Barranquilla
278783.jpg,Colombia,Barranquilla
278808.jpg,Colombia,Barranquilla
278939.jpg,Colombia,Barranquilla
278942.jpg,Colombia,Barranquilla
278947.jpg,Colombia,Barranquilla
278969.jpg,Colombia,Barranquilla
280300.jpg,Colombia,Barranquilla
280432.jpg,Colombia,Barranquilla
280683.jpg,Colombia,Barranquilla
280843.jpg,Colombia,Barranquilla
281228.jpg,Colombia,Barranquilla
281600.jpg,Colombia,Barranquilla
281632.jpg,Colombia,Barranquilla
281652.jpg,Colombia,Barranquilla
281653.jpg,Colombia,Barranquilla
282466.jpg,Colombia,Barranquilla
282486.jpg,Colombia,Barranquilla
282529.jpg,Colombia,Barranquilla
282543.jpg,Colombia,Barranquilla
282552.jpg,Colombia,Barranquilla
282713.jpg,Colombia,Barranquilla
282793.jpg,Colombia,Barranquilla
282830.jpg,Colombia,Barranquilla
287234.jpg,Colombia,Barranquilla
287242.jpg,Colombia,Barranquilla
287244.jpg,Colombia,Barranquilla
287485.jpg,Colombia,Barranquilla
288398.jpg,Colombia,Barranquilla
288471.jpg,Colombia,Barranquilla
288481.jpg,Colombia,Barranquilla
288561.jpg,Colombia,Barranquilla
294830.jpg,Colombia,Barranquilla
296624.jpg,Colombia,Barranquilla
296750.jpg,Colombia,Barranquilla
296900.jpg,Colombia,Barranquilla
297015.jpg,Colombia,Barranquilla
297206.jpg,Colombia,Barranquilla
297366.jpg,Colombia,Barranquilla
297911.jpg,Colombia,Barranquilla
297917.jpg,Colombia,Barranquilla
297927.jpg,Colombia,Barranquilla
297959.jpg,Colombia,Barranquilla
297974.jpg,Colombia,Barranquilla
298116.jpg,Colombia,Barranquilla
298677.jpg,Colombia,Barranquilla
298686.jpg,Colombia,Barranquilla
298834.jpg,Colombia,Barranquilla
298841.jpg,Colombia,Barranquilla
298848.jpg,Colombia,Barranquilla
299141.jpg,Colombia,Barranquilla
299145.jpg,Colombia,Barranquilla
299152.jpg,Colombia,Barranquilla
299420.jpg,Colombia,Barranquilla
74428.jpg,Colombia,Santa Marta
79097.jpg,Colombia,Santa Marta
79261.jpg,Colombia,Santa Marta
79269.jpg,Colombia,Santa Marta
79291.jpg,Colombia,Santa Marta
79941.jpg,Colombia,Santa Marta
80192.jpg,Colombia,Santa Marta
Cali_003.jpg,Colombia,Cali
Cali_004.jpg,Colombia,Cali
Cali_007.jpg,Colombia,Cali
Cali_008.jpg,Colombia,Cali
Cali_010.jpg,Colombia,Cali
Cali_019.jpg,Colombia,Cali
Cali_021.jpg,Colombia,Cali
Cali_025.jpg,Colombia,Cali
Cali_028.jpg,Colombia,Cali
Cali_029.jpg,Colombia,Cali
Cali_030.jpg,Colombia,Cali
Cali_032.jpg,Colombia,Cali
Cali_033.jpg,Colombia,Cali
Cali_034.jpg,Colombia,Cali
Cali_035.jpg,Colombia,Cali
Cali_044.jpg,Colombia,Cali
Cali_049.jpg,Colombia,Cali
Cali_050.jpg,Colombia,Cali
Cali_052.jpg,Colombia,Cali
Cali_053.jpg,Colombia,Cali
Cali_056.jpg,Colombia,Cali
Cali_057.jpg,Colombia,Cali
Cali_076.jpg,Colombia,Cali
Cali_088.jpg,Colombia,Cali
Cali_090.jpg,Colombia,Cali
Cali_093.jpg,Colombia,Cali
Cali_094.jpg,Colombia,Cali
Cali_095.jpg,Colombia,Cali
ED12_01.jpg,,
ED14_01.jpg,,
ED15_02.jpg,,
ED16_01.jpg,,
ED18_01.jpeg,,
ED19_01.jpeg,,
ED2_03.jpg,,
ED20_04.jpg,,
ED22_01.jpg,,
ED23_01.jpg,,
ED24_04.jpg,,
ED25_01.jpg,,
ED26_03.jpg,,
ED27_04.jpg,,
ED28_03.jpg,,
ED3_01.jpg,,
ED30_02.jpg,,
ED31_01.jpg,,
ED32_02.jpg,,
ED33_03.jpg,,
ED34_04.jpg,,
ED36_01.jpg,,
ED37_01.jpg,,
ED38_02.jpg,,
ED41_01.jpg,,
ED42_01.jpg,,
ED43_01.jpg,,
ED44_02.jpg,,
ED46_02.jpg,,
ED47_02.jpg,,
ED48_02.jpg,,
ED50_01.jpg,,
ED52_01.jpg,,
ED55_01.jpg,,
ED56_01.jpg,,
ED57_01.jpg,,
ED59_01.jpg,,
ED60_01.jpg,,
ED61_01.JPG,,
ED62_01.JPG,,
ED63_01.jpg,,
ED66_02.JPG,,
ED67_01.JPG,,
ED68_01.JPG,,
ED69_01.JPG,,
ED70_01.jpg,,
ED70_02.jpg,,
ED71_01.JPG,,
ED72_01.JPG,,
ED72_02.JPG,,
ED73_01.jpg,,
ED74_01.JPG,,
ED74_02.JPG,,
ED74_04.JPG,,
ED75_01.JPG,,
ED75_02.JPG,,
ED76_01.JPG,,
ED76_02.JPG,,
ED77_01.JPG,,
ED77_02.JPG,,
ED78_01.JPG,,
ED79_01.jpg,,
ED79_02.JPG,,
IMG_0002.jpg,Mexico,La Paz
IMG_0014.jpg,Mexico,La Paz
IMG_0015.jpg,Mexico,La Paz
IMG_0020.jpg,Mexico,La Paz
IMG_0022.jpg,Mexico,La Paz
IMG_0023.jpg,Mexico,La Paz
IMG_0053.jpg,Mexico,La Paz
IMG_0063.jpg,Mexico,La Paz
IMG_0081.jpg,Mexico,La Paz
IMG_0083.jpg,Mexico,La Paz
IMG_1002.jpg,Colombia,Bogota
IMG_101.jpg,Colombia,Bogota
IMG_1012.jpg,Colombia,Bogota
IMG_1012_1.jpg,Colombia,Bogota
IMG_1018.jpg,Colombia,Bogota
IMG_101_1.jpg,Colombia,Bogota
IMG_1022.jpg,Colombia,Bogota
IMG_1023.jpg,Colombia,Bogota
IMG_1037.jpg,Colombia,Bogota
IMG_1038.jpg,Colombia,Bogota
IMG_1039.jpg,Colombia,Bogota
IMG_1040.jpg,Colombia,Bogota
IMG_1041.jpg,Colombia,Bogota
IMG_1042.jpg,Colombia,Bogota
IMG_1049.jpg,Colombia,Bogota
IMG_1053.jpg,Colombia,Bogota
IMG_1061.jpg,Colombia,Bogota
IMG_1066.jpg,Colombia,Bogota
IMG_1073.jpg,Colombia,Bogota
IMG_1078.jpg,Colombia,Bogota
IMG_107_1.jpg,Colombia,Bogota
IMG_108.jpg,Colombia,Bogota
IMG_1083.jpg,Colombia,Bogota
IMG_1083_1.jpg,Colombia,Bogota
IMG_108_1.jpg,Colombia,Bogota
IMG_1090.jpg,Colombia,Bogota
IMG_1091.jpg,Colombia,Bogota
IMG_11.jpg,Colombia,Bogota
IMG_1109.jpg,Colombia,Bogota
IMG_111.jpg,Colombia,Bogota
IMG_1114.jpg,Colombia,Bogota
IMG_111_1.jpg,Colombia,Bogota
IMG_112.jpg,Colombia,Bogota
IMG_1120.jpg,Colombia,Bogota
IMG_1133.jpg,Colombia,Bogota
IMG_1135.jpg,Colombia,Bogota
IMG_1136.jpg,Colombia,Bogota
IMG_1138.jpg,Colombia,Bogota
IMG_1139.jpg,Colombia,Bogota
IMG_1140.jpg,Colombia,Bogota
IMG_1141.jpg,Colombia,Bogota
IMG_1142.jpg,Colombia,Bogota
IMG_1144.jpg,Colombia,Bogota
IMG_1146.jpg,Colombia,Bogota
IMG_1148.jpg,Colombia,Bogota
IMG_1149.jpg,Colombia,Bogota
IMG_1151.jpg,Colombia,Bogota
IMG_1154.jpg,Colombia,Bogota
IMG_1163.jpg,Colombia,Bogota
IMG_1164.jpg,Colombia,Bogota
IMG_1166.jpg,Colombia,Bogota
IMG_1167.jpg,Colombia,Bogota
IMG_1168.jpg,Colombia,Bogota
IMG_1169.jpg,Colombia,Bogota
IMG_1171.jpg,Colombia,Bogota
IMG_1173.jpg,Colombia,Bogota
IMG_1173_1.jpg,Colombia,Bogota
IMG_118.jpg,Colombia,Bogota
IMG_1186.jpg,Colombia,Bogota
IMG_1186_1.jpg,Colombia,Bogota
IMG_1189.jpg,Colombia,Bogota
IMG_1189_1.jpg,Colombia,Bogota
IMG_1190.jpg,Colombia,Bogota
IMG_1192.jpg,Colombia,Bogota
IMG_1192_1.jpg,Colombia,Bogota
IMG_1194.jpg,Colombia,Bogota
IMG_1195.jpg,Colombia,Bogota
IMG_1196.jpg,Colombia,Bogota
IMG_1197.jpg,Colombia,Bogota
IMG_11_1.jpg,Colombia,Bogota
IMG_1201.jpg,Colombia,Bogota
IMG_121.jpg,Colombia,Bogota
IMG_1217.jpg,Colombia,Bogota
IMG_1218.jpg,Colombia,Bogota
IMG_1219.jpg,Colombia,Bogota
IMG_1219_1.jpg,Colombia,Bogota
IMG_121_1.jpg,Colombia,Bogota
IMG_122.jpg,Colombia,Bogota
IMG_1222.jpg,Colombia,Bogota
IMG_1223.jpg,Colombia,Bogota
IMG_1224.jpg,Colombia,Bogota
IMG_1228.jpg,Colombia,Bogota
IMG_1228_1.jpg,Colombia,Bogota
IMG_123.jpg,Colombia,Bogota
IMG_1232.jpg,Colombia,Bogota
IMG_1233.jpg,Colombia,Bogota
IMG_1237.jpg,Colombia,Bogota
IMG_1239.jpg,Colombia,Bogota
IMG_1241.jpg,Colombia,Bogota
IMG_1243.jpg,Colombia,Bogota
IMG_1245.jpg,Colombia,Bogota
IMG_1247.jpg,Colombia,Bogota
IMG_1248.jpg,Colombia,Bogota
IMG_1249.jpg,Colombia,Bogota
IMG_1252.jpg,Colombia,Bogota
IMG_1258.jpg,Colombia,Bogota
IMG_1261.jpg,Colombia,Bogota
IMG_1264.jpg,Colombia,Bogota
IMG_1265.jpg,Colombia,Bogota
IMG_1266.jpg,Colombia,Bogota
IMG_1267.jpg,Colombia,Bogota
IMG_1268.jpg,Colombia,Bogota
IMG_1269.jpg,Colombia,Bogota
IMG_1272.jpg,Colombia,Bogota
IMG_1276.jpg,Colombia,Bogota
IMG_1278.jpg,Colombia,Bogota
IMG_128.jpg,Colombia,Bogota
IMG_1281.jpg,Colombia,Bogota
IMG_1282.jpg,Colombia,Bogota
IMG_1283.jpg,Colombia,Bogota
IMG_1284.jpg,Colombia,Bogota
IMG_1288.jpg,Colombia,Bogota
IMG_128_1.jpg,Colombia,Bogota
IMG_1290.jpg,Colombia,Bogota
IMG_1292.jpg,Colombia,Bogota
IMG_1294.jpg,Colombia,Bogota
IMG_1295.jpg,Colombia,Bogota
IMG_1298.jpg,Colombia,Bogota
IMG_1299_1.jpg,Colombia,Bogota
IMG_1300.jpg,Colombia,Bogota
IMG_1302.jpg,Colombia,Bogota
IMG_1307.jpg,Colombia,Bogota
IMG_1310.jpg,Colombia,Bogota
IMG_1312.jpg,Colombia,Bogota
IMG_1314.jpg,Colombia,Bogota
IMG_1315.jpg,Colombia,Bogota
IMG_1319.jpg,Colombia,Bogota
IMG_1322.jpg,Colombia,Bogota
IMG_1323.jpg,Colombia,Bogota
IMG_1326.jpg,Colombia,Bogota
IMG_1327.jpg,Colombia,Bogota
IMG_1334.jpg,Colombia,Bogota
IMG_1339.jpg,Colombia,Bogota
IMG_1344.jpg,Colombia,Bogota
IMG_1347.jpg,Colombia,Bogota
IMG_135.jpg,Colombia,Bogota
IMG_1350.jpg,Colombia,Bogota
IMG_1355.jpg,Colombia,Bogota
IMG_1355_1.jpg,Colombia,Bogota
IMG_136.jpg,Colombia,Bogota
IMG_1363.jpg,Colombia,Bogota
IMG_1366.jpg,Colombia,Bogota
IMG_1367.jpg,Colombia,Bogota
IMG_1368.jpg,Colombia,Bogota
IMG_136_1.jpg,Colombia,Bogota
IMG_1374.jpg,Colombia,Bogota
IMG_1384.jpg,Colombia,Bogota
IMG_1385.jpg,Colombia,Bogota
IMG_1387.jpg,Colombia,Bogota
IMG_139.jpg,Colombia,Bogota
IMG_1395.jpg,Colombia,Bogota
IMG_1399.jpg,Colombia,Bogota
IMG_139_1.jpg,Colombia,Bogota
IMG_14.jpg,Colombia,Bogota
IMG_1404.jpg,Colombia,Bogota
IMG_1405.jpg,Colombia,Bogota
IMG_1407.jpg,Colombia,Bogota
IMG_1409.jpg,Colombia,Bogota
IMG_1410.jpg,Colombia,Bogota
IMG_1411.jpg,Colombia,Bogota
IMG_1412.jpg,Colombia,Bogota
IMG_1413.jpg,Colombia,Bogota
IMG_142.jpg,Colombia,Bogota
IMG_1424.jpg,Colombia,Bogota
IMG_1427.jpg,Colombia,Bogota
IMG_1428.jpg,Colombia,Bogota
IMG_1434.jpg,Colombia,Bogota
IMG_1435.jpg,Colombia,Bogota
IMG_1437.jpg,Colombia,Bogota
IMG_1439.jpg,Colombia,Bogota
IMG_1441.jpg,Colombia,Bogota
IMG_1442.jpg,Colombia,Bogota
IMG_1443.jpg,Colombia,Bogota
IMG_1448.jpg,Colombia,Bogota
IMG_1450.jpg,Colombia,Bogota
IMG_146.jpg,Colombia,Bogota
IMG_1461.jpg,Colombia,Bogota
IMG_1467.jpg,Colombia,Bogota
IMG_1469.jpg,Colombia,Bogota
IMG_147.jpg,Colombia,Bogota
IMG_1470.jpg,Colombia,Bogota
IMG_1471.jpg,Colombia,Bogota
IMG_1472.jpg,Colombia,Bogota
IMG_1473.jpg,Colombia,Bogota
IMG_1474.jpg,Colombia,Bogota
IMG_1476.jpg,Colombia,Bogota
IMG_1477.jpg,Colombia,Bogota
IMG_1478.jpg,Colombia,Bogota
IMG_147_1.jpg,Colombia,Bogota
IMG_1480.jpg,Colombia,Bogota
IMG_1481.jpg,Colombia,Bogota
IMG_1482.jpg,Colombia,Bogota
IMG_1483.jpg,Colombia,Bogota
IMG_1484.jpg,Colombia,Bogota
IMG_1485.jpg,Colombia,Bogota
IMG_1490.jpg,Colombia,Bogota
IMG_15.jpg,Colombia,Bogota
IMG_1500.jpg,Colombia,Bogota
IMG_155_1.jpg,Colombia,Bogota
IMG_156.jpg,Colombia,Bogota
IMG_156_1.jpg,Colombia,Bogota
IMG_157.jpg,Colombia,Bogota
IMG_157_1.jpg,Colombia,Bogota
IMG_159_1.jpg,Colombia,Bogota
IMG_15_1.jpg,Colombia,Bogota
IMG_16.jpg,Colombia,Bogota
IMG_163.jpg,Colombia,Bogota
IMG_163_1.jpg,Colombia,Bogota
IMG_168.jpg,Colombia,Bogota
IMG_168_1.jpg,Colombia,Bogota
IMG_169.jpg,Colombia,Bogota
IMG_178.jpg,Colombia,Bogota
IMG_18.jpg,Colombia,Bogota
IMG_186.jpg,Colombia,Bogota
IMG_186_1.jpg,Colombia,Bogota
IMG_188_1.jpg,Colombia,Bogota
IMG_189_1.jpg,Colombia,Bogota
IMG_20250504_113219685_HDR.jpg,Colombia,Cali
IMG_20250527_085549549_HDR.jpg,Colombia,Cali
IMG_20250527_085617256_HDR.jpg,Colombia,Cali
IMG_20250527_090517625_HDR.jpg,Colombia,Cali
IMG_20250527_090552754_HDR.jpg,Colombia,Cali
IMG_20250527_090631429_HDR.jpg,Colombia,Cali
IMG_20250529_111136887_HDR.jpg,Colombia,Cali
IMG_20250529_111153016_HDR.jpg,Colombia,Cali
IMG_20250529_111218120_HDR.jpg,Colombia,Cali
IMG_20250529_111548069_HDR.jpg,Colombia,Cali
IMG_20250529_111650826_HDR.jpg,Colombia,Cali
IMG_20250529_112033622_HDR.jpg,Colombia,Cali
IMG_20250529_112058412_HDR.jpg,Colombia,Cali
IMG_20250529_113721387_HDR.jpg,Colombia,Cali
IMG_20250529_114558234_HDR.jpg,Colombia,Cali
IMG_20250529_114709197_HDR.jpg,Colombia,Cali
IMG_20250530_101518186_HDR.jpg,Colombia,Cali
IMG_20250530_101659244_HDR.jpg,Colombia,Cali
IMG_20250530_101706323_HDR.jpg,Colombia,Cali
IMG_20250530_101730030.jpg,Colombia,Cali
IMG_20250530_102509658_HDR.jpg,Colombia,Cali
IMG_20250530_102551813_HDR.jpg,Colombia,Cali
IMG_20250530_102705459_HDR.jpg,Colombia,Cali
IMG_20250530_103404836_HDR.jpg,Colombia,Cali
IMG_20250530_123010960_HDR.jpg,Colombia,Cali
IMG_20250530_123425693_HDR.jpg,Colombia,Cali
IMG_20250530_123527829_HDR.jpg,Colombia,Cali
IMG_20250530_123705108_HDR.jpg,Colombia,Cali
IMG_20250530_124116085_HDR.jpg,Colombia,Cali
IMG_20250530_125002580_HDR.jpg,Colombia,Cali
IMG_20250530_125215791_HDR.jpg,Colombia,Cali
IMG_20250615_073748116_HDR.jpg,Colombia,Cali
IMG_20250615_073817053_HDR.jpg,Colombia,Cali
IMG_20250615_073827426_HDR.jpg,Colombia,Cali
IMG_20250616_102946322_HDR.jpg,Colombia,Cali
IMG_20250616_102954731_HDR.jpg,Colombia,Cali
IMG_20250616_103018900_HDR.jpg,Colombia,Cali
IMG_20250617_132102274_HDR.jpg,Colombia,Cali
IMG_20250618_135851541_HDR.jpg,Colombia,Cali
IMG_20250618_135851543_HDR.jpg,Colombia,Cali
IMG_20250618_135952273_HDR.jpg,Colombia,Cali
IMG_20250618_140604251_HDR.jpg,Colombia,Cali
IMG_20250618_140712162_HDR.jpg,Colombia,Cali
IMG_20250618_140730731_HDR.jpg,Colombia,Cali
IMG_20250618_145139909.jpg,Colombia,Cali
IMG_20250618_145156920_HDR.jpg,Colombia,Cali
IMG_20250618_145218745_HDR.jpg,Colombia,Cali
IMG_20250618_145236644_HDR.jpg,Colombia,Cali
IMG_20250618_145732747_HDR.jpg,Colombia,Cali
IMG_20250618_145833367_HDR.jpg,Colombia,Cali
IMG_20250618_150722973_HDR.jpg,Colombia,Cali
IMG_20250618_150735577_HDR.jpg,Colombia,Cali
IMG_20250619_114336742_HDR.jpg,Colombia,Cali
IMG_20250619_114423128_HDR.jpg,Colombia,Cali
IMG_20250619_114455694_HDR.jpg,Colombia,Cali
IMG_20250619_121943707_HDR.jpg,Colombia,Cali
IMG_20250619_142847544_HDR.jpg,Colombia,Cali
IMG_20250619_142925746_HDR.jpg,Colombia,Cali
IMG_20250620_100611633_HDR.jpg,Colombia,Cali
IMG_20250620_100913092_HDR.jpg,Colombia,Cali
IMG_20250620_101048851_HDR.jpg,Colombia,Cali
IMG_20250620_101932437_HDR.jpg,Colombia,Cali
IMG_20250620_101932438_HDR.jpg,Colombia,Cali
IMG_20250620_101932439_HDR.jpg,Colombia,Cali
IMG_20250620_102239291_HDR.jpg,Colombia,Cali
IMG_20250620_102257412_HDR.jpg,Colombia,Cali
IMG_20250620_103540421_HDR.jpg,Colombia,Cali
IMG_20250620_103902429_HDR.jpg,Colombia,Cali
IMG_20250620_110416287_HDR.jpg,Colombia,Cali
IMG_20250620_114632999_HDR.jpg,Colombia,Cali
IMG_20250622_105344811_HDR.jpg,Colombia,Cali
IMG_20250624_101814264_HDR.jpg,Colombia,Cali
IMG_20250624_102711076_HDR.jpg,Colombia,Cali
IMG_20250624_111506565_HDR.jpg,Colombia,Cali
IMG_20250624_111537729_HDR.jpg,Colombia,Cali
IMG_20250624_111554689_HDR.jpg,Colombia,Cali
IMG_20250624_121533603_HDR.jpg,Colombia,Cali
IMG_20250624_132219007.jpg,Colombia,Cali
IMG_20250624_132236366_HDR.jpg,Colombia,Cali
IMG_20250702_144114537.jpg,Colombia,Cali
IMG_20250702_145001259_HDR.jpg,Colombia,Cali
IMG_20250702_150337751_HDR.jpg,Colombia,Cali
IMG_20250702_152851516_HDR.jpg,Colombia,Cali
IMG_20250702_155819066_HDR.jpg,Colombia,Cali
IMG_20250702_160408111_HDR.jpg,Colombia,Cali
IMG_20250702_160426687_HDR.jpg,Colombia,Cali
IMG_20250702_162419378_HDR.jpg,Colombia,Cali
IMG_20250702_164323066_HDR.jpg,Colombia,Cali
IMG_20250704_113611275_HDR.jpg,Colombia,Cali
IMG_20250704_113635843_HDR.jpg,Colombia,Cali
IMG_219_1.jpg,Colombia,Bogota
IMG_22.jpg,Colombia,Bogota
IMG_231.jpg,Colombia,Bogota
IMG_231_1.jpg,Colombia,Bogota
IMG_233.jpg,Colombia,Bogota
IMG_233_1.jpg,Colombia,Bogota
IMG_242.jpg,Colombia,Bogota
IMG_245.jpg,Colombia,Bogota
IMG_245_1.jpg,Colombia,Bogota
IMG_247.jpg,Colombia,Bogota
IMG_247_1.jpg,Colombia,Bogota
IMG_248.jpg,Colombia,Bogota
IMG_248_1.jpg,Colombia,Bogota
IMG_249.jpg,Colombia,Bogota
IMG_250.jpg,Colombia,Bogota
IMG_252.jpg,Colombia,Bogota
IMG_252_1.jpg,Colombia,Bogota
IMG_256.jpg,Colombia,Bogota
IMG_258.jpg,Colombia,Bogota
IMG_259.jpg,Colombia,Bogota
IMG_262.jpg,Colombia,Bogota
IMG_262_1.jpg,Colombia,Bogota
IMG_263.jpg,Colombia,Bogota
IMG_263_1.jpg,Colombia,Bogota
IMG_264.jpg,Colombia,Bogota
IMG_265.jpg,Colombia,Bogota
IMG_265_1.jpg,Colombia,Bogota
IMG_267.jpg,Colombia,Bogota
IMG_267_2.jpg,Colombia,Bogota
IMG_268.jpg,Colombia,Bogota
IMG_27.jpg,Colombia,Bogota
IMG_273.jpg,Colombia,Bogota
IMG_273_1.jpg,Colombia,Bogota
IMG_276_1.jpg,Colombia,Bogota
IMG_277.jpg,Colombia,Bogota
IMG_277_1.jpg,Colombia,Bogota
IMG_2784.jpg,Mexico,Mexico City
IMG_278_1.jpg,Colombia,Bogota
IMG_279.jpg,Colombia,Bogota
IMG_2791.jpg,Mexico,Mexico City
IMG_279_1.jpg,Colombia,Bogota
IMG_2815.jpg,Mexico,Mexico City
IMG_283.jpg,Colombia,Bogota
IMG_283_1.jpg,Colombia,Bogota
IMG_2840.jpg,Mexico,Mexico City
IMG_2847.jpg,Mexico,Mexico City
IMG_2848.jpg,Mexico,Mexico City
IMG_2859.jpg,Mexico,Mexico City
IMG_2863.jpg,Mexico,Mexico City
IMG_2864.jpg,Mexico,Mexico City
IMG_286_1.jpg,Colombia,Bogota
IMG_288_1.jpg,Colombia,Bogota
IMG_2897.jpg,Mexico,Mexico City
IMG_29.jpg,Colombia,Bogota
IMG_291_1.jpg,Colombia,Bogota
IMG_292.jpg,Colombia,Bogota
IMG_292_1.jpg,Colombia,Bogota
IMG_293.jpg,Colombia,Bogota
IMG_293_1.jpg,Colombia,Bogota
IMG_294.jpg,Colombia,Bogota
IMG_294_1.jpg,Colombia,Bogota
IMG_295.jpg,Colombia,Bogota
IMG_2956.jpg,Mexico,Mexico City
IMG_2959.jpg,Mexico,Mexico City
IMG_295_1.jpg,Colombia,Bogota
IMG_2963.jpg,Mexico,Mexico City
IMG_2965.jpg,Mexico,Mexico City
IMG_2972.jpg,Mexico,Mexico City
IMG_2973.jpg,Mexico,Mexico City
IMG_2977.jpg,Mexico,Mexico City
IMG_2979.jpg,Mexico,Mexico City
IMG_298.jpg,Colombia,Bogota
IMG_2980.jpg,Mexico,Mexico City
IMG_2981.jpg,Mexico,Mexico City
IMG_2983.jpg,Mexico,Mexico City
IMG_2986.jpg,Mexico,Mexico City
IMG_298_1.jpg,Colombia,Bogota
IMG_299.jpg,Colombia,Bogota
IMG_2994.jpg,Mexico,Mexico City
IMG_2996.jpg,Mexico,Mexico City
IMG_2998.jpg,Mexico,Mexico City
IMG_2999.jpg,Mexico,Mexico City
IMG_299_1.jpg,Colombia,Bogota
IMG_2_1.jpg,Colombia,Bogota
IMG_3.jpg,Colombia,Bogota
IMG_300.jpg,Colombia,Bogota
IMG_3003.jpg,Mexico,Mexico City
IMG_3004.jpg,Mexico,Mexico City
IMG_3007.jpg,Mexico,Mexico City
IMG_3008.jpg,Mexico,Mexico City
IMG_3009.jpg,Mexico,Mexico City
IMG_300_1.jpg,Colombia,Bogota
IMG_301.jpg,Colombia,Bogota
IMG_3014.jpg,Mexico,Mexico City
IMG_3015.jpg,Mexico,Mexico City
IMG_3018.jpg,Mexico,Mexico City
IMG_3020.jpg,Mexico,Mexico City
IMG_3021.jpg,Mexico,Mexico City
IMG_3022.jpg,Mexico,Mexico City
IMG_3027.jpg,Mexico,Mexico City
IMG_3029.jpg,Mexico,Mexico City
IMG_303.jpg,Colombia,Bogota
IMG_3030.jpg,Mexico,Mexico City
IMG_3036.jpg,Mexico,Mexico City
IMG_3038.jpg,Mexico,Mexico City
IMG_3045.jpg,Mexico,Mexico City
IMG_3048.jpg,Mexico,Mexico City
IMG_305.jpg,Colombia,Bogota
IMG_3051.jpg,Mexico,Mexico City
IMG_3054.jpg,Mexico,Mexico City
IMG_3059.jpg,Mexico,Mexico City
IMG_305_1.jpg,Colombia,Bogota
IMG_3063.jpg,Mexico,Mexico City
IMG_3066.jpg,Mexico,Mexico City
IMG_3067.jpg,Mexico,Mexico City
IMG_306_1.jpg,Colombia,Bogota
IMG_307.jpg,Colombia,Bogota
IMG_3071.jpg,Mexico,Mexico City
IMG_3082.jpg,Mexico,Mexico City
IMG_3083.jpg,Mexico,Mexico City
IMG_3084.jpg,Mexico,Mexico City
IMG_3087.jpg,Mexico,Mexico City
IMG_3088.jpg,Mexico,Mexico City
IMG_3089.jpg,Mexico,Mexico City
IMG_3090.jpg,Mexico,Mexico City
IMG_3091.jpg,Mexico,Mexico City
IMG_3096.jpg,Mexico,Mexico City
IMG_3099.jpg,Mexico,Mexico City
IMG_31.jpg,Colombia,Bogota
IMG_3100.jpg,Mexico,Mexico City
IMG_3101.jpg,Mexico,Mexico City
IMG_3102.jpg,Mexico,Mexico City
IMG_3103.jpg,Mexico,Mexico City
IMG_3105.jpg,Mexico,Mexico City
IMG_3110.jpg,Mexico,Mexico City
IMG_3111.jpg,Mexico,Mexico City
IMG_3113.jpg,Mexico,Mexico City
IMG_3114.jpg,Mexico,Mexico City
IMG_3116.jpg,Mexico,Mexico City
IMG_3119.jpg,Mexico,Mexico City
IMG_3120.jpg,Mexico,Mexico City
IMG_3121.jpg,Mexico,Mexico City
IMG_3123.jpg,Mexico,Mexico City
IMG_3125.jpg,Mexico,Mexico City
IMG_3126.jpg,Mexico,Mexico City
IMG_3127.jpg,Mexico,Mexico City
IMG_3129.jpg,Mexico,Mexico City
IMG_313.jpg,Colombia,Bogota
IMG_3137.jpg,Mexico,Mexico City
IMG_3142.jpg,Mexico,Mexico City
IMG_3149.jpg,Mexico,Mexico City
IMG_315.jpg,Colombia,Bogota
IMG_3150.jpg,Mexico,Mexico City
IMG_3153.jpg,Mexico,Mexico City
IMG_3154.jpg,Mexico,Mexico City
IMG_3155.jpg,Mexico,Mexico City
IMG_3156.jpg,Mexico,Mexico City
IMG_3158.jpg,Mexico,Mexico City
IMG_315_1.jpg,Colombia,Bogota
IMG_3160.jpg,Mexico,Mexico City
IMG_3163.jpg,Mexico,Mexico City
IMG_3164.jpg,Mexico,Mexico City
IMG_3170.jpg,Mexico,Mexico City
IMG_3172.jpg,Mexico,Mexico City
IMG_3173.jpg,Mexico,Mexico City
IMG_3182.jpg,Mexico,Mexico City
IMG_3184.jpg,Mexico,Mexico City
IMG_3186.jpg,Mexico,Mexico City
IMG_3188.jpg,Mexico,Mexico City
IMG_319.jpg,Colombia,Bogota
IMG_3190.jpg,Mexico,Mexico City
IMG_3193.jpg,Mexico,Mexico City
IMG_3194.jpg,Mexico,Mexico City
IMG_3198.jpg,Mexico,Mexico City
IMG_319_1.jpg,Colombia,Bogota
IMG_32.jpg,Colombia,Bogota
IMG_3203.jpg,Mexico,Mexico City
IMG_3205.jpg,Mexico,Mexico City
IMG_3206.jpg,Mexico,Mexico City
IMG_3207.jpg,Mexico,Mexico City
IMG_3212.jpg,Mexico,Mexico City
IMG_3214.jpg,Mexico,Mexico City
IMG_3219.jpg,Mexico,Mexico City
IMG_3220.jpg,Mexico,Mexico City
IMG_3221.jpg,Mexico,Mexico City
IMG_3223.jpg,Mexico,Mexico City
IMG_3224.jpg,Mexico,Mexico City
IMG_3226.jpg,Mexico,Mexico City
IMG_3227.jpg,Mexico,Mexico City
IMG_3234.jpg,Mexico,Mexico City
IMG_3236.jpg,Mexico,Mexico City
IMG_3239.jpg,Mexico,Mexico City
IMG_3241.jpg,Mexico,Mexico City
IMG_3244.jpg,Mexico,Mexico City
IMG_3251.jpg,Mexico,Mexico City
IMG_3253.jpg,Mexico,Mexico City
IMG_3265.jpg,Mexico,Mexico City
IMG_3267.jpg,Mexico,Mexico City
IMG_3277.jpg,Mexico,Mexico City
IMG_3291.jpg,Mexico,Mexico City
IMG_3296.jpg,Mexico,Mexico City
IMG_32_1.jpg,Colombia,Bogota
IMG_33.jpg,Colombia,Bogota
IMG_330.jpg,Colombia,Bogota
IMG_3300.jpg,Mexico,Mexico City
IMG_3301.jpg,Mexico,Mexico City
IMG_3304.jpg,Mexico,Mexico City
IMG_3321.jpg,Mexico,Mexico City
IMG_3322.jpg,Mexico,Mexico City
IMG_3326.jpg,Mexico,Mexico City
IMG_332_1.jpg,Colombia,Bogota
IMG_3331.jpg,Mexico,Mexico City
IMG_3333.jpg,Mexico,Mexico City
IMG_3334.jpg,Mexico,Mexico City
IMG_333_1.jpg,Colombia,Bogota
IMG_335.jpg,Colombia,Bogota
IMG_339.jpg,Colombia,Bogota
IMG_340.jpg,Colombia,Bogota
IMG_340_1.jpg,Colombia,Bogota
IMG_341.jpg,Colombia,Bogota
IMG_3419.jpg,Mexico,Mexico City
IMG_341_1.jpg,Colombia,Bogota
IMG_3423.jpg,Mexico,Mexico City
IMG_3427.jpg,Mexico,Mexico City
IMG_3428.jpg,Mexico,Mexico City
IMG_3441.jpg,Mexico,Mexico City
IMG_3446.jpg,Mexico,Mexico City
IMG_3453.jpg,Mexico,Mexico City
IMG_3458.jpg,Mexico,Mexico City
IMG_3463.jpg,Mexico,Mexico City
IMG_3469.jpg,Mexico,Mexico City
IMG_346_1.jpg,Colombia,Bogota
IMG_347.jpg,Colombia,Bogota
IMG_3470.jpg,Mexico,Mexico City
IMG_3472.jpg,Mexico,Mexico City
IMG_3473.jpg,Mexico,Mexico City
IMG_3478.jpg,Mexico,Mexico City
IMG_347_1.jpg,Colombia,Bogota
IMG_348.jpg,Colombia,Bogota
IMG_3490.jpg,Mexico,Mexico City
IMG_3491.jpg,Mexico,Mexico City
IMG_3493.jpg,Mexico,Mexico City
IMG_3497.jpg,Mexico,Mexico City
IMG_3498.jpg,Mexico,Mexico City
IMG_3499.jpg,Mexico,Mexico City
IMG_350.jpg,Colombia,Bogota
IMG_3500.jpg,Mexico,Mexico City
IMG_3503.jpg,Mexico,Mexico City
IMG_3508.jpg,Mexico,Mexico City
IMG_350_1.jpg,Colombia,Bogota
IMG_3516.jpg,Mexico,Mexico City
IMG_3517.jpg,Mexico,Mexico City
IMG_3519.jpg,Mexico,Mexico City
IMG_3521.jpg,Mexico,Mexico City
IMG_3524.jpg,Mexico,Mexico City
IMG_3525.jpg,Mexico,Mexico City
IMG_3526.jpg,Mexico,Mexico City
IMG_3528.jpg,Mexico,Mexico City
IMG_3533.jpg,Mexico,Mexico City
IMG_3534.jpg,Mexico,Mexico City
IMG_3536.jpg,Mexico,Mexico City
IMG_354.jpg,Colombia,Bogota
IMG_3544.jpg,Mexico,Mexico City
IMG_3546.jpg,Mexico,Mexico City
IMG_3547.jpg,Mexico,Mexico City
IMG_3548.jpg,Mexico,Mexico City
IMG_355.jpg,Colombia,Bogota
IMG_3555.jpg,Mexico,Mexico City
IMG_3556.jpg,Mexico,Mexico City
IMG_355_1.jpg,Colombia,Bogota
IMG_3561.jpg,Mexico,Mexico City
IMG_3562.jpg,Mexico,Mexico City
IMG_3570.jpg,Mexico,Mexico City
IMG_3572.jpg,Mexico,Mexico City
IMG_3577.jpg,Mexico,Mexico City
IMG_3579.jpg,Mexico,Mexico City
IMG_3588.jpg,Mexico,Mexico City
IMG_358_1.jpg,Colombia,Bogota
IMG_3591.jpg,Mexico,Mexico City
IMG_3593.jpg,Mexico,Mexico City
IMG_3597.jpg,Mexico,Mexico City
IMG_3599.jpg,Mexico,Mexico City
IMG_35_1.jpg,Colombia,Bogota
IMG_36.jpg,Colombia,Bogota
IMG_3600.jpg,Mexico,Mexico City
IMG_3608.jpg,Mexico,Mexico City
IMG_3609.jpg,Mexico,Mexico City
IMG_3610.jpg,Mexico,Mexico City
IMG_3615.jpg,Mexico,Mexico City
IMG_3616.jpg,Mexico,Mexico City
IMG_3617.jpg,Mexico,Mexico City
IMG_3619.jpg,Mexico,Mexico City
IMG_361_1.jpg,Colombia,Bogota
IMG_3625.jpg,Mexico,Mexico City
IMG_3626.jpg,Mexico,Mexico City
IMG_363.jpg,Colombia,Bogota
IMG_3630.jpg,Mexico,Mexico City
IMG_364_1.jpg,Colombia,Bogota
IMG_365.jpg,Colombia,Bogota
IMG_367_1.jpg,Colombia,Bogota
IMG_3689.jpg,Mexico,Mexico City
IMG_369.jpg,Colombia,Bogota
IMG_36_1.jpg,Colombia,Bogota
IMG_3707.jpg,Mexico,Mexico City
IMG_3714.jpg,Mexico,Mexico City
IMG_3729.jpg,Mexico,Mexico City
IMG_373.jpg,Colombia,Bogota
IMG_374.jpg,Colombia,Bogota
IMG_3740.jpg,Mexico,Mexico City
IMG_3749.jpg,Mexico,Mexico City
IMG_3759.jpg,Mexico,Mexico City
IMG_3760.jpg,Mexico,Mexico City
IMG_3767.jpg,Mexico,Mexico City
IMG_378.jpg,Colombia,Bogota
IMG_3781.jpg,Mexico,Mexico City
IMG_3784.jpg,Mexico,Mexico City
IMG_3785.jpg,Mexico,Mexico City
IMG_38.jpg,Colombia,Bogota
IMG_3801.jpg,Mexico,Mexico City
IMG_3805.jpg,Mexico,Mexico City
IMG_3806.jpg,Mexico,Mexico City
IMG_3809.jpg,Mexico,Mexico City
IMG_381.jpg,Colombia,Bogota
IMG_3822.jpg,Mexico,Mexico City
IMG_383.jpg,Colombia,Bogota
IMG_3830.jpg,Mexico,Mexico City
IMG_3836.jpg,Mexico,Mexico City
IMG_3838.jpg,Mexico,Mexico City
IMG_384.jpg,Colombia,Bogota
IMG_3844.jpg,Mexico,Mexico City
IMG_3847.jpg,Mexico,Mexico City
IMG_3848.jpg,Mexico,Mexico City
IMG_385.jpg,Colombia,Bogota
IMG_3851.jpg,Mexico,Mexico City
IMG_3852.jpg,Mexico,Mexico City
IMG_3860.jpg,Mexico,Mexico City
IMG_3864.jpg,Mexico,Mexico City
IMG_3871.jpg,Mexico,Mexico City
IMG_3872.jpg,Mexico,Mexico City
IMG_3873.jpg,Mexico,Mexico City
IMG_38_1.jpg,Colombia,Bogota
IMG_393.jpg,Colombia,Bogota
IMG_3939.jpg,Mexico,Mexico City
IMG_394.jpg,Colombia,Bogota
IMG_3941.jpg,Mexico,Mexico City
IMG_3946.jpg,Mexico,Mexico City
IMG_3947.jpg,Mexico,Mexico City
IMG_3950.jpg,Mexico,Mexico City
IMG_3952.jpg,Mexico,Mexico City
IMG_3953.jpg,Mexico,Mexico City
IMG_3955.jpg,Mexico,Mexico City
IMG_3956.jpg,Mexico,Mexico City
IMG_3959.jpg,Mexico,Mexico City
IMG_3966.jpg,Mexico,Mexico City
IMG_3968.jpg,Mexico,Mexico City
IMG_3969.jpg,Mexico,Mexico City
IMG_3985.jpg,Mexico,Mexico City
IMG_3986.jpg,Mexico,Mexico City
IMG_3990.jpg,Mexico,Mexico City
IMG_3998.jpg,Mexico,Mexico City
IMG_3999.jpg,Mexico,Mexico City
IMG_39_1.jpg,Colombia,Bogota
IMG_3_1.jpg,Colombia,Bogota
IMG_4.jpg,Colombia,Bogota
IMG_40.jpg,Colombia,Bogota
IMG_401.jpg,Colombia,Bogota
IMG_4011.jpg,Mexico,Mexico City
IMG_4015-1.jpg,Mexico,Mexico City
IMG_402.jpg,Colombia,Bogota
IMG_4021.jpg,Mexico,Mexico City
IMG_4022-1.jpg,Mexico,Mexico City
IMG_4023-1.jpg,Mexico,Mexico City
IMG_4028-1.jpg,Mexico,Mexico City
IMG_4028.jpg,Mexico,Mexico City
IMG_4029-1.jpg,Mexico,Mexico City
IMG_4030-1.jpg,Mexico,Mexico City
IMG_4031.jpg,Mexico,Mexico City
IMG_4034.jpg,Mexico,Mexico City
IMG_4035-1.jpg,Mexico,Mexico City
IMG_4042-1.jpg,Mexico,Mexico City
IMG_4043-1.jpg,Mexico,Mexico City
IMG_4043.jpg,Mexico,Mexico City
IMG_4044.jpg,Mexico,Mexico City
IMG_4045-1.jpg,Mexico,Mexico City
IMG_4048.jpg,Mexico,Mexico City
IMG_4049-1.jpg,Mexico,Mexico City
IMG_4051-1.jpg,Mexico,Mexico City
IMG_4051.jpg,Mexico,Mexico City
IMG_4053-1.jpg,Mexico,Mexico City
IMG_4053.jpg,Mexico,Mexico City
IMG_4055-1.jpg,Mexico,Mexico City
IMG_4055.jpg,Mexico,Mexico City
IMG_4058-1.jpg,Mexico,Mexico City
IMG_4058.jpg,Mexico,Mexico City
IMG_4059-1.jpg,Mexico,Mexico City
IMG_4061-1.jpg,Mexico,Mexico City
IMG_4061.jpg,Mexico,Mexico City
IMG_4062.jpg,Mexico,Mexico City
IMG_4063.jpg,Mexico,Mexico City
IMG_4068.jpg,Mexico,Mexico City
IMG_4072-1.jpg,Mexico,Mexico City
IMG_4073.jpg,Mexico,Mexico City
IMG_4078.jpg,Mexico,Mexico City
IMG_4079.jpg,Mexico,Mexico City
IMG_408.jpg,Colombia,Bogota
IMG_4081.jpg,Mexico,Mexico City
IMG_4084.jpg,Mexico,Mexico City
IMG_4086.jpg,Mexico,Mexico City
IMG_409.jpg,Colombia,Bogota
IMG_4090.jpg,Mexico,Mexico City
IMG_4092.jpg,Mexico,Mexico City
IMG_4093.jpg,Mexico,Mexico City
IMG_4094.jpg,Mexico,Mexico City
IMG_4096-1.jpg,Mexico,Mexico City
IMG_4096.jpg,Mexico,Mexico City
IMG_4097.jpg,Mexico,Mexico City
IMG_4098-1.jpg,Mexico,Mexico City
IMG_4099-1.jpg,Mexico,Mexico City
IMG_41.jpg,Colombia,Bogota
IMG_4101.jpg,Mexico,Mexico City
IMG_4102.jpg,Mexico,Mexico City
IMG_4104-1.jpg,Mexico,Mexico City
IMG_4106-1.jpg,Mexico,Mexico City
IMG_4110.jpg,Mexico,Mexico City
IMG_4111.jpg,Mexico,Mexico City
IMG_4114.jpg,Mexico,Mexico City
IMG_4117.jpg,Mexico,Mexico City
IMG_412.jpg,Colombia,Bogota
IMG_4120.jpg,Mexico,Mexico City
IMG_4125.jpg,Mexico,Mexico City
IMG_4132.jpg,Mexico,Mexico City
IMG_4134.jpg,Mexico,Mexico City
IMG_4136.jpg,Mexico,Mexico City
IMG_4139.jpg,Mexico,Mexico City
IMG_4145.jpg,Mexico,Mexico City
IMG_4146.jpg,Mexico,Mexico City
IMG_4152.jpg,Mexico,Mexico City
IMG_4155.jpg,Mexico,Mexico City
IMG_4157.jpg,Mexico,Mexico City
IMG_416.jpg,Colombia,Bogota
IMG_4164.jpg,Mexico,Mexico City
IMG_4165.jpg,Mexico,Mexico City
IMG_4166.jpg,Mexico,Mexico City
IMG_4168.jpg,Mexico,Mexico City
IMG_417.jpg,Colombia,Bogota
IMG_4173.jpg,Mexico,Mexico City
IMG_4174.jpg,Mexico,Mexico City
IMG_4179.jpg,Mexico,Mexico City
IMG_4180.jpg,Mexico,Mexico City
IMG_4182.jpg,Mexico,Mexico City
IMG_4183.jpg,Mexico,Mexico City
IMG_4184.jpg,Mexico,Mexico City
IMG_4187.jpg,Mexico,Mexico City
IMG_419.jpg,Colombia,Bogota
IMG_4195.jpg,Mexico,Mexico City
IMG_41_1.jpg,Colombia,Bogota
IMG_420.jpg,Colombia,Bogota
IMG_4201.jpg,Mexico,Mexico City
IMG_4204.jpg,Mexico,Mexico City
IMG_4206.jpg,Mexico,Mexico City
IMG_4207.jpg,Mexico,Mexico City
IMG_421.jpg,Colombia,Bogota
IMG_4210.jpg,Mexico,Mexico City
IMG_4216.jpg,Mexico,Mexico City
IMG_4224.jpg,Mexico,Mexico City
IMG_423.jpg,Colombia,Bogota
IMG_4234.jpg,Mexico,Mexico City
IMG_4235.jpg,Mexico,Mexico City
IMG_4242.jpg,Mexico,Mexico City
IMG_4243.jpg,Mexico,Mexico City
IMG_4244.jpg,Mexico,Mexico City
IMG_4248.jpg,Mexico,Mexico City
IMG_4254.jpg,Mexico,Mexico City
IMG_4255.jpg,Mexico,Mexico City
IMG_4257.jpg,Mexico,Mexico City
IMG_4258.jpg,Mexico,Mexico City
IMG_4261.jpg,Mexico,Mexico City
IMG_4263.jpg,Mexico,Mexico City
IMG_4272.jpg,Mexico,Mexico City
IMG_4284.jpg,Mexico,Mexico City
IMG_4286.jpg,Mexico,Mexico City
IMG_4295.jpg,Mexico,Mexico City
IMG_4299.jpg,Mexico,Mexico City
IMG_4302.jpg,Mexico,Mexico City
IMG_4303.jpg,Mexico,Mexico City
IMG_4304.jpg,Mexico,Mexico City
IMG_4305.jpg,Mexico,Mexico City
IMG_4318.jpg,Mexico,Mexico City
IMG_4319.jpg,Mexico,Mexico City
IMG_4322.jpg,Mexico,Mexico City
IMG_4324.jpg,Mexico,Mexico City
IMG_4326.jpg,Mexico,Mexico City
IMG_4330.jpg,Mexico,Mexico City
IMG_4335.jpg,Mexico,Mexico City
IMG_4336.jpg,Mexico,Mexico City
IMG_4340.jpg,Mexico,Mexico City
IMG_4342.jpg,Mexico,Mexico City
IMG_4344.jpg,Mexico,Mexico City
IMG_4345.jpg,Mexico,Mexico City
IMG_4346.jpg,Mexico,Mexico City
IMG_4353.jpg,Mexico,Mexico City
IMG_4354.jpg,Mexico,Mexico City
IMG_4355.jpg,Mexico,Mexico City
IMG_4364.jpg,Mexico,Mexico City
IMG_437.jpg,Colombia,Bogota
IMG_4372.jpg,Mexico,Mexico City
IMG_4374.jpg,Mexico,Mexico City
IMG_4376.jpg,Mexico,Mexico City
IMG_4378.jpg,Mexico,Mexico City
IMG_4379.jpg,Mexico,Mexico City
IMG_4381.jpg,Mexico,Mexico City
IMG_4383.jpg,Mexico,Mexico City
IMG_4389.jpg,Mexico,Mexico City
IMG_4400.jpg,Mexico,Mexico City
IMG_4401.jpg,Mexico,Mexico City
IMG_4409.jpg,Mexico,Mexico City
IMG_4410.jpg,Mexico,Mexico City
IMG_4414.jpg,Mexico,Mexico City
IMG_4416.jpg,Mexico,Mexico City
IMG_4418.jpg,Mexico,Mexico City
IMG_442.jpg,Colombia,Bogota
IMG_4426.jpg,Mexico,Mexico City
IMG_4427.jpg,Mexico,Mexico City
IMG_4428.jpg,Mexico,Mexico City
IMG_4437.jpg,Mexico,Mexico City
IMG_4439.jpg,Mexico,Mexico City
IMG_4441.jpg,Mexico,Mexico City
IMG_4443.jpg,Mexico,Mexico City
IMG_4456.jpg,Mexico,Mexico City
IMG_4457.jpg,Mexico,Mexico City
IMG_4461.jpg,Mexico,Mexico City
IMG_4472.jpg,Mexico,Mexico City
IMG_4473.jpg,Mexico,Mexico City
IMG_4474.jpg,Mexico,Mexico City
IMG_4475.jpg,Mexico,Mexico City
IMG_4477.jpg,Mexico,Mexico City
IMG_4484.jpg,Mexico,Mexico City
IMG_449.jpg,Colombia,Bogota
IMG_450.jpg,Colombia,Bogota
IMG_460.jpg,Colombia,Bogota
IMG_463.jpg,Colombia,Bogota
IMG_4636.jpg,Mexico,Mexico City
IMG_4637.jpg,Mexico,Mexico City
IMG_4638.jpg,Mexico,Mexico City
IMG_4645.jpg,Mexico,Mexico City
IMG_465.jpg,Colombia,Bogota
IMG_4652.jpg,Mexico,Mexico City
IMG_466.jpg,Colombia,Bogota
IMG_4660.jpg,Mexico,Mexico City
IMG_4661.jpg,Mexico,Mexico City
IMG_4662.jpg,Mexico,Mexico City
IMG_4670.jpg,Mexico,Mexico City
IMG_4672.jpg,Mexico,Mexico City
IMG_4673.jpg,Mexico,Mexico City
IMG_4674.jpg,Mexico,Mexico City
IMG_4686.jpg,Mexico,Mexico City
IMG_4693.jpg,Mexico,Mexico City
IMG_4698.jpg,Mexico,Mexico City
IMG_4699.jpg,Mexico,Mexico City
IMG_470.jpg,Colombia,Bogota
IMG_4700.jpg,Mexico,Mexico City
IMG_4701.jpg,Mexico,Mexico City
IMG_4713.jpg,Mexico,Mexico City
IMG_4714.jpg,Mexico,Mexico City
IMG_4717.jpg,Mexico,Mexico City
IMG_472.jpg,Colombia,Bogota
IMG_4720.jpg,Mexico,Mexico City
IMG_4724.jpg,Mexico,Mexico City
IMG_4725.jpg,Mexico,Mexico City
IMG_4726.jpg,Mexico,Mexico City
IMG_4727.jpg,Mexico,Mexico City
IMG_4728.jpg,Mexico,Mexico City
IMG_473.jpg,Colombia,Bogota
IMG_4730.jpg,Mexico,Mexico City
IMG_4732.jpg,Mexico,Mexico City
IMG_4734.jpg,Mexico,Mexico City
IMG_474.jpg,Colombia,Bogota
IMG_4740.jpg,Mexico,Mexico City
IMG_4741.jpg,Mexico,Mexico City
IMG_4744.jpg,Mexico,Mexico City
IMG_4747.jpg,Mexico,Mexico City
IMG_4748.jpg,Mexico,Mexico City
IMG_475.jpg,Colombia,Bogota
IMG_4751.jpg,Mexico,Mexico City
IMG_4755.jpg,Mexico,Mexico City
IMG_4758.jpg,Mexico,Mexico City
IMG_4767.jpg,Mexico,Mexico City
IMG_477.jpg,Colombia,Bogota
IMG_4770.jpg,Mexico,Mexico City
IMG_4771.jpg,Mexico,Mexico City
IMG_4777.jpg,Mexico,Mexico City
IMG_4779.jpg,Mexico,Mexico City
IMG_4781.jpg,Mexico,Mexico City
IMG_4782.jpg,Mexico,Mexico City
IMG_479.jpg,Colombia,Bogota
IMG_4793.jpg,Mexico,Mexico City
IMG_480.jpg,Colombia,Bogota
IMG_4801.jpg,Mexico,Mexico City
IMG_4802.jpg,Mexico,Mexico City
IMG_4803.jpg,Mexico,Mexico City
IMG_4804.jpg,Mexico,Mexico City
IMG_4805.jpg,Mexico,Mexico City
IMG_4806.jpg,Mexico,Mexico City
IMG_481.jpg,Colombia,Bogota
IMG_4813.jpg,Mexico,Mexico City
IMG_4818.jpg,Mexico,Mexico City
IMG_4823.jpg,Mexico,Mexico City
IMG_4827.jpg,Mexico,Mexico City
IMG_483.jpg,Colombia,Bogota
IMG_4831.jpg,Mexico,Mexico City
IMG_484.jpg,Colombia,Bogota
IMG_4863.jpg,Mexico,Mexico City
IMG_4864.jpg,Mexico,Mexico City
IMG_487.jpg,Colombia,Bogota
IMG_4875.jpg,Mexico,Mexico City
IMG_4877.jpg,Mexico,Mexico City
IMG_4878.jpg,Mexico,Mexico City
IMG_488.jpg,Colombia,Bogota
IMG_4880.jpg,Mexico,Mexico City
IMG_4881.jpg,Mexico,Mexico City
IMG_4882.jpg,Mexico,Mexico City
IMG_4883.jpg,Mexico,Mexico City
IMG_489.jpg,Colombia,Bogota
IMG_4897.jpg,Mexico,Mexico City
IMG_4899.jpg,Mexico,Mexico City
IMG_490.jpg,Colombia,Bogota
IMG_4902.jpg,Mexico,Mexico City
IMG_4905.jpg,Mexico,Mexico City
IMG_4906.jpg,Mexico,Mexico City
IMG_4907.jpg,Mexico,Mexico City
IMG_491.jpg,Colombia,Bogota
IMG_4910.jpg,Mexico,Mexico City
IMG_4917.jpg,Mexico,Mexico City
IMG_4923.jpg,Mexico,Mexico City
IMG_4929.jpg,Mexico,Mexico City
IMG_4934.jpg,Mexico,Mexico City
IMG_4936.jpg,Mexico,Mexico City
IMG_4942.jpg,Mexico,Mexico City
IMG_4944.jpg,Mexico,Mexico City
IMG_4946.jpg,Mexico,Mexico City
IMG_4947.jpg,Mexico,Mexico City
IMG_4948.jpg,Mexico,Mexico City
IMG_4949.jpg,Mexico,Mexico City
IMG_4951.jpg,Mexico,Mexico City
IMG_499.jpg,Colombia,Bogota
IMG_4_1.jpg,Colombia,Bogota
IMG_500.jpg,Colombia,Bogota
IMG_504_1.jpg,Colombia,Bogota
IMG_509.jpg,Colombia,Bogota
IMG_511.jpg,Colombia,Bogota
IMG_511_1.jpg,Colombia,Bogota
IMG_515.jpg,Colombia,Bogota
IMG_516.jpg,Colombia,Bogota
IMG_528_1.jpg,Colombia,Bogota
IMG_529.jpg,Colombia,Bogota
IMG_529_1.jpg,Colombia,Bogota
IMG_53.jpg,Colombia,Bogota
IMG_537_1.jpg,Colombia,Bogota
IMG_53_1.jpg,Colombia,Bogota
IMG_540.jpg,Colombia,Bogota
IMG_540_1.jpg,Colombia,Bogota
IMG_541.jpg,Colombia,Bogota
IMG_548.jpg,Colombia,Bogota
IMG_549.jpg,Colombia,Bogota
IMG_549_1.jpg,Colombia,Bogota
IMG_55.jpg,Colombia,Bogota
IMG_558.jpg,Colombia,Bogota
IMG_563.jpg,Colombia,Bogota
IMG_568.jpg,Colombia,Bogota
IMG_572.jpg,Colombia,Bogota
IMG_575.jpg,Colombia,Bogota
IMG_575_1.jpg,Colombia,Bogota
IMG_576_1.jpg,Colombia,Bogota
IMG_580.jpg,Colombia,Bogota
IMG_593.jpg,Colombia,Bogota
IMG_598.jpg,Colombia,Bogota
IMG_602.jpg,Colombia,Bogota
IMG_602_1.jpg,Colombia,Bogota
IMG_605.jpg,Colombia,Bogota
IMG_612.jpg,Colombia,Bogota
IMG_613.jpg,Colombia,Bogota
IMG_614.jpg,Colombia,Bogota
IMG_614_1.jpg,Colombia,Bogota
IMG_621.jpg,Colombia,Bogota
IMG_621_1.jpg,Colombia,Bogota
IMG_622.jpg,Colombia,Bogota
IMG_622_1.jpg,Colombia,Bogota
IMG_624.jpg,Colombia,Bogota
IMG_625.jpg,Colombia,Bogota
IMG_625_1.jpg,Colombia,Bogota
IMG_626.jpg,Colombia,Bogota
IMG_627.jpg,Colombia,Bogota
IMG_6278.jpg,Mexico,La Paz
IMG_627_1.jpg,Colombia,Bogota
IMG_628_1.jpg,Colombia,Bogota
IMG_629.jpg,Colombia,Bogota
IMG_6296.jpg,Mexico,La Paz
IMG_6314.jpg,Mexico,La Paz
IMG_6321.jpg,Mexico,La Paz
IMG_6331.jpg,Mexico,La Paz
IMG_6335.jpg,Mexico,La Paz
IMG_6340.jpg,Mexico,La Paz
IMG_6345.jpg,Mexico,La Paz
IMG_6346.jpg,Mexico,La Paz
IMG_635.jpg,Colombia,Bogota
IMG_6353.jpg,Mexico,La Paz
IMG_635_1.jpg,Colombia,Bogota
IMG_6366.jpg,Mexico,La Paz
IMG_641.jpg,Colombia,Bogota
IMG_6415.jpg,Mexico,La Paz
IMG_6425.jpg,Mexico,La Paz
IMG_6427.jpg,Mexico,La Paz
IMG_6429.jpg,Mexico,La Paz
IMG_643_1.jpg,Colombia,Bogota
IMG_6443.jpg,Mexico,La Paz
IMG_644_1.jpg,Colombia,Bogota
IMG_648.jpg,Colombia,Bogota
IMG_6488.jpg,Mexico,La Paz
IMG_648_1.jpg,Colombia,Bogota
IMG_650.jpg,Colombia,Bogota
IMG_6501.jpg,Mexico,La Paz
IMG_6505.jpg,Mexico,La Paz
IMG_6512.jpg,Mexico,La Paz
IMG_6522.jpg,Mexico,La Paz
IMG_6524.jpg,Mexico,La Paz
IMG_6536.jpg,Mexico,La Paz
IMG_6538.jpg,Mexico,La Paz
IMG_6539.jpg,Mexico,La Paz
IMG_654.jpg,Colombia,Bogota
IMG_6555.jpg,Mexico,La Paz
IMG_656_1.jpg,Colombia,Bogota
IMG_6575.jpg,Mexico,La Paz
IMG_6578.jpg,Mexico,La Paz
IMG_6593.jpg,Mexico,La Paz
IMG_6594.jpg,Mexico,La Paz
IMG_6596.jpg,Mexico,La Paz
IMG_6600.jpg,Mexico,La Paz
IMG_662.jpg,Colombia,Bogota
IMG_6629.jpg,Mexico,La Paz
IMG_662_1.jpg,Colombia,Bogota
IMG_664.jpg,Colombia,Bogota
IMG_6647.jpg,Mexico,La Paz
IMG_664_1.jpg,Colombia,Bogota
IMG_666.jpg,Colombia,Bogota
IMG_667.jpg,Colombia,Bogota
IMG_667_1.jpg,Colombia,Bogota
IMG_668.jpg,Colombia,Bogota
IMG_668_1.jpg,Colombia,Bogota
IMG_672.jpg,Colombia,Bogota
IMG_673.jpg,Colombia,Bogota
IMG_674.jpg,Colombia,Bogota
IMG_675.jpg,Colombia,Bogota
IMG_675_1.jpg,Colombia,Bogota
IMG_676.jpg,Colombia,Bogota
IMG_676_1.jpg,Colombia,Bogota
IMG_6779.jpg,Mexico,La Paz
IMG_6783.jpg,Mexico,La Paz
IMG_68.jpg,Colombia,Bogota
IMG_6809.jpg,Mexico,La Paz
IMG_681.jpg,Colombia,Bogota
IMG_6812.jpg,Mexico,La Paz
IMG_6817.jpg,Mexico,La Paz
IMG_6820.jpg,Mexico,La Paz
IMG_6838.jpg,Mexico,La Paz
IMG_685.jpg,Colombia,Bogota
IMG_6852.jpg,Mexico,La Paz
IMG_6853.jpg,Mexico,La Paz
IMG_6858.jpg,Mexico,La Paz
IMG_685_1.jpg,Colombia,Bogota
IMG_686.jpg,Colombia,Bogota
IMG_6860.jpg,Mexico,La Paz
IMG_6866.jpg,Mexico,La Paz
IMG_687.jpg,Colombia,Bogota
IMG_6871.jpg,Mexico,La Paz
IMG_6872.jpg,Mexico,La Paz
IMG_688.jpg,Colombia,Bogota
IMG_688_1.jpg,Colombia,Bogota
IMG_689.jpg,Colombia,Bogota
IMG_68_1.jpg,Colombia,Bogota
IMG_69.jpg,Colombia,Bogota
IMG_690.jpg,Colombia,Bogota
IMG_6909.jpg,Mexico,La Paz
IMG_690_1.jpg,Colombia,Bogota
IMG_691.jpg,Colombia,Bogota
IMG_6916.jpg,Mexico,La Paz
IMG_6919.jpg,Mexico,La Paz
IMG_692.jpg,Colombia,Bogota
IMG_6944.jpg,Mexico,La Paz
IMG_695.jpg,Colombia,Bogota
IMG_6963.jpg,Mexico,La Paz
IMG_696_1.jpg,Colombia,Bogota
IMG_697.jpg,Colombia,Bogota
IMG_6974.jpg,Mexico,La Paz
IMG_6977.jpg,Mexico,La Paz
IMG_697_1.jpg,Colombia,Bogota
IMG_698.jpg,Colombia,Bogota
IMG_6982.jpg,Mexico,La Paz
IMG_6985.jpg,Mexico,La Paz
IMG_699.jpg,Colombia,Bogota
IMG_6991.jpg,Mexico,La Paz
IMG_6992.jpg,Mexico,La Paz
IMG_6994.jpg,Mexico,La Paz
IMG_6995.jpg,Mexico,La Paz
IMG_700.jpg,Colombia,Bogota
IMG_7002.jpg,Mexico,La Paz
IMG_700_1.jpg,Colombia,Bogota
IMG_703.jpg,Colombia,Bogota
IMG_703_1.jpg,Colombia,Bogota
IMG_70_1.jpg,Colombia,Bogota
IMG_710_1.jpg,Colombia,Bogota
IMG_711.jpg,Colombia,Bogota
IMG_711_1.jpg,Colombia,Bogota
IMG_712.jpg,Colombia,Bogota
IMG_714.jpg,Colombia,Bogota
IMG_716.jpg,Colombia,Bogota
IMG_719.jpg,Colombia,Bogota
IMG_723.jpg,Colombia,Bogota
IMG_725.jpg,Colombia,Bogota
IMG_725_1.jpg,Colombia,Bogota
IMG_728_1.jpg,Colombia,Bogota
IMG_730.jpg,Colombia,Bogota
IMG_730_1.jpg,Colombia,Bogota
IMG_731.jpg,Colombia,Bogota
IMG_734.jpg,Colombia,Bogota
IMG_735.jpg,Colombia,Bogota
IMG_737.jpg,Colombia,Bogota
IMG_738_1.jpg,Colombia,Bogota
IMG_739.jpg,Colombia,Bogota
IMG_739_1.jpg,Colombia,Bogota
IMG_740.jpg,Colombia,Bogota
IMG_743.jpg,Colombia,Bogota
IMG_744.jpg,Colombia,Bogota
IMG_744_1.jpg,Colombia,Bogota
IMG_746.jpg,Colombia,Bogota
IMG_746_1.jpg,Colombia,Bogota
IMG_748.jpg,Colombia,Bogota
IMG_748_1.jpg,Colombia,Bogota
IMG_750.jpg,Colombia,Bogota
IMG_751.jpg,Colombia,Bogota
IMG_752_1.jpg,Colombia,Bogota
IMG_753.jpg,Colombia,Bogota
IMG_754.jpg,Colombia,Bogota
IMG_755.jpg,Colombia,Bogota
IMG_755_1.jpg,Colombia,Bogota
IMG_759_1.jpg,Colombia,Bogota
IMG_760_1.jpg,Colombia,Bogota
IMG_761.jpg,Colombia,Bogota
IMG_767.jpg,Colombia,Bogota
IMG_77.jpg,Colombia,Bogota
IMG_770.jpg,Colombia,Bogota
IMG_771.jpg,Colombia,Bogota
IMG_771_1.jpg,Colombia,Bogota
IMG_772.jpg,Colombia,Bogota
IMG_773.jpg,Colombia,Bogota
IMG_774.jpg,Colombia,Bogota
IMG_775.jpg,Colombia,Bogota
IMG_775_1.jpg,Colombia,Bogota
IMG_776.jpg,Colombia,Bogota
IMG_779.jpg,Colombia,Bogota
IMG_77_1.jpg,Colombia,Bogota
IMG_781.jpg,Colombia,Bogota
IMG_782.jpg,Colombia,Bogota
IMG_782_1.jpg,Colombia,Bogota
IMG_783.jpg,Colombia,Bogota
IMG_784.jpg,Colombia,Bogota
IMG_787.jpg,Colombia,Bogota
IMG_788.jpg,Colombia,Bogota
IMG_789.jpg,Colombia,Bogota
IMG_789_1.jpg,Colombia,Bogota
IMG_79.jpg,Colombia,Bogota
IMG_793.jpg,Colombia,Bogota
IMG_794.jpg,Colombia,Bogota
IMG_795.jpg,Colombia,Bogota
IMG_796.jpg,Colombia,Bogota
IMG_796_1.jpg,Colombia,Bogota
IMG_797.jpg,Colombia,Bogota
IMG_798.jpg,Colombia,Bogota
IMG_798_1.jpg,Colombia,Bogota
IMG_799.jpg,Colombia,Bogota
IMG_801.jpg,Colombia,Bogota
IMG_802_1.jpg,Colombia,Bogota
IMG_803.jpg,Colombia,Bogota
IMG_804_1.jpg,Colombia,Bogota
IMG_805_1.jpg,Colombia,Bogota
IMG_806_1.jpg,Colombia,Bogota
IMG_807.jpg,Colombia,Bogota
IMG_807_1.jpg,Colombia,Bogota
IMG_808.jpg,Colombia,Bogota
IMG_809.jpg,Colombia,Bogota
IMG_810.jpg,Colombia,Bogota
IMG_810_1.jpg,Colombia,Bogota
IMG_811.jpg,Colombia,Bogota
IMG_812.jpg,Colombia,Bogota
IMG_813.jpg,Colombia,Bogota
IMG_814.jpg,Colombia,Bogota
IMG_815.jpg,Colombia,Bogota
IMG_815_1.jpg,Colombia,Bogota
IMG_816.jpg,Colombia,Bogota
IMG_818.jpg,Colombia,Bogota
IMG_818_1.jpg,Colombia,Bogota
IMG_819.jpg,Colombia,Bogota
IMG_823.jpg,Colombia,Bogota
IMG_824.jpg,Colombia,Bogota
IMG_824_1.jpg,Colombia,Bogota
IMG_827_1.jpg,Colombia,Bogota
IMG_828_1.jpg,Colombia,Bogota
IMG_829.jpg,Colombia,Bogota
IMG_831_1.jpg,Colombia,Bogota
IMG_836.jpg,Colombia,Bogota
IMG_837.jpg,Colombia,Bogota
IMG_837_1.jpg,Colombia,Bogota
IMG_839.jpg,Colombia,Bogota
IMG_841.jpg,Colombia,Bogota
IMG_841_1.jpg,Colombia,Bogota
IMG_845.jpg,Colombia,Bogota
IMG_848_1.jpg,Colombia,Bogota
IMG_851.jpg,Colombia,Bogota
IMG_851_1.jpg,Colombia,Bogota
IMG_854.jpg,Colombia,Bogota
IMG_854_1.jpg,Colombia,Bogota
IMG_855.jpg,Colombia,Bogota
IMG_855_1.jpg,Colombia,Bogota
IMG_857.jpg,Colombia,Bogota
IMG_857_1.jpg,Colombia,Bogota
IMG_858.jpg,Colombia,Bogota
IMG_859.jpg,Colombia,Bogota
IMG_860.jpg,Colombia,Bogota
IMG_863.jpg,Colombia,Bogota
IMG_864.jpg,Colombia,Bogota
IMG_864_1.jpg,Colombia,Bogota
IMG_865_1.jpg,Colombia,Bogota
IMG_866.jpg,Colombia,Bogota
IMG_867_1.jpg,Colombia,Bogota
IMG_869.jpg,Colombia,Bogota
IMG_869_1.jpg,Colombia,Bogota
IMG_87.jpg,Colombia,Bogota
IMG_870.jpg,Colombia,Bogota
IMG_871.jpg,Colombia,Bogota
IMG_872.jpg,Colombia,Bogota
IMG_873.jpg,Colombia,Bogota
IMG_874.jpg,Colombia,Bogota
IMG_875.jpg,Colombia,Bogota
IMG_876.jpg,Colombia,Bogota
IMG_877.jpg,Colombia,Bogota
IMG_878.jpg,Colombia,Bogota
IMG_879.jpg,Colombia,Bogota
IMG_879_1.jpg,Colombia,Bogota
IMG_87_1.jpg,Colombia,Bogota
IMG_880_1.jpg,Colombia,Bogota
IMG_881.jpg,Colombia,Bogota
IMG_883.jpg,Colombia,Bogota
IMG_885.jpg,Colombia,Bogota
IMG_885_1.jpg,Colombia,Bogota
IMG_887.jpg,Colombia,Bogota
IMG_890_1.jpg,Colombia,Bogota
IMG_891.jpg,Colombia,Bogota
IMG_892.jpg,Colombia,Bogota
IMG_895.jpg,Colombia,Bogota
IMG_896.jpg,Colombia,Bogota
IMG_8_1.jpg,Colombia,Bogota
IMG_90.jpg,Colombia,Bogota
IMG_901.jpg,Colombia,Bogota
IMG_902.jpg,Colombia,Bogota
IMG_903_1.jpg,Colombia,Bogota
IMG_904.jpg,Colombia,Bogota
IMG_905.jpg,Colombia,Bogota
IMG_906.jpg,Colombia,Bogota
IMG_907.jpg,Colombia,Bogota
IMG_907_1.jpg,Colombia,Bogota
IMG_908.jpg,Colombia,Bogota
IMG_90_1.jpg,Colombia,Bogota
IMG_91.jpg,Colombia,Bogota
IMG_910.jpg,Colombia,Bogota
IMG_914.jpg,Colombia,Bogota
IMG_914_1.jpg,Colombia,Bogota
IMG_915.jpg,Colombia,Bogota
IMG_916.jpg,Colombia,Bogota
IMG_916_1.jpg,Colombia,Bogota
IMG_917_1.jpg,Colombia,Bogota
IMG_920.jpg,Colombia,Bogota
IMG_920_1.jpg,Colombia,Bogota
IMG_921_1.jpg,Colombia,Bogota
IMG_923.jpg,Colombia,Bogota
IMG_923_1.jpg,Colombia,Bogota
IMG_924.jpg,Colombia,Bogota
IMG_924_1.jpg,Colombia,Bogota
IMG_925.jpg,Colombia,Bogota
IMG_926.jpg,Colombia,Bogota
IMG_927.jpg,Colombia,Bogota
IMG_928.jpg,Colombia,Bogota
IMG_928_1.jpg,Colombia,Bogota
IMG_929.jpg,Colombia,Bogota
IMG_930.jpg,Colombia,Bogota
IMG_930_1.jpg,Colombia,Bogota
IMG_932_1.jpg,Colombia,Bogota
IMG_933_1.jpg,Colombia,Bogota
IMG_936.jpg,Colombia,Bogota
IMG_936_1.jpg,Colombia,Bogota
IMG_937_1.jpg,Colombia,Bogota
IMG_941.jpg,Colombia,Bogota
IMG_942.jpg,Colombia,Bogota
IMG_942_1.jpg,Colombia,Bogota
IMG_943.jpg,Colombia,Bogota
IMG_943_1.jpg,Colombia,Bogota
IMG_944.jpg,Colombia,Bogota
IMG_945.jpg,Colombia,Bogota
IMG_945_1.jpg,Colombia,Bogota
IMG_947.jpg,Colombia,Bogota
IMG_947_1.jpg,Colombia,Bogota
IMG_948.jpg,Colombia,Bogota
IMG_949.jpg,Colombia,Bogota
IMG_952.jpg,Colombia,Bogota
IMG_952_1.jpg,Colombia,Bogota
IMG_954.jpg,Colombia,Bogota
IMG_955.jpg,Colombia,Bogota
IMG_956.jpg,Colombia,Bogota
IMG_957.jpg,Colombia,Bogota
IMG_957_1.jpg,Colombia,Bogota
IMG_958.jpg,Colombia,Bogota
IMG_959.jpg,Colombia,Bogota
IMG_960.jpg,Colombia,Bogota
IMG_960_1.jpg,Colombia,Bogota
IMG_961.jpg,Colombia,Bogota
IMG_963.jpg,Colombia,Bogota
IMG_964.jpg,Colombia,Bogota
IMG_966_1.jpg,Colombia,Bogota
IMG_967.jpg,Colombia,Bogota
IMG_969.jpg,Colombia,Bogota
IMG_969_1.jpg,Colombia,Bogota
IMG_9700.jpg,Mexico,La Paz
IMG_9701.jpg,Mexico,La Paz
IMG_972.jpg,Colombia,Bogota
IMG_972_1.jpg,Colombia,Bogota
IMG_974.jpg,Colombia,Bogota
IMG_9741.jpg,Mexico,La Paz
IMG_9743.jpg,Mexico,La Paz
IMG_9748.jpg,Mexico,La Paz
IMG_974_1.jpg,Colombia,Bogota
IMG_975.jpg,Colombia,Bogota
IMG_976.jpg,Colombia,Bogota
IMG_9769.jpg,Mexico,La Paz
IMG_976_1.jpg,Colombia,Bogota
IMG_977.jpg,Colombia,Bogota
IMG_977_1.jpg,Colombia,Bogota
IMG_978.jpg,Colombia,Bogota
IMG_9782.jpg,Mexico,La Paz
IMG_9788.jpg,Mexico,La Paz
IMG_9789.jpg,Mexico,La Paz
IMG_979.jpg,Colombia,Bogota
IMG_9793.jpg,Mexico,La Paz
IMG_9795.jpg,Mexico,La Paz
IMG_9797.jpg,Mexico,La Paz
IMG_9798.jpg,Mexico,La Paz
IMG_9799.jpg,Mexico,La Paz
IMG_979_1.jpg,Colombia,Bogota
IMG_9800.jpg,Mexico,La Paz
IMG_9801.jpg,Mexico,La Paz
IMG_9802.jpg,Mexico,La Paz
IMG_9803.jpg,Mexico,La Paz
IMG_9804.jpg,Mexico,La Paz
IMG_9807.jpg,Mexico,La Paz
IMG_9808.jpg,Mexico,La Paz
IMG_9809.jpg,Mexico,La Paz
IMG_981.jpg,Colombia,Bogota
IMG_983.jpg,Colombia,Bogota
IMG_985.jpg,Colombia,Bogota
IMG_9850.jpg,Mexico,La Paz
IMG_986_1.jpg,Colombia,Bogota
IMG_988.jpg,Colombia,Bogota
IMG_988_1.jpg,Colombia,Bogota
IMG_989.jpg,Colombia,Bogota
IMG_9894.jpg,Mexico,La Paz
IMG_9896.jpg,Mexico,La Paz
IMG_9898.jpg,Mexico,La Paz
IMG_989_1.jpg,Colombia,Bogota
IMG_9905.jpg,Mexico,La Paz
IMG_990_1.jpg,Colombia,Bogota
IMG_9911.jpg,Mexico,La Paz
IMG_9912.jpg,Mexico,La Paz
IMG_9913.jpg,Mexico,La Paz
IMG_991_1.jpg,Colombia,Bogota
IMG_9921.jpg,Mexico,La Paz
IMG_9922.jpg,Mexico,La Paz
IMG_9928.jpg,Mexico,La Paz
IMG_9929.jpg,Mexico,La Paz
IMG_993.jpg,Colombia,Bogota
IMG_993_1.jpg,Colombia,Bogota
IMG_9944.jpg,Mexico,La Paz
IMG_994_1.jpg,Colombia,Bogota
IMG_9955.jpg,Mexico,La Paz
IMG_9962.jpg,Mexico,La Paz
IMG_9965.jpg,Mexico,La Paz
IMG_997.jpg,Colombia,Bogota
IMG_999.jpg,Colombia,Bogota
IMG_9991.jpg,Mexico,La Paz
IMG_9993.jpg,Mexico,La Paz
IMG_9998.jpg,Mexico,La Paz
IMG_9999.jpg,Mexico,La Paz
IMG_999_1.jpg,Colombia,Bogota
Original_TimePhoto_20250530_101223.jpg,Colombia,Cali
Original_TimePhoto_20250530_101954.jpg,Colombia,Cali
TimePhoto_20250504_112207.jpg,Colombia,Cali
TimePhoto_20250504_112239.jpg,Colombia,Cali
045247a6-b1c2-4557-9e14-8bfa4507f52c.jpg,Colombia,Medellin
1138fe9b-9625-465e-901b-8b2abf5ab990.jpg,Colombia,Medellin
ED8_03.jpg,,
ED80_02.JPG,,
ED80_03.JPG,,
ED9_02.jpeg,,
tijuana_01.jpg,Mexico,Tijuana
tijuana_02.jpg,Mexico,Tijuana
tijuana_03.jpg,Mexico,Tijuana
tijuana_04.jpg,Mexico,Tijuana
tijuana_05.jpg,Mexico,Tijuana
tijuana_06.jpg,Mexico,Tijuana
tijuana_07.jpg,Mexico,Tijuana
tijuana_08.jpg,Mexico,Tijuana
tijuana_10.jpg,Mexico,Tijuana
tijuana_100.jpg,Mexico,Tijuana
tijuana_101.jpg,Mexico,Tijuana
tijuana_102.jpg,Mexico,Tijuana
tijuana_103.jpg,Mexico,Tijuana
tijuana_107.jpg,Mexico,Tijuana
tijuana_108.jpg,Mexico,Tijuana
tijuana_109.jpg,Mexico,Tijuana
tijuana_110.jpg,Mexico,Tijuana
tijuana_112.jpg,Mexico,Tijuana
tijuana_113.jpg,Mexico,Tijuana
tijuana_115.jpg,Mexico,Tijuana
tijuana_116.jpg,Mexico,Tijuana
tijuana_117.jpg,Mexico,Tijuana
tijuana_118.jpg,Mexico,Tijuana
00dcd220-b766-4ce3-b456-03442ce20cc5.jpg,Colombia,Medellin
02c4852b-2758-4954-995f-c9fc47b2801e.jpg,Colombia,Medellin
0436486d-9de3-42f5-b98d-8789f6bc1434.jpg,Colombia,Medellin
05a0b796-17d4-4578-90a1-e012f431243c.jpg,Colombia,Medellin
063fa375-54b3-40c0-a989-56f88f92735c.jpg,Colombia,Medellin
06a30944-e626-4dc0-beca-65859bc2c2d1.jpg,Colombia,Medellin
08444d40-a907-4657-af7e-f094b72694e5.jpg,Colombia,Medellin
087580103000000110043000000000.jpg,Colombia,Soledad
087580103000000120020000000000.jpg,Colombia,Soledad
087580103000000120021000000000.jpg,Colombia,Soledad
087580103000000130019000000000.jpg,Colombia,Soledad
087580103000000850014000000000.jpg,Colombia,Soledad
087580103000000930020000000000.jpg,Colombia,Soledad
087580103000001350015000000000.jpg,Colombia,Soledad
087580103000001860014000000000.jpg,Colombia,Soledad
087580103000001910008000000000.jpg,Colombia,Soledad
087580103000001930027000000000.jpg,Colombia,Soledad
087580103000001980027000000000.jpg,Colombia,Soledad
087580103000001990004000000000.jpg,Colombia,Soledad
087580103000002460003000000000.jpg,Colombia,Soledad
08758100000000000702010000002U.jpg,Colombia,Soledad
08758100000000000901130000002U.jpg,Colombia,Soledad
08758100000000000901230000002U.jpg,Colombia,Soledad
0898902d-8b84-4160-9595-fbe3b6c920e8.jpg,Colombia,Medellin
090d067b-371c-40ee-b4cc-bc9d711223a7.jpg,Colombia,Medellin
0a77cc78-ae95-4e08-88a3-ecece6dcb4c1.jpg,Colombia,Medellin
0b43363c-9c37-4b09-abd9-a1f997bfc0f1.jpg,Colombia,Medellin
0d458455-0ac3-40fb-ac58-1fe609dd4994.jpg,Colombia,Medellin
0f409ba7-3131-4ebb-bf2c-3f26ce8bdcbe.jpg,Colombia,Medellin
1005338256_2697_1.jpg,Portugal,Lisbon
1005338257_2698_0.jpg,Portugal,Lisbon
1005338257_2698_2.jpg,Portugal,Lisbon
1005377980_2733_0.jpg,Portugal,Lisbon
1005377981_2734_0.jpg,Portugal,Lisbon
1005432333_2756_0.jpg,Portugal,Lisbon
1005432340_2763_0.jpg,Portugal,Lisbon
1005432362_2785_0.jpg,Portugal,Lisbon
1005432382_2805_0.jpg,Portugal,Lisbon
1005432391_2814_2.jpg,Portugal,Lisbon
1005432392_2815_2.jpg,Portugal,Lisbon
1005432398_2821_1.jpg,Portugal,Lisbon
1005432406_2829_2.jpg,Portugal,Lisbon
1005432764_2841_1.jpg,Portugal,Lisbon
11e1fe5b-d112-40ca-996f-b071e6fb9903.jpg,Colombia,Medellin
120b429d-d17d-4d2a-8618-0dbc4b1befa7.jpg,Colombia,Medellin
1216bf1d-4308-4320-9f6e-fe7366f34889.jpg,Colombia,Medellin
12b93e48-6d9a-4a60-8aa5-0bd5cf7d5f64.jpg,Colombia,Medellin
143861784_127_1.jpg,Portugal,Lisbon
1457562a-bcdc-488f-817f-f2d46b01a5b6.jpg,Colombia,Medellin
1475d34d-b625-44bd-b0fb-682f84fd6444.jpg,Colombia,Medellin
1485f854-2c01-4e3f-a0f5-2cce2b4513e2.jpg,Colombia,Medellin
14d1b265-e737-4c9d-82e9-7bf4d7fa8c25.jpg,Colombia,Medellin
15ec87bc-6ebd-43bd-a8d9-b2b8b608132d.jpg,Colombia,Medellin
160dd8eb-4e62-4c1a-8e9a-7166ae098de8.jpg,Colombia,Medellin
17f33d84-9ce9-40ad-a6fc-e01dbf1286f5.jpg,Colombia,Medellin
185776a9-f3da-46b5-a740-24c6e6e8b94b.jpg,Colombia,Medellin
18c21915-391d-4681-8893-b36e8fb5e75d.jpg,Colombia,Medellin
19888217-eec0-4ecf-98e3-044e85131a80.jpg,Colombia,Medellin
19d7838e-33e2-493f-bb74-f115886ade0b.jpg,Colombia,Medellin
1c0bfce8-e92e-4e16-a2b3-251ab20116ed.jpg,Colombia,Medellin
1c377acc-1276-4056-a861-b5f0f44c71c7.jpg,Colombia,Medellin
1daf40ef-e31f-4bcb-b41c-07a842099571.jpg,Colombia,Medellin
1de808f6-3e80-4e1c-8f10-86c3d871b653.jpg,Colombia,Medellin
1fa59743-55a0-48e5-9d6e-e48047c5229c.jpg,Colombia,Medellin
20250605_105104.jpg,Mexico,La Paz
20250605_105225.jpg,Mexico,La Paz
20250605_105256.jpg,Mexico,La Paz
20250605_105356.jpg,Mexico,La Paz
20250605_110314.jpg,Mexico,La Paz
20250605_110339.jpg,Mexico,La Paz
20250605_110548.jpg,Mexico,La Paz
20250605_110600.jpg,Mexico,La Paz
20250605_111223.jpg,Mexico,La Paz
20250605_111235.jpg,Mexico,La Paz
20250605_111430.jpg,Mexico,La Paz
20250605_111518.jpg,Mexico,La Paz
20250605_111533.jpg,Mexico,La Paz
20250605_111550.jpg,Mexico,La Paz
20250605_112205.jpg,Mexico,La Paz
20250605_112247.jpg,Mexico,La Paz
20250605_112859.jpg,Mexico,La Paz
20250605_113427.jpg,Mexico,La Paz
20250605_113512.jpg,Mexico,La Paz
20250605_113551.jpg,Mexico,La Paz
20250605_114132.jpg,Mexico,La Paz
20250605_114819.jpg,Mexico,La Paz
20250605_114905.jpg,Mexico,La Paz
20250605_115727.jpg,Mexico,La Paz
20250605_115857.jpg,Mexico,La Paz
20250605_115907.jpg,Mexico,La Paz
20250605_120036.jpg,Mexico,La Paz
20250605_120745.jpg,Mexico,La Paz
20250605_120853.jpg,Mexico,La Paz
20250605_121210.jpg,Mexico,La Paz
20250605_122044.jpg,Mexico,La Paz
20250614_092851.jpg,Mexico,La Paz
20250614_093528.jpg,Mexico,La Paz
20250614_093554.jpg,Mexico,La Paz
20250614_093617.jpg,Mexico,La Paz
20250614_093821.jpg,Mexico,La Paz
20250614_101400.jpg,Mexico,La Paz
20250614_101432.jpg,Mexico,La Paz
20250614_101705.jpg,Mexico,La Paz
20250614_101741.jpg,Mexico,La Paz
20250614_101801.jpg,Mexico,La Paz
20250614_101817.jpg,Mexico,La Paz
20250614_101824.jpg,Mexico,La Paz
20250614_101834.jpg,Mexico,La Paz
20250614_101841.jpg,Mexico,La Paz
20250614_102027.jpg,Mexico,La Paz
20250614_102042.jpg,Mexico,La Paz
20250614_102049.jpg,Mexico,La Paz
20250614_102128.jpg,Mexico,La Paz
20250614_102337.jpg,Mexico,La Paz
20250614_102616.jpg,Mexico,La Paz
20250614_102902.jpg,Mexico,La Paz
20250614_103012.jpg,Mexico,La Paz
20250614_103035.jpg,Mexico,La Paz
20250614_103219.jpg,Mexico,La Paz
20250614_103311.jpg,Mexico,La Paz
20250614_103323.jpg,Mexico,La Paz
20250614_103328.jpg,Mexico,La Paz
20250614_103444.jpg,Mexico,La Paz
20250614_103514.jpg,Mexico,La Paz
20250614_103558.jpg,Mexico,La Paz
20250614_103826.jpg,Mexico,La Paz
20250614_104141.jpg,Mexico,La Paz
20250614_104236.jpg,Mexico,La Paz
20250614_104248.jpg,Mexico,La Paz
20250614_104431.jpg,Mexico,La Paz
20250614_104527.jpg,Mexico,La Paz
20250614_104529.jpg,Mexico,La Paz
20250614_104538.jpg,Mexico,La Paz
20250614_104549.jpg,Mexico,La Paz
20250614_104644.jpg,Mexico,La Paz
20250614_104706.jpg,Mexico,La Paz
20250614_104724.jpg,Mexico,La Paz
20250614_104752.jpg,Mexico,La Paz
20250614_104801.jpg,Mexico,La Paz
20250614_104818.jpg,Mexico,La Paz
20250614_104845.jpg,Mexico,La Paz
20250614_105003.jpg,Mexico,La Paz
20250614_105101.jpg,Mexico,La Paz
20250614_105108.jpg,Mexico,La Paz
20250614_105143.jpg,Mexico,La Paz
20250614_105208.jpg,Mexico,La Paz
20250614_105248.jpg,Mexico,La Paz
20250614_105311.jpg,Mexico,La Paz
20250614_105435.jpg,Mexico,La Paz
20250614_105459.jpg,Mexico,La Paz
20250614_105523.jpg,Mexico,La Paz
20250614_105638.jpg,Mexico,La Paz
20250614_105652.jpg,Mexico,La Paz
20250614_105716.jpg,Mexico,La Paz
20250614_105826.jpg,Mexico,La Paz
20250614_105841.jpg,Mexico,La Paz
20250614_105929.jpg,Mexico,La Paz
20250614_110014.jpg,Mexico,La Paz
20250614_110026.jpg,Mexico,La Paz
20250614_110148.jpg,Mexico,La Paz
20250614_110211.jpg,Mexico,La Paz
20250614_110340.jpg,Mexico,La Paz
20250614_110456.jpg,Mexico,La Paz
20250614_110519.jpg,Mexico,La Paz
20250614_110557.jpg,Mexico,La Paz
20250614_110714.jpg,Mexico,La Paz
20250614_110727.jpg,Mexico,La Paz
20250614_110751.jpg,Mexico,La Paz
20250614_110809.jpg,Mexico,La Paz
20250614_110918.jpg,Mexico,La Paz
20250614_110935.jpg,Mexico,La Paz
20250614_110955.jpg,Mexico,La Paz
20250614_111009.jpg,Mexico,La Paz
20250614_111020.jpg,Mexico,La Paz
20250614_111041.jpg,Mexico,La Paz
20250614_111045.jpg,Mexico,La Paz
20250614_111123.jpg,Mexico,La Paz
20250614_111135.jpg,Mexico,La Paz
20250614_111457.jpg,Mexico,La Paz
20250614_111634.jpg,Mexico,La Paz
20250614_111637.jpg,Mexico,La Paz
20250614_111703.jpg,Mexico,La Paz
20250614_111832.jpg,Mexico,La Paz
20250614_111937.jpg,Mexico,La Paz
20250614_111959.jpg,Mexico,La Paz
20250614_112221.jpg,Mexico,La Paz
20250614_112241.jpg,Mexico,La Paz
20250614_112317.jpg,Mexico,La Paz
20250614_112353.jpg,Mexico,La Paz
20250614_112410.jpg,Mexico,La Paz
20250614_112427.jpg,Mexico,La Paz
20250614_112442.jpg,Mexico,La Paz
20250614_112446.jpg,Mexico,La Paz
20250614_112509.jpg,Mexico,La Paz
20250614_112524.jpg,Mexico,La Paz
20250614_112530.jpg,Mexico,La Paz
20250614_112602.jpg,Mexico,La Paz
20250614_112623.jpg,Mexico,La Paz
20250614_112721.jpg,Mexico,La Paz
20250614_112925.jpg,Mexico,La Paz
20250614_112950.jpg,Mexico,La Paz
20250614_113102.jpg,Mexico,La Paz
20250614_113157.jpg,Mexico,La Paz
20250614_113723.jpg,Mexico,La Paz
20250614_113733.jpg,Mexico,La Paz
20250614_113819.jpg,Mexico,La Paz
20250614_113832.jpg,Mexico,La Paz
20250614_113930.jpg,Mexico,La Paz
20250614_114908.jpg,Mexico,La Paz
20250614_120028.jpg,Mexico,La Paz
20250614_120313.jpg,Mexico,La Paz
20250614_120401.jpg,Mexico,La Paz
20250614_120505.jpg,Mexico,La Paz
20250614_120522.jpg,Mexico,La Paz
20250614_120534.jpg,Mexico,La Paz
20250614_120551.jpg,Mexico,La Paz
20250614_120637.jpg,Mexico,La Paz
20250614_120654.jpg,Mexico,La Paz
20250614_120704.jpg,Mexico,La Paz
20250614_120756.jpg,Mexico,La Paz
20250614_120814.jpg,Mexico,La Paz
20250614_120846.jpg,Mexico,La Paz
20250614_120916.jpg,Mexico,La Paz
20250614_120920.jpg,Mexico,La Paz
20250614_121004.jpg,Mexico,La Paz
20250614_121036.jpg,Mexico,La Paz
20250614_121137.jpg,Mexico,La Paz
20250614_121144.jpg,Mexico,La Paz
20250614_121215.jpg,Mexico,La Paz
20250614_121236.jpg,Mexico,La Paz
20250614_121258.jpg,Mexico,La Paz
20250614_121311.jpg,Mexico,La Paz
20250614_121410.jpg,Mexico,La Paz
20250614_121525.jpg,Mexico,La Paz
20250614_121531.jpg,Mexico,La Paz
20250614_121544.jpg,Mexico,La Paz
20250614_121651.jpg,Mexico,La Paz
20250614_121807.jpg,Mexico,La Paz
20250614_121910.jpg,Mexico,La Paz
20250614_121919.jpg,Mexico,La Paz
20250614_122109.jpg,Mexico,La Paz
20250614_122131.jpg,Mexico,La Paz
20250614_122134.jpg,Mexico,La Paz
20250614_122144.jpg,Mexico,La Paz
20250614_122202.jpg,Mexico,La Paz
20250614_122250.jpg,Mexico,La Paz
20250614_122346.jpg,Mexico,La Paz
20250614_122835.jpg,Mexico,La Paz
20250614_122837.jpg,Mexico,La Paz
20250614_122930.jpg,Mexico,La Paz
20250614_122938.jpg,Mexico,La Paz
20250614_122946.jpg,Mexico,La Paz
20250614_123049.jpg,Mexico,La Paz
20250614_123110.jpg,Mexico,La Paz
20250614_123156.jpg,Mexico,La Paz
20250614_123222.jpg,Mexico,La Paz
20250614_123308.jpg,Mexico,La Paz
20250614_123326.jpg,Mexico,La Paz
20250614_123406.jpg,Mexico,La Paz
20250614_123436.jpg,Mexico,La Paz
20250614_123521.jpg,Mexico,La Paz
20250614_123620.jpg,Mexico,La Paz
20250614_123743.jpg,Mexico,La Paz
20250614_123750.jpg,Mexico,La Paz
20250614_123806.jpg,Mexico,La Paz
20250614_123958.jpg,Mexico,La Paz
20250614_124322.jpg,Mexico,La Paz
20250614_124710.jpg,Mexico,La Paz
20250614_130117.jpg,Mexico,La Paz
20250614_130218.jpg,Mexico,La Paz
20250614_130307.jpg,Mexico,La Paz
20250614_130512.jpg,Mexico,La Paz
20250614_130737.jpg,Mexico,La Paz
20250614_135323.jpg,Mexico,La Paz
20250614_135337.jpg,Mexico,La Paz
20250614_162753.jpg,Mexico,La Paz
20250614_162829.jpg,Mexico,La Paz
20250614_163006.jpg,Mexico,La Paz
20250614_163009.jpg,Mexico,La Paz
20250614_163100.jpg,Mexico,La Paz
20250614_163257.jpg,Mexico,La Paz
20250614_163346.jpg,Mexico,La Paz
20250614_163631.jpg,Mexico,La Paz
20250614_164010.jpg,Mexico,La Paz
20250614_164045.jpg,Mexico,La Paz
20250614_164304.jpg,Mexico,La Paz
20250614_164431.jpg,Mexico,La Paz
20250614_164531.jpg,Mexico,La Paz
20250614_164645.jpg,Mexico,La Paz
20250614_164648.jpg,Mexico,La Paz
20250614_164904.jpg,Mexico,La Paz
20250614_164915.jpg,Mexico,La Paz
20250614_165141.jpg,Mexico,La Paz
20250614_165321.jpg,Mexico,La Paz
20250614_165505.jpg,Mexico,La Paz
20250614_165551.jpg,Mexico,La Paz
20250614_165740.jpg,Mexico,La Paz
20250614_165841.jpg,Mexico,La Paz
20250614_170034.jpg,Mexico,La Paz
20250614_170105.jpg,Mexico,La Paz
20250614_170210.jpg,Mexico,La Paz
20250614_170537.jpg,Mexico,La Paz
20250614_170553.jpg,Mexico,La Paz
20250614_170649.jpg,Mexico,La Paz
20250614_170748.jpg,Mexico,La Paz
20250614_170755.jpg,Mexico,La Paz
20250614_170945.jpg,Mexico,La Paz
20250614_170954.jpg,Mexico,La Paz
20250614_171008.jpg,Mexico,La Paz
20250614_171023.jpg,Mexico,La Paz
20250614_171102.jpg,Mexico,La Paz
20250614_171139.jpg,Mexico,La Paz
20250614_171315.jpg,Mexico,La Paz
20250614_171357.jpg,Mexico,La Paz
20250614_171804.jpg,Mexico,La Paz
20250614_171903.jpg,Mexico,La Paz
20250614_171913.jpg,Mexico,La Paz
20250614_171931.jpg,Mexico,La Paz
20250614_172111.jpg,Mexico,La Paz
20250614_172206.jpg,Mexico,La Paz
20250614_172314.jpg,Mexico,La Paz
20250614_172349.jpg,Mexico,La Paz
20250614_172357.jpg,Mexico,La Paz
20250614_172421.jpg,Mexico,La Paz
20250614_172438.jpg,Mexico,La Paz
20250614_172517.jpg,Mexico,La Paz
20250614_172549.jpg,Mexico,La Paz
20250614_172640.jpg,Mexico,La Paz
20250614_172731.jpg,Mexico,La Paz
20250614_172753.jpg,Mexico,La Paz
20250614_172800.jpg,Mexico,La Paz
20250614_172844.jpg,Mexico,La Paz
20250614_172930.jpg,Mexico,La Paz
20250614_172934.jpg,Mexico,La Paz
20250614_172944.jpg,Mexico,La Paz
20250614_173051.jpg,Mexico,La Paz
20250614_173141.jpg,Mexico,La Paz
20250614_173145.jpg,Mexico,La Paz
20250614_173807.jpg,Mexico,La Paz
20250614_173821.jpg,Mexico,La Paz
20250614_173833.jpg,Mexico,La Paz
20250614_173900.jpg,Mexico,La Paz
20250614_173933.jpg,Mexico,La Paz
20250614_174013.jpg,Mexico,La Paz
20250614_174039.jpg,Mexico,La Paz
20250614_174109.jpg,Mexico,La Paz
20250614_174151.jpg,Mexico,La Paz
20250614_174224.jpg,Mexico,La Paz
20250614_174310.jpg,Mexico,La Paz
20250614_174318.jpg,Mexico,La Paz
20250614_174418.jpg,Mexico,La Paz
20250614_174733.jpg,Mexico,La Paz
20250614_174955.jpg,Mexico,La Paz
20250614_175000.jpg,Mexico,La Paz
20250614_175108.jpg,Mexico,La Paz
20250614_175111.jpg,Mexico,La Paz
20250614_175334.jpg,Mexico,La Paz
20250614_175413.jpg,Mexico,La Paz
20250614_175445.jpg,Mexico,La Paz
20250614_175611.jpg,Mexico,La Paz
20250614_175618.jpg,Mexico,La Paz
20250614_180002.jpg,Mexico,La Paz
20250614_180008.jpg,Mexico,La Paz
20250614_180021.jpg,Mexico,La Paz
20250614_180043.jpg,Mexico,La Paz
20250614_180110.jpg,Mexico,La Paz
20250614_180124.jpg,Mexico,La Paz
20250614_180157.jpg,Mexico,La Paz
20250614_180215.jpg,Mexico,La Paz
20250614_180314.jpg,Mexico,La Paz
20250614_180328.jpg,Mexico,La Paz
20250614_180409.jpg,Mexico,La Paz
20250614_180531.jpg,Mexico,La Paz
20250614_180603.jpg,Mexico,La Paz
20250614_180659.jpg,Mexico,La Paz
20250614_180737.jpg,Mexico,La Paz
20250614_180739.jpg,Mexico,La Paz
20250614_180746.jpg,Mexico,La Paz
20250614_180753.jpg,Mexico,La Paz
20250614_180811.jpg,Mexico,La Paz
20250614_181010.jpg,Mexico,La Paz
20250614_181019.jpg,Mexico,La Paz
20250614_181116.jpg,Mexico,La Paz
20250614_181310.jpg,Mexico,La Paz
20250614_181318.jpg,Mexico,La Paz
20250614_181337.jpg,Mexico,La Paz
20250614_181349.jpg,Mexico,La Paz
20250614_181434.jpg,Mexico,La Paz
20250614_181440.jpg,Mexico,La Paz
20250614_181534.jpg,Mexico,La Paz
20250614_181547.jpg,Mexico,La Paz
20250614_181954.jpg,Mexico,La Paz
20250614_182239.jpg,Mexico,La Paz
20250614_182307.jpg,Mexico,La Paz
20250614_182505.jpg,Mexico,La Paz
20250614_182520.jpg,Mexico,La Paz
20250614_182546.jpg,Mexico,La Paz
20250614_182817.jpg,Mexico,La Paz
20250614_182840.jpg,Mexico,La Paz
20250614_182909.jpg,Mexico,La Paz
20250614_183029.jpg,Mexico,La Paz
20250614_183112.jpg,Mexico,La Paz
20250614_183220.jpg,Mexico,La Paz
20250614_183225.jpg,Mexico,La Paz
20250614_183326.jpg,Mexico,La Paz
20250614_183330.jpg,Mexico,La Paz
20250614_183354.jpg,Mexico,La Paz
20250614_183400.jpg,Mexico,La Paz
20250614_183557.jpg,Mexico,La Paz
20250614_183650.jpg,Mexico,La Paz
20250614_183740.jpg,Mexico,La Paz
20250614_183751.jpg,Mexico,La Paz
20250614_183815.jpg,Mexico,La Paz
20250614_183846.jpg,Mexico,La Paz
20250614_183929.jpg,Mexico,La Paz
20250614_184011.jpg,Mexico,La Paz
20250614_184040.jpg,Mexico,La Paz
20250614_184108.jpg,Mexico,La Paz
20250614_184241.jpg,Mexico,La Paz
20250614_184251.jpg,Mexico,La Paz
20250614_184321.jpg,Mexico,La Paz
20250614_184412.jpg,Mexico,La Paz
20250614_184429.jpg,Mexico,La Paz
20250614_184450.jpg,Mexico,La Paz
20250614_184518.jpg,Mexico,La Paz
20250614_184546.jpg,Mexico,La Paz
20250614_184649.jpg,Mexico,La Paz
20250614_184744.jpg,Mexico,La Paz
20250614_185804.jpg,Mexico,La Paz
20250615_134719.jpg,Mexico,La Paz
20250615_150915.jpg,Mexico,La Paz
20250625_152938.jpg,Mexico,La Paz
20250626_074159.jpg,Mexico,La Paz
20250626_074526.jpg,Mexico,La Paz
20250626_075946.jpg,Mexico,La Paz
20250626_080005.jpg,Mexico,La Paz
20250626_080009.jpg,Mexico,La Paz
20250626_080415.jpg,Mexico,La Paz
20250626_081340.jpg,Mexico,La Paz
20250626_081505.jpg,Mexico,La Paz
20250626_081614.jpg,Mexico,La Paz
20250626_081735.jpg,Mexico,La Paz
20250626_081806.jpg,Mexico,La Paz
20250626_081807.jpg,Mexico,La Paz
20250626_082029.jpg,Mexico,La Paz
20250626_082116.jpg,Mexico,La Paz
20250626_082234.jpg,Mexico,La Paz
20250626_082242.jpg,Mexico,La Paz
20250626_082350.jpg,Mexico,La Paz
20250626_082402.jpg,Mexico,La Paz
20250626_082517.jpg,Mexico,La Paz
20250626_082716.jpg,Mexico,La Paz
20250626_083200.jpg,Mexico,La Paz
20250626_083610.jpg,Mexico,La Paz
20250626_083741.jpg,Mexico,La Paz
20250626_084026.jpg,Mexico,La Paz
20250626_084313.jpg,Mexico,La Paz
20250626_084653.jpg,Mexico,La Paz
20250626_084819.jpg,Mexico,La Paz
20250626_084959.jpg,Mexico,La Paz
20250626_085921.jpg,Mexico,La Paz
20250626_092254.jpg,Mexico,La Paz
20250626_092336.jpg,Mexico,La Paz
20250626_092507.jpg,Mexico,La Paz
20250626_092604.jpg,Mexico,La Paz
20250626_092623.jpg,Mexico,La Paz
20250626_092649.jpg,Mexico,La Paz
20250626_092834.jpg,Mexico,La Paz
204373198_200_2.jpg,Portugal,Lisbon
205772952_209_1.jpg,Portugal,Lisbon
205772953_210_2.jpg,Portugal,Lisbon
205772954_211_2.jpg,Portugal,Lisbon
205772955_212_0.jpg,Portugal,Lisbon
205772956_213_0.jpg,Portugal,Lisbon
205772958_215_1.jpg,Portugal,Lisbon
206457102_218_0.jpg,Portugal,Lisbon
206457104_220_1.jpg,Portugal,Lisbon
206457110_226_0.jpg,Portugal,Lisbon
206457116_232_2.jpg,Portugal,Lisbon
206457126_242_0.jpg,Portugal,Lisbon
208261350_263_2.jpg,Portugal,Lisbon
211288164_334_2.jpg,Portugal,Lisbon
211288175_339_2.jpg,Portugal,Lisbon
211288182_344_0.jpg,Portugal,Lisbon
211288184_346_0.jpg,Portugal,Lisbon
2188f24b-3b30-4b6a-b394-c099d2632df7.jpg,Colombia,Medellin
21992df4-c9bb-47d0-b58a-aa7488f8646b.jpg,Colombia,Medellin
21e0ae86-ebb9-4044-b86b-377be5ffddf7.jpg,Colombia,Medellin
22f503cb-506a-4a26-b86f-9ea958d88974.jpg,Colombia,Medellin
238480214_431_1.jpg,Portugal,Lisbon
23e814cf-f5ce-4548-85c2-fa649b50488a.jpg,Colombia,Medellin
242547467_475_0.jpg,Portugal,Lisbon
243488997_504_1.jpg,Portugal,Lisbon
2532e1b1-e01d-4ea0-86bf-a1dfca965f07.jpg,Colombia,Medellin
2581c18b-cfa7-4c68-84cd-cba1641e6426.jpg,Colombia,Medellin
25a1056b-b660-4e3e-8ffa-1b34da18862f.jpg,Colombia,Medellin
26151ed2-4527-4801-ba8d-eb5c11f4338b.jpg,Colombia,Medellin
263bc592-b8e0-450a-8352-bea0b43183b8.jpg,Colombia,Medellin
26e6904d-bae4-4829-9e82-44da4776ff66.jpg,Colombia,Medellin
275bc883-b788-4831-98c0-9f5207089a36.jpg,Colombia,Medellin
2796bcb8-0019-47b9-91e2-94080b0bb0f0.jpg,Colombia,Medellin
27d2420a-a0c5-45b4-a5ba-d3423f27af45.jpg,Colombia,Medellin
28ae9a30-05e2-4cc5-9e01-404057a14375.jpg,Colombia,Medellin
28e4611a-232c-402a-bf8e-3d1c03dde437.jpg,Colombia,Medellin
290d74e6-658b-4fbd-a8c7-6a3bccaa5671.jpg,Colombia,Medellin
29aa06d0-983a-4172-a6ad-5d5ec77c9dd5.jpg,Colombia,Medellin
29f47ffe-a836-44ff-ab63-13c92fbf9ebf.jpg,Colombia,Medellin
2a49bb3d-6975-4c8a-b45c-c0efe44e02d1.jpg,Colombia,Medellin
2a9a8849-20a9-4233-9ca6-54f82629d1a6.jpg,Colombia,Medellin
2b0ed5fc-1d96-4b7e-94b8-f07462a00641.jpg,Colombia,Medellin
2b6657cd-e70d-4e3c-a39e-2976652f0dff.jpg,Colombia,Medellin
2bfac615-dc45-4229-8844-bad05c8f69d8.jpg,Colombia,Medellin
2d55dafd-6225-49f4-9525-ae04ae500ca6.jpg,Colombia,Medellin
2ecfb7b5-0c39-4575-9a8f-35f5727ff95a.jpg,Colombia,Medellin
2f28811a-cf55-48fe-ae60-26ce30ea86c5.jpg,Colombia,Medellin
2f98387c-0c63-4f64-8785-1f980ed55d25.jpg,Colombia,Medellin
303925249_625_2.jpg,Portugal,Lisbon
303927546_668_2.jpg,Portugal,Lisbon
304690345_693_0.jpg,Portugal,Lisbon
304690693_706_0.jpg,Portugal,Lisbon
304690695_708_0.jpg,Portugal,Lisbon
304690698_710_0.jpg,Portugal,Lisbon
304706160_784_0.jpg,Portugal,Lisbon
31d61add-bdb0-4cfe-96be-e4ca729aaf98.jpg,Colombia,Medellin
322a9ba0-3e8d-40fa-9cd6-d5403601392c.jpg,Colombia,Medellin
32835098-c089-4068-b955-2380d698b1c1.jpg,Colombia,Medellin
33482dc6-e0de-46e2-afbf-4208b5aaa2b4.jpg,Colombia,Medellin
33d3f7e1-afb0-4465-be32-eed2c7f47a4b.jpg,Colombia,Medellin
350ec514-d3bf-4197-88ee-e94b41f9fca0.jpg,Colombia,Medellin
3552df54-538a-4a32-8a0c-3457c0fe8819.jpg,Colombia,Medellin
35729a36-15fe-408b-ac85-d4086969ee91.jpg,Colombia,Medellin
3722697b-23a1-4f13-81f7-26f931235242.jpg,Colombia,Medellin
37e38275-2b20-47f7-9763-a14f4146a6ea.jpg,Colombia,Medellin
3800c817-bf66-4304-91e6-b993dd19ace2.jpg,Colombia,Medellin
3840f7f0-a007-49c2-854b-e94b9e992c13.jpg,Colombia,Medellin
38619366-62d4-4871-98c1-dc63478bee1f.jpg,Colombia,Medellin
397f9b6f-e479-43dc-963c-690c12fed77f.jpg,Colombia,Medellin
39d85827-c02b-4d85-a3fb-721c99abcb35.jpg,Colombia,Medellin
39e3d1f3-787b-4299-a063-88adfb1e6e1b.jpg,Colombia,Medellin
3bda0495-7c3e-420c-b8a8-de38d68903ec.jpg,Colombia,Medellin
3c7bcf71-9f2d-4cca-80be-7c9b656a0e6d.jpg,Colombia,Medellin
3eb41540-9aeb-4012-a8f1-caf7707bd04c.jpg,Colombia,Medellin
4002dbc3-fdf8-47b3-b306-22fbd97f3c39.jpg,Colombia,Medellin
41137c8b-29da-4527-8ecd-4e210962304e.jpg,Colombia,Medellin
415bc2cc-f8e9-4668-9f6f-70273afbb6e3.jpg,Colombia,Medellin
419369408_1104_2.jpg,Portugal,Lisbon
419369417_1113_1.jpg,Portugal,Lisbon
421917651_1156_1.jpg,Portugal,Lisbon
421917655_1160_2.jpg,Portugal,Lisbon
421917657_1162_0.jpg,Portugal,Lisbon
421917670_1175_0.jpg,Portugal,Lisbon
421917678_1183_1.jpg,Portugal,Lisbon
421920046_1194_1.jpg,Portugal,Lisbon
421920048_1195_0.jpg,Portugal,Lisbon
432043203_1293_0.jpg,Portugal,Lisbon
432043240_1330_0.jpg,Portugal,Lisbon
43990506-0810-446e-b5d8-0994968e2e0a.jpg,Colombia,Medellin
444cdbab-03f7-4eae-8439-5061bef122c9.jpg,Colombia,Medellin
44c21ad3-497b-4b5c-ade8-281ddd28fb55.jpg,Colombia,Medellin
455f2adb-20e5-4147-8346-f8bd7e1647f0.jpg,Colombia,Medellin
463701249_1352_1.jpg,Portugal,Lisbon
4786bfc3-d93a-4caf-a78d-24762cfd956f.jpg,Colombia,Medellin
48883541-634c-42e8-9b84-395f935d97c5.jpg,Colombia,Medellin
4934d573-f9d0-4532-a385-b10690dbce6b.jpg,Colombia,Medellin
494300de-6162-40db-910e-1a23d0b8c2b2.jpg,Colombia,Medellin
496702599_1368_0.jpg,Portugal,Lisbon
4ada56fc-629b-4edb-8819-c952e2e5ecb5.jpg,Colombia,Medellin
4af8ec40-d733-42e9-9ff1-1780895ffe34.jpg,Colombia,Medellin
4b78913b-12d1-4851-97b3-3681cf9524e6.jpg,Colombia,Medellin
4bc56152-731b-43c0-af0f-fb513cc23bcb.jpg,Colombia,Medellin
4be31854-0ef1-4058-9b35-a89be7fecf29.jpg,Colombia,Medellin
4c2a5be7-2cdd-407c-8e81-feea4ca5b12c.jpg,Colombia,Medellin
4ceddd96-17f0-4634-b021-ee9afd567d71.jpg,Colombia,Medellin
4d74d116-ebcc-4f15-a2f5-3408db6e0d1e.jpg,Colombia,Medellin
4db04ba9-6242-46b0-bf60-8308788edaea.jpg,Colombia,Medellin
4e410d88-8b5e-4dfc-bb54-4f87363d8ac8.jpg,Colombia,Medellin
4eb62ecb-004d-455a-b976-abad5a4a4298.jpg,Colombia,Medellin
4edbb473-cc03-431a-80e6-c1046d95c4d5.jpg,Colombia,Medellin
4f51675d-f10b-4e0c-a9f2-daf35950a6a4.jpg,Colombia,Medellin
50764cd5-8ed4-4a81-98b5-1908821755b5.jpg,Colombia,Medellin
5519e86a-6bfa-4f5d-ac9d-7a2eb370193c.jpg,Colombia,Medellin
561f7901-5dda-4bd3-bd82-8a335b85175a.jpg,Colombia,Medellin
563ea4de-4a6f-405a-b585-7f19cfa794e1.jpg,Colombia,Medellin
56b6c215-5f46-436d-a7de-ff9315be478d.jpg,Colombia,Medellin
56ed8bcf-3455-4639-a36b-c78109d8830b.jpg,Colombia,Medellin
572158977_1441_0.jpg,Portugal,Lisbon
572dd5e3-d92d-4687-8747-bdbed4259443.jpg,Colombia,Medellin
57ee242d-aea4-446f-a9dc-fba507f9f488.jpg,Colombia,Medellin
585ad596-85c6-4749-98f1-60917b402873.jpg,Colombia,Medellin
599514cb-a828-4b79-952f-a9dcaa4d145c.jpg,Colombia,Medellin
5a322f1d-e785-48bb-9bba-50c49346f8b0.jpg,Colombia,Medellin
5a84436a-b87c-4d91-b963-05f7b2ef838d.jpg,Colombia,Medellin
5b4cb05d-6e02-4b5c-a622-7906a5bd7a1c.jpg,Colombia,Medellin
5c96c69a-2059-4693-bcb9-cb8dfbc6ed22.jpg,Colombia,Medellin
5d0d42c0-6cfd-4e1c-990b-afce0dcce7cf.jpg,Colombia,Medellin
5d403b59-676c-4f3f-a477-282ea401006e.jpg,Colombia,Medellin
5d9b3a82-8798-4193-bc1d-122a35bd0067.jpg,Colombia,Medellin
5e16f07e-b269-45dc-9612-fcd494578df1.jpg,Colombia,Medellin
5e6b6013-ce99-4982-8228-2a0bea63f56b.jpg,Colombia,Medellin
5e86302f-db69-4668-9fb0-28b83e6445d8.jpg,Colombia,Medellin
5f60eefe-1268-4fa4-83fb-5a18f4572dd9.jpg,Colombia,Medellin
60c6d18f-6993-4bda-97e3-a0613938789a.jpg,Colombia,Medellin
615815241_1469_1.jpg,Portugal,Lisbon
6350b292-051c-4aa3-80af-74a7f6cf5a06.jpg,Colombia,Medellin
63e0b00f-3f33-4327-b0a1-3b398447de4d.jpg,Colombia,Medellin
644f0bb7-d014-4aa8-b20e-d307197ae87a.jpg,Colombia,Medellin
645f9ae7-890b-4089-b8e6-a52512392e91.jpg,Colombia,Medellin
64ae3426-5785-4849-a03c-cc19791386aa.jpg,Colombia,Medellin
64cabcc7-9a2f-4371-8f95-019725a8596a.jpg,Colombia,Medellin
66dab4b3-8786-42e2-bd94-5e5e49b9d99a.jpg,Colombia,Medellin
66f279b6-c34a-41da-acca-3042d73315f1.jpg,Colombia,Medellin
67f9555c-b64c-4f61-bb7c-293fa06ce340.jpg,Colombia,Medellin
68676ecd-3ce2-45c7-bffc-98084f2604d7.jpg,Colombia,Medellin
69338728-18a7-4ce3-9529-65173428ae12.jpg,Colombia,Medellin
69543ab3-e8de-4590-a22d-022564fd2760.jpg,Colombia,Medellin
6abb9a3a-60be-45b9-9578-0513bb458a7e.jpg,Colombia,Medellin
6bca96e1-7b71-40d1-b705-cfc69b1ae9aa.jpg,Colombia,Medellin
6c0e01fc-9faa-4bd0-bfe2-d2acad2ec43f.jpg,Colombia,Medellin
6d49f3a8-2ae7-4901-af1f-db48d6901c24.jpg,Colombia,Medellin
6d78c949-6ad6-403c-8bba-c2c3b9daeb28.jpg,Colombia,Medellin
6d7df6fd-4249-45e9-919d-fb4c5ef3393e.jpg,Colombia,Medellin
6df69a3b-7cbb-4b88-bea3-10d3ff349136.jpg,Colombia,Medellin
6e3c5f6e-0aa5-4d12-a553-b8bc0ce4e20a.jpg,Colombia,Medellin
6fdef92f-2ffe-4c6e-a719-e35c12b0fb76.jpg,Colombia,Medellin
704757586_1518_1.jpg,Portugal,Lisbon
704757587_1519_1.jpg,Portugal,Lisbon
704758731_1540_2.jpg,Portugal,Lisbon
70495157-6e66-46dc-9a6c-bc5692779380.jpg,Colombia,Medellin
708519687_1722_0.jpg,Portugal,Lisbon
708539996_1782_0.jpg,Portugal,Lisbon
717fee58-4a77-4bae-abb9-a256d79d6212.jpg,Colombia,Medellin
71a78d5b-09e6-4d6b-b373-17875b6c0411.jpg,Colombia,Medellin
72c42df8-82ed-4254-8229-04ee86a340ca.jpg,Colombia,Medellin
72e80e4e-7cb9-44f2-bd94-2adf4e41f4a3.jpg,Colombia,Medellin
7300ec76-540e-4de9-bbed-55103b3feea5.jpg,Colombia,Medellin
75783533-da08-4638-82a9-2e3e9c2408fd.jpg,Colombia,Medellin
75c6c281-35c9-4a87-b741-7e034b3d8fbc.jpg,Colombia,Medellin
7640355a-b4dd-46dc-ba97-322c83a78135.jpg,Colombia,Medellin
79069579-ae68-43b5-91d0-0a8832ecb103.jpg,Colombia,Medellin
7a867f8a-cfe9-4147-b35b-a362e8f06d97.jpg,Colombia,Medellin
7b7e2621-498a-4b7b-9a05-b952bce60e31.jpg,Colombia,Medellin
7c5998a3-3001-4437-a998-90090cb9110e.jpg,Colombia,Medellin
7c5f1521-ba0e-4f3e-bdd9-c3d8226ab4b2.jpg,Colombia,Medellin
7ccaf77d-fc54-404e-bea5-256e221d383d.jpg,Colombia,Medellin
7e11feb4-c79c-4ddb-8a68-c32acc55e9fe.jpg,Colombia,Medellin
7e48e5f1-0436-4bb6-898b-b7df404b9346.jpg,Colombia,Medellin
7f0b26c5-21c9-4932-92f3-5e876abd31a5.jpg,Colombia,Medellin
7fcc9a06-636e-4112-a67d-c226937e8989.jpg,Colombia,Medellin
8003a378-55db-4130-a9a3-e6367b355685.jpg,Colombia,Medellin
800e1945-40ab-49b5-91ea-6cb34d831c7c.jpg,Colombia,Medellin
8044139d-c444-449d-980d-8243f69426c3.jpg,Colombia,Medellin
805486a8-aec2-4626-a11e-3ee2a723915e.jpg,Colombia,Medellin
81298db8-39e2-4078-81ea-d1a79df68efc.jpg,Colombia,Medellin
81c4f297-6945-4cbd-b5c1-130e480b8a98.jpg,Colombia,Medellin
820a286f-54bd-45f8-abdf-79dd34333380.jpg,Colombia,Medellin
820ae249-f35e-44a3-bc96-673d92d6654f.jpg,Colombia,Medellin
827d2b73-b893-459e-90ce-9a5a88a9e2d5.jpg,Colombia,Medellin
82a971fd-70fc-4016-9dfe-31f160db6de2.jpg,Colombia,Medellin
833462ee-a4ef-4d46-9de3-143060eed159.jpg,Colombia,Medellin
83873fb7-bd4a-4d4f-95ab-97c8300c6864.jpg,Colombia,Medellin
84d72dea-d056-4864-b3f1-4cf451a20a00.jpg,Colombia,Medellin
85359571-408f-4aaf-b6bb-1c59a780a3b0.jpg,Colombia,Medellin
862ed528-e86a-4117-89bf-e58141a5c2c3.jpg,Colombia,Medellin
866107694_2049_0.jpg,Portugal,Lisbon
879a2885-7762-479d-9a77-6b5cd68531dd.jpg,Colombia,Medellin
8804303a-ce3b-4d2f-a6c4-b6f17058eb69.jpg,Colombia,Medellin
8933147c-e910-42f5-839e-5aa55ce153ad.jpg,Colombia,Medellin
89e3d45b-7e28-4020-8d86-18cacf3d9a38.jpg,Colombia,Medellin
8ced53ad-8863-4ce0-be3a-6ca474c45a3b.jpg,Colombia,Medellin
8dae4536-14a9-47b5-ba62-5db33c96ea24.jpg,Colombia,Medellin
8e7d1777-c3bb-46f7-9ab8-700968afa8e6.jpg,Colombia,Medellin
913a4ec6-017d-4a76-b838-527f1c07f75d.jpg,Colombia,Medellin
9231f05f-4e8d-473c-9828-32bb58608a24.jpg,Colombia,Medellin
929e18b2-59ef-4ff6-8aa1-defbf92fd9ed.jpg,Colombia,Medellin
930815ca-0073-461f-af65-17cff6ac0b57.jpg,Colombia,Medellin
94c61f75-52e7-485d-8c5c-1bade98b0e68.jpg,Colombia,Medellin
95fa8e62-ebf7-4aa1-b8bf-6ba1626436d6.jpg,Colombia,Medellin
9619eeee-b4b2-4b97-baca-3ad111b89717.jpg,Colombia,Medellin
96585cee-74c4-454e-8ce1-8fd14c1b4cce.jpg,Colombia,Medellin
965fcb1d-996d-4dc5-873a-a5b00b3bf33f.jpg,Colombia,Medellin
96bd18a3-bb46-4e7d-9b19-8927f2a48684.jpg,Colombia,Medellin
973e7c22-13fd-4a79-9fab-38fad2905e42.jpg,Colombia,Medellin
97680529_65_0.jpg,Portugal,Lisbon
977461210_2213_2.jpg,Portugal,Lisbon
987156817_2226_2.jpg,Portugal,Lisbon
987156819_2228_0.jpg,Portugal,Lisbon
987168426_2270_1.jpg,Portugal,Lisbon
987168454_2298_1.jpg,Portugal,Lisbon
987168475_2319_0.jpg,Portugal,Lisbon
987801885_2373_0.jpg,Portugal,Lisbon
987801887_2375_0.jpg,Portugal,Lisbon
987801891_2379_2.jpg,Portugal,Lisbon
987807611_2424_0.jpg,Portugal,Lisbon
987959507_2456_1.jpg,Portugal,Lisbon
987959512_2461_2.jpg,Portugal,Lisbon
987959531_2480_0.jpg,Portugal,Lisbon
987959547_2496_2.jpg,Portugal,Lisbon
987959588_2537_0.jpg,Portugal,Lisbon
987ec5c3-9eaa-49d5-86c3-c5adc00c8f46.jpg,Colombia,Medellin
988071477_2550_0.jpg,Portugal,Lisbon
988071478_2551_1.jpg,Portugal,Lisbon
988071479_2552_2.jpg,Portugal,Lisbon
988291342_2654_2.jpg,Portugal,Lisbon
98b60400-da3e-4b37-95c1-8789dfdaf133.jpg,Colombia,Medellin
9a833f90-e1d9-4574-8652-2769f57c2b6f.jpg,Colombia,Medellin
9a9220a6-d8dc-45ed-afde-657e8855e332.jpg,Colombia,Medellin
9a9f091b-403a-429c-a2ea-7c60f7c72c12.jpg,Colombia,Medellin
9b1cd68b-1808-499f-af38-a22375bf4f4d.jpg,Colombia,Medellin
9b3ce860-deb9-402a-9fae-fb53bf7a91aa.jpg,Colombia,Medellin
9b7f4a45-2327-4c03-871b-52dde0cbd120.jpg,Colombia,Medellin
9bc4f486-f106-4d52-944b-d2ec639f00cc.jpg,Colombia,Medellin
9be3591b-9d9c-41c6-b867-c70f7050d2a8.jpg,Colombia,Medellin
9c1a1468-12f9-4502-a322-3de2cc9424d1.jpg,Colombia,Medellin
9c24929e-1d46-4bac-9f2f-890bd396b4f1.jpg,Colombia,Medellin
9d3b137f-5698-4e12-b30e-e5d3ab832530.jpg,Colombia,Medellin
9dddede4-92ad-4e1b-a9d3-3a2fd115486c.jpg,Colombia,Medellin
9de01157-6c85-45ff-bf71-8e3a0906cc4e.jpg,Colombia,Medellin
9f290d5c-5d5d-48c4-88ba-2925707f943f.jpg,Colombia,Medellin
9f5783d1-e42f-4675-a25c-969f271aff04.jpg,Colombia,Medellin
9f78b3b1-e2a7-4c8f-b0f1-2ef27423d08f.jpg,Colombia,Medellin
a0aa4a33-68bc-4863-8702-f65afb4bfa9c.jpg,Colombia,Medellin
a1de3fc4-64fc-41ab-ba8a-7fb3c74174d3.jpg,Colombia,Medellin
a1ff4b83-2802-41a9-9169-33b8bafe8ce0.jpg,Colombia,Medellin
a2a98e29-8458-48e3-b082-c376b5c9a253.jpg,Colombia,Medellin
a2de20c9-cd1c-4650-80cc-5d5df98e7d3d.jpg,Colombia,Medellin
a32a39e0-b9ed-4835-ae10-02052fbc93cd.jpg,Colombia,Medellin
a3a4c841-ebe9-45fe-afd0-f209610a6398.jpg,Colombia,Medellin
a3f44e35-3ec9-4cf4-a567-3bd2902263fa.jpg,Colombia,Medellin
a434f30f-7c43-4bd5-b2b7-b3c6ffc8290d.jpg,Colombia,Medellin
a4690fc2-5cdc-4d7c-b413-ff2ebd6b53a1.jpg,Colombia,Medellin
a52df61c-c366-493e-a612-33c7a2bd79e3.jpg,Colombia,Medellin
a559efb7-416b-4a08-8eda-795af8a475c6.jpg,Colombia,Medellin
a628c876-9cdf-47d1-87f4-9b812219bb9c.jpg,Colombia,Medellin
a74b4f41-2e0f-4d02-8d09-d3ec910173aa.jpg,Colombia,Medellin
a83f887f-2939-404e-8c6a-00a9631682bd.jpg,Colombia,Medellin
a84fe010-ec2b-4c93-8bc1-0db2dbabf00b.jpg,Colombia,Medellin
a8a4a572-40db-48fb-a7b0-9448d21f8112.jpg,Colombia,Medellin
a8ff79af-5ff5-4617-b714-e3861eb1eaef.jpg,Colombia,Medellin
ab2b869c-b0ef-47df-bb3a-047ca1ffcba5.jpg,Colombia,Medellin
ad36819c-a9ea-413d-bf4c-4c00392c0d53.jpg,Colombia,Medellin
ad3de077-0472-4b01-8df5-f2f27be2996f.jpg,Colombia,Medellin
ad9a51c9-7c38-40a4-bdd6-50c6a4262adb.jpg,Colombia,Medellin
ae6faded-9865-478b-9776-27764a11913e.jpg,Colombia,Medellin
ae70f35f-0565-497f-9c3b-c0e6a89ea28e.jpg,Colombia,Medellin
aee620b3-2d43-47a3-9c14-8532c6066333.jpg,Colombia,Medellin
aef18db4-c2f5-4456-b258-64c4c7f695e5.jpg,Colombia,Medellin
afab619b-2c5c-44e3-9ae5-89dc024562ab.jpg,Colombia,Medellin
b1077b21-d30d-474b-8d41-2b88f4601517.jpg,Colombia,Medellin
b270ca74-405b-401e-ae3d-106b3d2ceb30.jpg,Colombia,Medellin
b4f6511d-b8a1-4c80-a490-5241eb3b2586.jpg,Colombia,Medellin
b5726b82-62ab-4b08-9498-0c4411483865.jpg,Colombia,Medellin
b5e403c7-6c5f-4380-94bb-a74d206ade69.jpg,Colombia,Medellin
b61631f6-c0b9-4916-aed6-d0826ad819c9.jpg,Colombia,Medellin
b6b77188-7cb6-4a42-9edd-31d24b136d91.jpg,Colombia,Medellin
b6baaafa-d321-4370-97be-5227137f70cf.jpg,Colombia,Medellin
b6c16ad1-97a0-4f51-a22f-baf6c40f651e.jpg,Colombia,Medellin
b712a098-b558-4657-ba4a-18ca5c0ffcdf.jpg,Colombia,Medellin
b7e08846-75c0-4fcb-979a-186cdf5efedb.jpg,Colombia,Medellin
ba0bac40-4dec-4ffb-99ba-6a2b340dd618.jpg,Colombia,Medellin
ba2e2bd6-a187-49d5-a2b8-3ceab41e05bf.jpg,Colombia,Medellin
ba2fd92f-1058-4715-b211-2edfcbf663f7.jpg,Colombia,Medellin
bbf1861e-7241-4142-a34c-b04552a946f9.jpg,Colombia,Medellin
bcc9ca02-86c4-4b66-909e-ce1cd5158768.jpg,Colombia,Medellin
bccaf316-100c-4b2a-a52d-57757cdff04f.jpg,Colombia,Medellin
bebcaa8a-3942-4b62-b748-5e198eb2c6ef.jpg,Colombia,Medellin
bf917c89-de30-4dd4-8d23-00a449e9f2f7.jpg,Colombia,Medellin
c106ebea-d5b0-40ea-8364-b433c1441110.jpg,Colombia,Medellin
c4224e75-e96a-4631-9031-88b5bde1abd2.jpg,Colombia,Medellin
c43ca74d-5dc9-4bda-94a5-d936c3ddb6c1.jpg,Colombia,Medellin
c54d4572-5e28-4bef-a7cf-b861aae820fc.jpg,Colombia,Medellin
c6749a46-cfa6-4b18-b7bb-f0dc3354d8f8.jpg,Colombia,Medellin
c7a60a63-e421-4ebc-8987-00415de28736.jpg,Colombia,Medellin
c86c088d-87bc-42aa-b4b7-4b712b9aedf7.jpg,Colombia,Medellin
c9fac8f7-917f-41d0-84fa-33fbda1719c8.jpg,Colombia,Medellin
ca62cb69-1c0a-4df3-a11b-a293d1b61c65.jpg,Colombia,Medellin
Cali_011.jpg,Colombia,Cali
cb3a20bb-465a-487e-9912-fed5f43d68c8.jpg,Colombia,Medellin
cb4d88dc-6b4a-456c-acdd-aed28e84fe78.jpg,Colombia,Medellin
cba3bd73-b244-45d7-bddd-870ef477cfea.jpg,Colombia,Medellin
cc1d2a8a-7c60-459d-9727-758400beef08.jpg,Colombia,Medellin
ce5718b0-9526-436a-8dad-6329b6d1a9ff.jpg,Colombia,Medellin
cf4441b0-c278-4aee-a028-27d0adcc16c5.jpg,Colombia,Medellin
d0297fef-c8d0-4b95-94c7-4b564e445038.jpg,Colombia,Medellin
d0ba5504-1bb1-49a2-9b5d-d37ca46fb942.jpg,Colombia,Medellin
d10cec89-ef13-4efc-9f7a-842cd00285ac.jpg,Colombia,Medellin
d3e62764-5c51-4e0a-9312-38c4290139a1.jpg,Colombia,Medellin
d4dd256c-c658-4991-b28b-3c96b6122136.jpg,Colombia,Medellin
d52109f9-0d92-48f8-a65e-dbabb932729a.jpg,Colombia,Medellin
d5cd6324-764a-42cf-9a49-526edb4e5bd0.jpg,Colombia,Medellin
d645576f-6aa2-4219-b370-b5716d84ec77.jpg,Colombia,Medellin
d76c653e-7d64-4dd3-becf-d0ca0b7d85df.jpg,Colombia,Medellin
d7add8f5-0ddd-49f0-829b-0f573b8655f7.jpg,Colombia,Medellin
d7b09da9-32ee-4d41-8d12-eae25a1d76cc.jpg,Colombia,Medellin
d813fa50-09f7-45d2-a16d-52398e1532f9.jpg,Colombia,Medellin
d83b0a11-2043-4460-88da-145aff063ae6.jpg,Colombia,Medellin
d98bdd47-025e-49bf-8374-c90995649ee3.jpg,Colombia,Medellin
d99fb3da-b980-4b15-85fc-077d8f77fa76.jpg,Colombia,Medellin
d9a8d278-5477-4a1a-8652-317593ec7317.jpg,Colombia,Medellin
dab2fd97-6344-47ae-adc2-2b97605d01ce.jpg,Colombia,Medellin
dbdde654-9b64-4d86-b301-4fe20ef905cd.jpg,Colombia,Medellin
dc1fefc3-75bd-4570-ac18-0afbdd862f3c.jpg,Colombia,Medellin
dc388641-cea2-4989-b6b3-59eca1d0f892.jpg,Colombia,Medellin
dc6a2702-2cc8-4b17-9f91-190ab0dca5ce.jpg,Colombia,Medellin
dc8223e2-cb3d-4bd2-abf4-95c732e96068.jpg,Colombia,Medellin
dceeb09f-8a52-4b63-8ec5-76625e6309cc.jpg,Colombia,Medellin
dcf9cf2f-2e0c-4142-b03f-98bb7559a15c.jpg,Colombia,Medellin
dcfdda22-bb99-4111-97c4-43d012446293.jpg,Colombia,Medellin
de6faa2b-740c-4489-8810-0e9a921be2a3.jpg,Colombia,Medellin
deb07720-5036-4dd8-b94b-f42e3cfd36aa.jpg,Colombia,Medellin
defe8ce1-9f5b-44e1-aec0-c6061a0e76a9.jpg,Colombia,Medellin
df1c762a-672e-4642-b7c1-4a5a4819d0ed.jpg,Colombia,Medellin
dfd5e7f9-1516-40cd-9e82-b35de8d0970a.jpg,Colombia,Medellin
dffa76e4-e0a2-4186-9d12-f0f3e6c3cd65.jpg,Colombia,Medellin
dffd9d5c-7b15-404e-8785-3fd4853c69ba.jpg,Colombia,Medellin
e07431b0-c69d-4a9b-874a-4100a6a3159e.jpg,Colombia,Medellin
e1adff42-4161-4596-8889-a034e4cc8690.jpg,Colombia,Medellin
e1b39921-9a95-4558-9f5a-78319f67a1d5.jpg,Colombia,Medellin
e3db6eb5-61b0-4b0d-a51d-07c93efa274d.jpg,Colombia,Medellin
e4c9dc6e-231f-4038-addd-8c5f83d4bc83.jpg,Colombia,Medellin
e58e2eb6-e8a0-47c4-b570-a9541861333d.jpg,Colombia,Medellin
e6131fa5-766d-46bf-884e-f3ea64da2cb0.jpg,Colombia,Medellin
e62d4fec-dc70-4866-8fad-9bfb4065b848.jpg,Colombia,Medellin
e6b33baf-dbfe-4e7a-9284-cbb2d3e8be60.jpg,Colombia,Medellin
e6e8fd5f-3c08-4883-9d0f-95cf4feb8e47.jpg,Colombia,Medellin
e928d863-bfd7-424a-b6dc-6ede9aa34967.jpg,Colombia,Medellin
e9921117-2678-4c56-9ebd-07927cd256b0.jpg,Colombia,Medellin
e9fc9033-fc41-423e-b6f3-606e44aa214d.jpg,Colombia,Medellin
ea1daad6-67ee-4441-a19b-d2119249887c.jpg,Colombia,Medellin
ea5bfcbb-df2d-4f8d-ba6b-92143db81f2a.jpg,Colombia,Medellin
ea93e3f3-9df5-4da2-bd8a-09e814773031.jpg,Colombia,Medellin
ea9abc07-a3ff-4aaf-964c-268452a73f72.jpg,Colombia,Medellin
eb203e3c-036c-48a5-ad4a-0621b39f2e7e.jpg,Colombia,Medellin
eb357cb7-12b1-44dc-a20f-72b74dc0f492.jpg,Colombia,Medellin
ebb7823b-4eb8-4e8e-97a1-681d8aafb16d.jpg,Colombia,Medellin
ec46b7c3-3f6f-48ba-abc7-d610072f870f.jpg,Colombia,Medellin
ecae5226-b63e-4875-90ce-e9cd288d6137.jpg,Colombia,Medellin
ecb40557-9b2d-4687-8a87-ca6f15f8bc43.jpg,Colombia,Medellin
tijuana_119.jpg,Mexico,Tijuana
tijuana_12.png,Mexico,Tijuana
tijuana_120.jpg,Mexico,Tijuana
tijuana_121.jpg,Mexico,Tijuana
tijuana_122.jpg,Mexico,Tijuana
tijuana_123.jpg,Mexico,Tijuana
tijuana_14.jpg,Mexico,Tijuana
tijuana_15.jpg,Mexico,Tijuana
tijuana_16.jpg,Mexico,Tijuana
tijuana_17.jpg,Mexico,Tijuana
tijuana_21.jpg,Mexico,Tijuana
edb0107d-b863-4324-b05b-09422f8d7493.jpg,Colombia,Medellin
tijuana_22.jpg,Mexico,Tijuana
tijuana_23.jpg,Mexico,Tijuana
tijuana_24.jpg,Mexico,Tijuana
tijuana_26.jpg,Mexico,Tijuana
tijuana_27.jpg,Mexico,Tijuana
eea9dfba-f116-4648-9b01-b39a129fbeb2.jpg,Colombia,Medellin
eed5170b-cb5b-4197-935f-ab9ed5755aa6.jpg,Colombia,Medellin
ef8f7c23-bbea-471a-9abc-a5c6bb4c0c7d.jpg,Colombia,Medellin
efb4c364-528a-4c4b-ad97-1a5c2fd64d1f.jpg,Colombia,Medellin
efb71489-541c-4731-985e-5b01c12df63a.jpg,Colombia,Medellin
f01010e1-2e33-40b2-b332-9734e9e26c1a.jpg,Colombia,Medellin
f05a1f68-7b9f-4386-91b9-cb37cf238641.jpg,Colombia,Medellin
f08338db-551c-4588-a2fe-8a57168f623b.jpg,Colombia,Medellin
f11768b6-fb1b-4642-bf3b-068bf7796082.jpg,Colombia,Medellin
f248c839-86e0-451a-93c1-6b91c7400ce3.jpg,Colombia,Medellin
f2b2e3bd-e310-48f9-b991-a13fc4d6bc6a.jpg,Colombia,Medellin
f2c891be-b717-44e8-820e-584a2b11c56b.jpg,Colombia,Medellin
f3610f4b-ab2d-495a-81c0-a61a9f247180.jpg,Colombia,Medellin
f4dde3e4-1741-4ed9-b212-d743c0a06613.jpg,Colombia,Medellin
f4f2dbfd-502f-4ba8-8b9f-19e14cb9184b.jpg,Colombia,Medellin
f55ac405-6e11-496f-b29c-23a56311e335.jpg,Colombia,Medellin
f5bfc9d4-80bb-486f-853f-5a93f623c73f.jpg,Colombia,Medellin
f5c515b1-23bd-47c1-a352-f2b91c83ebbd.jpg,Colombia,Medellin
f72a29e6-2210-471e-b0ff-628c14a3f2d3.jpg,Colombia,Medellin
f8b4f324-6ec4-4b62-951b-32af69775ca7.jpg,Colombia,Medellin
f90ff91f-2ec4-4bd6-aaa4-afea589a6c0e.jpg,Colombia,Medellin
f95e8e77-7ff5-441a-82f8-7ad1c5fe01e7.jpg,Colombia,Medellin
fbc775e1-597d-4657-b5a6-ede302c024d2.jpg,Colombia,Medellin
fbd00844-ee14-422a-b10b-450983773337.jpg,Colombia,Medellin
fc5e708d-b474-4488-848b-34efc8f81c9a.jpg,Colombia,Medellin
fd43f825-bc51-47b9-9bee-cdd336ac8c4b.jpg,Colombia,Medellin
fdc9b336-b114-4567-85eb-b2594d7295df.jpg,Colombia,Medellin
fe8ff0dc-c31b-4bbf-b31c-de4c19ee10a9.jpg,Colombia,Medellin
fea0c0dc-dad8-4fde-8a41-c5241eb8463a.jpg,Colombia,Medellin
fea9b4db-1958-4918-b06e-81b3f48de468.jpg,Colombia,Medellin
fec83edd-8356-41a8-8abd-0a5563d2f2ff.jpg,Colombia,Medellin
ff56ebbf-6b55-4f31-a27c-64ad0ba1da88.jpg,Colombia,Medellin
IMG_0001.jpg,Mexico,La Paz
IMG_0003.jpg,Mexico,La Paz
IMG_0004.jpg,Mexico,La Paz
IMG_0005.jpg,Mexico,La Paz
IMG_0007.jpg,Mexico,La Paz
IMG_0008.jpg,Mexico,La Paz
IMG_0009.jpg,Mexico,La Paz
IMG_0011.jpg,Mexico,La Paz
IMG_0016.jpg,Mexico,La Paz
IMG_0017.jpg,Mexico,La Paz
IMG_0018.jpg,Mexico,La Paz
IMG_0019.jpg,Mexico,La Paz
IMG_0021.jpg,Mexico,La Paz
IMG_0024.jpg,Mexico,La Paz
IMG_0025.jpg,Mexico,La Paz
IMG_0027.jpg,Mexico,La Paz
IMG_0030.jpg,Mexico,La Paz
IMG_0031.jpg,Mexico,La Paz
IMG_0032.jpg,Mexico,La Paz
IMG_0034.jpg,Mexico,La Paz
IMG_0037.jpg,Mexico,La Paz
IMG_0038.jpg,Mexico,La Paz
IMG_0039.jpg,Mexico,La Paz
IMG_0045.jpg,Mexico,La Paz
IMG_0046.jpg,Mexico,La Paz
IMG_0047.jpg,Mexico,La Paz
IMG_0049.jpg,Mexico,La Paz
IMG_0050.jpg,Mexico,La Paz
IMG_0052.jpg,Mexico,La Paz
IMG_0054.jpg,Mexico,La Paz
IMG_0055.jpg,Mexico,La Paz
IMG_0056.jpg,Mexico,La Paz
IMG_0058.jpg,Mexico,La Paz
IMG_0061.jpg,Mexico,La Paz
IMG_0062.jpg,Mexico,La Paz
IMG_0064.jpg,Mexico,La Paz
IMG_0065.jpg,Mexico,La Paz
IMG_0066.jpg,Mexico,La Paz
IMG_0068.jpg,Mexico,La Paz
IMG_0069.jpg,Mexico,La Paz
IMG_0070.jpg,Mexico,La Paz
IMG_0071.jpg,Mexico,La Paz
IMG_0072.jpg,Mexico,La Paz
IMG_0074.jpg,Mexico,La Paz
IMG_0077.jpg,Mexico,La Paz
IMG_0082.jpg,Mexico,La Paz
IMG_1.jpg,Colombia,Bogota
IMG_10.jpg,Colombia,Bogota
IMG_1000.jpg,Colombia,Bogota
IMG_1003.jpg,Colombia,Bogota
IMG_1003_1.jpg,Colombia,Bogota
IMG_1006.jpg,Colombia,Bogota
IMG_1006_1.jpg,Colombia,Bogota
IMG_1007.jpg,Colombia,Bogota
IMG_1008_1.jpg,Colombia,Bogota
IMG_1009.jpg,Colombia,Bogota
IMG_1010.jpg,Colombia,Bogota
IMG_1010_1.jpg,Colombia,Bogota
IMG_1011.jpg,Colombia,Bogota
IMG_1013.jpg,Colombia,Bogota
IMG_1015.jpg,Colombia,Bogota
IMG_1016.jpg,Colombia,Bogota
IMG_102.jpg,Colombia,Bogota
IMG_1020_1.jpg,Colombia,Bogota
IMG_1021.jpg,Colombia,Bogota
IMG_1021_1.jpg,Colombia,Bogota
IMG_1025_1.jpg,Colombia,Bogota
IMG_1027.jpg,Colombia,Bogota
IMG_1027_1.jpg,Colombia,Bogota
IMG_1028.jpg,Colombia,Bogota
IMG_1029.jpg,Colombia,Bogota
IMG_1029_1.jpg,Colombia,Bogota
IMG_1031.jpg,Colombia,Bogota
IMG_1033.jpg,Colombia,Bogota
IMG_1034.jpg,Colombia,Bogota
IMG_1034_1.jpg,Colombia,Bogota
IMG_1035.jpg,Colombia,Bogota
IMG_1039_1.jpg,Colombia,Bogota
IMG_1043.jpg,Colombia,Bogota
IMG_1044.jpg,Colombia,Bogota
IMG_1046.jpg,Colombia,Bogota
IMG_1046_1.jpg,Colombia,Bogota
IMG_104_1.jpg,Colombia,Bogota
IMG_1050.jpg,Colombia,Bogota
IMG_1055.jpg,Colombia,Bogota
IMG_1058.jpg,Colombia,Bogota
IMG_106.jpg,Colombia,Bogota
IMG_1060.jpg,Colombia,Bogota
IMG_1060_1.jpg,Colombia,Bogota
IMG_1070.jpg,Colombia,Bogota
IMG_1071.jpg,Colombia,Bogota
IMG_1071_1.jpg,Colombia,Bogota
IMG_1075.jpg,Colombia,Bogota
IMG_1075_1.jpg,Colombia,Bogota
IMG_1077.jpg,Colombia,Bogota
IMG_1077_1.jpg,Colombia,Bogota
IMG_1081_1.jpg,Colombia,Bogota
IMG_1082.jpg,Colombia,Bogota
IMG_1088.jpg,Colombia,Bogota
IMG_1088_1.jpg,Colombia,Bogota
IMG_1089.jpg,Colombia,Bogota
IMG_109.jpg,Colombia,Bogota
IMG_1093.jpg,Colombia,Bogota
IMG_1094.jpg,Colombia,Bogota
IMG_1094_1.jpg,Colombia,Bogota
IMG_1095.jpg,Colombia,Bogota
IMG_1099.jpg,Colombia,Bogota
IMG_110.jpg,Colombia,Bogota
IMG_1100.jpg,Colombia,Bogota
IMG_1100_1.jpg,Colombia,Bogota
IMG_1101.jpg,Colombia,Bogota
IMG_1102.jpg,Colombia,Bogota
IMG_1102_1.jpg,Colombia,Bogota
IMG_1103.jpg,Colombia,Bogota
IMG_1103_1.jpg,Colombia,Bogota
IMG_1105.jpg,Colombia,Bogota
IMG_1112.jpg,Colombia,Bogota
IMG_1112_1.jpg,Colombia,Bogota
IMG_1115.jpg,Colombia,Bogota
IMG_1116.jpg,Colombia,Bogota
IMG_1116_1.jpg,Colombia,Bogota
IMG_1117_1.jpg,Colombia,Bogota
IMG_1118.jpg,Colombia,Bogota
IMG_1119.jpg,Colombia,Bogota
IMG_1119_1.jpg,Colombia,Bogota
IMG_1121.jpg,Colombia,Bogota
IMG_1124.jpg,Colombia,Bogota
IMG_1124_1.jpg,Colombia,Bogota
IMG_1128.jpg,Colombia,Bogota
IMG_1130.jpg,Colombia,Bogota
IMG_1131.jpg,Colombia,Bogota
IMG_1137.jpg,Colombia,Bogota
IMG_1144_1.jpg,Colombia,Bogota
IMG_1145.jpg,Colombia,Bogota
IMG_1147.jpg,Colombia,Bogota
IMG_1152.jpg,Colombia,Bogota
IMG_1155.jpg,Colombia,Bogota
IMG_116.jpg,Colombia,Bogota
IMG_1161.jpg,Colombia,Bogota
IMG_1162.jpg,Colombia,Bogota
IMG_1170.jpg,Colombia,Bogota
IMG_1171_1.jpg,Colombia,Bogota
IMG_1172.jpg,Colombia,Bogota
IMG_1175.jpg,Colombia,Bogota
IMG_1178.jpg,Colombia,Bogota
IMG_1178_1.jpg,Colombia,Bogota
IMG_1179.jpg,Colombia,Bogota
IMG_1181.jpg,Colombia,Bogota
IMG_1183.jpg,Colombia,Bogota
IMG_1184.jpg,Colombia,Bogota
IMG_1193.jpg,Colombia,Bogota
IMG_1199.jpg,Colombia,Bogota
IMG_12.jpg,Colombia,Bogota
IMG_1203.jpg,Colombia,Bogota
IMG_1204.jpg,Colombia,Bogota
IMG_1205.jpg,Colombia,Bogota
IMG_1206.jpg,Colombia,Bogota
IMG_1207.jpg,Colombia,Bogota
IMG_1212.jpg,Colombia,Bogota
IMG_1214.jpg,Colombia,Bogota
IMG_1220.jpg,Colombia,Bogota
IMG_1225.jpg,Colombia,Bogota
IMG_1227.jpg,Colombia,Bogota
IMG_1234.jpg,Colombia,Bogota
IMG_1244.jpg,Colombia,Bogota
IMG_1250.jpg,Colombia,Bogota
IMG_1254.jpg,Colombia,Bogota
IMG_1256.jpg,Colombia,Bogota
IMG_1262.jpg,Colombia,Bogota
IMG_1270.jpg,Colombia,Bogota
IMG_1271.jpg,Colombia,Bogota
IMG_1273.jpg,Colombia,Bogota
IMG_1274.jpg,Colombia,Bogota
IMG_1275.jpg,Colombia,Bogota
IMG_1277.jpg,Colombia,Bogota
IMG_1285.jpg,Colombia,Bogota
IMG_1286.jpg,Colombia,Bogota
IMG_1287.jpg,Colombia,Bogota
IMG_1293.jpg,Colombia,Bogota
IMG_1308.jpg,Colombia,Bogota
IMG_1311.jpg,Colombia,Bogota
IMG_1317.jpg,Colombia,Bogota
IMG_1320.jpg,Colombia,Bogota
IMG_1332.jpg,Colombia,Bogota
IMG_1335.jpg,Colombia,Bogota
IMG_1336.jpg,Colombia,Bogota
IMG_1337.jpg,Colombia,Bogota
IMG_1338.jpg,Colombia,Bogota
IMG_1341.jpg,Colombia,Bogota
IMG_1352.jpg,Colombia,Bogota
IMG_1353.jpg,Colombia,Bogota
IMG_1354.jpg,Colombia,Bogota
IMG_1356.jpg,Colombia,Bogota
IMG_1358.jpg,Colombia,Bogota
IMG_1359.jpg,Colombia,Bogota
IMG_1360.jpg,Colombia,Bogota
IMG_1361.jpg,Colombia,Bogota
IMG_1370.jpg,Colombia,Bogota
IMG_1372.jpg,Colombia,Bogota
IMG_1375.jpg,Colombia,Bogota
IMG_1377.jpg,Colombia,Bogota
IMG_1379.jpg,Colombia,Bogota
IMG_1381.jpg,Colombia,Bogota
IMG_1383.jpg,Colombia,Bogota
IMG_1389.jpg,Colombia,Bogota
IMG_1391.jpg,Colombia,Bogota
IMG_1392.jpg,Colombia,Bogota
IMG_1393.jpg,Colombia,Bogota
IMG_1394.jpg,Colombia,Bogota
IMG_1398.jpg,Colombia,Bogota
IMG_1401.jpg,Colombia,Bogota
IMG_1402.jpg,Colombia,Bogota
IMG_1418.jpg,Colombia,Bogota
IMG_1421.jpg,Colombia,Bogota
IMG_1422.jpg,Colombia,Bogota
IMG_1426.jpg,Colombia,Bogota
IMG_1431.jpg,Colombia,Bogota
IMG_1432.jpg,Colombia,Bogota
IMG_1433.jpg,Colombia,Bogota
IMG_1445.jpg,Colombia,Bogota
IMG_1451.jpg,Colombia,Bogota
IMG_1453.jpg,Colombia,Bogota
IMG_1454.jpg,Colombia,Bogota
IMG_1455.jpg,Colombia,Bogota
IMG_1456.jpg,Colombia,Bogota
IMG_1458.jpg,Colombia,Bogota
IMG_1464.jpg,Colombia,Bogota
IMG_1486.jpg,Colombia,Bogota
IMG_1488.jpg,Colombia,Bogota
IMG_1492.jpg,Colombia,Bogota
IMG_1494.jpg,Colombia,Bogota
IMG_1496.jpg,Colombia,Bogota
IMG_151.jpg,Colombia,Bogota
IMG_153.jpg,Colombia,Bogota
IMG_158.jpg,Colombia,Bogota
IMG_158_1.jpg,Colombia,Bogota
IMG_160.jpg,Colombia,Bogota
IMG_167.jpg,Colombia,Bogota
IMG_167_1.jpg,Colombia,Bogota
IMG_17.jpg,Colombia,Bogota
IMG_173.jpg,Colombia,Bogota
IMG_19.jpg,Colombia,Bogota
IMG_19_1.jpg,Colombia,Bogota
IMG_20250503_153231644_HDR.jpg,Colombia,Cali
IMG_20250504_114356153_HDR.jpg,Colombia,Cali
IMG_20250504_120140535_HDR.jpg,Colombia,Cali
IMG_20250504_120140536_HDR.jpg,Colombia,Cali
IMG_20250527_091344028_HDR.jpg,Colombia,Cali
IMG_20250527_092706996_HDR.jpg,Colombia,Cali
IMG_20250529_113541572_HDR.jpg,Colombia,Cali
IMG_20250530_100835392_HDR.jpg,Colombia,Cali
IMG_20250530_100907266_HDR.jpg,Colombia,Cali
IMG_20250530_102526368.jpg,Colombia,Cali
IMG_20250530_102841337_HDR.jpg,Colombia,Cali
IMG_20250530_103510006_HDR.jpg,Colombia,Cali
IMG_20250530_103510007_HDR.jpg,Colombia,Cali
IMG_20250530_123548074_HDR.jpg,Colombia,Cali
IMG_20250616_102025152_HDR.jpg,Colombia,Cali
IMG_20250617_133638331_HDR.jpg,Colombia,Cali
IMG_20250617_142741375_HDR.jpg,Colombia,Cali
IMG_20250617_150553774_HDR.jpg,Colombia,Cali
IMG_20250621_134910222_HDR.jpg,Colombia,Cali
IMG_20250621_134929871_HDR.jpg,Colombia,Cali
IMG_20250621_145926258_HDR.jpg,Colombia,Cali
IMG_20250621_151835558_HDR.jpg,Colombia,Cali
IMG_20250624_100730563_HDR.jpg,Colombia,Cali
IMG_20250624_113948158_HDR.jpg,Colombia,Cali
IMG_20250624_114123493_HDR.jpg,Colombia,Cali
IMG_20250624_114143131_HDR.jpg,Colombia,Cali
IMG_20250702_152407743_HDR.jpg,Colombia,Cali
IMG_20250702_152925600_HDR.jpg,Colombia,Cali
IMG_20250702_153930594_HDR.jpg,Colombia,Cali
IMG_20250702_154346953_HDR.jpg,Colombia,Cali
IMG_20250702_160814963_HDR.jpg,Colombia,Cali
IMG_20250702_161032054.jpg,Colombia,Cali
IMG_20250702_161320409_HDR.jpg,Colombia,Cali
IMG_20250702_162911233_HDR.jpg,Colombia,Cali
IMG_20250704_115229606_HDR.jpg,Colombia,Cali
IMG_20250704_115249246_HDR.jpg,Colombia,Cali
IMG_20250704_115829680_HDR.jpg,Colombia,Cali
IMG_204.jpg,Colombia,Bogota
IMG_204_1.jpg,Colombia,Bogota
IMG_205.jpg,Colombia,Bogota
IMG_217.jpg,Colombia,Bogota
IMG_217_1.jpg,Colombia,Bogota
IMG_244.jpg,Colombia,Bogota
IMG_25.jpg,Colombia,Bogota
IMG_253.jpg,Colombia,Bogota
IMG_254.jpg,Colombia,Bogota
IMG_254_1.jpg,Colombia,Bogota
IMG_26.jpg,Colombia,Bogota
IMG_275.jpg,Colombia,Bogota
IMG_275_1.jpg,Colombia,Bogota
IMG_2785.jpg,Mexico,Mexico City
IMG_2787.jpg,Mexico,Mexico City
IMG_2789.jpg,Mexico,Mexico City
IMG_2792.jpg,Mexico,Mexico City
IMG_2795.jpg,Mexico,Mexico City
IMG_2797.jpg,Mexico,Mexico City
IMG_2799.jpg,Mexico,Mexico City
IMG_2807.jpg,Mexico,Mexico City
IMG_2812.jpg,Mexico,Mexico City
IMG_2813.jpg,Mexico,Mexico City
IMG_2818.jpg,Mexico,Mexico City
IMG_2820.jpg,Mexico,Mexico City
IMG_2821.jpg,Mexico,Mexico City
IMG_2822.jpg,Mexico,Mexico City
IMG_2824.jpg,Mexico,Mexico City
IMG_2825.jpg,Mexico,Mexico City
IMG_2827.jpg,Mexico,Mexico City
IMG_2828.jpg,Mexico,Mexico City
IMG_2831.jpg,Mexico,Mexico City
IMG_2836.jpg,Mexico,Mexico City
IMG_2839.jpg,Mexico,Mexico City
IMG_2841.jpg,Mexico,Mexico City
IMG_2843.jpg,Mexico,Mexico City
IMG_2844.jpg,Mexico,Mexico City
IMG_2846.jpg,Mexico,Mexico City
IMG_2850.jpg,Mexico,Mexico City
IMG_2854.jpg,Mexico,Mexico City
IMG_2855.jpg,Mexico,Mexico City
IMG_2856.jpg,Mexico,Mexico City
IMG_2857.jpg,Mexico,Mexico City
IMG_2861.jpg,Mexico,Mexico City
IMG_2862.jpg,Mexico,Mexico City
IMG_2865.jpg,Mexico,Mexico City
IMG_2866.jpg,Mexico,Mexico City
IMG_2869.jpg,Mexico,Mexico City
IMG_2873.jpg,Mexico,Mexico City
IMG_2874.jpg,Mexico,Mexico City
IMG_2875.jpg,Mexico,Mexico City
IMG_2882.jpg,Mexico,Mexico City
IMG_2885.jpg,Mexico,Mexico City
IMG_2889.jpg,Mexico,Mexico City
IMG_289.jpg,Colombia,Bogota
IMG_2890.jpg,Mexico,Mexico City
IMG_2892.jpg,Mexico,Mexico City
IMG_2893.jpg,Mexico,Mexico City
IMG_2895.jpg,Mexico,Mexico City
IMG_290.jpg,Colombia,Bogota
IMG_2954.jpg,Mexico,Mexico City
IMG_296_1.jpg,Colombia,Bogota
IMG_297.jpg,Colombia,Bogota
IMG_2984.jpg,Mexico,Mexico City
IMG_2989.jpg,Mexico,Mexico City
IMG_2990.jpg,Mexico,Mexico City
IMG_2991.jpg,Mexico,Mexico City
IMG_2992.jpg,Mexico,Mexico City
IMG_2993.jpg,Mexico,Mexico City
IMG_2995.jpg,Mexico,Mexico City
IMG_30.jpg,Colombia,Bogota
IMG_3005.jpg,Mexico,Mexico City
IMG_3006.jpg,Mexico,Mexico City
IMG_3016.jpg,Mexico,Mexico City
IMG_302.jpg,Colombia,Bogota
IMG_3026.jpg,Mexico,Mexico City
IMG_3028.jpg,Mexico,Mexico City
IMG_3031.jpg,Mexico,Mexico City
IMG_3034.jpg,Mexico,Mexico City
IMG_3035.jpg,Mexico,Mexico City
IMG_304.jpg,Colombia,Bogota
IMG_3046.jpg,Mexico,Mexico City
IMG_3049.jpg,Mexico,Mexico City
IMG_304_1.jpg,Colombia,Bogota
IMG_3056.jpg,Mexico,Mexico City
IMG_3058.jpg,Mexico,Mexico City
IMG_3064.jpg,Mexico,Mexico City
IMG_3069.jpg,Mexico,Mexico City
IMG_3078.jpg,Mexico,Mexico City
IMG_3079.jpg,Mexico,Mexico City
IMG_3085.jpg,Mexico,Mexico City
IMG_3086.jpg,Mexico,Mexico City
IMG_3117.jpg,Mexico,Mexico City
IMG_3122.jpg,Mexico,Mexico City
IMG_3124.jpg,Mexico,Mexico City
IMG_3133.jpg,Mexico,Mexico City
IMG_314.jpg,Colombia,Bogota
IMG_3141.jpg,Mexico,Mexico City
IMG_3143.jpg,Mexico,Mexico City
IMG_3147.jpg,Mexico,Mexico City
IMG_3148.jpg,Mexico,Mexico City
IMG_3152.jpg,Mexico,Mexico City
IMG_3157.jpg,Mexico,Mexico City
IMG_3159.jpg,Mexico,Mexico City
IMG_3161.jpg,Mexico,Mexico City
IMG_3162.jpg,Mexico,Mexico City
IMG_3166.jpg,Mexico,Mexico City
IMG_3167.jpg,Mexico,Mexico City
IMG_3168.jpg,Mexico,Mexico City
IMG_3169.jpg,Mexico,Mexico City
IMG_3171.jpg,Mexico,Mexico City
IMG_3175.jpg,Mexico,Mexico City
IMG_3179.jpg,Mexico,Mexico City
IMG_318.jpg,Colombia,Bogota
IMG_3185.jpg,Mexico,Mexico City
IMG_3187.jpg,Mexico,Mexico City
IMG_318_1.jpg,Colombia,Bogota
IMG_3192.jpg,Mexico,Mexico City
IMG_3196.jpg,Mexico,Mexico City
IMG_3197.jpg,Mexico,Mexico City
IMG_320.jpg,Colombia,Bogota
IMG_3200.jpg,Mexico,Mexico City
IMG_3202.jpg,Mexico,Mexico City
IMG_3204.jpg,Mexico,Mexico City
IMG_3209.jpg,Mexico,Mexico City
IMG_3210.jpg,Mexico,Mexico City
IMG_3211.jpg,Mexico,Mexico City
IMG_3213.jpg,Mexico,Mexico City
IMG_3215.jpg,Mexico,Mexico City
IMG_3217.jpg,Mexico,Mexico City
IMG_3225.jpg,Mexico,Mexico City
IMG_3230.jpg,Mexico,Mexico City
IMG_3240.jpg,Mexico,Mexico City
IMG_3243.jpg,Mexico,Mexico City
IMG_3246.jpg,Mexico,Mexico City
IMG_3248.jpg,Mexico,Mexico City
IMG_3249.jpg,Mexico,Mexico City
IMG_3252.jpg,Mexico,Mexico City
IMG_3254.jpg,Mexico,Mexico City
IMG_3257.jpg,Mexico,Mexico City
IMG_3258.jpg,Mexico,Mexico City
IMG_3263.jpg,Mexico,Mexico City
IMG_3264.jpg,Mexico,Mexico City
IMG_3268.jpg,Mexico,Mexico City
IMG_3269.jpg,Mexico,Mexico City
IMG_3271.jpg,Mexico,Mexico City
IMG_3272.jpg,Mexico,Mexico City
IMG_3274.jpg,Mexico,Mexico City
IMG_3275.jpg,Mexico,Mexico City
IMG_3276.jpg,Mexico,Mexico City
IMG_3282.jpg,Mexico,Mexico City
IMG_3284.jpg,Mexico,Mexico City
IMG_3286.jpg,Mexico,Mexico City
IMG_3287.jpg,Mexico,Mexico City
IMG_3289.jpg,Mexico,Mexico City
IMG_3290.jpg,Mexico,Mexico City
IMG_3294.jpg,Mexico,Mexico City
IMG_3299.jpg,Mexico,Mexico City
IMG_3305.jpg,Mexico,Mexico City
IMG_3306.jpg,Mexico,Mexico City
IMG_3309.jpg,Mexico,Mexico City
IMG_3310.jpg,Mexico,Mexico City
IMG_3311.jpg,Mexico,Mexico City
IMG_3312.jpg,Mexico,Mexico City
IMG_3313.jpg,Mexico,Mexico City
IMG_3314.jpg,Mexico,Mexico City
IMG_3316.jpg,Mexico,Mexico City
IMG_3317.jpg,Mexico,Mexico City
IMG_3318.jpg,Mexico,Mexico City
IMG_331_1.jpg,Colombia,Bogota
IMG_3324.jpg,Mexico,Mexico City
IMG_3328.jpg,Mexico,Mexico City
IMG_3330.jpg,Mexico,Mexico City
IMG_3332.jpg,Mexico,Mexico City
IMG_3335.jpg,Mexico,Mexico City
IMG_3336.jpg,Mexico,Mexico City
IMG_3339.jpg,Mexico,Mexico City
IMG_334.jpg,Colombia,Bogota
IMG_3340.jpg,Mexico,Mexico City
IMG_3341.jpg,Mexico,Mexico City
IMG_3342.jpg,Mexico,Mexico City
IMG_3345.jpg,Mexico,Mexico City
IMG_3346.jpg,Mexico,Mexico City
IMG_3347.jpg,Mexico,Mexico City
IMG_3349.jpg,Mexico,Mexico City
IMG_334_1.jpg,Colombia,Bogota
IMG_3350.jpg,Mexico,Mexico City
IMG_3353.jpg,Mexico,Mexico City
IMG_3354.jpg,Mexico,Mexico City
IMG_34.jpg,Colombia,Bogota
IMG_3413.jpg,Mexico,Mexico City
IMG_3414.jpg,Mexico,Mexico City
IMG_3416.jpg,Mexico,Mexico City
IMG_3417.jpg,Mexico,Mexico City
IMG_3421.jpg,Mexico,Mexico City
IMG_3425.jpg,Mexico,Mexico City
IMG_3426.jpg,Mexico,Mexico City
IMG_3429.jpg,Mexico,Mexico City
IMG_3430.jpg,Mexico,Mexico City
IMG_3431.jpg,Mexico,Mexico City
IMG_3438.jpg,Mexico,Mexico City
IMG_3439.jpg,Mexico,Mexico City
IMG_344.jpg,Colombia,Bogota
IMG_3440.jpg,Mexico,Mexico City
IMG_3442.jpg,Mexico,Mexico City
IMG_3443.jpg,Mexico,Mexico City
IMG_3444.jpg,Mexico,Mexico City
IMG_3447.jpg,Mexico,Mexico City
IMG_3448.jpg,Mexico,Mexico City
IMG_3451.jpg,Mexico,Mexico City
IMG_3452.jpg,Mexico,Mexico City
IMG_3456.jpg,Mexico,Mexico City
IMG_3457.jpg,Mexico,Mexico City
IMG_3462.jpg,Mexico,Mexico City
IMG_3465.jpg,Mexico,Mexico City
IMG_3467.jpg,Mexico,Mexico City
IMG_3468.jpg,Mexico,Mexico City
IMG_3474.jpg,Mexico,Mexico City
IMG_3476.jpg,Mexico,Mexico City
IMG_3477.jpg,Mexico,Mexico City
IMG_3480.jpg,Mexico,Mexico City
IMG_3481.jpg,Mexico,Mexico City
IMG_3482.jpg,Mexico,Mexico City
IMG_3483.jpg,Mexico,Mexico City
IMG_3486.jpg,Mexico,Mexico City
IMG_3494.jpg,Mexico,Mexico City
IMG_3502.jpg,Mexico,Mexico City
IMG_3506.jpg,Mexico,Mexico City
IMG_3509.jpg,Mexico,Mexico City
IMG_3510.jpg,Mexico,Mexico City
IMG_3513.jpg,Mexico,Mexico City
IMG_3514.jpg,Mexico,Mexico City
IMG_3523.jpg,Mexico,Mexico City
IMG_3532.jpg,Mexico,Mexico City
IMG_3535.jpg,Mexico,Mexico City
IMG_3537.jpg,Mexico,Mexico City
IMG_3538.jpg,Mexico,Mexico City
IMG_3543.jpg,Mexico,Mexico City
IMG_3552.jpg,Mexico,Mexico City
IMG_3554.jpg,Mexico,Mexico City
IMG_356.jpg,Colombia,Bogota
IMG_3560.jpg,Mexico,Mexico City
IMG_3565.jpg,Mexico,Mexico City
IMG_3567.jpg,Mexico,Mexico City
IMG_3568.jpg,Mexico,Mexico City
IMG_356_1.jpg,Colombia,Bogota
IMG_3574.jpg,Mexico,Mexico City
IMG_3575.jpg,Mexico,Mexico City
IMG_3580.jpg,Mexico,Mexico City
IMG_3583.jpg,Mexico,Mexico City
IMG_3595.jpg,Mexico,Mexico City
IMG_3596.jpg,Mexico,Mexico City
IMG_3598.jpg,Mexico,Mexico City
IMG_3602.jpg,Mexico,Mexico City
IMG_3603.jpg,Mexico,Mexico City
IMG_3604.jpg,Mexico,Mexico City
IMG_3605.jpg,Mexico,Mexico City
IMG_3606.jpg,Mexico,Mexico City
IMG_3611.jpg,Mexico,Mexico City
IMG_3612.jpg,Mexico,Mexico City
IMG_3613.jpg,Mexico,Mexico City
IMG_3614.jpg,Mexico,Mexico City
IMG_3618.jpg,Mexico,Mexico City
IMG_3620.jpg,Mexico,Mexico City
IMG_3621.jpg,Mexico,Mexico City
IMG_3622.jpg,Mexico,Mexico City
IMG_3624.jpg,Mexico,Mexico City
IMG_3638.jpg,Mexico,Mexico City
IMG_3651.jpg,Mexico,Mexico City
IMG_3658.jpg,Mexico,Mexico City
IMG_3659.jpg,Mexico,Mexico City
IMG_3670.jpg,Mexico,Mexico City
IMG_3671.jpg,Mexico,Mexico City
IMG_3684.jpg,Mexico,Mexico City
IMG_3685.jpg,Mexico,Mexico City
IMG_3690.jpg,Mexico,Mexico City
IMG_3691.jpg,Mexico,Mexico City
IMG_3693.jpg,Mexico,Mexico City
IMG_3695.jpg,Mexico,Mexico City
IMG_37.jpg,Colombia,Bogota
IMG_3700.jpg,Mexico,Mexico City
IMG_3710.jpg,Mexico,Mexico City
IMG_3715.jpg,Mexico,Mexico City
IMG_372.jpg,Colombia,Bogota
IMG_3724.jpg,Mexico,Mexico City
IMG_3725.jpg,Mexico,Mexico City
IMG_3727.jpg,Mexico,Mexico City
IMG_3730.jpg,Mexico,Mexico City
IMG_3733.jpg,Mexico,Mexico City
IMG_3734.jpg,Mexico,Mexico City
IMG_3738.jpg,Mexico,Mexico City
IMG_3741.jpg,Mexico,Mexico City
IMG_3742.jpg,Mexico,Mexico City
IMG_3743.jpg,Mexico,Mexico City
IMG_3744.jpg,Mexico,Mexico City
IMG_375.jpg,Colombia,Bogota
IMG_3750.jpg,Mexico,Mexico City
IMG_3751.jpg,Mexico,Mexico City
IMG_3755.jpg,Mexico,Mexico City
IMG_3756.jpg,Mexico,Mexico City
IMG_376.jpg,Colombia,Bogota
IMG_3765.jpg,Mexico,Mexico City
IMG_3766.jpg,Mexico,Mexico City
IMG_3768.jpg,Mexico,Mexico City
IMG_3770.jpg,Mexico,Mexico City
IMG_3773.jpg,Mexico,Mexico City
IMG_3775.jpg,Mexico,Mexico City
IMG_3788.jpg,Mexico,Mexico City
IMG_3790.jpg,Mexico,Mexico City
IMG_3791.jpg,Mexico,Mexico City
IMG_3795.jpg,Mexico,Mexico City
IMG_3796.jpg,Mexico,Mexico City
IMG_3797.jpg,Mexico,Mexico City
IMG_37_1.jpg,Colombia,Bogota
IMG_3803.jpg,Mexico,Mexico City
IMG_3810.jpg,Mexico,Mexico City
IMG_3813.jpg,Mexico,Mexico City
IMG_3815.jpg,Mexico,Mexico City
IMG_3817.jpg,Mexico,Mexico City
IMG_3818.jpg,Mexico,Mexico City
IMG_382.jpg,Colombia,Bogota
IMG_3821.jpg,Mexico,Mexico City
IMG_3823.jpg,Mexico,Mexico City
IMG_3825.jpg,Mexico,Mexico City
IMG_3831.jpg,Mexico,Mexico City
IMG_3832.jpg,Mexico,Mexico City
IMG_3841.jpg,Mexico,Mexico City
IMG_3843.jpg,Mexico,Mexico City
IMG_3849.jpg,Mexico,Mexico City
IMG_3858.jpg,Mexico,Mexico City
IMG_386.jpg,Colombia,Bogota
IMG_3861.jpg,Mexico,Mexico City
IMG_3862.jpg,Mexico,Mexico City
IMG_3865.jpg,Mexico,Mexico City
IMG_3866.jpg,Mexico,Mexico City
IMG_3867.jpg,Mexico,Mexico City
IMG_3868.jpg,Mexico,Mexico City
IMG_390.jpg,Colombia,Bogota
IMG_391.jpg,Colombia,Bogota
IMG_396.jpg,Colombia,Bogota
IMG_397.jpg,Colombia,Bogota
IMG_3971.jpg,Mexico,Mexico City
IMG_3972.jpg,Mexico,Mexico City
IMG_3978.jpg,Mexico,Mexico City
IMG_398.jpg,Colombia,Bogota
IMG_3996.jpg,Mexico,Mexico City
IMG_400.jpg,Colombia,Bogota
IMG_4001.jpg,Mexico,Mexico City
IMG_4002.jpg,Mexico,Mexico City
IMG_4003.jpg,Mexico,Mexico City
IMG_4005-1.jpg,Mexico,Mexico City
IMG_4006.jpg,Mexico,Mexico City
IMG_4007.jpg,Mexico,Mexico City
IMG_4008-1.jpg,Mexico,Mexico City
IMG_4012.jpg,Mexico,Mexico City
IMG_4014-1.jpg,Mexico,Mexico City
IMG_4014.jpg,Mexico,Mexico City
IMG_4015.jpg,Mexico,Mexico City
IMG_4016.jpg,Mexico,Mexico City
IMG_4018-1.jpg,Mexico,Mexico City
IMG_4022.jpg,Mexico,Mexico City
IMG_4027.jpg,Mexico,Mexico City
IMG_403.jpg,Colombia,Bogota
IMG_4030.jpg,Mexico,Mexico City
IMG_4031-1.jpg,Mexico,Mexico City
IMG_4032.jpg,Mexico,Mexico City
IMG_4033-1.jpg,Mexico,Mexico City
IMG_4035.jpg,Mexico,Mexico City
IMG_4038-1.jpg,Mexico,Mexico City
IMG_404.jpg,Colombia,Bogota
IMG_4040.jpg,Mexico,Mexico City
IMG_4041.jpg,Mexico,Mexico City
IMG_4046-1.jpg,Mexico,Mexico City
IMG_4046.jpg,Mexico,Mexico City
IMG_405.jpg,Colombia,Bogota
IMG_4050-1.jpg,Mexico,Mexico City
IMG_4056-1.jpg,Mexico,Mexico City
IMG_4059.jpg,Mexico,Mexico City
IMG_4060.jpg,Mexico,Mexico City
IMG_4065.jpg,Mexico,Mexico City
IMG_4070-1.jpg,Mexico,Mexico City
IMG_4071.jpg,Mexico,Mexico City
IMG_4072.jpg,Mexico,Mexico City
IMG_4073-1.jpg,Mexico,Mexico City
IMG_4074-1.jpg,Mexico,Mexico City
IMG_4074.jpg,Mexico,Mexico City
IMG_4076-1.jpg,Mexico,Mexico City
IMG_4077.jpg,Mexico,Mexico City
IMG_4082-1.jpg,Mexico,Mexico City
IMG_4086-1.jpg,Mexico,Mexico City
IMG_4087.jpg,Mexico,Mexico City
IMG_4091-1.jpg,Mexico,Mexico City
IMG_4091.jpg,Mexico,Mexico City
IMG_4106.jpg,Mexico,Mexico City
IMG_4116.jpg,Mexico,Mexico City
IMG_4118.jpg,Mexico,Mexico City
IMG_413.jpg,Colombia,Bogota
IMG_414.jpg,Colombia,Bogota
IMG_4141.jpg,Mexico,Mexico City
IMG_4142.jpg,Mexico,Mexico City
IMG_4143.jpg,Mexico,Mexico City
IMG_4147.jpg,Mexico,Mexico City
IMG_4148.jpg,Mexico,Mexico City
IMG_415.jpg,Colombia,Bogota
IMG_4153.jpg,Mexico,Mexico City
IMG_4154.jpg,Mexico,Mexico City
IMG_4156.jpg,Mexico,Mexico City
IMG_4160.jpg,Mexico,Mexico City
IMG_4163.jpg,Mexico,Mexico City
IMG_4167.jpg,Mexico,Mexico City
IMG_4169.jpg,Mexico,Mexico City
IMG_4171.jpg,Mexico,Mexico City
IMG_4175.jpg,Mexico,Mexico City
IMG_418.jpg,Colombia,Bogota
IMG_4181.jpg,Mexico,Mexico City
IMG_4185.jpg,Mexico,Mexico City
IMG_42.jpg,Colombia,Bogota
IMG_4205.jpg,Mexico,Mexico City
IMG_4209.jpg,Mexico,Mexico City
IMG_4211.jpg,Mexico,Mexico City
IMG_4213.jpg,Mexico,Mexico City
IMG_4214.jpg,Mexico,Mexico City
IMG_4217.jpg,Mexico,Mexico City
IMG_4218.jpg,Mexico,Mexico City
IMG_4221.jpg,Mexico,Mexico City
IMG_4223.jpg,Mexico,Mexico City
IMG_4225.jpg,Mexico,Mexico City
IMG_4226.jpg,Mexico,Mexico City
IMG_4230.jpg,Mexico,Mexico City
IMG_4231.jpg,Mexico,Mexico City
IMG_4232.jpg,Mexico,Mexico City
IMG_4236.jpg,Mexico,Mexico City
IMG_4239.jpg,Mexico,Mexico City
IMG_424.jpg,Colombia,Bogota
IMG_4240.jpg,Mexico,Mexico City
IMG_4245.jpg,Mexico,Mexico City
IMG_4249.jpg,Mexico,Mexico City
IMG_425.jpg,Colombia,Bogota
IMG_4259.jpg,Mexico,Mexico City
IMG_428.jpg,Colombia,Bogota
IMG_4287.jpg,Mexico,Mexico City
IMG_4288.jpg,Mexico,Mexico City
IMG_4290.jpg,Mexico,Mexico City
IMG_4296.jpg,Mexico,Mexico City
IMG_43.jpg,Colombia,Bogota
IMG_430.jpg,Colombia,Bogota
IMG_4301.jpg,Mexico,Mexico City
IMG_4308.jpg,Mexico,Mexico City
IMG_4313.jpg,Mexico,Mexico City
IMG_4315.jpg,Mexico,Mexico City
IMG_432.jpg,Colombia,Bogota
IMG_4320.jpg,Mexico,Mexico City
IMG_4327.jpg,Mexico,Mexico City
IMG_4329.jpg,Mexico,Mexico City
IMG_4331.jpg,Mexico,Mexico City
IMG_4334.jpg,Mexico,Mexico City
IMG_4337.jpg,Mexico,Mexico City
IMG_4339.jpg,Mexico,Mexico City
IMG_4341.jpg,Mexico,Mexico City
IMG_4351.jpg,Mexico,Mexico City
IMG_4352.jpg,Mexico,Mexico City
IMG_4356.jpg,Mexico,Mexico City
IMG_4366.jpg,Mexico,Mexico City
IMG_4367.jpg,Mexico,Mexico City
IMG_4369.jpg,Mexico,Mexico City
IMG_4371.jpg,Mexico,Mexico City
IMG_4373.jpg,Mexico,Mexico City
IMG_4377.jpg,Mexico,Mexico City
IMG_4384.jpg,Mexico,Mexico City
IMG_4385.jpg,Mexico,Mexico City
IMG_4386.jpg,Mexico,Mexico City
IMG_4392.jpg,Mexico,Mexico City
IMG_4399.jpg,Mexico,Mexico City
IMG_440.jpg,Colombia,Bogota
IMG_4402.jpg,Mexico,Mexico City
IMG_4404.jpg,Mexico,Mexico City
IMG_4406.jpg,Mexico,Mexico City
IMG_4411.jpg,Mexico,Mexico City
IMG_4412.jpg,Mexico,Mexico City
IMG_4423.jpg,Mexico,Mexico City
IMG_4429.jpg,Mexico,Mexico City
IMG_4430.jpg,Mexico,Mexico City
IMG_4433.jpg,Mexico,Mexico City
IMG_4435.jpg,Mexico,Mexico City
IMG_4447.jpg,Mexico,Mexico City
IMG_4448.jpg,Mexico,Mexico City
IMG_445.jpg,Colombia,Bogota
IMG_4450.jpg,Mexico,Mexico City
IMG_4452.jpg,Mexico,Mexico City
IMG_4453.jpg,Mexico,Mexico City
IMG_4454.jpg,Mexico,Mexico City
IMG_4455.jpg,Mexico,Mexico City
IMG_4458.jpg,Mexico,Mexico City
IMG_4459.jpg,Mexico,Mexico City
IMG_446.jpg,Colombia,Bogota
IMG_4460.jpg,Mexico,Mexico City
IMG_4462.jpg,Mexico,Mexico City
IMG_4464.jpg,Mexico,Mexico City
IMG_4465.jpg,Mexico,Mexico City
IMG_4467.jpg,Mexico,Mexico City
IMG_4480.jpg,Mexico,Mexico City
IMG_4481.jpg,Mexico,Mexico City
IMG_4482.jpg,Mexico,Mexico City
IMG_4485.jpg,Mexico,Mexico City
IMG_4486.jpg,Mexico,Mexico City
IMG_45.jpg,Colombia,Bogota
IMG_451.jpg,Colombia,Bogota
IMG_452.jpg,Colombia,Bogota
IMG_453.jpg,Colombia,Bogota
IMG_455.jpg,Colombia,Bogota
IMG_458.jpg,Colombia,Bogota
IMG_461.jpg,Colombia,Bogota
IMG_462.jpg,Colombia,Bogota
IMG_4639.jpg,Mexico,Mexico City
IMG_464.jpg,Colombia,Bogota
IMG_4643.jpg,Mexico,Mexico City
IMG_4648.jpg,Mexico,Mexico City
IMG_4651.jpg,Mexico,Mexico City
IMG_4657.jpg,Mexico,Mexico City
IMG_4658.jpg,Mexico,Mexico City
IMG_4663.jpg,Mexico,Mexico City
IMG_4665.jpg,Mexico,Mexico City
IMG_4666.jpg,Mexico,Mexico City
IMG_4667.jpg,Mexico,Mexico City
IMG_4668.jpg,Mexico,Mexico City
IMG_4669.jpg,Mexico,Mexico City
IMG_4678.jpg,Mexico,Mexico City
IMG_4679.jpg,Mexico,Mexico City
IMG_4680.jpg,Mexico,Mexico City
IMG_4682.jpg,Mexico,Mexico City
IMG_4684.jpg,Mexico,Mexico City
IMG_4688.jpg,Mexico,Mexico City
IMG_4689.jpg,Mexico,Mexico City
IMG_469.jpg,Colombia,Bogota
IMG_4690.jpg,Mexico,Mexico City
IMG_4691.jpg,Mexico,Mexico City
IMG_4692.jpg,Mexico,Mexico City
IMG_4694.jpg,Mexico,Mexico City
IMG_4696.jpg,Mexico,Mexico City
IMG_4697.jpg,Mexico,Mexico City
IMG_4703.jpg,Mexico,Mexico City
IMG_4708.jpg,Mexico,Mexico City
IMG_4715.jpg,Mexico,Mexico City
IMG_4716.jpg,Mexico,Mexico City
IMG_4722.jpg,Mexico,Mexico City
IMG_4735.jpg,Mexico,Mexico City
IMG_4737.jpg,Mexico,Mexico City
IMG_4739.jpg,Mexico,Mexico City
IMG_4742.jpg,Mexico,Mexico City
IMG_4749.jpg,Mexico,Mexico City
IMG_4752.jpg,Mexico,Mexico City
IMG_4753.jpg,Mexico,Mexico City
IMG_4756.jpg,Mexico,Mexico City
IMG_4759.jpg,Mexico,Mexico City
IMG_4761.jpg,Mexico,Mexico City
IMG_4762.jpg,Mexico,Mexico City
IMG_4766.jpg,Mexico,Mexico City
IMG_4769.jpg,Mexico,Mexico City
IMG_4775.jpg,Mexico,Mexico City
IMG_478.jpg,Colombia,Bogota
IMG_4784.jpg,Mexico,Mexico City
IMG_4787.jpg,Mexico,Mexico City
IMG_4788.jpg,Mexico,Mexico City
IMG_4790.jpg,Mexico,Mexico City
IMG_4791.jpg,Mexico,Mexico City
IMG_4794.jpg,Mexico,Mexico City
IMG_4795.jpg,Mexico,Mexico City
IMG_4799.jpg,Mexico,Mexico City
IMG_4807.jpg,Mexico,Mexico City
IMG_4809.jpg,Mexico,Mexico City
IMG_4812.jpg,Mexico,Mexico City
IMG_4814.jpg,Mexico,Mexico City
IMG_4816.jpg,Mexico,Mexico City
IMG_4817.jpg,Mexico,Mexico City
IMG_4820.jpg,Mexico,Mexico City
IMG_4822.jpg,Mexico,Mexico City
IMG_4824.jpg,Mexico,Mexico City
IMG_4832.jpg,Mexico,Mexico City
IMG_4867.jpg,Mexico,Mexico City
IMG_4868.jpg,Mexico,Mexico City
IMG_4869.jpg,Mexico,Mexico City
IMG_4870.jpg,Mexico,Mexico City
IMG_4873.jpg,Mexico,Mexico City
IMG_4874.jpg,Mexico,Mexico City
IMG_4876.jpg,Mexico,Mexico City
IMG_4879.jpg,Mexico,Mexico City
IMG_4900.jpg,Mexico,Mexico City
IMG_4901.jpg,Mexico,Mexico City
IMG_4903.jpg,Mexico,Mexico City
IMG_4904.jpg,Mexico,Mexico City
IMG_4911.jpg,Mexico,Mexico City
IMG_4912.jpg,Mexico,Mexico City
IMG_4918.jpg,Mexico,Mexico City
IMG_4921.jpg,Mexico,Mexico City
IMG_4922.jpg,Mexico,Mexico City
IMG_4924.jpg,Mexico,Mexico City
IMG_4925.jpg,Mexico,Mexico City
IMG_4926.jpg,Mexico,Mexico City
IMG_4927.jpg,Mexico,Mexico City
IMG_4930.jpg,Mexico,Mexico City
IMG_4937.jpg,Mexico,Mexico City
IMG_4950.jpg,Mexico,Mexico City
IMG_4956.jpg,Mexico,Mexico City
IMG_496.jpg,Colombia,Bogota
IMG_497.jpg,Colombia,Bogota
IMG_503_1.jpg,Colombia,Bogota
IMG_505.jpg,Colombia,Bogota
IMG_505_1.jpg,Colombia,Bogota
IMG_510.jpg,Colombia,Bogota
IMG_510_1.jpg,Colombia,Bogota
IMG_513.jpg,Colombia,Bogota
IMG_514_1.jpg,Colombia,Bogota
IMG_515_1.jpg,Colombia,Bogota
IMG_518.jpg,Colombia,Bogota
IMG_519.jpg,Colombia,Bogota
IMG_52.jpg,Colombia,Bogota
IMG_520.jpg,Colombia,Bogota
IMG_520_1.jpg,Colombia,Bogota
IMG_521_1.jpg,Colombia,Bogota
IMG_522_1.jpg,Colombia,Bogota
IMG_524_1.jpg,Colombia,Bogota
IMG_525.jpg,Colombia,Bogota
IMG_526.jpg,Colombia,Bogota
IMG_527.jpg,Colombia,Bogota
IMG_52_1.jpg,Colombia,Bogota
IMG_531.jpg,Colombia,Bogota
IMG_533.jpg,Colombia,Bogota
IMG_536.jpg,Colombia,Bogota
IMG_536_1.jpg,Colombia,Bogota
IMG_539.jpg,Colombia,Bogota
IMG_539_1.jpg,Colombia,Bogota
IMG_542.jpg,Colombia,Bogota
IMG_542_1.jpg,Colombia,Bogota
IMG_546.jpg,Colombia,Bogota
IMG_546_1.jpg,Colombia,Bogota
IMG_547.jpg,Colombia,Bogota
IMG_550_1.jpg,Colombia,Bogota
IMG_551.jpg,Colombia,Bogota
IMG_551_1.jpg,Colombia,Bogota
IMG_552.jpg,Colombia,Bogota
IMG_553.jpg,Colombia,Bogota
IMG_554.jpg,Colombia,Bogota
IMG_555.jpg,Colombia,Bogota
IMG_556.jpg,Colombia,Bogota
IMG_559.jpg,Colombia,Bogota
IMG_560.jpg,Colombia,Bogota
IMG_562.jpg,Colombia,Bogota
IMG_565.jpg,Colombia,Bogota
IMG_565_1.jpg,Colombia,Bogota
IMG_571.jpg,Colombia,Bogota
IMG_574.jpg,Colombia,Bogota
IMG_578_1.jpg,Colombia,Bogota
IMG_579.jpg,Colombia,Bogota
IMG_583_1.jpg,Colombia,Bogota
IMG_587.jpg,Colombia,Bogota
IMG_588.jpg,Colombia,Bogota
IMG_59.jpg,Colombia,Bogota
IMG_591.jpg,Colombia,Bogota
IMG_591_1.jpg,Colombia,Bogota
IMG_594.jpg,Colombia,Bogota
IMG_594_1.jpg,Colombia,Bogota
IMG_597.jpg,Colombia,Bogota
IMG_6.jpg,Colombia,Bogota
IMG_60.jpg,Colombia,Bogota
IMG_601.jpg,Colombia,Bogota
IMG_604.jpg,Colombia,Bogota
IMG_606.jpg,Colombia,Bogota
IMG_609.jpg,Colombia,Bogota
IMG_610_1.jpg,Colombia,Bogota
IMG_618.jpg,Colombia,Bogota
IMG_623.jpg,Colombia,Bogota
IMG_6276.jpg,Mexico,La Paz
IMG_6277.jpg,Mexico,La Paz
IMG_6281.jpg,Mexico,La Paz
IMG_6284.jpg,Mexico,La Paz
IMG_6286.jpg,Mexico,La Paz
IMG_6289.jpg,Mexico,La Paz
IMG_6290.jpg,Mexico,La Paz
IMG_6291.jpg,Mexico,La Paz
IMG_6292.jpg,Mexico,La Paz
IMG_6293.jpg,Mexico,La Paz
IMG_6294.jpg,Mexico,La Paz
IMG_6295.jpg,Mexico,La Paz
IMG_6298.jpg,Mexico,La Paz
IMG_630.jpg,Colombia,Bogota
IMG_6300.jpg,Mexico,La Paz
IMG_6301.jpg,Mexico,La Paz
IMG_6302.jpg,Mexico,La Paz
IMG_6304.jpg,Mexico,La Paz
IMG_6305.jpg,Mexico,La Paz
IMG_6306.jpg,Mexico,La Paz
IMG_6307.jpg,Mexico,La Paz
IMG_631.jpg,Colombia,Bogota
IMG_6312.jpg,Mexico,La Paz
IMG_6315.jpg,Mexico,La Paz
IMG_6316.jpg,Mexico,La Paz
IMG_6319.jpg,Mexico,La Paz
IMG_6324.jpg,Mexico,La Paz
IMG_6325.jpg,Mexico,La Paz
IMG_6328.jpg,Mexico,La Paz
IMG_6329.jpg,Mexico,La Paz
IMG_6333.jpg,Mexico,La Paz
IMG_6334.jpg,Mexico,La Paz
IMG_6337.jpg,Mexico,La Paz
IMG_6341.jpg,Mexico,La Paz
IMG_6344.jpg,Mexico,La Paz
IMG_6347.jpg,Mexico,La Paz
IMG_6348.jpg,Mexico,La Paz
IMG_6349.jpg,Mexico,La Paz
IMG_6351.jpg,Mexico,La Paz
IMG_6354.jpg,Mexico,La Paz
IMG_6355.jpg,Mexico,La Paz
IMG_6356.jpg,Mexico,La Paz
IMG_6357.jpg,Mexico,La Paz
IMG_6358.jpg,Mexico,La Paz
IMG_6359.jpg,Mexico,La Paz
IMG_636.jpg,Colombia,Bogota
IMG_6361.jpg,Mexico,La Paz
IMG_6367.jpg,Mexico,La Paz
IMG_6368.jpg,Mexico,La Paz
IMG_637.jpg,Colombia,Bogota
IMG_6373.jpg,Mexico,La Paz
IMG_6376.jpg,Mexico,La Paz
IMG_6378.jpg,Mexico,La Paz
IMG_637_1.jpg,Colombia,Bogota
IMG_638.jpg,Colombia,Bogota
IMG_6380.jpg,Mexico,La Paz
IMG_6381.jpg,Mexico,La Paz
IMG_6382.jpg,Mexico,La Paz
IMG_6383.jpg,Mexico,La Paz
IMG_6384.jpg,Mexico,La Paz
IMG_6385.jpg,Mexico,La Paz
IMG_6386.jpg,Mexico,La Paz
IMG_638_1.jpg,Colombia,Bogota
IMG_6401.jpg,Mexico,La Paz
IMG_6405.jpg,Mexico,La Paz
IMG_6406.jpg,Mexico,La Paz
IMG_6407.jpg,Mexico,La Paz
IMG_6411.jpg,Mexico,La Paz
IMG_6413.jpg,Mexico,La Paz
IMG_6414.jpg,Mexico,La Paz
IMG_6418.jpg,Mexico,La Paz
IMG_6420.jpg,Mexico,La Paz
IMG_6424.jpg,Mexico,La Paz
IMG_6426.jpg,Mexico,La Paz
IMG_6430.jpg,Mexico,La Paz
IMG_6432.jpg,Mexico,La Paz
IMG_6433.jpg,Mexico,La Paz
IMG_6434.jpg,Mexico,La Paz
IMG_6435.jpg,Mexico,La Paz
IMG_6436.jpg,Mexico,La Paz
IMG_6437.jpg,Mexico,La Paz
IMG_6438.jpg,Mexico,La Paz
IMG_6439.jpg,Mexico,La Paz
IMG_6440.jpg,Mexico,La Paz
IMG_6442.jpg,Mexico,La Paz
IMG_6445.jpg,Mexico,La Paz
IMG_6447.jpg,Mexico,La Paz
IMG_6448.jpg,Mexico,La Paz
IMG_6449.jpg,Mexico,La Paz
IMG_645.jpg,Colombia,Bogota
IMG_6450.jpg,Mexico,La Paz
IMG_6451.jpg,Mexico,La Paz
IMG_6452.jpg,Mexico,La Paz
IMG_647.jpg,Colombia,Bogota
IMG_647_1.jpg,Colombia,Bogota
IMG_6489.jpg,Mexico,La Paz
IMG_649.jpg,Colombia,Bogota
IMG_6490.jpg,Mexico,La Paz
IMG_6492.jpg,Mexico,La Paz
IMG_6494.jpg,Mexico,La Paz
IMG_6497.jpg,Mexico,La Paz
IMG_6498.jpg,Mexico,La Paz
IMG_6499.jpg,Mexico,La Paz
IMG_6500.jpg,Mexico,La Paz
IMG_6502.jpg,Mexico,La Paz
IMG_6503.jpg,Mexico,La Paz
IMG_6506.jpg,Mexico,La Paz
IMG_6507.jpg,Mexico,La Paz
IMG_6508.jpg,Mexico,La Paz
IMG_6510.jpg,Mexico,La Paz
IMG_6511.jpg,Mexico,La Paz
IMG_6513.jpg,Mexico,La Paz
IMG_6514.jpg,Mexico,La Paz
IMG_6515.jpg,Mexico,La Paz
IMG_6518.jpg,Mexico,La Paz
IMG_652.jpg,Colombia,Bogota
IMG_6520.jpg,Mexico,La Paz
IMG_6525.jpg,Mexico,La Paz
IMG_6527.jpg,Mexico,La Paz
IMG_6529.jpg,Mexico,La Paz
IMG_652_1.jpg,Colombia,Bogota
IMG_653.jpg,Colombia,Bogota
IMG_6531.jpg,Mexico,La Paz
IMG_6532.jpg,Mexico,La Paz
IMG_6533.jpg,Mexico,La Paz
IMG_6537.jpg,Mexico,La Paz
IMG_6540.jpg,Mexico,La Paz
IMG_6542.jpg,Mexico,La Paz
IMG_6544.jpg,Mexico,La Paz
IMG_6545.jpg,Mexico,La Paz
IMG_6546.jpg,Mexico,La Paz
IMG_6548.jpg,Mexico,La Paz
IMG_6550.jpg,Mexico,La Paz
IMG_6551.jpg,Mexico,La Paz
IMG_6552.jpg,Mexico,La Paz
IMG_6553.jpg,Mexico,La Paz
IMG_6556.jpg,Mexico,La Paz
IMG_6558.jpg,Mexico,La Paz
IMG_6559.jpg,Mexico,La Paz
IMG_6560.jpg,Mexico,La Paz
IMG_6561.jpg,Mexico,La Paz
IMG_6562.jpg,Mexico,La Paz
IMG_6564.jpg,Mexico,La Paz
IMG_6567.jpg,Mexico,La Paz
IMG_6569.jpg,Mexico,La Paz
IMG_6571.jpg,Mexico,La Paz
IMG_6572.jpg,Mexico,La Paz
IMG_6573.jpg,Mexico,La Paz
IMG_6574.jpg,Mexico,La Paz
IMG_6579.jpg,Mexico,La Paz
IMG_658.jpg,Colombia,Bogota
IMG_6580.jpg,Mexico,La Paz
IMG_6582.jpg,Mexico,La Paz
IMG_6583.jpg,Mexico,La Paz
IMG_6585.jpg,Mexico,La Paz
IMG_6586.jpg,Mexico,La Paz
IMG_6588.jpg,Mexico,La Paz
IMG_6589.jpg,Mexico,La Paz
IMG_659.jpg,Colombia,Bogota
IMG_6590.jpg,Mexico,La Paz
IMG_6595.jpg,Mexico,La Paz
IMG_6597.jpg,Mexico,La Paz
IMG_6598.jpg,Mexico,La Paz
IMG_6599.jpg,Mexico,La Paz
IMG_6601.jpg,Mexico,La Paz
IMG_6602.jpg,Mexico,La Paz
IMG_6603.jpg,Mexico,La Paz
IMG_6606.jpg,Mexico,La Paz
IMG_6607.jpg,Mexico,La Paz
IMG_6610.jpg,Mexico,La Paz
IMG_6612.jpg,Mexico,La Paz
IMG_6614.jpg,Mexico,La Paz
IMG_6615.jpg,Mexico,La Paz
IMG_6617.jpg,Mexico,La Paz
IMG_6618.jpg,Mexico,La Paz
IMG_6619.jpg,Mexico,La Paz
IMG_661_1.jpg,Colombia,Bogota
IMG_6621.jpg,Mexico,La Paz
IMG_6622.jpg,Mexico,La Paz
IMG_6623.jpg,Mexico,La Paz
IMG_6624.jpg,Mexico,La Paz
IMG_6627.jpg,Mexico,La Paz
IMG_663.jpg,Colombia,Bogota
IMG_6631.jpg,Mexico,La Paz
IMG_6633.jpg,Mexico,La Paz
IMG_6635.jpg,Mexico,La Paz
IMG_6639.jpg,Mexico,La Paz
IMG_6640.jpg,Mexico,La Paz
IMG_6642.jpg,Mexico,La Paz
IMG_6643.jpg,Mexico,La Paz
IMG_6645.jpg,Mexico,La Paz
IMG_6646.jpg,Mexico,La Paz
IMG_6648.jpg,Mexico,La Paz
IMG_6649.jpg,Mexico,La Paz
IMG_669.jpg,Colombia,Bogota
IMG_6769.jpg,Mexico,La Paz
IMG_677.jpg,Colombia,Bogota
IMG_6770.jpg,Mexico,La Paz
IMG_6771.jpg,Mexico,La Paz
IMG_6772.jpg,Mexico,La Paz
IMG_6773.jpg,Mexico,La Paz
IMG_6774.jpg,Mexico,La Paz
IMG_6776.jpg,Mexico,La Paz
IMG_6777.jpg,Mexico,La Paz
IMG_6778.jpg,Mexico,La Paz
IMG_678.jpg,Colombia,Bogota
IMG_6780.jpg,Mexico,La Paz
IMG_6785.jpg,Mexico,La Paz
IMG_6786.jpg,Mexico,La Paz
IMG_6787.jpg,Mexico,La Paz
IMG_6788.jpg,Mexico,La Paz
IMG_6789.jpg,Mexico,La Paz
IMG_679.jpg,Colombia,Bogota
IMG_6790.jpg,Mexico,La Paz
IMG_6791.jpg,Mexico,La Paz
IMG_6795.jpg,Mexico,La Paz
IMG_6798.jpg,Mexico,La Paz
IMG_679_1.jpg,Colombia,Bogota
IMG_680.jpg,Colombia,Bogota
IMG_6800.jpg,Mexico,La Paz
IMG_6802.jpg,Mexico,La Paz
IMG_6803.jpg,Mexico,La Paz
IMG_6807.jpg,Mexico,La Paz
IMG_680_1.jpg,Colombia,Bogota
IMG_6810.jpg,Mexico,La Paz
IMG_6811.jpg,Mexico,La Paz
IMG_6813.jpg,Mexico,La Paz
IMG_6814.jpg,Mexico,La Paz
IMG_6815.jpg,Mexico,La Paz
IMG_6816.jpg,Mexico,La Paz
IMG_6818.jpg,Mexico,La Paz
IMG_6819.jpg,Mexico,La Paz
IMG_6821.jpg,Mexico,La Paz
IMG_6822.jpg,Mexico,La Paz
IMG_6824.jpg,Mexico,La Paz
IMG_6826.jpg,Mexico,La Paz
IMG_6827.jpg,Mexico,La Paz
IMG_682_1.jpg,Colombia,Bogota
IMG_6830.jpg,Mexico,La Paz
IMG_6833.jpg,Mexico,La Paz
IMG_6834.jpg,Mexico,La Paz
IMG_6839.jpg,Mexico,La Paz
IMG_684.jpg,Colombia,Bogota
IMG_6841.jpg,Mexico,La Paz
IMG_6842.jpg,Mexico,La Paz
IMG_6843.jpg,Mexico,La Paz
IMG_6845.jpg,Mexico,La Paz
IMG_6846.jpg,Mexico,La Paz
IMG_684_1.jpg,Colombia,Bogota
IMG_6851.jpg,Mexico,La Paz
IMG_6854.jpg,Mexico,La Paz
IMG_6855.jpg,Mexico,La Paz
IMG_6859.jpg,Mexico,La Paz
IMG_6862.jpg,Mexico,La Paz
IMG_6863.jpg,Mexico,La Paz
IMG_6864.jpg,Mexico,La Paz
IMG_6868.jpg,Mexico,La Paz
IMG_6869.jpg,Mexico,La Paz
IMG_6874.jpg,Mexico,La Paz
IMG_6876.jpg,Mexico,La Paz
IMG_6877.jpg,Mexico,La Paz
IMG_6878.jpg,Mexico,La Paz
IMG_6879.jpg,Mexico,La Paz
IMG_6883.jpg,Mexico,La Paz
IMG_6885.jpg,Mexico,La Paz
IMG_6886.jpg,Mexico,La Paz
IMG_6887.jpg,Mexico,La Paz
IMG_6888.jpg,Mexico,La Paz
IMG_6889.jpg,Mexico,La Paz
IMG_6892.jpg,Mexico,La Paz
IMG_6893.jpg,Mexico,La Paz
IMG_6895.jpg,Mexico,La Paz
IMG_6897.jpg,Mexico,La Paz
IMG_6899.jpg,Mexico,La Paz
IMG_6900.jpg,Mexico,La Paz
IMG_6901.jpg,Mexico,La Paz
IMG_6904.jpg,Mexico,La Paz
IMG_6905.jpg,Mexico,La Paz
IMG_6907.jpg,Mexico,La Paz
IMG_6908.jpg,Mexico,La Paz
IMG_6910.jpg,Mexico,La Paz
IMG_6911.jpg,Mexico,La Paz
IMG_6912.jpg,Mexico,La Paz
IMG_6913.jpg,Mexico,La Paz
IMG_6914.jpg,Mexico,La Paz
IMG_6917.jpg,Mexico,La Paz
IMG_6918.jpg,Mexico,La Paz
IMG_6920.jpg,Mexico,La Paz
IMG_6923.jpg,Mexico,La Paz
IMG_6926.jpg,Mexico,La Paz
IMG_6927.jpg,Mexico,La Paz
IMG_6930.jpg,Mexico,La Paz
IMG_6934.jpg,Mexico,La Paz
IMG_6937.jpg,Mexico,La Paz
IMG_6938.jpg,Mexico,La Paz
IMG_6940.jpg,Mexico,La Paz
IMG_6943.jpg,Mexico,La Paz
IMG_6945.jpg,Mexico,La Paz
IMG_6946.jpg,Mexico,La Paz
IMG_6948.jpg,Mexico,La Paz
IMG_6949.jpg,Mexico,La Paz
IMG_6951.jpg,Mexico,La Paz
IMG_6970.jpg,Mexico,La Paz
IMG_6979.jpg,Mexico,La Paz
IMG_6986.jpg,Mexico,La Paz
IMG_6987.jpg,Mexico,La Paz
IMG_6993.jpg,Mexico,La Paz
IMG_70.jpg,Colombia,Bogota
IMG_7004.jpg,Mexico,La Paz
IMG_7006.jpg,Mexico,La Paz
IMG_702.jpg,Colombia,Bogota
IMG_702_1.jpg,Colombia,Bogota
IMG_704.jpg,Colombia,Bogota
IMG_706.jpg,Colombia,Bogota
IMG_709.jpg,Colombia,Bogota
IMG_71.jpg,Colombia,Bogota
IMG_713_1.jpg,Colombia,Bogota
IMG_717.jpg,Colombia,Bogota
IMG_717_1.jpg,Colombia,Bogota
IMG_722_1.jpg,Colombia,Bogota
IMG_727.jpg,Colombia,Bogota
IMG_727_1.jpg,Colombia,Bogota
IMG_732.jpg,Colombia,Bogota
IMG_733.jpg,Colombia,Bogota
IMG_741.jpg,Colombia,Bogota
IMG_741_1.jpg,Colombia,Bogota
IMG_742.jpg,Colombia,Bogota
IMG_749.jpg,Colombia,Bogota
IMG_762.jpg,Colombia,Bogota
IMG_766.jpg,Colombia,Bogota
IMG_768.jpg,Colombia,Bogota
IMG_768_1.jpg,Colombia,Bogota
IMG_769.jpg,Colombia,Bogota
IMG_780.jpg,Colombia,Bogota
IMG_786.jpg,Colombia,Bogota
IMG_790.jpg,Colombia,Bogota
IMG_790_1.jpg,Colombia,Bogota
IMG_791.jpg,Colombia,Bogota
IMG_817.jpg,Colombia,Bogota
IMG_821.jpg,Colombia,Bogota
IMG_825.jpg,Colombia,Bogota
IMG_830.jpg,Colombia,Bogota
IMG_830_1.jpg,Colombia,Bogota
IMG_833.jpg,Colombia,Bogota
IMG_834_1.jpg,Colombia,Bogota
IMG_842.jpg,Colombia,Bogota
IMG_843.jpg,Colombia,Bogota
IMG_844.jpg,Colombia,Bogota
IMG_846.jpg,Colombia,Bogota
IMG_847.jpg,Colombia,Bogota
IMG_847_1.jpg,Colombia,Bogota
IMG_850.jpg,Colombia,Bogota
IMG_853.jpg,Colombia,Bogota
IMG_868.jpg,Colombia,Bogota
IMG_882.jpg,Colombia,Bogota
IMG_882_1.jpg,Colombia,Bogota
IMG_886.jpg,Colombia,Bogota
IMG_888.jpg,Colombia,Bogota
IMG_9.jpg,Colombia,Bogota
IMG_935.jpg,Colombia,Bogota
IMG_935_1.jpg,Colombia,Bogota
IMG_938.jpg,Colombia,Bogota
IMG_938_1.jpg,Colombia,Bogota
IMG_939.jpg,Colombia,Bogota
IMG_946.jpg,Colombia,Bogota
IMG_962_1.jpg,Colombia,Bogota
IMG_9696.jpg,Mexico,La Paz
IMG_9699.jpg,Mexico,La Paz
IMG_9703.jpg,Mexico,La Paz
IMG_9704.jpg,Mexico,La Paz
IMG_9705.jpg,Mexico,La Paz
IMG_9710.jpg,Mexico,La Paz
IMG_9711.jpg,Mexico,La Paz
IMG_9712.jpg,Mexico,La Paz
IMG_9713.jpg,Mexico,La Paz
IMG_9715.jpg,Mexico,La Paz
IMG_9717.jpg,Mexico,La Paz
IMG_9718.jpg,Mexico,La Paz
IMG_9719.jpg,Mexico,La Paz
IMG_9723.jpg,Mexico,La Paz
IMG_9725.jpg,Mexico,La Paz
IMG_9726.jpg,Mexico,La Paz
IMG_9727.jpg,Mexico,La Paz
IMG_9728.jpg,Mexico,La Paz
IMG_9730.jpg,Mexico,La Paz
IMG_9731.jpg,Mexico,La Paz
IMG_9732.jpg,Mexico,La Paz
IMG_9733.jpg,Mexico,La Paz
IMG_9735.jpg,Mexico,La Paz
IMG_9738.jpg,Mexico,La Paz
IMG_9739.jpg,Mexico,La Paz
IMG_9742.jpg,Mexico,La Paz
IMG_9744.jpg,Mexico,La Paz
IMG_9746.jpg,Mexico,La Paz
IMG_9747.jpg,Mexico,La Paz
IMG_9750.jpg,Mexico,La Paz
IMG_9753.jpg,Mexico,La Paz
IMG_9754.jpg,Mexico,La Paz
IMG_9755.jpg,Mexico,La Paz
IMG_9756.jpg,Mexico,La Paz
IMG_9757.jpg,Mexico,La Paz
IMG_9758.jpg,Mexico,La Paz
IMG_9760.jpg,Mexico,La Paz
IMG_9761.jpg,Mexico,La Paz
IMG_9762.jpg,Mexico,La Paz
IMG_9766.jpg,Mexico,La Paz
IMG_9767.jpg,Mexico,La Paz
IMG_9770.jpg,Mexico,La Paz
IMG_9771.jpg,Mexico,La Paz
IMG_9775.jpg,Mexico,La Paz
IMG_9778.jpg,Mexico,La Paz
IMG_9783.jpg,Mexico,La Paz
IMG_9785.jpg,Mexico,La Paz
IMG_9786.jpg,Mexico,La Paz
IMG_9790.jpg,Mexico,La Paz
IMG_9792.jpg,Mexico,La Paz
IMG_9794.jpg,Mexico,La Paz
IMG_9796.jpg,Mexico,La Paz
IMG_98.jpg,Colombia,Bogota
IMG_9805.jpg,Mexico,La Paz
IMG_9806.jpg,Mexico,La Paz
IMG_9810.jpg,Mexico,La Paz
IMG_9811.jpg,Mexico,La Paz
IMG_9813.jpg,Mexico,La Paz
IMG_9814.jpg,Mexico,La Paz
IMG_982.jpg,Colombia,Bogota
IMG_984.jpg,Colombia,Bogota
IMG_9848.jpg,Mexico,La Paz
IMG_9849.jpg,Mexico,La Paz
IMG_9852.jpg,Mexico,La Paz
IMG_9853.jpg,Mexico,La Paz
IMG_9854.jpg,Mexico,La Paz
IMG_9855.jpg,Mexico,La Paz
IMG_9856.jpg,Mexico,La Paz
IMG_9860.jpg,Mexico,La Paz
IMG_9864.jpg,Mexico,La Paz
IMG_9865.jpg,Mexico,La Paz
IMG_9867.jpg,Mexico,La Paz
IMG_9868.jpg,Mexico,La Paz
IMG_9869.jpg,Mexico,La Paz
IMG_987.jpg,Colombia,Bogota
IMG_9870.jpg,Mexico,La Paz
IMG_9876.jpg,Mexico,La Paz
IMG_9877.jpg,Mexico,La Paz
IMG_9879.jpg,Mexico,La Paz
IMG_987_1.jpg,Colombia,Bogota
IMG_9883.jpg,Mexico,La Paz
IMG_9885.jpg,Mexico,La Paz
IMG_9887.jpg,Mexico,La Paz
IMG_9889.jpg,Mexico,La Paz
IMG_9890.jpg,Mexico,La Paz
IMG_9899.jpg,Mexico,La Paz
IMG_9900.jpg,Mexico,La Paz
IMG_9901.jpg,Mexico,La Paz
IMG_9902.jpg,Mexico,La Paz
IMG_9903.jpg,Mexico,La Paz
IMG_9906.jpg,Mexico,La Paz
IMG_9907.jpg,Mexico,La Paz
IMG_9908.jpg,Mexico,La Paz
IMG_9909.jpg,Mexico,La Paz
IMG_9918.jpg,Mexico,La Paz
IMG_9919.jpg,Mexico,La Paz
IMG_9923.jpg,Mexico,La Paz
IMG_9930.jpg,Mexico,La Paz
IMG_9931.jpg,Mexico,La Paz
IMG_9932.jpg,Mexico,La Paz
IMG_9934.jpg,Mexico,La Paz
IMG_9935.jpg,Mexico,La Paz
IMG_9937.jpg,Mexico,La Paz
IMG_9938.jpg,Mexico,La Paz
IMG_9940.jpg,Mexico,La Paz
IMG_9941.jpg,Mexico,La Paz
IMG_9943.jpg,Mexico,La Paz
IMG_9945.jpg,Mexico,La Paz
IMG_9946.jpg,Mexico,La Paz
IMG_9950.jpg,Mexico,La Paz
IMG_9952.jpg,Mexico,La Paz
IMG_9956.jpg,Mexico,La Paz
IMG_9958.jpg,Mexico,La Paz
IMG_996.jpg,Colombia,Bogota
IMG_9960.jpg,Mexico,La Paz
IMG_9961.jpg,Mexico,La Paz
IMG_9963.jpg,Mexico,La Paz
IMG_9964.jpg,Mexico,La Paz
IMG_9966.jpg,Mexico,La Paz
IMG_9967.jpg,Mexico,La Paz
IMG_9968.jpg,Mexico,La Paz
IMG_9969.jpg,Mexico,La Paz
IMG_996_1.jpg,Colombia,Bogota
IMG_9972.jpg,Mexico,La Paz
IMG_9973.jpg,Mexico,La Paz
IMG_9974.jpg,Mexico,La Paz
IMG_9976.jpg,Mexico,La Paz
IMG_9978.jpg,Mexico,La Paz
IMG_9979.jpg,Mexico,La Paz
IMG_9980.jpg,Mexico,La Paz
IMG_9984.jpg,Mexico,La Paz
IMG_9985.jpg,Mexico,La Paz
IMG_9986.jpg,Mexico,La Paz
IMG_9988.jpg,Mexico,La Paz
IMG_9989.jpg,Mexico,La Paz
IMG_9990.jpg,Mexico,La Paz
IMG_9996.jpg,Mexico,La Paz
IMG_9997.jpg,Mexico,La Paz
Original_TimePhoto_20250503_151548.jpg,Colombia,Cali
Original_TimePhoto_20250503_151615.jpg,Colombia,Cali
Original_TimePhoto_20250503_152655.jpg,Colombia,Cali
Original_TimePhoto_20250504_111942.jpg,Colombia,Cali
Original_TimePhoto_20250504_111943.jpg,Colombia,Cali
Original_TimePhoto_20250504_120731.jpg,Colombia,Cali
Original_TimePhoto_20250530_101924.jpg,Colombia,Cali
Original_TimePhoto_20250530_102202.jpg,Colombia,Cali
tijuana_28.png,Mexico,Tijuana
tijuana_30.png,Mexico,Tijuana
tijuana_31.png,Mexico,Tijuana
tijuana_32.png,Mexico,Tijuana
tijuana_33.jpg,Mexico,Tijuana
tijuana_34.jpg,Mexico,Tijuana
tijuana_35.jpg,Mexico,Tijuana
tijuana_37.jpg,Mexico,Tijuana
tijuana_38.jpg,Mexico,Tijuana
tijuana_41.jpg,Mexico,Tijuana
tijuana_42.jpg,Mexico,Tijuana
tijuana_43.jpg,Mexico,Tijuana
tijuana_45.jpg,Mexico,Tijuana
tijuana_46.jpg,Mexico,Tijuana
tijuana_47.jpg,Mexico,Tijuana
tijuana_49.jpg,Mexico,Tijuana
tijuana_50.jpg,Mexico,Tijuana
tijuana_51.jpg,Mexico,Tijuana
tijuana_53.jpg,Mexico,Tijuana
tijuana_54.jpg,Mexico,Tijuana
tijuana_55.jpg,Mexico,Tijuana
tijuana_58.jpg,Mexico,Tijuana
tijuana_59.png,Mexico,Tijuana
tijuana_60.jpg,Mexico,Tijuana
tijuana_61.jpg,Mexico,Tijuana
tijuana_62.jpg,Mexico,Tijuana
tijuana_64.png,Mexico,Tijuana
tijuana_65.png,Mexico,Tijuana
tijuana_66.png,Mexico,Tijuana
tijuana_68.jpg,Mexico,Tijuana
tijuana_69.jpg,Mexico,Tijuana
tijuana_70.png,Mexico,Tijuana
tijuana_71.png,Mexico,Tijuana
tijuana_72.jpg,Mexico,Tijuana
tijuana_73.jpg,Mexico,Tijuana
tijuana_74.jpg,Mexico,Tijuana
tijuana_75.png,Mexico,Tijuana
tijuana_76.jpg,Mexico,Tijuana
tijuana_77.jpg,Mexico,Tijuana
tijuana_78.jpg,Mexico,Tijuana
tijuana_79.jpg,Mexico,Tijuana
tijuana_81.jpg,Mexico,Tijuana
tijuana_82.png,Mexico,Tijuana
tijuana_83.png,Mexico,Tijuana
tijuana_84.png,Mexico,Tijuana
tijuana_85.jpg,Mexico,Tijuana
tijuana_87.jpg,Mexico,Tijuana
tijuana_88.jpg,Mexico,Tijuana
tijuana_89.jpg,Mexico,Tijuana
tijuana_90.jpg,Mexico,Tijuana
tijuana_91.jpg,Mexico,Tijuana
tijuana_92.jpg,Mexico,Tijuana
tijuana_94.jpg,Mexico,Tijuana
TimePhoto_20250504_112024.jpg,Colombia,Cali
TimePhoto_20250504_114628.jpg,Colombia,Cali
TimePhoto_20250504_115504.jpg,Colombia,Cali
TimePhoto_20250504_115529.jpg,Colombia,Cali
TimePhoto_20250504_120437.jpg,Colombia,Cali
TimePhoto_20250529_112535.jpg,Colombia,Cali
TimePhoto_20250529_112536.jpg,Colombia,Cali
TimePhoto_20250530_101451.jpg,Colombia,Cali
0379383e-aad8-4444-8970-12c31589e893.jpg,Colombia,Medellin
05faf1ea-fccb-4ef6-a549-85630129999a.jpg,Colombia,Medellin
08491d5a-b50a-4d08-9d4d-6bc3444c06be.jpg,Colombia,Medellin
0a00b6b6-c7d4-42ee-b2d5-36145d1a8239.jpg,Colombia,Medellin
0f36338a-5af5-4479-b90b-5942c524b099.jpg,Colombia,Medellin
0f383458-e0c9-4fdd-9904-f7601a348bca.jpg,Colombia,Medellin
11316100-d46c-4315-904a-6e39c02fc607.jpg,Colombia,Medellin
13997231-85c8-4e9a-91ca-6c842c4b29c1.jpg,Colombia,Medellin
161681f1-224e-4479-863d-b38df2c07f0a.jpg,Colombia,Medellin
161d3ee1-4b6c-4a1c-8372-40648a5d52e8.jpg,Colombia,Medellin
16e254ba-cf61-4811-a0a6-a5b58b42d7d7.jpg,Colombia,Medellin
182693.jpg,Colombia,Barranquilla
182696.jpg,Colombia,Barranquilla
182697.jpg,Colombia,Barranquilla
182700.jpg,Colombia,Barranquilla
182704.jpg,Colombia,Barranquilla
182707.jpg,Colombia,Barranquilla
182711.jpg,Colombia,Barranquilla
182758.jpg,Colombia,Barranquilla
182773.jpg,Colombia,Barranquilla
182780.jpg,Colombia,Barranquilla
182784.jpg,Colombia,Barranquilla
182785.jpg,Colombia,Barranquilla
185767.jpg,Colombia,Barranquilla
185837.jpg,Colombia,Barranquilla
189294.jpg,Colombia,Barranquilla
189403.jpg,Colombia,Barranquilla
189406.jpg,Colombia,Barranquilla
189441.jpg,Colombia,Barranquilla
196221658_187_0.jpg,Portugal,Lisbon
196221658_187_1.jpg,Portugal,Lisbon
196221658_187_2.jpg,Portugal,Lisbon
1c5c4330-7aed-4627-81fc-6b22411ae528.jpg,Colombia,Medellin
204234.jpg,Colombia,Barranquilla
2060a033-9050-4bb5-a3a6-e484858be1cb.jpg,Colombia,Medellin
206341530_216_2.jpg,Portugal,Lisbon
209301.jpg,Colombia,Barranquilla
209304.jpg,Colombia,Barranquilla
213876.jpg,Colombia,Barranquilla
22a217e3-e734-4b84-98a7-e852b32ce180.jpg,Colombia,Medellin
233413.jpg,Colombia,Barranquilla
233419.jpg,Colombia,Barranquilla
233423.jpg,Colombia,Barranquilla
233428.jpg,Colombia,Barranquilla
233788de-454b-44bd-a0b6-d9e69fa2d8f4.jpg,Colombia,Medellin
236300.jpg,Colombia,Barranquilla
23c7a7fb-c379-43a7-928c-3faf483ce283.jpg,Colombia,Medellin
242582.jpg,Colombia,Barranquilla
25687372-3541-4f91-b94b-078dbf3fa2b5.jpg,Colombia,Medellin
25996fa1-ac53-4c73-94c5-d123a663eafd.jpg,Colombia,Medellin
2773ff41-bcf5-40be-b347-fc20df71e345.jpg,Colombia,Medellin
291782418_580_0.jpg,Portugal,Lisbon
291782418_580_1.jpg,Portugal,Lisbon
291782424_582_0.jpg,Portugal,Lisbon
291782424_582_1.jpg,Portugal,Lisbon
291782424_582_2.jpg,Portugal,Lisbon
296919.jpg,Colombia,Barranquilla
296920.jpg,Colombia,Barranquilla
299356.jpg,Colombia,Barranquilla
299386.jpg,Colombia,Barranquilla
299695.jpg,Colombia,Barranquilla
299701.jpg,Colombia,Barranquilla
299708.jpg,Colombia,Barranquilla
299716.jpg,Colombia,Barranquilla
299718.jpg,Colombia,Barranquilla
299719.jpg,Colombia,Barranquilla
299722.jpg,Colombia,Barranquilla
2fbeb27f-5cf7-4183-abd3-ad99f2d77741.jpg,Colombia,Medellin
326871.jpg,Colombia,Barranquilla
326872.jpg,Colombia,Barranquilla
326873.jpg,Colombia,Barranquilla
326874.jpg,Colombia,Barranquilla
326875.jpg,Colombia,Barranquilla
326876.jpg,Colombia,Barranquilla
326961.jpg,Colombia,Barranquilla
326962.jpg,Colombia,Barranquilla
326963.jpg,Colombia,Barranquilla
326965.jpg,Colombia,Barranquilla
326967.jpg,Colombia,Barranquilla
326968.jpg,Colombia,Barranquilla
326969.jpg,Colombia,Barranquilla
326970.jpg,Colombia,Barranquilla
326972.jpg,Colombia,Barranquilla
326973.jpg,Colombia,Barranquilla
326975.jpg,Colombia,Barranquilla
326976.jpg,Colombia,Barranquilla
326977.jpg,Colombia,Barranquilla
326978.jpg,Colombia,Barranquilla
326981.jpg,Colombia,Barranquilla
326983.jpg,Colombia,Barranquilla
326984.jpg,Colombia,Barranquilla
326987.jpg,Colombia,Barranquilla
326989.jpg,Colombia,Barranquilla
326992.jpg,Colombia,Barranquilla
326993.jpg,Colombia,Barranquilla
326994.jpg,Colombia,Barranquilla
326995.jpg,Colombia,Barranquilla
326996.jpg,Colombia,Barranquilla
326997.jpg,Colombia,Barranquilla
326998.jpg,Colombia,Barranquilla
326999.jpg,Colombia,Barranquilla
327000.jpg,Colombia,Barranquilla
327001.jpg,Colombia,Barranquilla
327002.jpg,Colombia,Barranquilla
327003.jpg,Colombia,Barranquilla
327004.jpg,Colombia,Barranquilla
327005.jpg,Colombia,Barranquilla
327006.jpg,Colombia,Barranquilla
327009.jpg,Colombia,Barranquilla
327011.jpg,Colombia,Barranquilla
327012.jpg,Colombia,Barranquilla
327015.jpg,Colombia,Barranquilla
327017.jpg,Colombia,Barranquilla
327018.jpg,Colombia,Barranquilla
327019.jpg,Colombia,Barranquilla
327020.jpg,Colombia,Barranquilla
327021.jpg,Colombia,Barranquilla
327024.jpg,Colombia,Barranquilla
327025.jpg,Colombia,Barranquilla
327026.jpg,Colombia,Barranquilla
327027.jpg,Colombia,Barranquilla
327030.jpg,Colombia,Barranquilla
327032.jpg,Colombia,Barranquilla
327033.jpg,Colombia,Barranquilla
327034.jpg,Colombia,Barranquilla
327035.jpg,Colombia,Barranquilla
327036.jpg,Colombia,Barranquilla
327037.jpg,Colombia,Barranquilla
327040.jpg,Colombia,Barranquilla
327042.jpg,Colombia,Barranquilla
327043.jpg,Colombia,Barranquilla
327045.jpg,Colombia,Barranquilla
327046.jpg,Colombia,Barranquilla
327048.jpg,Colombia,Barranquilla
327049.jpg,Colombia,Barranquilla
327051.jpg,Colombia,Barranquilla
327052.jpg,Colombia,Barranquilla
327053.jpg,Colombia,Barranquilla
327054.jpg,Colombia,Barranquilla
327055.jpg,Colombia,Barranquilla
327056.jpg,Colombia,Barranquilla
327169.jpg,Colombia,Barranquilla
327171.jpg,Colombia,Barranquilla
327172.jpg,Colombia,Barranquilla
327174.jpg,Colombia,Barranquilla
327175.jpg,Colombia,Barranquilla
327176.jpg,Colombia,Barranquilla
327178.jpg,Colombia,Barranquilla
327179.jpg,Colombia,Barranquilla
327181.jpg,Colombia,Barranquilla
327183.jpg,Colombia,Barranquilla
327184.jpg,Colombia,Barranquilla
327187.jpg,Colombia,Barranquilla
327188.jpg,Colombia,Barranquilla
327192.jpg,Colombia,Barranquilla
327193.jpg,Colombia,Barranquilla
327195.jpg,Colombia,Barranquilla
327196.jpg,Colombia,Barranquilla
327197.jpg,Colombia,Barranquilla
327198.jpg,Colombia,Barranquilla
327199.jpg,Colombia,Barranquilla
327200.jpg,Colombia,Barranquilla
327203.jpg,Colombia,Barranquilla
327205.jpg,Colombia,Barranquilla
327206.jpg,Colombia,Barranquilla
327246.jpg,Colombia,Barranquilla
327247.jpg,Colombia,Barranquilla
327250.jpg,Colombia,Barranquilla
327328.jpg,Colombia,Barranquilla
327329.jpg,Colombia,Barranquilla
327330.jpg,Colombia,Barranquilla
327331.jpg,Colombia,Barranquilla
327333.jpg,Colombia,Barranquilla
327334.jpg,Colombia,Barranquilla
327335.jpg,Colombia,Barranquilla
327336.jpg,Colombia,Barranquilla
327337.jpg,Colombia,Barranquilla
327339.jpg,Colombia,Barranquilla
327341.jpg,Colombia,Barranquilla
327343.jpg,Colombia,Barranquilla
327344.jpg,Colombia,Barranquilla
327346.jpg,Colombia,Barranquilla
327347.jpg,Colombia,Barranquilla
327348.jpg,Colombia,Barranquilla
327350.jpg,Colombia,Barranquilla
327351.jpg,Colombia,Barranquilla
327352.jpg,Colombia,Barranquilla
327353.jpg,Colombia,Barranquilla
327355.jpg,Colombia,Barranquilla
327356.jpg,Colombia,Barranquilla
327357.jpg,Colombia,Barranquilla
327358.jpg,Colombia,Barranquilla
327361.jpg,Colombia,Barranquilla
327364.jpg,Colombia,Barranquilla
327366.jpg,Colombia,Barranquilla
327374.jpg,Colombia,Barranquilla
327376.jpg,Colombia,Barranquilla
327378.jpg,Colombia,Barranquilla
327382.jpg,Colombia,Barranquilla
327384.jpg,Colombia,Barranquilla
327388.jpg,Colombia,Barranquilla
327391.jpg,Colombia,Barranquilla
327392.jpg,Colombia,Barranquilla
327394.jpg,Colombia,Barranquilla
327395.jpg,Colombia,Barranquilla
327402.jpg,Colombia,Barranquilla
327405.jpg,Colombia,Barranquilla
327412.jpg,Colombia,Barranquilla
327414.jpg,Colombia,Barranquilla
327415.jpg,Colombia,Barranquilla
327416.jpg,Colombia,Barranquilla
327417.jpg,Colombia,Barranquilla
327419.jpg,Colombia,Barranquilla
327437.jpg,Colombia,Barranquilla
327439.jpg,Colombia,Barranquilla
327440.jpg,Colombia,Barranquilla
327442.jpg,Colombia,Barranquilla
327444.jpg,Colombia,Barranquilla
327446.jpg,Colombia,Barranquilla
327447.jpg,Colombia,Barranquilla
327448.jpg,Colombia,Barranquilla
327449.jpg,Colombia,Barranquilla
327450.jpg,Colombia,Barranquilla
327451.jpg,Colombia,Barranquilla
327452.jpg,Colombia,Barranquilla
327596.jpg,Colombia,Barranquilla
327598.jpg,Colombia,Barranquilla
327599.jpg,Colombia,Barranquilla
327600.jpg,Colombia,Barranquilla
327602.jpg,Colombia,Barranquilla
327603.jpg,Colombia,Barranquilla
327604.jpg,Colombia,Barranquilla
327605.jpg,Colombia,Barranquilla
327606.jpg,Colombia,Barranquilla
327607.jpg,Colombia,Barranquilla
327611.jpg,Colombia,Barranquilla
327612.jpg,Colombia,Barranquilla
327613.jpg,Colombia,Barranquilla
327617.jpg,Colombia,Barranquilla
327618.jpg,Colombia,Barranquilla
327619.jpg,Colombia,Barranquilla
327620.jpg,Colombia,Barranquilla
327623.jpg,Colombia,Barranquilla
327624.jpg,Colombia,Barranquilla
327625.jpg,Colombia,Barranquilla
327626.jpg,Colombia,Barranquilla
327628.jpg,Colombia,Barranquilla
327629.jpg,Colombia,Barranquilla
327630.jpg,Colombia,Barranquilla
327631.jpg,Colombia,Barranquilla
327632.jpg,Colombia,Barranquilla
327633.jpg,Colombia,Barranquilla
327634.jpg,Colombia,Barranquilla
327636.jpg,Colombia,Barranquilla
327637.jpg,Colombia,Barranquilla
327639.jpg,Colombia,Barranquilla
327640.jpg,Colombia,Barranquilla
327641.jpg,Colombia,Barranquilla
327642.jpg,Colombia,Barranquilla
327644.jpg,Colombia,Barranquilla
327647.jpg,Colombia,Barranquilla
327649.jpg,Colombia,Barranquilla
327650.jpg,Colombia,Barranquilla
327651.jpg,Colombia,Barranquilla
327652.jpg,Colombia,Barranquilla
327653.jpg,Colombia,Barranquilla
327656.jpg,Colombia,Barranquilla
327658.jpg,Colombia,Barranquilla
327659.jpg,Colombia,Barranquilla
327661.jpg,Colombia,Barranquilla
327662.jpg,Colombia,Barranquilla
327663.jpg,Colombia,Barranquilla
327664.jpg,Colombia,Barranquilla
327666.jpg,Colombia,Barranquilla
327667.jpg,Colombia,Barranquilla
327669.jpg,Colombia,Barranquilla
327670.jpg,Colombia,Barranquilla
327672.jpg,Colombia,Barranquilla
327673.jpg,Colombia,Barranquilla
327674.jpg,Colombia,Barranquilla
327676.jpg,Colombia,Barranquilla
327677.jpg,Colombia,Barranquilla
327678.jpg,Colombia,Barranquilla
327679.jpg,Colombia,Barranquilla
327682.jpg,Colombia,Barranquilla
327683.jpg,Colombia,Barranquilla
327684.jpg,Colombia,Barranquilla
327685.jpg,Colombia,Barranquilla
327687.jpg,Colombia,Barranquilla
327688.jpg,Colombia,Barranquilla
327689.jpg,Colombia,Barranquilla
327693.jpg,Colombia,Barranquilla
327695.jpg,Colombia,Barranquilla
327696.jpg,Colombia,Barranquilla
327697.jpg,Colombia,Barranquilla
327698.jpg,Colombia,Barranquilla
327699.jpg,Colombia,Barranquilla
327701.jpg,Colombia,Barranquilla
327702.jpg,Colombia,Barranquilla
327703.jpg,Colombia,Barranquilla
327704.jpg,Colombia,Barranquilla
327706.jpg,Colombia,Barranquilla
327707.jpg,Colombia,Barranquilla
327708.jpg,Colombia,Barranquilla
327709.jpg,Colombia,Barranquilla
327713.jpg,Colombia,Barranquilla
327717.jpg,Colombia,Barranquilla
327718.jpg,Colombia,Barranquilla
327719.jpg,Colombia,Barranquilla
327720.jpg,Colombia,Barranquilla
327722.jpg,Colombia,Barranquilla
327724.jpg,Colombia,Barranquilla
327728.jpg,Colombia,Barranquilla
327730.jpg,Colombia,Barranquilla
327732.jpg,Colombia,Barranquilla
327733.jpg,Colombia,Barranquilla
327734.jpg,Colombia,Barranquilla
327736.jpg,Colombia,Barranquilla
327737.jpg,Colombia,Barranquilla
327738.jpg,Colombia,Barranquilla
327739.jpg,Colombia,Barranquilla
327740.jpg,Colombia,Barranquilla
327741.jpg,Colombia,Barranquilla
327744.jpg,Colombia,Barranquilla
327745.jpg,Colombia,Barranquilla
327746.jpg,Colombia,Barranquilla
327749.jpg,Colombia,Barranquilla
327751.jpg,Colombia,Barranquilla
327752.jpg,Colombia,Barranquilla
327754.jpg,Colombia,Barranquilla
327755.jpg,Colombia,Barranquilla
327756.jpg,Colombia,Barranquilla
327759.jpg,Colombia,Barranquilla
327761.jpg,Colombia,Barranquilla
327762.jpg,Colombia,Barranquilla
327763.jpg,Colombia,Barranquilla
327764.jpg,Colombia,Barranquilla
327765.jpg,Colombia,Barranquilla
327767.jpg,Colombia,Barranquilla
327769.jpg,Colombia,Barranquilla
327771.jpg,Colombia,Barranquilla
327772.jpg,Colombia,Barranquilla
327773.jpg,Colombia,Barranquilla
327774.jpg,Colombia,Barranquilla
327776.jpg,Colombia,Barranquilla
327777.jpg,Colombia,Barranquilla
327778.jpg,Colombia,Barranquilla
327779.jpg,Colombia,Barranquilla
327784.jpg,Colombia,Barranquilla
327787.jpg,Colombia,Barranquilla
327788.jpg,Colombia,Barranquilla
327790.jpg,Colombia,Barranquilla
327791.jpg,Colombia,Barranquilla
327792.jpg,Colombia,Barranquilla
327793.jpg,Colombia,Barranquilla
327795.jpg,Colombia,Barranquilla
327796.jpg,Colombia,Barranquilla
327797.jpg,Colombia,Barranquilla
327798.jpg,Colombia,Barranquilla
327802.jpg,Colombia,Barranquilla
327805.jpg,Colombia,Barranquilla
327806.jpg,Colombia,Barranquilla
327807.jpg,Colombia,Barranquilla
327809.jpg,Colombia,Barranquilla
327810.jpg,Colombia,Barranquilla
327811.jpg,Colombia,Barranquilla
327812.jpg,Colombia,Barranquilla
327813.jpg,Colombia,Barranquilla
327816.jpg,Colombia,Barranquilla
327818.jpg,Colombia,Barranquilla
327819.jpg,Colombia,Barranquilla
327820.jpg,Colombia,Barranquilla
327821.jpg,Colombia,Barranquilla
327822.jpg,Colombia,Barranquilla
327823.jpg,Colombia,Barranquilla
327824.jpg,Colombia,Barranquilla
327825.jpg,Colombia,Barranquilla
327826.jpg,Colombia,Barranquilla
327827.jpg,Colombia,Barranquilla
327828.jpg,Colombia,Barranquilla
327829.jpg,Colombia,Barranquilla
327830.jpg,Colombia,Barranquilla
327831.jpg,Colombia,Barranquilla
327832.jpg,Colombia,Barranquilla
327833.jpg,Colombia,Barranquilla
327834.jpg,Colombia,Barranquilla
327835.jpg,Colombia,Barranquilla
327836.jpg,Colombia,Barranquilla
327837.jpg,Colombia,Barranquilla
327838.jpg,Colombia,Barranquilla
327843.jpg,Colombia,Barranquilla
327847.jpg,Colombia,Barranquilla
327852.jpg,Colombia,Barranquilla
327854.jpg,Colombia,Barranquilla
327856.jpg,Colombia,Barranquilla
327857.jpg,Colombia,Barranquilla
327861.jpg,Colombia,Barranquilla
34735070-1edf-4a34-bef8-62e8f4e2d8d9.jpg,Colombia,Medellin
34fbaef9-9e25-4238-ae95-63252ea30a02.jpg,Colombia,Medellin
3549b477-b146-4a0f-ac19-e664d868e771.jpg,Colombia,Medellin
359e617f-d1b1-4717-8d56-98909b8d0121.jpg,Colombia,Medellin
3ae6362d-0041-43c1-b28b-6c22484f0edb.jpg,Colombia,Medellin
410598195_1004_1.jpg,Portugal,Lisbon
410598195_1004_2.jpg,Portugal,Lisbon
411a11e4-3a91-4c3b-a694-3b8d09b78569.jpg,Colombia,Medellin
471783b8-6241-41ae-b5cb-b8e9f5ba7bd7.jpg,Colombia,Medellin
4a193203-c16e-444a-bfff-ade7ef1b0735.jpg,Colombia,Medellin
4dc5b011-8eb1-418c-9660-6dd7e95b515b.jpg,Colombia,Medellin
4fba6867-8082-477b-a027-0d556c50c558.jpg,Colombia,Medellin
54753979_41_0.jpg,Portugal,Lisbon
54753979_41_1.jpg,Portugal,Lisbon
54753979_41_2.jpg,Portugal,Lisbon
554315469_1429_1.jpg,Portugal,Lisbon
5adb4c1b-0ade-496f-8136-c72eca8b207c.jpg,Colombia,Medellin
5f307bd6-4ed2-478e-83b6-f0b3518e75c8.jpg,Colombia,Medellin
626018ba-a545-466d-82b2-96ad737884c1.jpg,Colombia,Medellin
62aafa70-1ad8-4ea0-8d91-315719502458.jpg,Colombia,Medellin
65cfba27-5d52-4f57-8e5d-47c528b3962d.jpg,Colombia,Medellin
662742e8-8ac0-494c-a346-48b374c821e6.jpg,Colombia,Medellin
76ee78ab-1c25-4dcb-9600-08e19aeebe46.jpg,Colombia,Medellin
772148355_1900_0.jpg,Portugal,Lisbon
772148355_1900_1.jpg,Portugal,Lisbon
772148355_1900_2.jpg,Portugal,Lisbon
7837aa55-e1df-4a3a-9445-0c1b9d28e087.jpg,Colombia,Medellin
7cbf883b-ef97-4d27-b660-89afa1af9260.jpg,Colombia,Medellin
7d86cf12-bcc1-4775-9e6c-57a3f2ce15d1.jpg,Colombia,Medellin
8034ceef-fc0c-477c-8337-5a98e4b89a1e.jpg,Colombia,Medellin
822fd0a3-e734-4bb1-a0fd-cbfec958816b.jpg,Colombia,Medellin
8709977_19_1.jpg,Portugal,Lisbon
96b06e2b-a49b-451e-8bab-7b16181b3c88.jpg,Colombia,Medellin
9e2b1c59-da13-436a-bbe1-5d64d2f7d9dd.jpg,Colombia,Medellin
a5e89db2-01fc-49ee-8631-9e1200ddd148.jpg,Colombia,Medellin
a6e9c51a-085e-4743-9b4e-39e96f6015b5.jpg,Colombia,Medellin
a7390f43-503c-4435-a882-1f49557bf1e4.jpg,Colombia,Medellin
a97e7604-21b8-4b98-8c1e-5714e1d8ef82.jpg,Colombia,Medellin
ab21bde4-76eb-4589-a261-555870e16190.jpg,Colombia,Medellin
ae53c6e7-8021-4726-af3b-719aabda1043.jpg,Colombia,Medellin
b148864a-fd01-46d1-8259-eb3f9a4c3171.jpg,Colombia,Medellin
b1e6eb63-9abc-44c8-b8ab-86ece25f0611.jpg,Colombia,Medellin
b3a3c73e-233a-4e79-967c-53b50f45cffc.jpg,Colombia,Medellin
b74f026a-0905-477d-b562-f3aee3c19f15.jpg,Colombia,Medellin
c52a2d2b-1ef0-4a92-ba9f-1d361dee132f.jpg,Colombia,Medellin
c8de4fb5-5507-47e4-a507-128a0634fe4e.jpg,Colombia,Medellin
ca110499-07e6-4c0c-a390-7f72e99e8177.jpg,Colombia,Medellin
cd0f75aa-aae1-4293-aaf5-9403902e0991.jpg,Colombia,Medellin
d07b99ea-310a-4013-96cc-b891e3443c00.jpg,Colombia,Medellin
d22c570f-8035-4974-94de-28145aead388.jpg,Colombia,Medellin
da2d3646-fb53-4599-89d4-d44774cd24c0.jpg,Colombia,Medellin
ddae23eb-feb1-4d0b-b139-d698763d3b7a.jpg,Colombia,Medellin
e3c0b7e8-aa34-423c-9e19-cae912ed1cf8.jpg,Colombia,Medellin
e6caa7d2-1570-4f44-a153-273dc388e359.jpg,Colombia,Medellin
eb457097-9428-4cbe-b5cc-70b853efae2f.jpg,Colombia,Medellin
f3e9b3e8-f2ca-4abc-8d57-f5c0daf7b9df.jpg,Colombia,Medellin
fa7ef121-9472-494d-b8c2-455d22932970.jpg,Colombia,Medellin
fd16992b-dba9-4b94-a19a-47281382944e.jpg,Colombia,Medellin
fd6faef9-c4fd-4c04-8560-11acbfdc57ee.jpg,Colombia,Medellin
fdb4ab59-b42b-49d8-af40-959440a08e30.jpg,Colombia,Medellin
