ID,country,city
08758100000000000705120000001U.jpg,Colombia,Soledad
105036.jpg,Colombia,Cartagena
1054.JPG,,
105877.jpg,Colombia,Cartagena
106112.jpg,Colombia,Cartagena
106260.jpg,Colombia,Cartagena
106694.jpg,Colombia,Cartagena
1067.jpg,,
107137.jpg,Colombia,Cartagena
1076.jpg,,
1077-1.jpg,,
1077-2.jpg,,
1096-2.jpg,,
11_02.jpg,,
11_03.jpg,,
142597.jpg,Colombia,Cartagena
151359.jpg,Colombia,Cartagena
152030.jpg,Colombia,Cartagena
152115.jpg,Colombia,Cartagena
152126.jpg,Colombia,Cartagena
154320.jpg,Colombia,Cartagena
1102.jpg,,
154490.jpg,Colombia,Cartagena
155251.jpg,Colombia,Cartagena
155723.jpg,Colombia,Cartagena
155903.jpg,Colombia,Cartagena
155950.jpg,Colombia,Cartagena
155996.jpg,Colombia,Cartagena
156130.jpg,Colombia,Cartagena
156134.jpg,Colombia,Cartagena
156149.jpg,Colombia,Cartagena
156166.jpg,Colombia,Cartagena
156255.jpg,Colombia,Cartagena
156291.jpg,Colombia,Cartagena
156544.jpg,Colombia,Cartagena
156563.jpg,Colombia,Cartagena
157910.jpg,Colombia,Cartagena
158195.jpg,Colombia,Cartagena
1153.JPG,,
164467.jpg,Colombia,Santa Marta
164730.jpg,Colombia,Santa Marta
168295.jpg,Colombia,Cartagena
1157-1.jpg,,
12_01.jpg,,
12_02.jpg,,
170078.jpg,Colombia,Cartagena
171802.jpg,Colombia,Cartagena
172831.jpg,Colombia,Barranquilla
1215.JPG,,
174005.jpg,Colombia,Cartagena
174030.jpg,Colombia,Cartagena
174054.jpg,Colombia,Cartagena
174059.jpg,Colombia,Cartagena
174062.jpg,Colombia,Cartagena
174630.jpg,Colombia,Cartagena
1252.JPG,,
1256.jpg,,
1268.jpg,,
127.jpg,,
182221.jpg,Colombia,Barranquilla
1279.jpg,,
13_01.jpg,,
197606.jpg,Colombia,Santa Marta
198049.jpg,Colombia,Barranquilla
198059.jpg,Colombia,Barranquilla
198812.jpg,Colombia,Santa Marta
1346.jpg,,
20250605_103711.jpg,Mexico,La Paz
20250605_104205.jpg,Mexico,La Paz
20250605_104350.jpg,Mexico,La Paz
20250605_104814.jpg,Mexico,La Paz
20250605_104911.jpg,Mexico,La Paz
20250605_105104.jpg,Mexico,La Paz
20250605_105407.jpg,Mexico,La Paz
20250605_105522.jpg,Mexico,La Paz
20250605_105605.jpg,Mexico,La Paz
20250605_105814.jpg,Mexico,La Paz
20250605_110231.jpg,Mexico,La Paz
20250605_110548.jpg,Mexico,La Paz
20250605_110804.jpg,Mexico,La Paz
20250605_110821.jpg,Mexico,La Paz
20250605_111129.jpg,Mexico,La Paz
20250605_111235.jpg,Mexico,La Paz
20250605_111335.jpg,Mexico,La Paz
20250605_111356.jpg,Mexico,La Paz
20250605_111456.jpg,Mexico,La Paz
20250605_111518.jpg,Mexico,La Paz
20250605_111533.jpg,Mexico,La Paz
20250605_111550.jpg,Mexico,La Paz
20250605_112100.jpg,Mexico,La Paz
20250605_112348.jpg,Mexico,La Paz
20250605_112648.jpg,Mexico,La Paz
20250605_112800.jpg,Mexico,La Paz
20250605_112826.jpg,Mexico,La Paz
20250605_112836.jpg,Mexico,La Paz
20250605_112859.jpg,Mexico,La Paz
20250605_113132.jpg,Mexico,La Paz
20250605_113427.jpg,Mexico,La Paz
20250605_113451.jpg,Mexico,La Paz
20250605_113512.jpg,Mexico,La Paz
20250605_113539.jpg,Mexico,La Paz
20250605_113551.jpg,Mexico,La Paz
20250605_113605.jpg,Mexico,La Paz
20250605_113833.jpg,Mexico,La Paz
20250605_114140.jpg,Mexico,La Paz
20250605_114819.jpg,Mexico,La Paz
20250605_114905.jpg,Mexico,La Paz
20250605_115241.jpg,Mexico,La Paz
20250605_115359.jpg,Mexico,La Paz
20250605_115615.jpg,Mexico,La Paz
20250605_115727.jpg,Mexico,La Paz
20250605_115857.jpg,Mexico,La Paz
20250605_120005.jpg,Mexico,La Paz
20250605_120053.jpg,Mexico,La Paz
20250605_120056.jpg,Mexico,La Paz
20250605_120232.jpg,Mexico,La Paz
20250605_120853.jpg,Mexico,La Paz
20250605_121009.jpg,Mexico,La Paz
20250605_121206.jpg,Mexico,La Paz
20250605_122022.jpg,Mexico,La Paz
20250605_122044.jpg,Mexico,La Paz
20250614_093444.jpg,Mexico,La Paz
20250614_093554.jpg,Mexico,La Paz
20250614_093617.jpg,Mexico,La Paz
20250614_093634.jpg,Mexico,La Paz
20250614_093821.jpg,Mexico,La Paz
20250614_101400.jpg,Mexico,La Paz
20250614_101841.jpg,Mexico,La Paz
20250614_102758.jpg,Mexico,La Paz
20250614_102815.jpg,Mexico,La Paz
20250614_102902.jpg,Mexico,La Paz
20250614_103035.jpg,Mexico,La Paz
20250614_103413.jpg,Mexico,La Paz
20250614_103444.jpg,Mexico,La Paz
20250614_103910.jpg,Mexico,La Paz
20250614_104037.jpg,Mexico,La Paz
20250614_104120.jpg,Mexico,La Paz
20250614_104248.jpg,Mexico,La Paz
20250614_104307.jpg,Mexico,La Paz
20250614_104706.jpg,Mexico,La Paz
20250614_104924.jpg,Mexico,La Paz
20250614_105101.jpg,Mexico,La Paz
20250614_105929.jpg,Mexico,La Paz
20250614_110026.jpg,Mexico,La Paz
20250614_110340.jpg,Mexico,La Paz
20250614_111359.jpg,Mexico,La Paz
20250614_111430.jpg,Mexico,La Paz
20250614_112045.jpg,Mexico,La Paz
20250614_113453.jpg,Mexico,La Paz
20250614_120313.jpg,Mexico,La Paz
20250614_120505.jpg,Mexico,La Paz
20250614_120637.jpg,Mexico,La Paz
20250614_120846.jpg,Mexico,La Paz
20250614_120916.jpg,Mexico,La Paz
20250614_120955.jpg,Mexico,La Paz
20250614_121004.jpg,Mexico,La Paz
20250614_121313.jpg,Mexico,La Paz
20250614_121910.jpg,Mexico,La Paz
20250614_122131.jpg,Mexico,La Paz
20250614_122243.jpg,Mexico,La Paz
20250614_122346.jpg,Mexico,La Paz
20250614_123102.jpg,Mexico,La Paz
20250614_123308.jpg,Mexico,La Paz
20250614_123936.jpg,Mexico,La Paz
20250614_123945.jpg,Mexico,La Paz
20250614_124106.jpg,Mexico,La Paz
20250614_124433.jpg,Mexico,La Paz
20250614_130002.jpg,Mexico,La Paz
20250614_130203.jpg,Mexico,La Paz
20250614_130307.jpg,Mexico,La Paz
20250614_130351.jpg,Mexico,La Paz
20250614_130737.jpg,Mexico,La Paz
20250614_162747.jpg,Mexico,La Paz
20250614_162829.jpg,Mexico,La Paz
20250614_162945.jpg,Mexico,La Paz
20250614_163042.jpg,Mexico,La Paz
20250614_163100.jpg,Mexico,La Paz
20250614_163120.jpg,Mexico,La Paz
20250614_163342.jpg,Mexico,La Paz
20250614_163346.jpg,Mexico,La Paz
20250614_163434.jpg,Mexico,La Paz
20250614_163849.jpg,Mexico,La Paz
20250614_163951.jpg,Mexico,La Paz
20250614_165740.jpg,Mexico,La Paz
20250614_170647.jpg,Mexico,La Paz
20250614_170649.jpg,Mexico,La Paz
20250614_170826.jpg,Mexico,La Paz
20250614_170908.jpg,Mexico,La Paz
20250614_170945.jpg,Mexico,La Paz
20250614_171023.jpg,Mexico,La Paz
20250614_171418.jpg,Mexico,La Paz
20250614_171434.jpg,Mexico,La Paz
20250614_171913.jpg,Mexico,La Paz
20250614_172357.jpg,Mexico,La Paz
20250614_172800.jpg,Mexico,La Paz
20250614_173821.jpg,Mexico,La Paz
20250614_174214.jpg,Mexico,La Paz
20250614_174458.jpg,Mexico,La Paz
20250614_174955.jpg,Mexico,La Paz
20250614_175242.jpg,Mexico,La Paz
20250614_175533.jpg,Mexico,La Paz
20250614_175820.jpg,Mexico,La Paz
20250614_175846.jpg,Mexico,La Paz
20250614_180531.jpg,Mexico,La Paz
20250614_180746.jpg,Mexico,La Paz
20250614_181030.jpg,Mexico,La Paz
20250614_181547.jpg,Mexico,La Paz
20250614_181748.jpg,Mexico,La Paz
20250614_182340.jpg,Mexico,La Paz
20250614_182941.jpg,Mexico,La Paz
20250614_182950.jpg,Mexico,La Paz
20250614_183112.jpg,Mexico,La Paz
20250614_183330.jpg,Mexico,La Paz
20250614_183407.jpg,Mexico,La Paz
20250614_183507.jpg,Mexico,La Paz
20250614_183751.jpg,Mexico,La Paz
20250614_184020.jpg,Mexico,La Paz
20250614_184040.jpg,Mexico,La Paz
20250614_184518.jpg,Mexico,La Paz
20250614_184744.jpg,Mexico,La Paz
20250626_080543.jpg,Mexico,La Paz
20250626_081338.jpg,Mexico,La Paz
20250626_081340.jpg,Mexico,La Paz
20250626_082847.jpg,Mexico,La Paz
20250626_092214.jpg,Mexico,La Paz
1355.jpg,,
1386.jpg,,
14_01.jpg,,
214192.jpg,Colombia,Barranquilla
214372.jpg,Colombia,Barranquilla
220065.jpg,Colombia,Santa Marta
220258.jpg,Colombia,Santa Marta
14_02.jpg,,
1457.JPG,,
1499-1.jpg,,
15_01.jpg,,
228221.jpg,Colombia,Santa Marta
228765.jpg,Colombia,Santa Marta
228862.jpg,Colombia,Santa Marta
15_02.jpg,,
153.jpg,,
232824.jpg,Colombia,Barranquilla
1544.jpg,,
238107.jpg,Colombia,Barranquilla
238111.jpg,Colombia,Barranquilla
238113.jpg,Colombia,Barranquilla
238140.jpg,Colombia,Barranquilla
238192.jpg,Colombia,Barranquilla
238209.jpg,Colombia,Barranquilla
238215.jpg,Colombia,Barranquilla
238216.jpg,Colombia,Barranquilla
238251.jpg,Colombia,Barranquilla
238268.jpg,Colombia,Barranquilla
238350.jpg,Colombia,Barranquilla
238480198_419_0.jpg,Portugal,Lisbon
238480198_419_1.jpg,Portugal,Lisbon
238480198_419_2.jpg,Portugal,Lisbon
239371.jpg,Colombia,Barranquilla
240127.jpg,Colombia,Barranquilla
16_01.jpg,,
1603.JPG,,
242547469_476_1.jpg,Portugal,Lisbon
243382.jpg,Colombia,Barranquilla
243963206_537_0.jpg,Portugal,Lisbon
243963206_537_2.jpg,Portugal,Lisbon
1609.jpg,,
245175.jpg,Colombia,Barranquilla
245232.jpg,Colombia,Barranquilla
246052.jpg,Colombia,Barranquilla
246111.jpg,Colombia,Barranquilla
246169.jpg,Colombia,Barranquilla
246308158_556_0.jpg,Portugal,Lisbon
246308158_556_1.jpg,Portugal,Lisbon
246308624_560_2.jpg,Portugal,Lisbon
246377.jpg,Colombia,Barranquilla
246394.jpg,Colombia,Barranquilla
246519.jpg,Colombia,Barranquilla
246699.jpg,Colombia,Barranquilla
1609-2.jpg,,
1642.jpg,,
1684.JPG,,
1687.JPG,,
169.jpg,,
255468.jpg,Colombia,Barranquilla
255478.jpg,Colombia,Barranquilla
255484.jpg,Colombia,Barranquilla
256736.jpg,Colombia,Barranquilla
257326.jpg,Colombia,Barranquilla
257728.jpg,Colombia,Barranquilla
257763.jpg,Colombia,Barranquilla
257765.jpg,Colombia,Barranquilla
257768.jpg,Colombia,Barranquilla
257770.jpg,Colombia,Barranquilla
257897.jpg,Colombia,Barranquilla
258082.jpg,Colombia,Barranquilla
259061.jpg,Colombia,Barranquilla
259272.jpg,Colombia,Barranquilla
259490.jpg,Colombia,Barranquilla
259850.jpg,Colombia,Barranquilla
259962.jpg,Colombia,Barranquilla
259980.jpg,Colombia,Barranquilla
259996.jpg,Colombia,Barranquilla
260270.jpg,Colombia,Barranquilla
260460.jpg,Colombia,Barranquilla
261082.jpg,Colombia,Barranquilla
261101.jpg,Colombia,Barranquilla
261103.jpg,Colombia,Barranquilla
261104.jpg,Colombia,Barranquilla
261136.jpg,Colombia,Barranquilla
261138.jpg,Colombia,Barranquilla
261139.jpg,Colombia,Barranquilla
261143.jpg,Colombia,Barranquilla
17_01.jpg,,
1710.JPG,,
1729.jpg,,
269613.jpg,Colombia,Santa Marta
269624.jpg,Colombia,Santa Marta
1775.jpg,,
1798.jpg,,
18_01.jpg,,
1807.jpg,,
1814.jpg,,
1819.jpg,,
1886.jpg,,
1911.jpg,,
193.jpg,,
2_01.jpg,,
2_02.jpg,,
2015.jpg,,
2018.jpg,,
2044.jpg,,
304358816_689_0.jpg,Portugal,Lisbon
304358816_689_2.jpg,Portugal,Lisbon
304704396_734_0.jpg,Portugal,Lisbon
304704397_735_0.jpg,Portugal,Lisbon
304706127_753_0.jpg,Portugal,Lisbon
2069-1.jpg,,
21_01.jpg,,
210.JPG,,
2106.jpg,,
2106-2.jpg,,
2182.JPG,,
22_01.jpg,,
22_02.jpg,,
2219.jpg,,
2230.jpg,,
2234.jpg,,
2238-1.jpg,,
2255.jpg,,
340790367_845_0.jpg,Portugal,Lisbon
2268.JPG,,
2290-1.jpg,,
23_01.jpg,,
2308.JPG,,
2339.jpg,,
24_02.jpg,,
2406.jpg,,
2406-2.jpg,,
2431-2.jpg,,
2444.jpg,,
2483.JPG,,
405711749_962_1.jpg,Portugal,Lisbon
405711749_962_2.jpg,Portugal,Lisbon
405711751_964_0.jpg,Portugal,Lisbon
405711751_964_1.jpg,Portugal,Lisbon
405711751_964_2.jpg,Portugal,Lisbon
405711753_966_2.jpg,Portugal,Lisbon
405711757_970_2.jpg,Portugal,Lisbon
405711760_973_0.jpg,Portugal,Lisbon
405711760_973_1.jpg,Portugal,Lisbon
405711760_973_2.jpg,Portugal,Lisbon
405711761_974_2.jpg,Portugal,Lisbon
2522.jpg,,
2532.jpg,,
2535.jpg,,
2547.JPG,,
257-1.jpg,,
2573.jpg,,
2626.JPG,,
263.jpg,,
2639.JPG,,
2653.jpg,,
2661.jpg,,
2661-2.jpg,,
2688.JPG,,
432043224_1314_0.jpg,Portugal,Lisbon
2706-1.jpg,,
2738.jpg,,
2775.jpg,,
278-1.jpg,,
2805.JPG,,
2825.jpg,,
2857.jpg,,
2867.jpg,,
54753985_43_0.jpg,Portugal,Lisbon
54753985_43_2.jpg,Portugal,Lisbon
547705651_1402_0.jpg,Portugal,Lisbon
547705651_1402_2.jpg,Portugal,Lisbon
2867-2.jpg,,
579006390_1450_0.jpg,Portugal,Lisbon
579006390_1450_1.jpg,Portugal,Lisbon
579006390_1450_2.jpg,Portugal,Lisbon
579006392_1452_0.jpg,Portugal,Lisbon
579006392_1452_1.jpg,Portugal,Lisbon
595194940_1459_0.jpg,Portugal,Lisbon
595194941_1460_0.jpg,Portugal,Lisbon
2883.jpg,,
2883-2.jpg,,
660341840_1502_0.jpg,Portugal,Lisbon
660341840_1502_1.jpg,Portugal,Lisbon
660341840_1502_2.jpg,Portugal,Lisbon
2901.jpg,,
2934.jpg,,
2938.jpg,,
708518624_1718_0.jpg,Portugal,Lisbon
708518624_1718_2.jpg,Portugal,Lisbon
708518625_1719_0.jpg,Portugal,Lisbon
708518625_1719_1.jpg,Portugal,Lisbon
74442.jpg,Colombia,Santa Marta
74555.jpg,Colombia,Santa Marta
74823.jpg,Colombia,Santa Marta
75109.jpg,Colombia,Santa Marta
2962.jpg,,
79271.jpg,Colombia,Santa Marta
2964.jpg,,
849054623_1917_2.jpg,Portugal,Lisbon
855943890_1928_0.jpg,Portugal,Lisbon
895618759_2102_0.jpg,Portugal,Lisbon
895618759_2102_1.jpg,Portugal,Lisbon
895618759_2102_2.jpg,Portugal,Lisbon
2964-2.jpg,,
30_01.JPG,,
3005.jpg,,
3013.jpg,,
302-2.jpg,,
97680554_74_1.jpg,Portugal,Lisbon
987801891_2379_0.jpg,Portugal,Lisbon
988282703_2587_2.jpg,Portugal,Lisbon
988282704_2588_0.jpg,Portugal,Lisbon
988282704_2588_1.jpg,Portugal,Lisbon
988282704_2588_2.jpg,Portugal,Lisbon
988282705_2589_0.jpg,Portugal,Lisbon
988282705_2589_1.jpg,Portugal,Lisbon
Cali_022.jpg,Colombia,Cali
Cali_025.jpg,Colombia,Cali
Cali_026.jpg,Colombia,Cali
Cali_027.jpg,Colombia,Cali
Cali_030.jpg,Colombia,Cali
Cali_035.jpg,Colombia,Cali
Cali_041.jpg,Colombia,Cali
Cali_044.jpg,Colombia,Cali
Cali_047.jpg,Colombia,Cali
Cali_048.jpg,Colombia,Cali
Cali_059.jpg,Colombia,Cali
Cali_065.jpg,Colombia,Cali
Cali_066.jpg,Colombia,Cali
Cali_067.jpg,Colombia,Cali
Cali_068.jpg,Colombia,Cali
Cali_070.jpg,Colombia,Cali
Cali_080.jpg,Colombia,Cali
Cali_081.jpg,Colombia,Cali
Cali_082.jpg,Colombia,Cali
Cali_090.jpg,Colombia,Cali
Cali_095.jpg,Colombia,Cali
3065.jpg,,
3082.jpg,,
3082-1.jpg,,
3088-1.jpg,,
31_01.JPG,,
3127.jpg,,
314.jpg,,
3149.jpg,,
317.jpg,,
3191-2.jpg,,
32_01.JPG,,
3212.JPG,,
3249.JPG,,
3252.jpg,,
3252-2.jpg,,
3273-2.jpg,,
3285.jpg,,
33_01.JPG,,
3308.jpg,,
3308-2.jpg,,
3312.jpg,,
3318.jpg,,
3327.jpg,,
3337.jpg,,
3339.JPG,,
3345.jpg,,
3363-1.jpg,,
3376.jpg,,
34_02.JPG,,
3406-1.jpg,,
3411.jpg,,
3418.jpg,,
3418-2.jpg,,
3440-1.jpg,,
3449.jpg,,
3468.JPG,,
347.jpg,,
347-2.jpg,,
35_01.JPG,,
3528-2.jpg,,
3535.jpg,,
3541.jpg,,
IMG_0004.jpg,Mexico,La Paz
IMG_0005.jpg,Mexico,La Paz
IMG_0006.jpg,Mexico,La Paz
IMG_0008.jpg,Mexico,La Paz
IMG_0011.jpg,Mexico,La Paz
IMG_0017.jpg,Mexico,La Paz
IMG_0019.jpg,Mexico,La Paz
IMG_0024.jpg,Mexico,La Paz
IMG_0029.jpg,Mexico,La Paz
IMG_0031.jpg,Mexico,La Paz
IMG_0032.jpg,Mexico,La Paz
IMG_0033.jpg,Mexico,La Paz
IMG_0034.jpg,Mexico,La Paz
IMG_0035.jpg,Mexico,La Paz
IMG_0036.jpg,Mexico,La Paz
IMG_0040.jpg,Mexico,La Paz
IMG_0050.jpg,Mexico,La Paz
IMG_0052.jpg,Mexico,La Paz
IMG_0054.jpg,Mexico,La Paz
IMG_0055.jpg,Mexico,La Paz
IMG_0056.jpg,Mexico,La Paz
IMG_0057.jpg,Mexico,La Paz
IMG_0061.jpg,Mexico,La Paz
IMG_0062.jpg,Mexico,La Paz
IMG_0064.jpg,Mexico,La Paz
IMG_0069.jpg,Mexico,La Paz
IMG_0070.jpg,Mexico,La Paz
IMG_0078.jpg,Mexico,La Paz
IMG_0082.jpg,Mexico,La Paz
IMG_1.jpg,Colombia,Bogota
IMG_10.jpg,Colombia,Bogota
IMG_100.jpg,Colombia,Bogota
IMG_1000.jpg,Colombia,Bogota
IMG_1000_1.jpg,Colombia,Bogota
IMG_1001.jpg,Colombia,Bogota
IMG_1002.jpg,Colombia,Bogota
IMG_1002_1.jpg,Colombia,Bogota
IMG_1003.jpg,Colombia,Bogota
IMG_1003_1.jpg,Colombia,Bogota
IMG_1004.jpg,Colombia,Bogota
IMG_1005.jpg,Colombia,Bogota
IMG_1006.jpg,Colombia,Bogota
IMG_1006_1.jpg,Colombia,Bogota
IMG_1007.jpg,Colombia,Bogota
IMG_1009.jpg,Colombia,Bogota
IMG_101.jpg,Colombia,Bogota
IMG_1010_1.jpg,Colombia,Bogota
IMG_1012_1.jpg,Colombia,Bogota
IMG_1014_1.jpg,Colombia,Bogota
IMG_1016.jpg,Colombia,Bogota
IMG_1017_1.jpg,Colombia,Bogota
IMG_1018.jpg,Colombia,Bogota
IMG_1018_1.jpg,Colombia,Bogota
IMG_101_1.jpg,Colombia,Bogota
IMG_102.jpg,Colombia,Bogota
IMG_1020.jpg,Colombia,Bogota
IMG_1020_1.jpg,Colombia,Bogota
IMG_1021.jpg,Colombia,Bogota
IMG_1021_1.jpg,Colombia,Bogota
IMG_1023.jpg,Colombia,Bogota
IMG_1024.jpg,Colombia,Bogota
IMG_1024_1.jpg,Colombia,Bogota
IMG_1025.jpg,Colombia,Bogota
IMG_1026.jpg,Colombia,Bogota
IMG_1027.jpg,Colombia,Bogota
IMG_1028.jpg,Colombia,Bogota
IMG_103.jpg,Colombia,Bogota
IMG_1034.jpg,Colombia,Bogota
IMG_1034_1.jpg,Colombia,Bogota
IMG_1035.jpg,Colombia,Bogota
IMG_1036.jpg,Colombia,Bogota
IMG_1036_1.jpg,Colombia,Bogota
IMG_1038.jpg,Colombia,Bogota
IMG_104.jpg,Colombia,Bogota
IMG_1040.jpg,Colombia,Bogota
IMG_1040_1.jpg,Colombia,Bogota
IMG_1041.jpg,Colombia,Bogota
IMG_1044.jpg,Colombia,Bogota
IMG_1045.jpg,Colombia,Bogota
IMG_1045_1.jpg,Colombia,Bogota
IMG_1046.jpg,Colombia,Bogota
IMG_1047.jpg,Colombia,Bogota
IMG_1047_1.jpg,Colombia,Bogota
IMG_105.jpg,Colombia,Bogota
IMG_1051.jpg,Colombia,Bogota
IMG_1052.jpg,Colombia,Bogota
IMG_1055.jpg,Colombia,Bogota
IMG_1057.jpg,Colombia,Bogota
IMG_1058.jpg,Colombia,Bogota
IMG_1059.jpg,Colombia,Bogota
IMG_1059_1.jpg,Colombia,Bogota
IMG_106.jpg,Colombia,Bogota
IMG_1060.jpg,Colombia,Bogota
IMG_1061.jpg,Colombia,Bogota
IMG_1061_1.jpg,Colombia,Bogota
IMG_1062.jpg,Colombia,Bogota
IMG_1064.jpg,Colombia,Bogota
IMG_1064_1.jpg,Colombia,Bogota
IMG_1069_1.jpg,Colombia,Bogota
IMG_106_1.jpg,Colombia,Bogota
IMG_107.jpg,Colombia,Bogota
IMG_1070.jpg,Colombia,Bogota
IMG_1071_1.jpg,Colombia,Bogota
IMG_1074.jpg,Colombia,Bogota
IMG_1075_1.jpg,Colombia,Bogota
IMG_1076_1.jpg,Colombia,Bogota
IMG_1079.jpg,Colombia,Bogota
IMG_108.jpg,Colombia,Bogota
IMG_1085.jpg,Colombia,Bogota
IMG_1086.jpg,Colombia,Bogota
IMG_1088_1.jpg,Colombia,Bogota
IMG_1089.jpg,Colombia,Bogota
IMG_108_1.jpg,Colombia,Bogota
IMG_1090.jpg,Colombia,Bogota
IMG_1091.jpg,Colombia,Bogota
IMG_1091_1.jpg,Colombia,Bogota
IMG_1095.jpg,Colombia,Bogota
IMG_1096_1.jpg,Colombia,Bogota
IMG_1097.jpg,Colombia,Bogota
IMG_1099.jpg,Colombia,Bogota
IMG_109_1.jpg,Colombia,Bogota
IMG_1102.jpg,Colombia,Bogota
IMG_1102_1.jpg,Colombia,Bogota
IMG_1104.jpg,Colombia,Bogota
IMG_1108_1.jpg,Colombia,Bogota
IMG_111.jpg,Colombia,Bogota
IMG_1116.jpg,Colombia,Bogota
IMG_1116_1.jpg,Colombia,Bogota
IMG_1117.jpg,Colombia,Bogota
IMG_1118.jpg,Colombia,Bogota
IMG_1119.jpg,Colombia,Bogota
IMG_1119_1.jpg,Colombia,Bogota
IMG_112.jpg,Colombia,Bogota
IMG_1124.jpg,Colombia,Bogota
IMG_1124_1.jpg,Colombia,Bogota
IMG_1125.jpg,Colombia,Bogota
IMG_1128.jpg,Colombia,Bogota
IMG_1130.jpg,Colombia,Bogota
IMG_1132.jpg,Colombia,Bogota
IMG_1134.jpg,Colombia,Bogota
IMG_1137.jpg,Colombia,Bogota
IMG_1139.jpg,Colombia,Bogota
IMG_113_1.jpg,Colombia,Bogota
IMG_1142.jpg,Colombia,Bogota
IMG_1143.jpg,Colombia,Bogota
IMG_1144.jpg,Colombia,Bogota
IMG_1148.jpg,Colombia,Bogota
IMG_1149.jpg,Colombia,Bogota
IMG_1150.jpg,Colombia,Bogota
IMG_1153.jpg,Colombia,Bogota
IMG_1154.jpg,Colombia,Bogota
IMG_1155.jpg,Colombia,Bogota
IMG_116.jpg,Colombia,Bogota
IMG_1162.jpg,Colombia,Bogota
IMG_1163.jpg,Colombia,Bogota
IMG_1166.jpg,Colombia,Bogota
IMG_1169.jpg,Colombia,Bogota
IMG_116_1.jpg,Colombia,Bogota
IMG_1172.jpg,Colombia,Bogota
IMG_1173.jpg,Colombia,Bogota
IMG_1174.jpg,Colombia,Bogota
IMG_1176.jpg,Colombia,Bogota
IMG_1177.jpg,Colombia,Bogota
IMG_1178_1.jpg,Colombia,Bogota
IMG_1180.jpg,Colombia,Bogota
IMG_1181.jpg,Colombia,Bogota
IMG_1182.jpg,Colombia,Bogota
IMG_1183.jpg,Colombia,Bogota
IMG_1187.jpg,Colombia,Bogota
IMG_1188.jpg,Colombia,Bogota
IMG_1189.jpg,Colombia,Bogota
IMG_1189_1.jpg,Colombia,Bogota
IMG_119.jpg,Colombia,Bogota
IMG_1190.jpg,Colombia,Bogota
IMG_1192.jpg,Colombia,Bogota
IMG_1194.jpg,Colombia,Bogota
IMG_1196.jpg,Colombia,Bogota
IMG_1198_1.jpg,Colombia,Bogota
IMG_119_1.jpg,Colombia,Bogota
IMG_12.jpg,Colombia,Bogota
IMG_120.jpg,Colombia,Bogota
IMG_1200.jpg,Colombia,Bogota
IMG_1201.jpg,Colombia,Bogota
IMG_1202.jpg,Colombia,Bogota
IMG_1206.jpg,Colombia,Bogota
IMG_120_1.jpg,Colombia,Bogota
IMG_1211.jpg,Colombia,Bogota
IMG_1213.jpg,Colombia,Bogota
IMG_1214.jpg,Colombia,Bogota
IMG_1216.jpg,Colombia,Bogota
IMG_1218.jpg,Colombia,Bogota
IMG_1219_1.jpg,Colombia,Bogota
IMG_121_1.jpg,Colombia,Bogota
IMG_1221.jpg,Colombia,Bogota
IMG_1222_1.jpg,Colombia,Bogota
IMG_1224.jpg,Colombia,Bogota
IMG_1226.jpg,Colombia,Bogota
IMG_1228.jpg,Colombia,Bogota
IMG_1228_1.jpg,Colombia,Bogota
IMG_122_1.jpg,Colombia,Bogota
IMG_1230.jpg,Colombia,Bogota
IMG_1231.jpg,Colombia,Bogota
IMG_1233.jpg,Colombia,Bogota
IMG_1234.jpg,Colombia,Bogota
IMG_1235.jpg,Colombia,Bogota
IMG_1236.jpg,Colombia,Bogota
IMG_1237.jpg,Colombia,Bogota
IMG_1238.jpg,Colombia,Bogota
IMG_1239.jpg,Colombia,Bogota
IMG_124.jpg,Colombia,Bogota
IMG_1241.jpg,Colombia,Bogota
IMG_1243.jpg,Colombia,Bogota
IMG_1244.jpg,Colombia,Bogota
IMG_1245.jpg,Colombia,Bogota
IMG_1247.jpg,Colombia,Bogota
IMG_124_1.jpg,Colombia,Bogota
IMG_125.jpg,Colombia,Bogota
IMG_1250.jpg,Colombia,Bogota
IMG_1252.jpg,Colombia,Bogota
IMG_1253.jpg,Colombia,Bogota
IMG_1255.jpg,Colombia,Bogota
IMG_1256.jpg,Colombia,Bogota
IMG_1257.jpg,Colombia,Bogota
IMG_1259.jpg,Colombia,Bogota
IMG_125_1.jpg,Colombia,Bogota
IMG_1260.jpg,Colombia,Bogota
IMG_1261.jpg,Colombia,Bogota
IMG_1262.jpg,Colombia,Bogota
IMG_1264.jpg,Colombia,Bogota
IMG_1265.jpg,Colombia,Bogota
IMG_1269.jpg,Colombia,Bogota
IMG_1270.jpg,Colombia,Bogota
IMG_1272.jpg,Colombia,Bogota
IMG_1273.jpg,Colombia,Bogota
IMG_1274.jpg,Colombia,Bogota
IMG_1276.jpg,Colombia,Bogota
IMG_1278.jpg,Colombia,Bogota
IMG_1279.jpg,Colombia,Bogota
IMG_1282.jpg,Colombia,Bogota
IMG_129.jpg,Colombia,Bogota
IMG_1290.jpg,Colombia,Bogota
IMG_1291.jpg,Colombia,Bogota
IMG_1297.jpg,Colombia,Bogota
IMG_1298.jpg,Colombia,Bogota
IMG_13.jpg,Colombia,Bogota
IMG_130.jpg,Colombia,Bogota
IMG_1301.jpg,Colombia,Bogota
IMG_1302.jpg,Colombia,Bogota
IMG_1304.jpg,Colombia,Bogota
IMG_1306.jpg,Colombia,Bogota
IMG_1309.jpg,Colombia,Bogota
IMG_130_1.jpg,Colombia,Bogota
IMG_1310.jpg,Colombia,Bogota
IMG_1313.jpg,Colombia,Bogota
IMG_1315.jpg,Colombia,Bogota
IMG_1316.jpg,Colombia,Bogota
IMG_1319.jpg,Colombia,Bogota
IMG_132.jpg,Colombia,Bogota
IMG_1320.jpg,Colombia,Bogota
IMG_1321.jpg,Colombia,Bogota
IMG_1323.jpg,Colombia,Bogota
IMG_1324.jpg,Colombia,Bogota
IMG_1328.jpg,Colombia,Bogota
IMG_132_1.jpg,Colombia,Bogota
IMG_133.jpg,Colombia,Bogota
IMG_1330.jpg,Colombia,Bogota
IMG_1331.jpg,Colombia,Bogota
IMG_1335.jpg,Colombia,Bogota
IMG_1337.jpg,Colombia,Bogota
IMG_1338.jpg,Colombia,Bogota
IMG_1343.jpg,Colombia,Bogota
IMG_1345.jpg,Colombia,Bogota
IMG_1346.jpg,Colombia,Bogota
IMG_1347.jpg,Colombia,Bogota
IMG_1348.jpg,Colombia,Bogota
IMG_1349.jpg,Colombia,Bogota
IMG_135.jpg,Colombia,Bogota
IMG_1350.jpg,Colombia,Bogota
IMG_1352.jpg,Colombia,Bogota
IMG_1355.jpg,Colombia,Bogota
IMG_1355_1.jpg,Colombia,Bogota
IMG_1356.jpg,Colombia,Bogota
IMG_1359.jpg,Colombia,Bogota
IMG_135_1.jpg,Colombia,Bogota
IMG_1360.jpg,Colombia,Bogota
IMG_1363.jpg,Colombia,Bogota
IMG_1364.jpg,Colombia,Bogota
IMG_1367.jpg,Colombia,Bogota
IMG_136_1.jpg,Colombia,Bogota
IMG_137.jpg,Colombia,Bogota
IMG_1370.jpg,Colombia,Bogota
IMG_1371.jpg,Colombia,Bogota
IMG_1373.jpg,Colombia,Bogota
IMG_1374.jpg,Colombia,Bogota
IMG_1375.jpg,Colombia,Bogota
IMG_1376.jpg,Colombia,Bogota
IMG_137_1.jpg,Colombia,Bogota
IMG_1381.jpg,Colombia,Bogota
IMG_1382.jpg,Colombia,Bogota
IMG_1385.jpg,Colombia,Bogota
IMG_1386.jpg,Colombia,Bogota
IMG_1387.jpg,Colombia,Bogota
IMG_1388.jpg,Colombia,Bogota
IMG_1389.jpg,Colombia,Bogota
IMG_138_1.jpg,Colombia,Bogota
IMG_1390.jpg,Colombia,Bogota
IMG_1391.jpg,Colombia,Bogota
IMG_1392.jpg,Colombia,Bogota
IMG_1396.jpg,Colombia,Bogota
IMG_1397.jpg,Colombia,Bogota
IMG_139_1.jpg,Colombia,Bogota
IMG_14.jpg,Colombia,Bogota
IMG_1400.jpg,Colombia,Bogota
IMG_1401.jpg,Colombia,Bogota
IMG_1403.jpg,Colombia,Bogota
IMG_1404.jpg,Colombia,Bogota
IMG_1406.jpg,Colombia,Bogota
IMG_1407.jpg,Colombia,Bogota
IMG_1408.jpg,Colombia,Bogota
IMG_140_1.jpg,Colombia,Bogota
IMG_1410.jpg,Colombia,Bogota
IMG_1413.jpg,Colombia,Bogota
IMG_1415.jpg,Colombia,Bogota
IMG_1416.jpg,Colombia,Bogota
IMG_1418.jpg,Colombia,Bogota
IMG_141_1.jpg,Colombia,Bogota
IMG_1422.jpg,Colombia,Bogota
IMG_1423.jpg,Colombia,Bogota
IMG_1425.jpg,Colombia,Bogota
IMG_1427.jpg,Colombia,Bogota
IMG_142_1.jpg,Colombia,Bogota
IMG_1431.jpg,Colombia,Bogota
IMG_1432.jpg,Colombia,Bogota
IMG_1435.jpg,Colombia,Bogota
IMG_1436.jpg,Colombia,Bogota
IMG_144.jpg,Colombia,Bogota
IMG_1441.jpg,Colombia,Bogota
IMG_1444.jpg,Colombia,Bogota
IMG_1447.jpg,Colombia,Bogota
IMG_145.jpg,Colombia,Bogota
IMG_1451.jpg,Colombia,Bogota
IMG_1452.jpg,Colombia,Bogota
IMG_1454.jpg,Colombia,Bogota
IMG_1456.jpg,Colombia,Bogota
IMG_1457.jpg,Colombia,Bogota
IMG_1458.jpg,Colombia,Bogota
IMG_1460.jpg,Colombia,Bogota
IMG_1462.jpg,Colombia,Bogota
IMG_1464.jpg,Colombia,Bogota
IMG_1469.jpg,Colombia,Bogota
IMG_147.jpg,Colombia,Bogota
IMG_1472.jpg,Colombia,Bogota
IMG_1473.jpg,Colombia,Bogota
IMG_1474.jpg,Colombia,Bogota
IMG_1476.jpg,Colombia,Bogota
IMG_1477.jpg,Colombia,Bogota
IMG_147_1.jpg,Colombia,Bogota
IMG_148.jpg,Colombia,Bogota
IMG_1481.jpg,Colombia,Bogota
IMG_1482.jpg,Colombia,Bogota
IMG_1484.jpg,Colombia,Bogota
IMG_1488.jpg,Colombia,Bogota
IMG_1489.jpg,Colombia,Bogota
IMG_148_1.jpg,Colombia,Bogota
IMG_149.jpg,Colombia,Bogota
IMG_1490.jpg,Colombia,Bogota
IMG_1491.jpg,Colombia,Bogota
IMG_1496.jpg,Colombia,Bogota
IMG_1499.jpg,Colombia,Bogota
IMG_14_1.jpg,Colombia,Bogota
IMG_15.jpg,Colombia,Bogota
IMG_1500.jpg,Colombia,Bogota
IMG_150_1.jpg,Colombia,Bogota
IMG_152.jpg,Colombia,Bogota
IMG_153.jpg,Colombia,Bogota
IMG_154.jpg,Colombia,Bogota
IMG_155_1.jpg,Colombia,Bogota
IMG_156.jpg,Colombia,Bogota
IMG_156_1.jpg,Colombia,Bogota
IMG_157.jpg,Colombia,Bogota
IMG_157_1.jpg,Colombia,Bogota
IMG_158.jpg,Colombia,Bogota
IMG_158_1.jpg,Colombia,Bogota
IMG_159.jpg,Colombia,Bogota
IMG_159_1.jpg,Colombia,Bogota
IMG_16.jpg,Colombia,Bogota
IMG_160.jpg,Colombia,Bogota
IMG_163.jpg,Colombia,Bogota
IMG_163_1.jpg,Colombia,Bogota
IMG_164.jpg,Colombia,Bogota
IMG_164_1.jpg,Colombia,Bogota
IMG_168.jpg,Colombia,Bogota
IMG_168_1.jpg,Colombia,Bogota
IMG_169.jpg,Colombia,Bogota
IMG_170.jpg,Colombia,Bogota
IMG_170_1.jpg,Colombia,Bogota
IMG_173.jpg,Colombia,Bogota
IMG_174.jpg,Colombia,Bogota
IMG_174_1.jpg,Colombia,Bogota
IMG_175.jpg,Colombia,Bogota
IMG_176_1.jpg,Colombia,Bogota
IMG_18.jpg,Colombia,Bogota
IMG_182.jpg,Colombia,Bogota
IMG_183.jpg,Colombia,Bogota
IMG_183_1.jpg,Colombia,Bogota
IMG_184.jpg,Colombia,Bogota
IMG_185.jpg,Colombia,Bogota
IMG_186.jpg,Colombia,Bogota
IMG_188.jpg,Colombia,Bogota
IMG_188_1.jpg,Colombia,Bogota
IMG_189.jpg,Colombia,Bogota
IMG_190.jpg,Colombia,Bogota
IMG_190_1.jpg,Colombia,Bogota
IMG_191.jpg,Colombia,Bogota
IMG_191_1.jpg,Colombia,Bogota
IMG_192.jpg,Colombia,Bogota
IMG_192_1.jpg,Colombia,Bogota
IMG_193.jpg,Colombia,Bogota
IMG_197_1.jpg,Colombia,Bogota
IMG_198.jpg,Colombia,Bogota
IMG_198_1.jpg,Colombia,Bogota
IMG_199_1.jpg,Colombia,Bogota
IMG_1_1.jpg,Colombia,Bogota
IMG_2.jpg,Colombia,Bogota
IMG_20.jpg,Colombia,Bogota
IMG_200.jpg,Colombia,Bogota
IMG_201.jpg,Colombia,Bogota
IMG_201_1.jpg,Colombia,Bogota
IMG_202.jpg,Colombia,Bogota
IMG_20250426_155850502_HDR.jpg,Colombia,Cali
IMG_20250426_160138559_HDR.jpg,Colombia,Cali
IMG_20250426_160407280_HDR.jpg,Colombia,Cali
IMG_20250426_160407281_HDR.jpg,Colombia,Cali
IMG_20250503_153231644_HDR.jpg,Colombia,Cali
IMG_20250504_114340682_HDR.jpg,Colombia,Cali
IMG_20250504_114356153_HDR.jpg,Colombia,Cali
IMG_20250527_083238089_HDR.jpg,Colombia,Cali
IMG_20250527_083327096_HDR.jpg,Colombia,Cali
IMG_20250527_083605246_HDR.jpg,Colombia,Cali
IMG_20250527_083800431_HDR.jpg,Colombia,Cali
IMG_20250527_083830302_HDR.jpg,Colombia,Cali
IMG_20250527_084221566_HDR.jpg,Colombia,Cali
IMG_20250527_084242336_HDR.jpg,Colombia,Cali
IMG_20250527_084334959_HDR.jpg,Colombia,Cali
IMG_20250527_084621927_HDR.jpg,Colombia,Cali
IMG_20250527_085039054_HDR.jpg,Colombia,Cali
IMG_20250527_085051884_HDR.jpg,Colombia,Cali
IMG_20250527_085115907_HDR.jpg,Colombia,Cali
IMG_20250527_085137941_HDR.jpg,Colombia,Cali
IMG_20250527_085345527_HDR.jpg,Colombia,Cali
IMG_20250527_085407507_HDR.jpg,Colombia,Cali
IMG_20250527_090010069_HDR.jpg,Colombia,Cali
IMG_20250527_090049652_HDR.jpg,Colombia,Cali
IMG_20250527_090140172_HDR.jpg,Colombia,Cali
IMG_20250527_090320230_HDR.jpg,Colombia,Cali
IMG_20250527_090402544_HDR.jpg,Colombia,Cali
IMG_20250527_090517625_HDR.jpg,Colombia,Cali
IMG_20250527_090552754_HDR.jpg,Colombia,Cali
IMG_20250527_090631429_HDR.jpg,Colombia,Cali
IMG_20250527_090651551_HDR.jpg,Colombia,Cali
IMG_20250527_091344028_HDR.jpg,Colombia,Cali
IMG_20250527_091403923.jpg,Colombia,Cali
IMG_20250527_091433028_HDR.jpg,Colombia,Cali
IMG_20250527_091555943_HDR.jpg,Colombia,Cali
IMG_20250527_091639641_HDR.jpg,Colombia,Cali
IMG_20250527_091756497_HDR.jpg,Colombia,Cali
IMG_20250527_091834766_HDR.jpg,Colombia,Cali
IMG_20250527_091855150_HDR.jpg,Colombia,Cali
IMG_20250527_092052013_HDR.jpg,Colombia,Cali
IMG_20250527_092436357_HDR.jpg,Colombia,Cali
IMG_20250527_092457787_HDR.jpg,Colombia,Cali
IMG_20250527_092641169_HDR.jpg,Colombia,Cali
IMG_20250527_092706996_HDR.jpg,Colombia,Cali
IMG_20250527_092715587_HDR.jpg,Colombia,Cali
IMG_20250527_093359381_HDR.jpg,Colombia,Cali
IMG_20250529_105616518_HDR.jpg,Colombia,Cali
IMG_20250529_111136887_HDR.jpg,Colombia,Cali
IMG_20250529_111153016_HDR.jpg,Colombia,Cali
IMG_20250529_111706617_HDR.jpg,Colombia,Cali
IMG_20250529_112058413_HDR.jpg,Colombia,Cali
IMG_20250529_113721386_HDR.jpg,Colombia,Cali
IMG_20250529_113721387_HDR.jpg,Colombia,Cali
IMG_20250529_113844519_HDR.jpg,Colombia,Cali
IMG_20250529_113904655_HDR.jpg,Colombia,Cali
IMG_20250529_113904656_HDR.jpg,Colombia,Cali
IMG_20250529_114709196_HDR.jpg,Colombia,Cali
IMG_20250529_114709197_HDR.jpg,Colombia,Cali
IMG_20250530_101518186_HDR.jpg,Colombia,Cali
IMG_20250530_102551813_HDR.jpg,Colombia,Cali
IMG_20250530_102705459_HDR.jpg,Colombia,Cali
IMG_20250530_102858237_HDR.jpg,Colombia,Cali
IMG_20250530_102915006_HDR.jpg,Colombia,Cali
IMG_20250530_103404836_HDR.jpg,Colombia,Cali
IMG_20250530_123010960_HDR.jpg,Colombia,Cali
IMG_20250530_123442604_HDR.jpg,Colombia,Cali
IMG_20250530_123527829_HDR.jpg,Colombia,Cali
IMG_20250530_123548074_HDR.jpg,Colombia,Cali
IMG_20250530_123648848_HDR.jpg,Colombia,Cali
IMG_20250530_123705108_HDR.jpg,Colombia,Cali
IMG_20250530_124056563_HDR.jpg,Colombia,Cali
IMG_20250530_124116085_HDR.jpg,Colombia,Cali
IMG_20250615_073537945_HDR.jpg,Colombia,Cali
IMG_20250616_094254331_HDR.jpg,Colombia,Cali
IMG_20250616_101422384_HDR.jpg,Colombia,Cali
IMG_20250616_101448523_HDR.jpg,Colombia,Cali
IMG_20250616_102025152_HDR.jpg,Colombia,Cali
IMG_20250616_102040453.jpg,Colombia,Cali
IMG_20250616_102323958_HDR.jpg,Colombia,Cali
IMG_20250616_102343643_HDR.jpg,Colombia,Cali
IMG_20250616_102426398_HDR.jpg,Colombia,Cali
IMG_20250616_102722303_HDR.jpg,Colombia,Cali
IMG_20250616_103100092_HDR.jpg,Colombia,Cali
IMG_20250616_103121656_HDR.jpg,Colombia,Cali
IMG_20250616_103211695_HDR.jpg,Colombia,Cali
IMG_20250616_103308726_HDR.jpg,Colombia,Cali
IMG_20250616_103321733_HDR.jpg,Colombia,Cali
IMG_20250616_103334708_HDR.jpg,Colombia,Cali
IMG_20250616_110216994_HDR.jpg,Colombia,Cali
IMG_20250617_132102274_HDR.jpg,Colombia,Cali
IMG_20250617_132321800_HDR.jpg,Colombia,Cali
IMG_20250617_133346606_HDR.jpg,Colombia,Cali
IMG_20250617_133434810_HDR.jpg,Colombia,Cali
IMG_20250617_133434811_HDR.jpg,Colombia,Cali
IMG_20250617_135753226_HDR.jpg,Colombia,Cali
IMG_20250617_135815235_HDR.jpg,Colombia,Cali
IMG_20250617_140021975_HDR.jpg,Colombia,Cali
IMG_20250617_140046721_HDR.jpg,Colombia,Cali
IMG_20250617_142628916_HDR.jpg,Colombia,Cali
IMG_20250617_145851486_HDR.jpg,Colombia,Cali
IMG_20250617_145928474_HDR.jpg,Colombia,Cali
IMG_20250617_145959465_HDR.jpg,Colombia,Cali
IMG_20250617_150414231_HDR.jpg,Colombia,Cali
IMG_20250617_151207777_HDR.jpg,Colombia,Cali
IMG_20250618_133915930_HDR.jpg,Colombia,Cali
IMG_20250618_134251451_HDR.jpg,Colombia,Cali
IMG_20250618_134335417_HDR.jpg,Colombia,Cali
IMG_20250618_134736961_HDR.jpg,Colombia,Cali
IMG_20250618_134804612_HDR.jpg,Colombia,Cali
IMG_20250618_134804613_HDR.jpg,Colombia,Cali
IMG_20250618_135036824_HDR.jpg,Colombia,Cali
IMG_20250618_135058226_HDR.jpg,Colombia,Cali
IMG_20250618_135242826_HDR.jpg,Colombia,Cali
IMG_20250618_135254641_HDR.jpg,Colombia,Cali
IMG_20250618_135403750_HDR.jpg,Colombia,Cali
IMG_20250618_135411836_HDR.jpg,Colombia,Cali
IMG_20250618_135411837_HDR.jpg,Colombia,Cali
IMG_20250618_135851541_HDR.jpg,Colombia,Cali
IMG_20250618_140037678_HDR.jpg,Colombia,Cali
IMG_20250618_140123865_HDR.jpg,Colombia,Cali
IMG_20250618_140123866_HDR.jpg,Colombia,Cali
IMG_20250618_140200911_HDR.jpg,Colombia,Cali
IMG_20250618_140232951_HDR.jpg,Colombia,Cali
IMG_20250618_140251438.jpg,Colombia,Cali
IMG_20250618_140338962_HDR.jpg,Colombia,Cali
IMG_20250618_140351983_HDR.jpg,Colombia,Cali
IMG_20250618_140450713_HDR.jpg,Colombia,Cali
IMG_20250618_140559456_HDR.jpg,Colombia,Cali
IMG_20250618_140911630_HDR.jpg,Colombia,Cali
IMG_20250618_140922147_HDR.jpg,Colombia,Cali
IMG_20250618_141018681_HDR.jpg,Colombia,Cali
IMG_20250618_142740787_HDR.jpg,Colombia,Cali
IMG_20250618_142904965_HDR.jpg,Colombia,Cali
IMG_20250618_144708904_HDR.jpg,Colombia,Cali
IMG_20250618_145050050_HDR.jpg,Colombia,Cali
IMG_20250618_145133451_HDR.jpg,Colombia,Cali
IMG_20250618_145347366_HDR.jpg,Colombia,Cali
IMG_20250618_145454266_HDR.jpg,Colombia,Cali
IMG_20250618_145713760_HDR.jpg,Colombia,Cali
IMG_20250619_115658081_HDR.jpg,Colombia,Cali
IMG_20250619_115722053_HDR.jpg,Colombia,Cali
IMG_20250619_115728964_HDR.jpg,Colombia,Cali
IMG_20250619_121943707_HDR.jpg,Colombia,Cali
IMG_20250620_101847563_HDR.jpg,Colombia,Cali
IMG_20250620_101847564_HDR.jpg,Colombia,Cali
IMG_20250620_102511347_HDR.jpg,Colombia,Cali
IMG_20250620_102609647_HDR.jpg,Colombia,Cali
IMG_20250620_103026948_HDR.jpg,Colombia,Cali
IMG_20250620_103026949_HDR (1).jpg,Colombia,Cali
IMG_20250620_103253254_HDR.jpg,Colombia,Cali
IMG_20250620_103447491_HDR.jpg,Colombia,Cali
IMG_20250620_103540421_HDR.jpg,Colombia,Cali
IMG_20250620_105905283_HDR.jpg,Colombia,Cali
IMG_20250620_105905284_HDR.jpg,Colombia,Cali
IMG_20250620_111449826_HDR.jpg,Colombia,Cali
IMG_20250620_111449827_HDR.jpg,Colombia,Cali
IMG_20250620_112423564_HDR.jpg,Colombia,Cali
IMG_20250620_112444828_HDR.jpg,Colombia,Cali
IMG_20250620_112444829_HDR.jpg,Colombia,Cali
IMG_20250620_115618969_HDR.jpg,Colombia,Cali
IMG_20250620_115655510_HDR.jpg,Colombia,Cali
IMG_20250620_115802242_HDR.jpg,Colombia,Cali
IMG_20250620_115820467_HDR.jpg,Colombia,Cali
IMG_20250620_115842256_HDR.jpg,Colombia,Cali
IMG_20250620_120222901_HDR.jpg,Colombia,Cali
IMG_20250620_120240452_HDR.jpg,Colombia,Cali
IMG_20250620_121055494_HDR.jpg,Colombia,Cali
IMG_20250621_134142374_HDR.jpg,Colombia,Cali
IMG_20250621_134233106_HDR.jpg,Colombia,Cali
IMG_20250621_135115626_HDR.jpg,Colombia,Cali
IMG_20250621_135136172_HDR.jpg,Colombia,Cali
IMG_20250621_135150099_HDR.jpg,Colombia,Cali
IMG_20250621_135216044_HDR.jpg,Colombia,Cali
IMG_20250621_135219906_HDR.jpg,Colombia,Cali
IMG_20250621_135229629_HDR.jpg,Colombia,Cali
IMG_20250621_135316678_HDR.jpg,Colombia,Cali
IMG_20250621_135336697_HDR.jpg,Colombia,Cali
IMG_20250621_135503683_HDR.jpg,Colombia,Cali
IMG_20250621_135518669_HDR.jpg,Colombia,Cali
IMG_20250621_135534174_HDR.jpg,Colombia,Cali
IMG_20250621_135656162_HDR.jpg,Colombia,Cali
IMG_20250621_135724353_HDR.jpg,Colombia,Cali
IMG_20250621_135734682_HDR.jpg,Colombia,Cali
IMG_20250621_140131803_HDR.jpg,Colombia,Cali
IMG_20250621_143934385.jpg,Colombia,Cali
IMG_20250621_144248080_HDR.jpg,Colombia,Cali
IMG_20250621_144314266_HDR.jpg,Colombia,Cali
IMG_20250621_144841290_HDR.jpg,Colombia,Cali
IMG_20250621_144856837_HDR.jpg,Colombia,Cali
IMG_20250621_145759092_HDR.jpg,Colombia,Cali
IMG_20250621_150205564_HDR.jpg,Colombia,Cali
IMG_20250621_150326622_HDR.jpg,Colombia,Cali
IMG_20250621_150518188.jpg,Colombia,Cali
IMG_20250621_150556731.jpg,Colombia,Cali
IMG_20250621_150615356_HDR.jpg,Colombia,Cali
IMG_20250621_150710889_HDR.jpg,Colombia,Cali
IMG_20250621_150850868_HDR.jpg,Colombia,Cali
IMG_20250621_150905357_HDR.jpg,Colombia,Cali
IMG_20250621_151555342_HDR.jpg,Colombia,Cali
IMG_20250621_152518154_HDR.jpg,Colombia,Cali
IMG_20250622_104730107_HDR.jpg,Colombia,Cali
IMG_20250622_104922791_HDR.jpg,Colombia,Cali
IMG_20250622_110917249_HDR.jpg,Colombia,Cali
IMG_20250622_112329745_HDR.jpg,Colombia,Cali
IMG_20250622_113855266_HDR.jpg,Colombia,Cali
IMG_20250622_113911221_HDR.jpg,Colombia,Cali
IMG_20250624_095834406_HDR.jpg,Colombia,Cali
IMG_20250624_100200845_HDR.jpg,Colombia,Cali
IMG_20250624_100730563_HDR.jpg,Colombia,Cali
IMG_20250624_101307976_HDR.jpg,Colombia,Cali
IMG_20250624_101814264_HDR.jpg,Colombia,Cali
IMG_20250624_101838440_HDR.jpg,Colombia,Cali
IMG_20250624_101913044_HDR.jpg,Colombia,Cali
IMG_20250624_102050414_HDR.jpg,Colombia,Cali
IMG_20250624_102125507_HDR.jpg,Colombia,Cali
IMG_20250624_102531217_HDR.jpg,Colombia,Cali
IMG_20250624_102703922_HDR.jpg,Colombia,Cali
IMG_20250624_102907207_HDR.jpg,Colombia,Cali
IMG_20250624_103106862_HDR.jpg,Colombia,Cali
IMG_20250624_103441545_HDR.jpg,Colombia,Cali
IMG_20250624_103614334_HDR.jpg,Colombia,Cali
IMG_20250624_103624008_HDR.jpg,Colombia,Cali
IMG_20250624_103850147_HDR.jpg,Colombia,Cali
IMG_20250624_103921861_HDR.jpg,Colombia,Cali
IMG_20250624_104006848_HDR.jpg,Colombia,Cali
IMG_20250624_105211639_HDR.jpg,Colombia,Cali
IMG_20250624_105258252_HDR.jpg,Colombia,Cali
IMG_20250624_105321329_HDR.jpg,Colombia,Cali
IMG_20250624_105344067_HDR.jpg,Colombia,Cali
IMG_20250624_105609075_HDR.jpg,Colombia,Cali
IMG_20250624_105703085_HDR.jpg,Colombia,Cali
IMG_20250624_105800185_HDR.jpg,Colombia,Cali
IMG_20250624_105829633_HDR.jpg,Colombia,Cali
IMG_20250624_110005663_HDR.jpg,Colombia,Cali
IMG_20250624_110605909_HDR.jpg,Colombia,Cali
IMG_20250624_110727512_HDR.jpg,Colombia,Cali
IMG_20250624_110831045_HDR.jpg,Colombia,Cali
IMG_20250624_110838937_HDR.jpg,Colombia,Cali
IMG_20250624_111113462_HDR.jpg,Colombia,Cali
IMG_20250624_111329026_HDR.jpg,Colombia,Cali
IMG_20250624_111423891_HDR.jpg,Colombia,Cali
IMG_20250624_111506565_HDR.jpg,Colombia,Cali
IMG_20250624_111554689_HDR.jpg,Colombia,Cali
IMG_20250624_111931699_HDR.jpg,Colombia,Cali
IMG_20250624_112007234_HDR.jpg,Colombia,Cali
IMG_20250624_112035664_HDR.jpg,Colombia,Cali
IMG_20250624_112225943_HDR.jpg,Colombia,Cali
IMG_20250624_112247890_HDR.jpg,Colombia,Cali
IMG_20250624_112322646_HDR.jpg,Colombia,Cali
IMG_20250624_112449224_HDR.jpg,Colombia,Cali
IMG_20250624_112550253_HDR.jpg,Colombia,Cali
IMG_20250624_112729461_HDR.jpg,Colombia,Cali
IMG_20250624_112816064_HDR.jpg,Colombia,Cali
IMG_20250624_112835005_HDR.jpg,Colombia,Cali
IMG_20250624_112910391_HDR.jpg,Colombia,Cali
IMG_20250624_112933462_HDR.jpg,Colombia,Cali
IMG_20250624_112948716_HDR.jpg,Colombia,Cali
IMG_20250624_113307915_HDR.jpg,Colombia,Cali
IMG_20250624_113526698_HDR.jpg,Colombia,Cali
IMG_20250624_113607504_HDR.jpg,Colombia,Cali
IMG_20250624_113748008_MP.jpg,Colombia,Cali
IMG_20250624_113859559_HDR.jpg,Colombia,Cali
IMG_20250624_114000014_HDR.jpg,Colombia,Cali
IMG_20250624_114143131_HDR.jpg,Colombia,Cali
IMG_20250624_115047137_HDR.jpg,Colombia,Cali
IMG_20250624_115100348_HDR.jpg,Colombia,Cali
IMG_20250624_115133429_HDR.jpg,Colombia,Cali
IMG_20250624_115257438_HDR.jpg,Colombia,Cali
IMG_20250624_115313950_HDR.jpg,Colombia,Cali
IMG_20250624_115329192_HDR.jpg,Colombia,Cali
IMG_20250624_115645663_HDR.jpg,Colombia,Cali
IMG_20250624_115704927_BURST000_COVER_TOP.jpg,Colombia,Cali
IMG_20250624_115829747_HDR.jpg,Colombia,Cali
IMG_20250624_115907991_HDR.jpg,Colombia,Cali
IMG_20250624_120008449_HDR.jpg,Colombia,Cali
IMG_20250624_120011760_HDR.jpg,Colombia,Cali
IMG_20250624_120059201_HDR.jpg,Colombia,Cali
IMG_20250624_120132329_HDR.jpg,Colombia,Cali
IMG_20250624_120238390_HDR.jpg,Colombia,Cali
IMG_20250624_120425178_HDR.jpg,Colombia,Cali
IMG_20250624_120436740_HDR.jpg,Colombia,Cali
IMG_20250624_120501500_HDR.jpg,Colombia,Cali
IMG_20250624_121132639_HDR.jpg,Colombia,Cali
IMG_20250624_121155343_HDR.jpg,Colombia,Cali
IMG_20250624_121255533_HDR.jpg,Colombia,Cali
IMG_20250624_121332976_HDR.jpg,Colombia,Cali
IMG_20250624_121437662_HDR.jpg,Colombia,Cali
IMG_20250624_121521712_HDR.jpg,Colombia,Cali
IMG_20250624_121550773_HDR.jpg,Colombia,Cali
IMG_20250624_121707281_HDR.jpg,Colombia,Cali
IMG_20250624_130140825_HDR.jpg,Colombia,Cali
IMG_20250624_130153827_HDR.jpg,Colombia,Cali
IMG_20250624_130323103_HDR.jpg,Colombia,Cali
IMG_20250624_130359559.jpg,Colombia,Cali
IMG_20250624_130411128_HDR.jpg,Colombia,Cali
IMG_20250624_130438817_HDR.jpg,Colombia,Cali
IMG_20250624_130612306_HDR.jpg,Colombia,Cali
IMG_20250624_130751197_HDR.jpg,Colombia,Cali
IMG_20250624_131459168_HDR.jpg,Colombia,Cali
IMG_20250624_131543413_HDR.jpg,Colombia,Cali
IMG_20250624_131621985_HDR.jpg,Colombia,Cali
IMG_20250624_131700096_HDR.jpg,Colombia,Cali
IMG_20250624_131805737_HDR.jpg,Colombia,Cali
IMG_20250624_131913400_HDR.jpg,Colombia,Cali
IMG_20250624_132130955_HDR.jpg,Colombia,Cali
IMG_20250624_132152912_HDR.jpg,Colombia,Cali
IMG_20250624_132236366_HDR.jpg,Colombia,Cali
IMG_20250624_132428533_HDR.jpg,Colombia,Cali
IMG_20250624_132615055_HDR.jpg,Colombia,Cali
IMG_20250624_133246246_HDR.jpg,Colombia,Cali
IMG_20250624_133316224_HDR.jpg,Colombia,Cali
IMG_20250702_143532043_HDR.jpg,Colombia,Cali
IMG_20250702_143618542_HDR.jpg,Colombia,Cali
IMG_20250702_143628282_HDR.jpg,Colombia,Cali
IMG_20250702_143827656_HDR.jpg,Colombia,Cali
IMG_20250702_143945210_HDR.jpg,Colombia,Cali
IMG_20250702_144330860_HDR.jpg,Colombia,Cali
IMG_20250702_144340982_HDR.jpg,Colombia,Cali
IMG_20250702_144540238_HDR.jpg,Colombia,Cali
IMG_20250702_144631613_HDR.jpg,Colombia,Cali
IMG_20250702_144638569_HDR.jpg,Colombia,Cali
IMG_20250702_144648131_HDR.jpg,Colombia,Cali
IMG_20250702_144709849_HDR.jpg,Colombia,Cali
IMG_20250702_144737639_HDR.jpg,Colombia,Cali
IMG_20250702_144756605_HDR.jpg,Colombia,Cali
IMG_20250702_145328369_HDR.jpg,Colombia,Cali
IMG_20250702_145508758_HDR.jpg,Colombia,Cali
IMG_20250702_145612134_HDR.jpg,Colombia,Cali
IMG_20250702_145623097_HDR.jpg,Colombia,Cali
IMG_20250702_145759602_HDR.jpg,Colombia,Cali
IMG_20250702_145913802_HDR.jpg,Colombia,Cali
IMG_20250702_145928465_HDR.jpg,Colombia,Cali
IMG_20250702_150337751_HDR.jpg,Colombia,Cali
IMG_20250702_150357410_HDR.jpg,Colombia,Cali
IMG_20250702_150431318_HDR.jpg,Colombia,Cali
IMG_20250702_150622578_HDR.jpg,Colombia,Cali
IMG_20250702_150742804_HDR.jpg,Colombia,Cali
IMG_20250702_151101632_HDR.jpg,Colombia,Cali
IMG_20250702_151135356_HDR.jpg,Colombia,Cali
IMG_20250702_151223105_HDR.jpg,Colombia,Cali
IMG_20250702_151523180_HDR.jpg,Colombia,Cali
IMG_20250702_152100554_HDR.jpg,Colombia,Cali
IMG_20250702_152137110_HDR.jpg,Colombia,Cali
IMG_20250702_152141579_HDR.jpg,Colombia,Cali
IMG_20250702_152442361_HDR.jpg,Colombia,Cali
IMG_20250702_152740796_HDR.jpg,Colombia,Cali
IMG_20250702_152800199_HDR.jpg,Colombia,Cali
IMG_20250702_152811762_HDR.jpg,Colombia,Cali
IMG_20250702_152829682_HDR.jpg,Colombia,Cali
IMG_20250702_152939200_HDR.jpg,Colombia,Cali
IMG_20250702_152954288_HDR.jpg,Colombia,Cali
IMG_20250702_153031974_HDR.jpg,Colombia,Cali
IMG_20250702_153050269_HDR.jpg,Colombia,Cali
IMG_20250702_153057876_HDR.jpg,Colombia,Cali
IMG_20250702_153232548_HDR.jpg,Colombia,Cali
IMG_20250702_153312762_HDR.jpg,Colombia,Cali
IMG_20250702_153323856_HDR.jpg,Colombia,Cali
IMG_20250702_153359994_HDR.jpg,Colombia,Cali
IMG_20250702_153401780_HDR.jpg,Colombia,Cali
IMG_20250702_153424274_HDR.jpg,Colombia,Cali
IMG_20250702_153430845_HDR.jpg,Colombia,Cali
IMG_20250702_153439150_HDR.jpg,Colombia,Cali
IMG_20250702_154346953_HDR.jpg,Colombia,Cali
IMG_20250702_154508483.jpg,Colombia,Cali
IMG_20250702_154929042_HDR.jpg,Colombia,Cali
IMG_20250702_155022911_HDR.jpg,Colombia,Cali
IMG_20250702_155035119_HDR.jpg,Colombia,Cali
IMG_20250702_155050115_HDR.jpg,Colombia,Cali
IMG_20250702_155054143.jpg,Colombia,Cali
IMG_20250702_155058055_HDR.jpg,Colombia,Cali
IMG_20250702_155152519_HDR.jpg,Colombia,Cali
IMG_20250702_155248018_HDR.jpg,Colombia,Cali
IMG_20250702_155305740_HDR.jpg,Colombia,Cali
IMG_20250702_155428077_HDR.jpg,Colombia,Cali
IMG_20250702_155510734_HDR.jpg,Colombia,Cali
IMG_20250702_155518101_HDR.jpg,Colombia,Cali
IMG_20250702_155528843_HDR.jpg,Colombia,Cali
IMG_20250702_155530297_HDR.jpg,Colombia,Cali
IMG_20250702_155819066_HDR.jpg,Colombia,Cali
IMG_20250702_155830811_HDR.jpg,Colombia,Cali
IMG_20250702_155844440_HDR.jpg,Colombia,Cali
IMG_20250702_160233494_HDR.jpg,Colombia,Cali
IMG_20250702_160323396_HDR.jpg,Colombia,Cali
IMG_20250702_160326433_HDR.jpg,Colombia,Cali
IMG_20250702_160408111_HDR.jpg,Colombia,Cali
IMG_20250702_160438401_HDR.jpg,Colombia,Cali
IMG_20250702_160505265.jpg,Colombia,Cali
IMG_20250702_160714192_HDR.jpg,Colombia,Cali
IMG_20250702_161024960.jpg,Colombia,Cali
IMG_20250702_161032054.jpg,Colombia,Cali
IMG_20250702_161101098_HDR.jpg,Colombia,Cali
IMG_20250702_161215436_HDR.jpg,Colombia,Cali
IMG_20250702_161335901_HDR.jpg,Colombia,Cali
IMG_20250702_161344311_HDR.jpg,Colombia,Cali
IMG_20250702_161420433.jpg,Colombia,Cali
IMG_20250702_161430654_HDR.jpg,Colombia,Cali
IMG_20250702_161446088_HDR.jpg,Colombia,Cali
IMG_20250702_162333340_HDR.jpg,Colombia,Cali
IMG_20250702_162359877_HDR.jpg,Colombia,Cali
IMG_20250702_162419378_HDR.jpg,Colombia,Cali
IMG_20250702_163557441_HDR.jpg,Colombia,Cali
IMG_20250702_163629395_HDR.jpg,Colombia,Cali
IMG_20250702_163644184_HDR.jpg,Colombia,Cali
IMG_20250702_163706989_HDR.jpg,Colombia,Cali
IMG_20250702_163737318_HDR.jpg,Colombia,Cali
IMG_20250702_163752795_HDR.jpg,Colombia,Cali
IMG_20250702_163814640_HDR.jpg,Colombia,Cali
IMG_20250702_163946500_HDR.jpg,Colombia,Cali
IMG_20250702_164155216_HDR.jpg,Colombia,Cali
IMG_20250704_112329898_HDR.jpg,Colombia,Cali
IMG_20250704_112507365_HDR.jpg,Colombia,Cali
IMG_20250704_112520020_HDR.jpg,Colombia,Cali
IMG_20250704_112534642_HDR.jpg,Colombia,Cali
IMG_20250704_112606701_HDR.jpg,Colombia,Cali
IMG_20250704_112805179_HDR.jpg,Colombia,Cali
IMG_20250704_112824711_HDR.jpg,Colombia,Cali
IMG_20250704_112835557_HDR.jpg,Colombia,Cali
IMG_20250704_112849319_HDR.jpg,Colombia,Cali
IMG_20250704_112923797_HDR.jpg,Colombia,Cali
IMG_20250704_112936251_HDR.jpg,Colombia,Cali
IMG_20250704_112943049_HDR.jpg,Colombia,Cali
IMG_20250704_112951593_HDR.jpg,Colombia,Cali
IMG_20250704_113038987_HDR.jpg,Colombia,Cali
IMG_20250704_113054274_HDR.jpg,Colombia,Cali
IMG_20250704_113115214_HDR.jpg,Colombia,Cali
IMG_20250704_113129838_HDR.jpg,Colombia,Cali
IMG_20250704_113142176_HDR.jpg,Colombia,Cali
IMG_20250704_113204990_HDR.jpg,Colombia,Cali
IMG_20250704_113215775_HDR.jpg,Colombia,Cali
IMG_20250704_113229209_HDR.jpg,Colombia,Cali
IMG_20250704_113412898_HDR.jpg,Colombia,Cali
IMG_20250704_113423274_HDR.jpg,Colombia,Cali
IMG_20250704_113448455_HDR.jpg,Colombia,Cali
IMG_20250704_113457646_HDR.jpg,Colombia,Cali
IMG_20250704_113550226_HDR.jpg,Colombia,Cali
IMG_20250704_113626259_HDR.jpg,Colombia,Cali
IMG_20250704_113637707_HDR.jpg,Colombia,Cali
IMG_20250704_113716714_HDR.jpg,Colombia,Cali
IMG_20250704_113739883_HDR.jpg,Colombia,Cali
IMG_20250704_113807143_HDR.jpg,Colombia,Cali
IMG_20250704_113831369_HDR.jpg,Colombia,Cali
IMG_20250704_113906206_HDR.jpg,Colombia,Cali
IMG_20250704_114042998_HDR.jpg,Colombia,Cali
IMG_20250704_114314250_HDR.jpg,Colombia,Cali
IMG_20250704_114517647_HDR.jpg,Colombia,Cali
IMG_20250704_114532335_HDR.jpg,Colombia,Cali
IMG_20250704_114645492_HDR.jpg,Colombia,Cali
IMG_20250704_114657515_HDR.jpg,Colombia,Cali
IMG_20250704_114728114_HDR.jpg,Colombia,Cali
IMG_20250704_114948854_HDR.jpg,Colombia,Cali
IMG_20250704_114959910.jpg,Colombia,Cali
IMG_20250704_115125153_HDR.jpg,Colombia,Cali
IMG_20250704_115322627_HDR.jpg,Colombia,Cali
IMG_20250704_115558180_HDR.jpg,Colombia,Cali
IMG_20250704_115607404_HDR.jpg,Colombia,Cali
IMG_20250704_115713405_HDR.jpg,Colombia,Cali
IMG_20250704_115829680_HDR.jpg,Colombia,Cali
IMG_20250704_115942832_HDR.jpg,Colombia,Cali
IMG_20250704_115958286.jpg,Colombia,Cali
IMG_20250704_120018505_HDR.jpg,Colombia,Cali
IMG_20250704_120148939_HDR.jpg,Colombia,Cali
IMG_20250704_120206046_HDR.jpg,Colombia,Cali
IMG_20250704_120232220_HDR.jpg,Colombia,Cali
IMG_20250704_120240931_HDR.jpg,Colombia,Cali
IMG_20250704_120246866_HDR.jpg,Colombia,Cali
IMG_20250704_120248246_HDR.jpg,Colombia,Cali
IMG_20250704_120304231_HDR.jpg,Colombia,Cali
IMG_20250704_120312591_HDR.jpg,Colombia,Cali
IMG_20250704_120335051_HDR.jpg,Colombia,Cali
IMG_20250704_120405893.jpg,Colombia,Cali
IMG_20250704_120412429_HDR.jpg,Colombia,Cali
IMG_20250704_120429206_HDR.jpg,Colombia,Cali
IMG_20250704_120444901_HDR.jpg,Colombia,Cali
IMG_20250704_120450110_HDR.jpg,Colombia,Cali
IMG_20250704_120458702_HDR.jpg,Colombia,Cali
IMG_20250704_120625434_HDR.jpg,Colombia,Cali
IMG_203.jpg,Colombia,Bogota
IMG_203_1.jpg,Colombia,Bogota
IMG_204.jpg,Colombia,Bogota
IMG_204_1.jpg,Colombia,Bogota
IMG_208.jpg,Colombia,Bogota
IMG_208_1.jpg,Colombia,Bogota
IMG_209.jpg,Colombia,Bogota
IMG_209_1.jpg,Colombia,Bogota
IMG_210.jpg,Colombia,Bogota
IMG_210_1.jpg,Colombia,Bogota
IMG_211.jpg,Colombia,Bogota
IMG_213.jpg,Colombia,Bogota
IMG_213_1.jpg,Colombia,Bogota
IMG_216.jpg,Colombia,Bogota
IMG_216_1.jpg,Colombia,Bogota
IMG_218.jpg,Colombia,Bogota
IMG_219_1.jpg,Colombia,Bogota
IMG_22.jpg,Colombia,Bogota
IMG_220.jpg,Colombia,Bogota
IMG_221.jpg,Colombia,Bogota
IMG_223.jpg,Colombia,Bogota
IMG_223_1.jpg,Colombia,Bogota
IMG_226.jpg,Colombia,Bogota
IMG_23.jpg,Colombia,Bogota
IMG_233.jpg,Colombia,Bogota
IMG_234.jpg,Colombia,Bogota
IMG_234_1.jpg,Colombia,Bogota
IMG_236.jpg,Colombia,Bogota
IMG_236_1.jpg,Colombia,Bogota
IMG_238.jpg,Colombia,Bogota
IMG_239_1.jpg,Colombia,Bogota
IMG_23_1.jpg,Colombia,Bogota
IMG_24.jpg,Colombia,Bogota
IMG_241.jpg,Colombia,Bogota
IMG_241_1.jpg,Colombia,Bogota
IMG_243_1.jpg,Colombia,Bogota
IMG_244.jpg,Colombia,Bogota
IMG_245.jpg,Colombia,Bogota
IMG_245_1.jpg,Colombia,Bogota
IMG_246.jpg,Colombia,Bogota
IMG_247_1.jpg,Colombia,Bogota
IMG_248.jpg,Colombia,Bogota
IMG_248_1.jpg,Colombia,Bogota
IMG_249.jpg,Colombia,Bogota
IMG_24_1.jpg,Colombia,Bogota
IMG_25.jpg,Colombia,Bogota
IMG_250.jpg,Colombia,Bogota
IMG_250_1.jpg,Colombia,Bogota
IMG_251.jpg,Colombia,Bogota
IMG_251_1.jpg,Colombia,Bogota
IMG_252_1.jpg,Colombia,Bogota
IMG_253.jpg,Colombia,Bogota
IMG_254.jpg,Colombia,Bogota
IMG_254_1.jpg,Colombia,Bogota
IMG_255.jpg,Colombia,Bogota
IMG_256.jpg,Colombia,Bogota
IMG_256_1.jpg,Colombia,Bogota
IMG_257.jpg,Colombia,Bogota
IMG_257_1.jpg,Colombia,Bogota
IMG_259.jpg,Colombia,Bogota
IMG_25_1.jpg,Colombia,Bogota
IMG_260.jpg,Colombia,Bogota
IMG_262.jpg,Colombia,Bogota
IMG_262_1.jpg,Colombia,Bogota
IMG_263.jpg,Colombia,Bogota
IMG_263_1.jpg,Colombia,Bogota
IMG_264.jpg,Colombia,Bogota
IMG_266.jpg,Colombia,Bogota
IMG_266_1.jpg,Colombia,Bogota
IMG_267_1.jpg,Colombia,Bogota
IMG_267_2.jpg,Colombia,Bogota
IMG_268.jpg,Colombia,Bogota
IMG_268_1.jpg,Colombia,Bogota
IMG_27.jpg,Colombia,Bogota
IMG_270_1.jpg,Colombia,Bogota
IMG_271_1.jpg,Colombia,Bogota
IMG_272.jpg,Colombia,Bogota
IMG_273_1.jpg,Colombia,Bogota
IMG_274.jpg,Colombia,Bogota
IMG_274_1.jpg,Colombia,Bogota
IMG_275.jpg,Colombia,Bogota
IMG_275_1.jpg,Colombia,Bogota
IMG_276.jpg,Colombia,Bogota
IMG_277.jpg,Colombia,Bogota
IMG_277_1.jpg,Colombia,Bogota
IMG_278.jpg,Colombia,Bogota
IMG_278_1.jpg,Colombia,Bogota
IMG_279.jpg,Colombia,Bogota
IMG_279_1.jpg,Colombia,Bogota
IMG_28.jpg,Colombia,Bogota
IMG_280.jpg,Colombia,Bogota
IMG_280_1.jpg,Colombia,Bogota
IMG_281.jpg,Colombia,Bogota
IMG_2811.jpg,Mexico,Mexico City
IMG_2823.jpg,Mexico,Mexico City
IMG_283_1.jpg,Colombia,Bogota
IMG_284.jpg,Colombia,Bogota
IMG_284_1.jpg,Colombia,Bogota
IMG_285.jpg,Colombia,Bogota
IMG_2859.jpg,Mexico,Mexico City
IMG_285_1.jpg,Colombia,Bogota
IMG_286.jpg,Colombia,Bogota
IMG_286_1.jpg,Colombia,Bogota
IMG_287_1.jpg,Colombia,Bogota
IMG_289.jpg,Colombia,Bogota
IMG_2892.jpg,Mexico,Mexico City
IMG_29.jpg,Colombia,Bogota
IMG_290.jpg,Colombia,Bogota
IMG_292.jpg,Colombia,Bogota
IMG_293_1.jpg,Colombia,Bogota
IMG_294.jpg,Colombia,Bogota
IMG_294_1.jpg,Colombia,Bogota
IMG_295.jpg,Colombia,Bogota
IMG_296.jpg,Colombia,Bogota
IMG_296_1.jpg,Colombia,Bogota
IMG_297.jpg,Colombia,Bogota
IMG_2975.jpg,Mexico,Mexico City
IMG_2979.jpg,Mexico,Mexico City
IMG_298.jpg,Colombia,Bogota
IMG_299.jpg,Colombia,Bogota
IMG_2996.jpg,Mexico,Mexico City
IMG_299_1.jpg,Colombia,Bogota
IMG_3.jpg,Colombia,Bogota
IMG_30.jpg,Colombia,Bogota
IMG_300_1.jpg,Colombia,Bogota
IMG_302.jpg,Colombia,Bogota
IMG_304_1.jpg,Colombia,Bogota
IMG_306.jpg,Colombia,Bogota
IMG_308.jpg,Colombia,Bogota
IMG_308_1.jpg,Colombia,Bogota
IMG_309.jpg,Colombia,Bogota
IMG_309_1.jpg,Colombia,Bogota
IMG_31.jpg,Colombia,Bogota
IMG_310_1.jpg,Colombia,Bogota
IMG_311_1.jpg,Colombia,Bogota
IMG_312.jpg,Colombia,Bogota
IMG_3122.jpg,Mexico,Mexico City
IMG_312_1.jpg,Colombia,Bogota
IMG_313.jpg,Colombia,Bogota
IMG_3137.jpg,Mexico,Mexico City
IMG_314.jpg,Colombia,Bogota
IMG_317.jpg,Colombia,Bogota
IMG_318_1.jpg,Colombia,Bogota
IMG_319.jpg,Colombia,Bogota
IMG_319_1.jpg,Colombia,Bogota
IMG_32.jpg,Colombia,Bogota
IMG_320.jpg,Colombia,Bogota
IMG_320_1.jpg,Colombia,Bogota
IMG_323.jpg,Colombia,Bogota
IMG_3255.jpg,Mexico,Mexico City
IMG_326.jpg,Colombia,Bogota
IMG_326_1.jpg,Colombia,Bogota
IMG_328.jpg,Colombia,Bogota
IMG_328_1.jpg,Colombia,Bogota
IMG_329.jpg,Colombia,Bogota
IMG_32_1.jpg,Colombia,Bogota
IMG_33.jpg,Colombia,Bogota
IMG_3316.jpg,Mexico,Mexico City
IMG_331_1.jpg,Colombia,Bogota
IMG_332.jpg,Colombia,Bogota
IMG_333.jpg,Colombia,Bogota
IMG_335.jpg,Colombia,Bogota
IMG_336.jpg,Colombia,Bogota
IMG_336_1.jpg,Colombia,Bogota
IMG_338_1.jpg,Colombia,Bogota
IMG_340.jpg,Colombia,Bogota
IMG_340_1.jpg,Colombia,Bogota
IMG_341_1.jpg,Colombia,Bogota
IMG_342_1.jpg,Colombia,Bogota
IMG_344.jpg,Colombia,Bogota
IMG_344_1.jpg,Colombia,Bogota
IMG_345.jpg,Colombia,Bogota
IMG_348.jpg,Colombia,Bogota
IMG_3493.jpg,Mexico,Mexico City
IMG_35.jpg,Colombia,Bogota
IMG_350.jpg,Colombia,Bogota
IMG_3506.jpg,Mexico,Mexico City
IMG_351.jpg,Colombia,Bogota
IMG_352.jpg,Colombia,Bogota
IMG_352_1.jpg,Colombia,Bogota
IMG_353_1.jpg,Colombia,Bogota
IMG_355.jpg,Colombia,Bogota
IMG_3552.jpg,Mexico,Mexico City
IMG_356_1.jpg,Colombia,Bogota
IMG_358.jpg,Colombia,Bogota
IMG_358_1.jpg,Colombia,Bogota
IMG_359.jpg,Colombia,Bogota
IMG_35_1.jpg,Colombia,Bogota
IMG_361_1.jpg,Colombia,Bogota
IMG_362.jpg,Colombia,Bogota
IMG_362_1.jpg,Colombia,Bogota
IMG_364.jpg,Colombia,Bogota
IMG_364_1.jpg,Colombia,Bogota
IMG_365.jpg,Colombia,Bogota
IMG_365_1.jpg,Colombia,Bogota
IMG_366.jpg,Colombia,Bogota
IMG_367.jpg,Colombia,Bogota
IMG_367_1.jpg,Colombia,Bogota
IMG_368.jpg,Colombia,Bogota
IMG_3688.jpg,Mexico,Mexico City
IMG_369.jpg,Colombia,Bogota
IMG_37.jpg,Colombia,Bogota
IMG_370.jpg,Colombia,Bogota
IMG_371.jpg,Colombia,Bogota
IMG_372.jpg,Colombia,Bogota
IMG_376.jpg,Colombia,Bogota
IMG_3770.jpg,Mexico,Mexico City
IMG_379.jpg,Colombia,Bogota
IMG_3796.jpg,Mexico,Mexico City
IMG_37_1.jpg,Colombia,Bogota
IMG_380.jpg,Colombia,Bogota
IMG_381.jpg,Colombia,Bogota
IMG_382.jpg,Colombia,Bogota
IMG_383.jpg,Colombia,Bogota
IMG_3834.jpg,Mexico,Mexico City
IMG_384.jpg,Colombia,Bogota
IMG_3840.jpg,Mexico,Mexico City
IMG_3847.jpg,Mexico,Mexico City
IMG_385.jpg,Colombia,Bogota
IMG_386.jpg,Colombia,Bogota
IMG_387.jpg,Colombia,Bogota
IMG_3872.jpg,Mexico,Mexico City
IMG_388.jpg,Colombia,Bogota
IMG_38_1.jpg,Colombia,Bogota
IMG_39.jpg,Colombia,Bogota
IMG_390.jpg,Colombia,Bogota
IMG_391.jpg,Colombia,Bogota
IMG_394.jpg,Colombia,Bogota
IMG_397.jpg,Colombia,Bogota
IMG_39_1.jpg,Colombia,Bogota
IMG_3_1.jpg,Colombia,Bogota
IMG_4.jpg,Colombia,Bogota
IMG_40.jpg,Colombia,Bogota
IMG_400.jpg,Colombia,Bogota
IMG_402.jpg,Colombia,Bogota
IMG_4020.jpg,Mexico,Mexico City
IMG_403.jpg,Colombia,Bogota
IMG_404.jpg,Colombia,Bogota
IMG_406.jpg,Colombia,Bogota
IMG_407.jpg,Colombia,Bogota
IMG_4070-1.jpg,Mexico,Mexico City
IMG_409.jpg,Colombia,Bogota
IMG_4091.jpg,Mexico,Mexico City
IMG_4104-1.jpg,Mexico,Mexico City
IMG_411.jpg,Colombia,Bogota
IMG_413.jpg,Colombia,Bogota
IMG_4131.jpg,Mexico,Mexico City
IMG_4133.jpg,Mexico,Mexico City
IMG_416.jpg,Colombia,Bogota
IMG_419.jpg,Colombia,Bogota
IMG_41_1.jpg,Colombia,Bogota
IMG_42.jpg,Colombia,Bogota
IMG_420.jpg,Colombia,Bogota
IMG_421.jpg,Colombia,Bogota
IMG_422.jpg,Colombia,Bogota
IMG_423.jpg,Colombia,Bogota
IMG_426.jpg,Colombia,Bogota
IMG_427.jpg,Colombia,Bogota
IMG_4272.jpg,Mexico,Mexico City
IMG_428.jpg,Colombia,Bogota
IMG_429.jpg,Colombia,Bogota
IMG_43.jpg,Colombia,Bogota
IMG_432.jpg,Colombia,Bogota
IMG_436.jpg,Colombia,Bogota
IMG_438.jpg,Colombia,Bogota
IMG_439.jpg,Colombia,Bogota
IMG_44.jpg,Colombia,Bogota
IMG_441.jpg,Colombia,Bogota
IMG_444.jpg,Colombia,Bogota
IMG_4441.jpg,Mexico,Mexico City
IMG_445.jpg,Colombia,Bogota
IMG_44_1.jpg,Colombia,Bogota
IMG_45.jpg,Colombia,Bogota
IMG_450.jpg,Colombia,Bogota
IMG_451.jpg,Colombia,Bogota
IMG_452.jpg,Colombia,Bogota
IMG_453.jpg,Colombia,Bogota
IMG_454.jpg,Colombia,Bogota
IMG_455.jpg,Colombia,Bogota
IMG_457.jpg,Colombia,Bogota
IMG_45_1.jpg,Colombia,Bogota
IMG_464.jpg,Colombia,Bogota
IMG_465.jpg,Colombia,Bogota
IMG_466.jpg,Colombia,Bogota
IMG_467.jpg,Colombia,Bogota
IMG_468.jpg,Colombia,Bogota
IMG_4681.jpg,Mexico,Mexico City
IMG_469.jpg,Colombia,Bogota
IMG_46_1.jpg,Colombia,Bogota
IMG_470.jpg,Colombia,Bogota
IMG_471.jpg,Colombia,Bogota
IMG_4713.jpg,Mexico,Mexico City
IMG_472.jpg,Colombia,Bogota
IMG_473.jpg,Colombia,Bogota
IMG_475.jpg,Colombia,Bogota
IMG_476.jpg,Colombia,Bogota
IMG_478.jpg,Colombia,Bogota
IMG_479.jpg,Colombia,Bogota
IMG_47_1.jpg,Colombia,Bogota
IMG_480.jpg,Colombia,Bogota
IMG_482.jpg,Colombia,Bogota
IMG_483.jpg,Colombia,Bogota
IMG_484.jpg,Colombia,Bogota
IMG_486.jpg,Colombia,Bogota
IMG_489.jpg,Colombia,Bogota
IMG_48_1.jpg,Colombia,Bogota
IMG_49.jpg,Colombia,Bogota
IMG_490.jpg,Colombia,Bogota
IMG_492.jpg,Colombia,Bogota
IMG_493.jpg,Colombia,Bogota
IMG_494.jpg,Colombia,Bogota
IMG_496.jpg,Colombia,Bogota
IMG_499.jpg,Colombia,Bogota
IMG_49_1.jpg,Colombia,Bogota
IMG_5.jpg,Colombia,Bogota
IMG_500.jpg,Colombia,Bogota
IMG_504.jpg,Colombia,Bogota
IMG_504_1.jpg,Colombia,Bogota
IMG_506.jpg,Colombia,Bogota
IMG_506_1.jpg,Colombia,Bogota
IMG_510.jpg,Colombia,Bogota
IMG_510_1.jpg,Colombia,Bogota
IMG_512.jpg,Colombia,Bogota
IMG_512_1.jpg,Colombia,Bogota
IMG_513.jpg,Colombia,Bogota
IMG_514.jpg,Colombia,Bogota
IMG_515.jpg,Colombia,Bogota
IMG_515_1.jpg,Colombia,Bogota
IMG_516.jpg,Colombia,Bogota
IMG_517.jpg,Colombia,Bogota
IMG_517_1.jpg,Colombia,Bogota
IMG_518.jpg,Colombia,Bogota
IMG_518_1.jpg,Colombia,Bogota
IMG_519.jpg,Colombia,Bogota
IMG_52.jpg,Colombia,Bogota
IMG_522.jpg,Colombia,Bogota
IMG_522_1.jpg,Colombia,Bogota
IMG_523.jpg,Colombia,Bogota
IMG_524.jpg,Colombia,Bogota
IMG_524_1.jpg,Colombia,Bogota
IMG_528_1.jpg,Colombia,Bogota
IMG_52_1.jpg,Colombia,Bogota
IMG_53.jpg,Colombia,Bogota
IMG_530.jpg,Colombia,Bogota
IMG_531.jpg,Colombia,Bogota
IMG_531_1.jpg,Colombia,Bogota
IMG_533.jpg,Colombia,Bogota
IMG_534.jpg,Colombia,Bogota
IMG_534_1.jpg,Colombia,Bogota
IMG_536_1.jpg,Colombia,Bogota
IMG_537.jpg,Colombia,Bogota
IMG_538.jpg,Colombia,Bogota
IMG_539.jpg,Colombia,Bogota
IMG_539_1.jpg,Colombia,Bogota
IMG_53_1.jpg,Colombia,Bogota
IMG_54.jpg,Colombia,Bogota
IMG_540_1.jpg,Colombia,Bogota
IMG_542_1.jpg,Colombia,Bogota
IMG_543.jpg,Colombia,Bogota
IMG_544.jpg,Colombia,Bogota
IMG_546.jpg,Colombia,Bogota
IMG_546_1.jpg,Colombia,Bogota
IMG_547.jpg,Colombia,Bogota
IMG_548.jpg,Colombia,Bogota
IMG_54_1.jpg,Colombia,Bogota
IMG_55.jpg,Colombia,Bogota
IMG_550.jpg,Colombia,Bogota
IMG_550_1.jpg,Colombia,Bogota
IMG_555.jpg,Colombia,Bogota
IMG_556.jpg,Colombia,Bogota
IMG_558.jpg,Colombia,Bogota
IMG_561.jpg,Colombia,Bogota
IMG_562.jpg,Colombia,Bogota
IMG_567.jpg,Colombia,Bogota
IMG_567_1.jpg,Colombia,Bogota
IMG_570.jpg,Colombia,Bogota
IMG_576.jpg,Colombia,Bogota
IMG_576_1.jpg,Colombia,Bogota
IMG_58.jpg,Colombia,Bogota
IMG_580.jpg,Colombia,Bogota
IMG_585.jpg,Colombia,Bogota
IMG_589.jpg,Colombia,Bogota
IMG_589_1.jpg,Colombia,Bogota
IMG_58_1.jpg,Colombia,Bogota
IMG_592.jpg,Colombia,Bogota
IMG_593.jpg,Colombia,Bogota
IMG_593_1.jpg,Colombia,Bogota
IMG_594.jpg,Colombia,Bogota
IMG_598.jpg,Colombia,Bogota
IMG_5_1.jpg,Colombia,Bogota
IMG_6.jpg,Colombia,Bogota
IMG_60.jpg,Colombia,Bogota
IMG_602_1.jpg,Colombia,Bogota
IMG_604.jpg,Colombia,Bogota
IMG_607.jpg,Colombia,Bogota
IMG_607_1.jpg,Colombia,Bogota
IMG_608.jpg,Colombia,Bogota
IMG_609.jpg,Colombia,Bogota
IMG_613.jpg,Colombia,Bogota
IMG_614_1.jpg,Colombia,Bogota
IMG_615.jpg,Colombia,Bogota
IMG_616.jpg,Colombia,Bogota
IMG_617.jpg,Colombia,Bogota
IMG_618.jpg,Colombia,Bogota
IMG_619.jpg,Colombia,Bogota
IMG_62.jpg,Colombia,Bogota
IMG_622_1.jpg,Colombia,Bogota
IMG_623_1.jpg,Colombia,Bogota
IMG_624.jpg,Colombia,Bogota
IMG_625.jpg,Colombia,Bogota
IMG_626.jpg,Colombia,Bogota
IMG_627_1.jpg,Colombia,Bogota
IMG_6287.jpg,Mexico,La Paz
IMG_628_1.jpg,Colombia,Bogota
IMG_6295.jpg,Mexico,La Paz
IMG_62_1.jpg,Colombia,Bogota
IMG_6309.jpg,Mexico,La Paz
IMG_6311.jpg,Mexico,La Paz
IMG_6316.jpg,Mexico,La Paz
IMG_6318.jpg,Mexico,La Paz
IMG_6321.jpg,Mexico,La Paz
IMG_6322.jpg,Mexico,La Paz
IMG_6330.jpg,Mexico,La Paz
IMG_6331.jpg,Mexico,La Paz
IMG_6334.jpg,Mexico,La Paz
IMG_6337.jpg,Mexico,La Paz
IMG_6339.jpg,Mexico,La Paz
IMG_634.jpg,Colombia,Bogota
IMG_6343.jpg,Mexico,La Paz
IMG_6346.jpg,Mexico,La Paz
IMG_6358.jpg,Mexico,La Paz
IMG_6360.jpg,Mexico,La Paz
IMG_6364.jpg,Mexico,La Paz
IMG_6366.jpg,Mexico,La Paz
IMG_637.jpg,Colombia,Bogota
IMG_6411.jpg,Mexico,La Paz
IMG_6413.jpg,Mexico,La Paz
IMG_6418.jpg,Mexico,La Paz
IMG_6419.jpg,Mexico,La Paz
IMG_6420.jpg,Mexico,La Paz
IMG_6424.jpg,Mexico,La Paz
IMG_6426.jpg,Mexico,La Paz
IMG_6430.jpg,Mexico,La Paz
IMG_6434.jpg,Mexico,La Paz
IMG_6436.jpg,Mexico,La Paz
IMG_6439.jpg,Mexico,La Paz
IMG_644.jpg,Colombia,Bogota
IMG_6440.jpg,Mexico,La Paz
IMG_6443.jpg,Mexico,La Paz
IMG_6448.jpg,Mexico,La Paz
IMG_6449.jpg,Mexico,La Paz
IMG_644_1.jpg,Colombia,Bogota
IMG_645.jpg,Colombia,Bogota
IMG_647.jpg,Colombia,Bogota
IMG_648.jpg,Colombia,Bogota
IMG_6488.jpg,Mexico,La Paz
IMG_648_1.jpg,Colombia,Bogota
IMG_649.jpg,Colombia,Bogota
IMG_6492.jpg,Mexico,La Paz
IMG_6499.jpg,Mexico,La Paz
IMG_650.jpg,Colombia,Bogota
IMG_6504.jpg,Mexico,La Paz
IMG_651.jpg,Colombia,Bogota
IMG_651_1.jpg,Colombia,Bogota
IMG_653.jpg,Colombia,Bogota
IMG_6534.jpg,Mexico,La Paz
IMG_6535.jpg,Mexico,La Paz
IMG_6536.jpg,Mexico,La Paz
IMG_655.jpg,Colombia,Bogota
IMG_6552.jpg,Mexico,La Paz
IMG_657.jpg,Colombia,Bogota
IMG_6572.jpg,Mexico,La Paz
IMG_6578.jpg,Mexico,La Paz
IMG_6584.jpg,Mexico,La Paz
IMG_6599.jpg,Mexico,La Paz
IMG_65_1.jpg,Colombia,Bogota
IMG_660.jpg,Colombia,Bogota
IMG_6604.jpg,Mexico,La Paz
IMG_661.jpg,Colombia,Bogota
IMG_661_1.jpg,Colombia,Bogota
IMG_6634.jpg,Mexico,La Paz
IMG_6635.jpg,Mexico,La Paz
IMG_664.jpg,Colombia,Bogota
IMG_664_1.jpg,Colombia,Bogota
IMG_665.jpg,Colombia,Bogota
IMG_666.jpg,Colombia,Bogota
IMG_668.jpg,Colombia,Bogota
IMG_669.jpg,Colombia,Bogota
IMG_670.jpg,Colombia,Bogota
IMG_671.jpg,Colombia,Bogota
IMG_673.jpg,Colombia,Bogota
IMG_674.jpg,Colombia,Bogota
IMG_675.jpg,Colombia,Bogota
IMG_676.jpg,Colombia,Bogota
IMG_676_1.jpg,Colombia,Bogota
IMG_6772.jpg,Mexico,La Paz
IMG_678.jpg,Colombia,Bogota
IMG_6781.jpg,Mexico,La Paz
IMG_6782.jpg,Mexico,La Paz
IMG_68.jpg,Colombia,Bogota
IMG_680.jpg,Colombia,Bogota
IMG_6803.jpg,Mexico,La Paz
IMG_680_1.jpg,Colombia,Bogota
IMG_681.jpg,Colombia,Bogota
IMG_6813.jpg,Mexico,La Paz
IMG_6817.jpg,Mexico,La Paz
IMG_6818.jpg,Mexico,La Paz
IMG_6819.jpg,Mexico,La Paz
IMG_6822.jpg,Mexico,La Paz
IMG_6826.jpg,Mexico,La Paz
IMG_6827.jpg,Mexico,La Paz
IMG_682_1.jpg,Colombia,Bogota
IMG_683.jpg,Colombia,Bogota
IMG_6831.jpg,Mexico,La Paz
IMG_6833.jpg,Mexico,La Paz
IMG_6837.jpg,Mexico,La Paz
IMG_6838.jpg,Mexico,La Paz
IMG_684.jpg,Colombia,Bogota
IMG_6844.jpg,Mexico,La Paz
IMG_685.jpg,Colombia,Bogota
IMG_6851.jpg,Mexico,La Paz
IMG_6853.jpg,Mexico,La Paz
IMG_6855.jpg,Mexico,La Paz
IMG_686.jpg,Colombia,Bogota
IMG_6866.jpg,Mexico,La Paz
IMG_686_1.jpg,Colombia,Bogota
IMG_687.jpg,Colombia,Bogota
IMG_6870.jpg,Mexico,La Paz
IMG_6874.jpg,Mexico,La Paz
IMG_6881.jpg,Mexico,La Paz
IMG_6887.jpg,Mexico,La Paz
IMG_6888.jpg,Mexico,La Paz
IMG_688_1.jpg,Colombia,Bogota
IMG_689.jpg,Colombia,Bogota
IMG_6893.jpg,Mexico,La Paz
IMG_689_1.jpg,Colombia,Bogota
IMG_68_1.jpg,Colombia,Bogota
IMG_69.jpg,Colombia,Bogota
IMG_691.jpg,Colombia,Bogota
IMG_692.jpg,Colombia,Bogota
IMG_6920.jpg,Mexico,La Paz
IMG_693.jpg,Colombia,Bogota
IMG_6931.jpg,Mexico,La Paz
IMG_694.jpg,Colombia,Bogota
IMG_6941.jpg,Mexico,La Paz
IMG_695.jpg,Colombia,Bogota
IMG_6950.jpg,Mexico,La Paz
IMG_6951.jpg,Mexico,La Paz
IMG_696.jpg,Colombia,Bogota
IMG_6963.jpg,Mexico,La Paz
IMG_6969.jpg,Mexico,La Paz
IMG_696_1.jpg,Colombia,Bogota
IMG_697.jpg,Colombia,Bogota
IMG_6974.jpg,Mexico,La Paz
IMG_6977.jpg,Mexico,La Paz
IMG_6978.jpg,Mexico,La Paz
IMG_698.jpg,Colombia,Bogota
IMG_699.jpg,Colombia,Bogota
IMG_6991.jpg,Mexico,La Paz
IMG_6992.jpg,Mexico,La Paz
IMG_6999.jpg,Mexico,La Paz
IMG_7.jpg,Colombia,Bogota
IMG_70.jpg,Colombia,Bogota
IMG_7001.jpg,Mexico,La Paz
IMG_7002.jpg,Mexico,La Paz
IMG_701.jpg,Colombia,Bogota
IMG_701_1.jpg,Colombia,Bogota
IMG_702_1.jpg,Colombia,Bogota
IMG_703.jpg,Colombia,Bogota
IMG_703_1.jpg,Colombia,Bogota
IMG_705.jpg,Colombia,Bogota
IMG_709.jpg,Colombia,Bogota
IMG_709_1.jpg,Colombia,Bogota
IMG_71.jpg,Colombia,Bogota
IMG_710.jpg,Colombia,Bogota
IMG_715.jpg,Colombia,Bogota
IMG_715_1.jpg,Colombia,Bogota
IMG_716.jpg,Colombia,Bogota
IMG_718.jpg,Colombia,Bogota
IMG_719.jpg,Colombia,Bogota
IMG_71_1.jpg,Colombia,Bogota
IMG_72.jpg,Colombia,Bogota
IMG_721.jpg,Colombia,Bogota
IMG_725.jpg,Colombia,Bogota
IMG_726.jpg,Colombia,Bogota
IMG_728.jpg,Colombia,Bogota
IMG_728_1.jpg,Colombia,Bogota
IMG_730.jpg,Colombia,Bogota
IMG_730_1.jpg,Colombia,Bogota
IMG_732_1.jpg,Colombia,Bogota
IMG_734.jpg,Colombia,Bogota
IMG_735_1.jpg,Colombia,Bogota
IMG_738.jpg,Colombia,Bogota
IMG_738_1.jpg,Colombia,Bogota
IMG_74.jpg,Colombia,Bogota
IMG_741.jpg,Colombia,Bogota
IMG_741_1.jpg,Colombia,Bogota
IMG_743_1.jpg,Colombia,Bogota
IMG_744.jpg,Colombia,Bogota
IMG_745.jpg,Colombia,Bogota
IMG_746.jpg,Colombia,Bogota
IMG_746_1.jpg,Colombia,Bogota
IMG_747.jpg,Colombia,Bogota
IMG_748.jpg,Colombia,Bogota
IMG_748_1.jpg,Colombia,Bogota
IMG_74_1.jpg,Colombia,Bogota
IMG_750.jpg,Colombia,Bogota
IMG_751.jpg,Colombia,Bogota
IMG_751_1.jpg,Colombia,Bogota
IMG_752.jpg,Colombia,Bogota
IMG_753.jpg,Colombia,Bogota
IMG_754.jpg,Colombia,Bogota
IMG_755.jpg,Colombia,Bogota
IMG_755_1.jpg,Colombia,Bogota
IMG_756_1.jpg,Colombia,Bogota
IMG_757.jpg,Colombia,Bogota
IMG_758.jpg,Colombia,Bogota
IMG_758_1.jpg,Colombia,Bogota
IMG_759.jpg,Colombia,Bogota
IMG_759_1.jpg,Colombia,Bogota
IMG_75_1.jpg,Colombia,Bogota
IMG_76.jpg,Colombia,Bogota
IMG_760_1.jpg,Colombia,Bogota
IMG_762.jpg,Colombia,Bogota
IMG_76_1.jpg,Colombia,Bogota
IMG_770.jpg,Colombia,Bogota
IMG_771.jpg,Colombia,Bogota
IMG_771_1.jpg,Colombia,Bogota
IMG_772.jpg,Colombia,Bogota
IMG_773.jpg,Colombia,Bogota
IMG_776.jpg,Colombia,Bogota
IMG_777.jpg,Colombia,Bogota
IMG_778.jpg,Colombia,Bogota
IMG_77_1.jpg,Colombia,Bogota
IMG_785.jpg,Colombia,Bogota
IMG_785_1.jpg,Colombia,Bogota
IMG_786.jpg,Colombia,Bogota
IMG_788.jpg,Colombia,Bogota
IMG_789_1.jpg,Colombia,Bogota
IMG_79.jpg,Colombia,Bogota
IMG_790_1.jpg,Colombia,Bogota
IMG_791.jpg,Colombia,Bogota
IMG_792.jpg,Colombia,Bogota
IMG_794.jpg,Colombia,Bogota
IMG_796.jpg,Colombia,Bogota
IMG_796_1.jpg,Colombia,Bogota
IMG_797.jpg,Colombia,Bogota
IMG_798_1.jpg,Colombia,Bogota
IMG_799.jpg,Colombia,Bogota
IMG_79_1.jpg,Colombia,Bogota
IMG_8.jpg,Colombia,Bogota
IMG_800.jpg,Colombia,Bogota
IMG_802.jpg,Colombia,Bogota
IMG_803_1.jpg,Colombia,Bogota
IMG_804.jpg,Colombia,Bogota
IMG_805.jpg,Colombia,Bogota
IMG_805_1.jpg,Colombia,Bogota
IMG_806.jpg,Colombia,Bogota
IMG_806_1.jpg,Colombia,Bogota
IMG_807.jpg,Colombia,Bogota
IMG_809.jpg,Colombia,Bogota
IMG_80_1.jpg,Colombia,Bogota
IMG_81.jpg,Colombia,Bogota
IMG_810.jpg,Colombia,Bogota
IMG_810_1.jpg,Colombia,Bogota
IMG_811.jpg,Colombia,Bogota
IMG_812.jpg,Colombia,Bogota
IMG_813.jpg,Colombia,Bogota
IMG_815.jpg,Colombia,Bogota
IMG_815_1.jpg,Colombia,Bogota
IMG_816.jpg,Colombia,Bogota
IMG_81_1.jpg,Colombia,Bogota
IMG_824_1.jpg,Colombia,Bogota
IMG_826_1.jpg,Colombia,Bogota
IMG_828.jpg,Colombia,Bogota
IMG_829.jpg,Colombia,Bogota
IMG_82_1.jpg,Colombia,Bogota
IMG_83.jpg,Colombia,Bogota
IMG_830.jpg,Colombia,Bogota
IMG_830_1.jpg,Colombia,Bogota
IMG_831.jpg,Colombia,Bogota
IMG_831_1.jpg,Colombia,Bogota
IMG_832.jpg,Colombia,Bogota
IMG_833.jpg,Colombia,Bogota
IMG_835_1.jpg,Colombia,Bogota
IMG_837.jpg,Colombia,Bogota
IMG_839.jpg,Colombia,Bogota
IMG_83_1.jpg,Colombia,Bogota
IMG_84.jpg,Colombia,Bogota
IMG_841_1.jpg,Colombia,Bogota
IMG_843.jpg,Colombia,Bogota
IMG_843_1.jpg,Colombia,Bogota
IMG_845.jpg,Colombia,Bogota
IMG_848.jpg,Colombia,Bogota
IMG_84_1.jpg,Colombia,Bogota
IMG_850.jpg,Colombia,Bogota
IMG_853_1.jpg,Colombia,Bogota
IMG_854.jpg,Colombia,Bogota
IMG_854_1.jpg,Colombia,Bogota
IMG_855.jpg,Colombia,Bogota
IMG_857.jpg,Colombia,Bogota
IMG_859.jpg,Colombia,Bogota
IMG_859_1.jpg,Colombia,Bogota
IMG_86.jpg,Colombia,Bogota
IMG_860.jpg,Colombia,Bogota
IMG_861.jpg,Colombia,Bogota
IMG_863.jpg,Colombia,Bogota
IMG_864_1.jpg,Colombia,Bogota
IMG_865_1.jpg,Colombia,Bogota
IMG_866.jpg,Colombia,Bogota
IMG_867.jpg,Colombia,Bogota
IMG_868_1.jpg,Colombia,Bogota
IMG_86_1.jpg,Colombia,Bogota
IMG_87.jpg,Colombia,Bogota
IMG_871.jpg,Colombia,Bogota
IMG_871_1.jpg,Colombia,Bogota
IMG_872.jpg,Colombia,Bogota
IMG_873.jpg,Colombia,Bogota
IMG_875.jpg,Colombia,Bogota
IMG_877.jpg,Colombia,Bogota
IMG_878.jpg,Colombia,Bogota
IMG_879.jpg,Colombia,Bogota
IMG_879_1.jpg,Colombia,Bogota
IMG_87_1.jpg,Colombia,Bogota
IMG_880.jpg,Colombia,Bogota
IMG_880_1.jpg,Colombia,Bogota
IMG_883.jpg,Colombia,Bogota
IMG_883_1.jpg,Colombia,Bogota
IMG_885.jpg,Colombia,Bogota
IMG_885_1.jpg,Colombia,Bogota
IMG_886.jpg,Colombia,Bogota
IMG_889.jpg,Colombia,Bogota
IMG_889_1.jpg,Colombia,Bogota
IMG_88_1.jpg,Colombia,Bogota
IMG_89.jpg,Colombia,Bogota
IMG_890_1.jpg,Colombia,Bogota
IMG_891.jpg,Colombia,Bogota
IMG_891_1.jpg,Colombia,Bogota
IMG_892.jpg,Colombia,Bogota
IMG_893.jpg,Colombia,Bogota
IMG_894.jpg,Colombia,Bogota
IMG_896.jpg,Colombia,Bogota
IMG_899.jpg,Colombia,Bogota
IMG_8_1.jpg,Colombia,Bogota
IMG_90.jpg,Colombia,Bogota
IMG_900_1.jpg,Colombia,Bogota
IMG_901.jpg,Colombia,Bogota
IMG_902.jpg,Colombia,Bogota
IMG_906.jpg,Colombia,Bogota
IMG_906_1.jpg,Colombia,Bogota
IMG_907_1.jpg,Colombia,Bogota
IMG_909.jpg,Colombia,Bogota
IMG_909_1.jpg,Colombia,Bogota
IMG_91.jpg,Colombia,Bogota
IMG_914.jpg,Colombia,Bogota
IMG_914_1.jpg,Colombia,Bogota
IMG_915.jpg,Colombia,Bogota
IMG_915_1.jpg,Colombia,Bogota
IMG_916.jpg,Colombia,Bogota
IMG_918.jpg,Colombia,Bogota
IMG_91_1.jpg,Colombia,Bogota
IMG_92.jpg,Colombia,Bogota
IMG_920_1.jpg,Colombia,Bogota
IMG_922.jpg,Colombia,Bogota
IMG_923_1.jpg,Colombia,Bogota
IMG_927.jpg,Colombia,Bogota
IMG_928.jpg,Colombia,Bogota
IMG_928_1.jpg,Colombia,Bogota
IMG_92_1.jpg,Colombia,Bogota
IMG_93.jpg,Colombia,Bogota
IMG_930.jpg,Colombia,Bogota
IMG_932_1.jpg,Colombia,Bogota
IMG_933.jpg,Colombia,Bogota
IMG_933_1.jpg,Colombia,Bogota
IMG_934.jpg,Colombia,Bogota
IMG_935.jpg,Colombia,Bogota
IMG_936.jpg,Colombia,Bogota
IMG_938.jpg,Colombia,Bogota
IMG_938_1.jpg,Colombia,Bogota
IMG_941_1.jpg,Colombia,Bogota
IMG_942_1.jpg,Colombia,Bogota
IMG_943.jpg,Colombia,Bogota
IMG_943_1.jpg,Colombia,Bogota
IMG_945.jpg,Colombia,Bogota
IMG_945_1.jpg,Colombia,Bogota
IMG_949.jpg,Colombia,Bogota
IMG_949_1.jpg,Colombia,Bogota
IMG_951.jpg,Colombia,Bogota
IMG_952.jpg,Colombia,Bogota
IMG_954.jpg,Colombia,Bogota
IMG_955.jpg,Colombia,Bogota
IMG_956.jpg,Colombia,Bogota
IMG_956_1.jpg,Colombia,Bogota
IMG_957.jpg,Colombia,Bogota
IMG_957_1.jpg,Colombia,Bogota
IMG_958.jpg,Colombia,Bogota
IMG_96.jpg,Colombia,Bogota
IMG_963.jpg,Colombia,Bogota
IMG_966.jpg,Colombia,Bogota
IMG_966_1.jpg,Colombia,Bogota
IMG_968.jpg,Colombia,Bogota
IMG_968_1.jpg,Colombia,Bogota
IMG_969.jpg,Colombia,Bogota
IMG_96_1.jpg,Colombia,Bogota
IMG_97.jpg,Colombia,Bogota
IMG_970.jpg,Colombia,Bogota
IMG_9702.jpg,Mexico,La Paz
IMG_9703.jpg,Mexico,La Paz
IMG_9705.jpg,Mexico,La Paz
IMG_9706.jpg,Mexico,La Paz
IMG_970_1.jpg,Colombia,Bogota
IMG_971.jpg,Colombia,Bogota
IMG_9711.jpg,Mexico,La Paz
IMG_972.jpg,Colombia,Bogota
IMG_972_1.jpg,Colombia,Bogota
IMG_973.jpg,Colombia,Bogota
IMG_9731.jpg,Mexico,La Paz
IMG_9732.jpg,Mexico,La Paz
IMG_9734.jpg,Mexico,La Paz
IMG_9739.jpg,Mexico,La Paz
IMG_9743.jpg,Mexico,La Paz
IMG_9745.jpg,Mexico,La Paz
IMG_9749.jpg,Mexico,La Paz
IMG_974_1.jpg,Colombia,Bogota
IMG_975.jpg,Colombia,Bogota
IMG_9754.jpg,Mexico,La Paz
IMG_9759.jpg,Mexico,La Paz
IMG_975_1.jpg,Colombia,Bogota
IMG_976.jpg,Colombia,Bogota
IMG_9760.jpg,Mexico,La Paz
IMG_9761.jpg,Mexico,La Paz
IMG_9763.jpg,Mexico,La Paz
IMG_9766.jpg,Mexico,La Paz
IMG_9769.jpg,Mexico,La Paz
IMG_976_1.jpg,Colombia,Bogota
IMG_977.jpg,Colombia,Bogota
IMG_9770.jpg,Mexico,La Paz
IMG_9774.jpg,Mexico,La Paz
IMG_9776.jpg,Mexico,La Paz
IMG_978.jpg,Colombia,Bogota
IMG_9780.jpg,Mexico,La Paz
IMG_9782.jpg,Mexico,La Paz
IMG_9785.jpg,Mexico,La Paz
IMG_9786.jpg,Mexico,La Paz
IMG_9787.jpg,Mexico,La Paz
IMG_9788.jpg,Mexico,La Paz
IMG_9789.jpg,Mexico,La Paz
IMG_9791.jpg,Mexico,La Paz
IMG_9792.jpg,Mexico,La Paz
IMG_9793.jpg,Mexico,La Paz
IMG_9794.jpg,Mexico,La Paz
IMG_9795.jpg,Mexico,La Paz
IMG_9796.jpg,Mexico,La Paz
IMG_9797.jpg,Mexico,La Paz
IMG_9798.jpg,Mexico,La Paz
IMG_9799.jpg,Mexico,La Paz
IMG_98.jpg,Colombia,Bogota
IMG_9803.jpg,Mexico,La Paz
IMG_9804.jpg,Mexico,La Paz
IMG_9806.jpg,Mexico,La Paz
IMG_9812.jpg,Mexico,La Paz
IMG_9813.jpg,Mexico,La Paz
IMG_983.jpg,Colombia,Bogota
IMG_983_1.jpg,Colombia,Bogota
IMG_984.jpg,Colombia,Bogota
IMG_9848.jpg,Mexico,La Paz
IMG_985.jpg,Colombia,Bogota
IMG_9850.jpg,Mexico,La Paz
IMG_9851.jpg,Mexico,La Paz
IMG_9858.jpg,Mexico,La Paz
IMG_9859.jpg,Mexico,La Paz
IMG_985_1.jpg,Colombia,Bogota
IMG_986.jpg,Colombia,Bogota
IMG_9860.jpg,Mexico,La Paz
IMG_986_1.jpg,Colombia,Bogota
IMG_9870.jpg,Mexico,La Paz
IMG_9872.jpg,Mexico,La Paz
IMG_9876.jpg,Mexico,La Paz
IMG_988.jpg,Colombia,Bogota
IMG_9880.jpg,Mexico,La Paz
IMG_9881.jpg,Mexico,La Paz
IMG_9885.jpg,Mexico,La Paz
IMG_9888.jpg,Mexico,La Paz
IMG_988_1.jpg,Colombia,Bogota
IMG_989.jpg,Colombia,Bogota
IMG_9893.jpg,Mexico,La Paz
IMG_9895.jpg,Mexico,La Paz
IMG_9897.jpg,Mexico,La Paz
IMG_9898.jpg,Mexico,La Paz
IMG_99.jpg,Colombia,Bogota
IMG_990.jpg,Colombia,Bogota
IMG_9905.jpg,Mexico,La Paz
IMG_990_1.jpg,Colombia,Bogota
IMG_9911.jpg,Mexico,La Paz
IMG_9913.jpg,Mexico,La Paz
IMG_992.jpg,Colombia,Bogota
IMG_9926.jpg,Mexico,La Paz
IMG_9928.jpg,Mexico,La Paz
IMG_9929.jpg,Mexico,La Paz
IMG_992_1.jpg,Colombia,Bogota
IMG_9933.jpg,Mexico,La Paz
IMG_994.jpg,Colombia,Bogota
IMG_9958.jpg,Mexico,La Paz
IMG_996.jpg,Colombia,Bogota
IMG_9960.jpg,Mexico,La Paz
IMG_9963.jpg,Mexico,La Paz
IMG_9964.jpg,Mexico,La Paz
IMG_997.jpg,Colombia,Bogota
IMG_9970.jpg,Mexico,La Paz
IMG_998.jpg,Colombia,Bogota
IMG_9980.jpg,Mexico,La Paz
IMG_9988.jpg,Mexico,La Paz
IMG_9998.jpg,Mexico,La Paz
IMG_9_1.jpg,Colombia,Bogota
Original_TimePhoto_20250503_144802.jpg,Colombia,Cali
Original_TimePhoto_20250503_144803.jpg,Colombia,Cali
Original_TimePhoto_20250503_152654.jpg,Colombia,Cali
Original_TimePhoto_20250503_152655.jpg,Colombia,Cali
Original_TimePhoto_20250504_114028.jpg,Colombia,Cali
Original_TimePhoto_20250529_112227.jpg,Colombia,Cali
Original_TimePhoto_20250529_112251.jpg,Colombia,Cali
Original_TimePhoto_20250529_112446.jpg,Colombia,Cali
Original_TimePhoto_20250530_100958.jpg,Colombia,Cali
Original_TimePhoto_20250530_101223.jpg,Colombia,Cali
Original_TimePhoto_20250530_101746.jpg,Colombia,Cali
Original_TimePhoto_20250530_101808.jpg,Colombia,Cali
Original_TimePhoto_20250530_101924.jpg,Colombia,Cali
Original_TimePhoto_20250530_101954.jpg,Colombia,Cali
Original_TimePhoto_20250530_102202.jpg,Colombia,Cali
TimePhoto_20250504_114617.jpg,Colombia,Cali
TimePhoto_20250504_114628.jpg,Colombia,Cali
TimePhoto_20250504_114728.jpg,Colombia,Cali
TimePhoto_20250529_112535.jpg,Colombia,Cali
TimePhoto_20250529_112722.jpg,Colombia,Cali
3545.jpg,,
3545-2.jpg,,
355-3.jpg,,
3562.JPG,,
131903600_118_0.jpg,Portugal,Lisbon
131903600_118_1.jpg,Portugal,Lisbon
131903600_118_2.jpg,Portugal,Lisbon
3582.JPG,,
36_01.JPG,,
3615-6.jpg,,
3621.JPG,,
3636.JPG,,
3638.JPG,,
3645.JPG,,
3682-2.jpg,,
20250614_104644.jpg,Mexico,La Paz
20250614_110519.jpg,Mexico,La Paz
20250614_122144.jpg,Mexico,La Paz
20250614_171804.jpg,Mexico,La Paz
20250626_080057.jpg,Mexico,La Paz
20250626_080644.jpg,Mexico,La Paz
3697.JPG,,
37.jpg,,
37_01.JPG,,
3707.jpg,,
242499852_472_2.jpg,Portugal,Lisbon
3715-1.jpg,,
3715-4.jpg,,
3718.JPG,,
3750.jpg,,
3750-2.jpg,,
3768.JPG,,
38_01.JPG,,
3842-2.jpg,,
39_01.JPG,,
3916-2.jpg,,
3920.jpg,,
3951.jpg,,
3969-2.jpg,,
3969-3.jpg,,
40_01.JPG,,
40_02.JPG,,
4001.jpg,,
4023.JPG,,
4052.JPG,,
4063.JPG,,
41_02.JPG,,
4139-1.jpg,,
4145-1.jpg,,
416.jpg,,
419-1.jpg,,
419-2.jpg,,
4194.jpg,,
4199.jpg,,
42_01.JPG,,
4202.jpg,,
4206-2.jpg,,
4208.jpg,,
4214.jpg,,
4222.jpg,,
4223.jpg,,
4224.jpg,,
43_01.JPG,,
43_02.JPG,,
4302.jpg,,
4317.jpg,,
4318.jpg,,
4319.jpg,,
4381.jpg,,
4438-2.jpg,,
4520.JPG,,
4542.jpg,,
4578.JPG,,
46_01.JPG,,
895618758_2101_0.jpg,Portugal,Lisbon
895618758_2101_1.jpg,Portugal,Lisbon
4609.JPG,,
462.JPG,,
4648.JPG,,
4698.jpg,,
4702.jpg,,
4711.jpg,,
472-2.jpg,,
48_01.JPG,,
487-1.jpg,,
49_01.JPG,,
5_01.jpg,,
5_02.jpg,,
51_01.JPG,,
52_02.JPG,,
53_01.JPG,,
537.JPG,,
54_01.JPG,,
550-1.jpg,,
56_01.JPG,,
57_03.JPG,,
58_01.JPG,,
59_01.jpg,,
IMG_0063.jpg,Mexico,La Paz
IMG_0066.jpg,Mexico,La Paz
IMG_1022.jpg,Colombia,Bogota
IMG_1029_1.jpg,Colombia,Bogota
IMG_1039.jpg,Colombia,Bogota
IMG_1039_1.jpg,Colombia,Bogota
IMG_1043.jpg,Colombia,Bogota
IMG_1048.jpg,Colombia,Bogota
IMG_1050.jpg,Colombia,Bogota
IMG_1053.jpg,Colombia,Bogota
IMG_1066.jpg,Colombia,Bogota
IMG_1067.jpg,Colombia,Bogota
IMG_1069.jpg,Colombia,Bogota
IMG_1073.jpg,Colombia,Bogota
IMG_1078.jpg,Colombia,Bogota
IMG_1080.jpg,Colombia,Bogota
IMG_1081.jpg,Colombia,Bogota
IMG_1081_1.jpg,Colombia,Bogota
IMG_1082.jpg,Colombia,Bogota
IMG_1083.jpg,Colombia,Bogota
IMG_1083_1.jpg,Colombia,Bogota
IMG_1084.jpg,Colombia,Bogota
IMG_1092.jpg,Colombia,Bogota
IMG_1093.jpg,Colombia,Bogota
IMG_1094_1.jpg,Colombia,Bogota
IMG_1101.jpg,Colombia,Bogota
IMG_1110.jpg,Colombia,Bogota
IMG_1204.jpg,Colombia,Bogota
IMG_1312.jpg,Colombia,Bogota
IMG_1362.jpg,Colombia,Bogota
IMG_1378.jpg,Colombia,Bogota
IMG_1379.jpg,Colombia,Bogota
IMG_1380.jpg,Colombia,Bogota
IMG_20250527_090211664_HDR.jpg,Colombia,Cali
IMG_20250616_102206058_HDR.jpg,Colombia,Cali
IMG_20250616_102908600_HDR.jpg,Colombia,Cali
IMG_20250616_102954731_HDR.jpg,Colombia,Cali
IMG_20250616_103018900_HDR.jpg,Colombia,Cali
IMG_20250617_132405979_HDR.jpg,Colombia,Cali
IMG_20250617_132550399_HDR.jpg,Colombia,Cali
IMG_20250617_132910475_HDR.jpg,Colombia,Cali
IMG_20250617_133606668_HDR.jpg,Colombia,Cali
IMG_20250617_133606669_HDR.jpg,Colombia,Cali
IMG_20250617_133638331_HDR.jpg,Colombia,Cali
IMG_20250617_135256641_HDR.jpg,Colombia,Cali
IMG_20250617_135532348_HDR.jpg,Colombia,Cali
IMG_20250617_140519410_HDR.jpg,Colombia,Cali
IMG_20250617_140536551_HDR.jpg,Colombia,Cali
IMG_20250617_141003970_HDR.jpg,Colombia,Cali
IMG_20250617_141043598_HDR.jpg,Colombia,Cali
IMG_20250617_141330017_HDR.jpg,Colombia,Cali
IMG_20250617_141814981_HDR.jpg,Colombia,Cali
IMG_20250617_141838496_HDR.jpg,Colombia,Cali
IMG_20250617_141902311_HDR.jpg,Colombia,Cali
IMG_20250617_141916261_HDR.jpg,Colombia,Cali
IMG_20250617_141934774_HDR.jpg,Colombia,Cali
IMG_20250617_142328176_HDR.jpg,Colombia,Cali
IMG_20250617_142328177_HDR.jpg,Colombia,Cali
IMG_20250617_142459313.jpg,Colombia,Cali
IMG_20250617_142711862_HDR.jpg,Colombia,Cali
IMG_20250617_142741375_HDR.jpg,Colombia,Cali
IMG_20250617_145816655_HDR.jpg,Colombia,Cali
IMG_20250617_150553774_HDR.jpg,Colombia,Cali
IMG_20250617_150617188_HDR.jpg,Colombia,Cali
IMG_20250617_150617189_HDR.jpg,Colombia,Cali
IMG_20250617_151413435_HDR.jpg,Colombia,Cali
IMG_20250617_151522511_HDR.jpg,Colombia,Cali
IMG_20250617_151529218_HDR.jpg,Colombia,Cali
IMG_20250702_162724376_HDR.jpg,Colombia,Cali
IMG_20250702_162852659_HDR.jpg,Colombia,Cali
IMG_20250702_162957701_HDR.jpg,Colombia,Cali
IMG_20250704_112726218_HDR.jpg,Colombia,Cali
IMG_20250704_115804878_HDR.jpg,Colombia,Cali
IMG_20250704_115821838_HDR.jpg,Colombia,Cali
IMG_374.jpg,Colombia,Bogota
IMG_389.jpg,Colombia,Bogota
IMG_412.jpg,Colombia,Bogota
IMG_414.jpg,Colombia,Bogota
IMG_415.jpg,Colombia,Bogota
IMG_417.jpg,Colombia,Bogota
IMG_529.jpg,Colombia,Bogota
IMG_552.jpg,Colombia,Bogota
IMG_583.jpg,Colombia,Bogota
IMG_588.jpg,Colombia,Bogota
IMG_590.jpg,Colombia,Bogota
IMG_597.jpg,Colombia,Bogota
IMG_6432.jpg,Mexico,La Paz
IMG_6970.jpg,Mexico,La Paz
IMG_6973.jpg,Mexico,La Paz
IMG_6982.jpg,Mexico,La Paz
IMG_6986.jpg,Mexico,La Paz
IMG_6987.jpg,Mexico,La Paz
IMG_6995.jpg,Mexico,La Paz
IMG_6998.jpg,Mexico,La Paz
IMG_700.jpg,Colombia,Bogota
IMG_7004.jpg,Mexico,La Paz
IMG_7006.jpg,Mexico,La Paz
IMG_729.jpg,Colombia,Bogota
IMG_731_1.jpg,Colombia,Bogota
IMG_740.jpg,Colombia,Bogota
IMG_763.jpg,Colombia,Bogota
IMG_764.jpg,Colombia,Bogota
IMG_765.jpg,Colombia,Bogota
IMG_767.jpg,Colombia,Bogota
IMG_779.jpg,Colombia,Bogota
IMG_781.jpg,Colombia,Bogota
IMG_782.jpg,Colombia,Bogota
IMG_782_1.jpg,Colombia,Bogota
IMG_783.jpg,Colombia,Bogota
IMG_793.jpg,Colombia,Bogota
IMG_820.jpg,Colombia,Bogota
IMG_862.jpg,Colombia,Bogota
IMG_881.jpg,Colombia,Bogota
IMG_947.jpg,Colombia,Bogota
IMG_948_1.jpg,Colombia,Bogota
IMG_960.jpg,Colombia,Bogota
IMG_960_1.jpg,Colombia,Bogota
IMG_961.jpg,Colombia,Bogota
IMG_962_1.jpg,Colombia,Bogota
IMG_979.jpg,Colombia,Bogota
IMG_980.jpg,Colombia,Bogota
IMG_980_1.jpg,Colombia,Bogota
IMG_9936.jpg,Mexico,La Paz
Original_TimePhoto_20250503_142834.jpg,Colombia,Cali
08758100000000000702240000001U.jpg,Colombia,Soledad
1005338251_2692_0.jpg,Portugal,Lisbon
1005338251_2692_2.jpg,Portugal,Lisbon
1005338252_2693_0.jpg,Portugal,Lisbon
1005338252_2693_1.jpg,Portugal,Lisbon
1005338252_2693_2.jpg,Portugal,Lisbon
1005338253_2694_0.jpg,Portugal,Lisbon
1005338253_2694_1.jpg,Portugal,Lisbon
1005338253_2694_2.jpg,Portugal,Lisbon
1005338255_2696_1.jpg,Portugal,Lisbon
1005338255_2696_2.jpg,Portugal,Lisbon
1005338278_2719_0.jpg,Portugal,Lisbon
1005338278_2719_1.jpg,Portugal,Lisbon
1005360808_2731_0.jpg,Portugal,Lisbon
1005360808_2731_1.jpg,Portugal,Lisbon
1005360808_2731_2.jpg,Portugal,Lisbon
1005432764_2841_0.jpg,Portugal,Lisbon
1005432764_2841_1.jpg,Portugal,Lisbon
105687.jpg,Colombia,Cartagena
105692.jpg,Colombia,Cartagena
105698.jpg,Colombia,Cartagena
106669.jpg,Colombia,Cartagena
106678.jpg,Colombia,Cartagena
106679.jpg,Colombia,Cartagena
106682.jpg,Colombia,Cartagena
107128.jpg,Colombia,Cartagena
107141.jpg,Colombia,Cartagena
107345.jpg,Colombia,Cartagena
59_02.JPG,,
6_01.jpg,,
6_02.jpg,,
6_03.jpg,,
60_01.JPG,,
60_02.JPG,,
603-1.jpg,,
131583.jpg,Colombia,Cartagena
131590.jpg,Colombia,Cartagena
131698106_110_0.jpg,Portugal,Lisbon
61_01.JPG,,
62_01.JPG,,
629.jpg,,
64_01.JPG,,
649.jpg,,
151748.jpg,Colombia,Cartagena
152051.jpg,Colombia,Santa Marta
667.jpg,,
153179.jpg,Colombia,Cartagena
153298.jpg,Colombia,Cartagena
154712.jpg,Colombia,Santa Marta
155698.jpg,Colombia,Cartagena
155945.jpg,Colombia,Cartagena
155987.jpg,Colombia,Cartagena
156033.jpg,Colombia,Cartagena
156155.jpg,Colombia,Cartagena
156554.jpg,Colombia,Cartagena
692.jpg,,
7.jpg,,
702.jpg,,
164751.jpg,Colombia,Santa Marta
164768.jpg,Colombia,Santa Marta
71_01.JPG,,
174505.jpg,Colombia,Cartagena
175511.jpg,Colombia,Barranquilla
72_01.JPG,,
183853417_147_0.jpg,Portugal,Lisbon
183853417_147_1.jpg,Portugal,Lisbon
74_01.JPG,,
191582.jpg,Colombia,Barranquilla
191779.jpg,Colombia,Barranquilla
75_01.JPG,,
204816.jpg,Colombia,Barranquilla
208181.jpg,Colombia,Barranquilla
208587561_273_0.jpg,Portugal,Lisbon
208587561_273_1.jpg,Portugal,Lisbon
208587573_285_0.jpg,Portugal,Lisbon
208587573_285_2.jpg,Portugal,Lisbon
76_01.JPG,,
780.JPG,,
214248.jpg,Colombia,Barranquilla
8_02.jpg,,
8_03.jpg,,
80_01.JPG,,
225979.jpg,Colombia,Barranquilla
226070.jpg,Colombia,Barranquilla
226740067_397_0.jpg,Portugal,Lisbon
226740067_397_2.jpg,Portugal,Lisbon
226740070_398_0.jpg,Portugal,Lisbon
226740070_398_1.jpg,Portugal,Lisbon
226740070_398_2.jpg,Portugal,Lisbon
226740072_399_0.jpg,Portugal,Lisbon
226740072_399_2.jpg,Portugal,Lisbon
226740073_400_0.jpg,Portugal,Lisbon
226740073_400_2.jpg,Portugal,Lisbon
226740075_401_0.jpg,Portugal,Lisbon
226740075_401_1.jpg,Portugal,Lisbon
226740075_401_2.jpg,Portugal,Lisbon
226740076_402_0.jpg,Portugal,Lisbon
226740076_402_1.jpg,Portugal,Lisbon
227742.jpg,Colombia,Santa Marta
232630.jpg,Colombia,Santa Marta
238177.jpg,Colombia,Barranquilla
238230.jpg,Colombia,Barranquilla
238480205_423_1.jpg,Portugal,Lisbon
238480212_429_2.jpg,Portugal,Lisbon
239308.jpg,Colombia,Barranquilla
241792359_471_0.jpg,Portugal,Lisbon
241792359_471_2.jpg,Portugal,Lisbon
804.JPG,,
243963179_511_0.jpg,Portugal,Lisbon
243963179_511_2.jpg,Portugal,Lisbon
243963190_521_0.jpg,Portugal,Lisbon
243963190_521_2.jpg,Portugal,Lisbon
243963191_522_0.jpg,Portugal,Lisbon
243963191_522_2.jpg,Portugal,Lisbon
243963200_531_2.jpg,Portugal,Lisbon
243963201_532_2.jpg,Portugal,Lisbon
243963204_535_0.jpg,Portugal,Lisbon
245638.jpg,Colombia,Barranquilla
246308366_559_0.jpg,Portugal,Lisbon
246308366_559_2.jpg,Portugal,Lisbon
246378.jpg,Colombia,Barranquilla
246555.jpg,Colombia,Barranquilla
250550478_564_2.jpg,Portugal,Lisbon
255954.jpg,Colombia,Barranquilla
256046.jpg,Colombia,Barranquilla
256071.jpg,Colombia,Barranquilla
256333.jpg,Colombia,Barranquilla
810.jpg,,
822.jpg,,
257308.jpg,Colombia,Barranquilla
257914.jpg,Colombia,Barranquilla
257973.jpg,Colombia,Barranquilla
258027.jpg,Colombia,Barranquilla
258037.jpg,Colombia,Barranquilla
258638.jpg,Colombia,Barranquilla
258869.jpg,Colombia,Barranquilla
259023.jpg,Colombia,Barranquilla
259949.jpg,Colombia,Barranquilla
260191.jpg,Colombia,Barranquilla
260218.jpg,Colombia,Barranquilla
260319.jpg,Colombia,Barranquilla
260531.jpg,Colombia,Barranquilla
261130.jpg,Colombia,Barranquilla
261894.jpg,Colombia,Barranquilla
839-1.jpg,,
85_01.JPG,,
863.jpg,,
863-2.jpg,,
270588.jpg,Colombia,Barranquilla
884.JPG,,
280432.jpg,Colombia,Barranquilla
90_01.JPG,,
280822.jpg,Colombia,Barranquilla
281653.jpg,Colombia,Barranquilla
913-2.jpg,,
914.JPG,,
291744641_570_0.jpg,Portugal,Lisbon
291744641_570_2.jpg,Portugal,Lisbon
291744642_571_0.jpg,Portugal,Lisbon
291744645_573_0.jpg,Portugal,Lisbon
291744646_574_0.jpg,Portugal,Lisbon
291744646_574_2.jpg,Portugal,Lisbon
291744648_575_0.jpg,Portugal,Lisbon
291744648_575_1.jpg,Portugal,Lisbon
291744648_575_2.jpg,Portugal,Lisbon
291744649_576_0.jpg,Portugal,Lisbon
291744649_576_1.jpg,Portugal,Lisbon
291744649_576_2.jpg,Portugal,Lisbon
291744650_577_0.jpg,Portugal,Lisbon
291744651_578_0.jpg,Portugal,Lisbon
291744651_578_1.jpg,Portugal,Lisbon
291744653_579_0.jpg,Portugal,Lisbon
291744653_579_1.jpg,Portugal,Lisbon
291744653_579_2.jpg,Portugal,Lisbon
291782428_585_1.jpg,Portugal,Lisbon
291782428_585_2.jpg,Portugal,Lisbon
291782430_586_0.jpg,Portugal,Lisbon
291782430_586_1.jpg,Portugal,Lisbon
291782430_586_2.jpg,Portugal,Lisbon
291782432_587_1.jpg,Portugal,Lisbon
291782432_587_2.jpg,Portugal,Lisbon
291782433_588_0.jpg,Portugal,Lisbon
291782433_588_1.jpg,Portugal,Lisbon
291782434_589_1.jpg,Portugal,Lisbon
291782435_590_0.jpg,Portugal,Lisbon
291782435_590_1.jpg,Portugal,Lisbon
291782435_590_2.jpg,Portugal,Lisbon
291782439_592_0.jpg,Portugal,Lisbon
291782439_592_2.jpg,Portugal,Lisbon
927.jpg,,
298812.jpg,Colombia,Barranquilla
298816.jpg,Colombia,Barranquilla
929.jpg,,
303925246_622_0.jpg,Portugal,Lisbon
303925246_622_1.jpg,Portugal,Lisbon
303925246_622_2.jpg,Portugal,Lisbon
303925247_623_0.jpg,Portugal,Lisbon
303925248_624_0.jpg,Portugal,Lisbon
303925248_624_1.jpg,Portugal,Lisbon
303925248_624_2.jpg,Portugal,Lisbon
303925647_629_1.jpg,Portugal,Lisbon
303925647_629_2.jpg,Portugal,Lisbon
303925648_630_2.jpg,Portugal,Lisbon
303925652_634_0.jpg,Portugal,Lisbon
303925652_634_1.jpg,Portugal,Lisbon
303925652_634_2.jpg,Portugal,Lisbon
303925653_635_0.jpg,Portugal,Lisbon
303925657_639_0.jpg,Portugal,Lisbon
303925657_639_1.jpg,Portugal,Lisbon
303925657_639_2.jpg,Portugal,Lisbon
303925659_641_1.jpg,Portugal,Lisbon
303925659_641_2.jpg,Portugal,Lisbon
303927537_662_2.jpg,Portugal,Lisbon
303927538_663_0.jpg,Portugal,Lisbon
303927538_663_1.jpg,Portugal,Lisbon
303927540_664_0.jpg,Portugal,Lisbon
303927540_664_1.jpg,Portugal,Lisbon
303927541_665_0.jpg,Portugal,Lisbon
303927541_665_1.jpg,Portugal,Lisbon
303927541_665_2.jpg,Portugal,Lisbon
303927542_666_1.jpg,Portugal,Lisbon
304101945_683_2.jpg,Portugal,Lisbon
304690361_701_0.jpg,Portugal,Lisbon
304690363_703_0.jpg,Portugal,Lisbon
304690693_706_0.jpg,Portugal,Lisbon
304690695_708_0.jpg,Portugal,Lisbon
304690696_709_0.jpg,Portugal,Lisbon
304704383_721_0.jpg,Portugal,Lisbon
304704384_722_0.jpg,Portugal,Lisbon
304704386_724_0.jpg,Portugal,Lisbon
304704398_736_0.jpg,Portugal,Lisbon
304704400_738_0.jpg,Portugal,Lisbon
304704403_741_0.jpg,Portugal,Lisbon
304704404_742_0.jpg,Portugal,Lisbon
304704408_746_1.jpg,Portugal,Lisbon
304704409_747_0.jpg,Portugal,Lisbon
304704412_750_0.jpg,Portugal,Lisbon
304704413_751_0.jpg,Portugal,Lisbon
304706128_754_0.jpg,Portugal,Lisbon
304706128_754_1.jpg,Portugal,Lisbon
304706129_755_0.jpg,Portugal,Lisbon
304706131_757_0.jpg,Portugal,Lisbon
304706132_758_0.jpg,Portugal,Lisbon
304706133_759_0.jpg,Portugal,Lisbon
304706134_760_0.jpg,Portugal,Lisbon
304706135_761_0.jpg,Portugal,Lisbon
304706135_761_1.jpg,Portugal,Lisbon
304706136_762_0.jpg,Portugal,Lisbon
304706136_762_1.jpg,Portugal,Lisbon
304706139_765_0.jpg,Portugal,Lisbon
304706146_772_0.jpg,Portugal,Lisbon
304706147_773_0.jpg,Portugal,Lisbon
304706150_776_0.jpg,Portugal,Lisbon
304706151_777_0.jpg,Portugal,Lisbon
304706157_781_0.jpg,Portugal,Lisbon
304706159_783_0.jpg,Portugal,Lisbon
304706160_784_0.jpg,Portugal,Lisbon
304706161_785_0.jpg,Portugal,Lisbon
304706163_787_0.jpg,Portugal,Lisbon
304707222_790_0.jpg,Portugal,Lisbon
304707223_791_0.jpg,Portugal,Lisbon
304707224_792_0.jpg,Portugal,Lisbon
304707229_797_0.jpg,Portugal,Lisbon
93.jpg,,
931.jpg,,
946.jpg,,
950.jpg,,
961-2.jpg,,
31731525_27_1.jpg,Portugal,Lisbon
31731525_27_2.jpg,Portugal,Lisbon
31731726_35_1.jpg,Portugal,Lisbon
970.jpg,,
986.JPG,,
ED_01_04.jpg,,
ED_02_01.jpg,,
ED_03_01.jpg,,
ED_04_02.jpg,,
ED_05_03.jpg,,
ED_08_01.jpg,,
340790380_858_0.jpg,Portugal,Lisbon
340790380_858_1.jpg,Portugal,Lisbon
340790380_858_2.jpg,Portugal,Lisbon
340790386_863_1.jpg,Portugal,Lisbon
340790386_863_2.jpg,Portugal,Lisbon
341271043_907_0.jpg,Portugal,Lisbon
341271044_908_0.jpg,Portugal,Lisbon
341271044_908_1.jpg,Portugal,Lisbon
341271044_908_2.jpg,Portugal,Lisbon
341271046_910_0.jpg,Portugal,Lisbon
341271046_910_1.jpg,Portugal,Lisbon
341271046_910_2.jpg,Portugal,Lisbon
ED_09_01.jpg,,
ED_10_04.jpg,,
ED_15.jpg,,
ED_16.png,,
ED_21.JPG,,
ED1_01.jpeg,,
ED10_02.jpg,,
ED11_01.jpg,,
ED13_01.jpg,,
ED15_02.jpg,,
ED16_01.jpg,,
ED17_01.jpeg,,
ED2_03.jpg,,
ED20_04.jpg,,
ED21_02.jpg,,
ED22_01.jpg,,
ED25_01.jpg,,
ED27_04.jpg,,
ED28_03.jpg,,
ED3_01.jpg,,
ED30_02.jpg,,
ED32_02.jpg,,
ED33_03.jpg,,
379681970_948_0.jpg,Portugal,Lisbon
379681970_948_1.jpg,Portugal,Lisbon
379681970_948_2.jpg,Portugal,Lisbon
ED34_04.jpg,,
ED35_05.jpg,,
ED36_01.jpg,,
ED37_01.jpg,,
ED39_01.jpg,,
ED4_01.jpg,,
410597037_976_0.jpg,Portugal,Lisbon
410597037_976_1.jpg,Portugal,Lisbon
410597038_977_0.jpg,Portugal,Lisbon
410597039_978_0.jpg,Portugal,Lisbon
410597039_978_1.jpg,Portugal,Lisbon
410597039_978_2.jpg,Portugal,Lisbon
410597045_984_0.jpg,Portugal,Lisbon
410597045_984_1.jpg,Portugal,Lisbon
410597047_985_0.jpg,Portugal,Lisbon
410597047_985_1.jpg,Portugal,Lisbon
410597053_988_0.jpg,Portugal,Lisbon
410597053_988_1.jpg,Portugal,Lisbon
410597053_988_2.jpg,Portugal,Lisbon
410597056_990_1.jpg,Portugal,Lisbon
410597060_993_1.jpg,Portugal,Lisbon
410597060_993_2.jpg,Portugal,Lisbon
410597061_994_0.jpg,Portugal,Lisbon
410597065_996_0.jpg,Portugal,Lisbon
410597067_997_0.jpg,Portugal,Lisbon
410597067_997_1.jpg,Portugal,Lisbon
410597067_997_2.jpg,Portugal,Lisbon
410598197_1005_0.jpg,Portugal,Lisbon
410598197_1005_1.jpg,Portugal,Lisbon
410598197_1005_2.jpg,Portugal,Lisbon
410598202_1007_0.jpg,Portugal,Lisbon
410598202_1007_1.jpg,Portugal,Lisbon
410598202_1007_2.jpg,Portugal,Lisbon
410598204_1008_0.jpg,Portugal,Lisbon
410598204_1008_2.jpg,Portugal,Lisbon
ED40_03.jpg,,
ED41_01.jpg,,
ED42_01.jpg,,
ED43_01.jpg,,
ED44_02.jpg,,
ED45_06.jpg,,
421916154_1145_1.jpg,Portugal,Lisbon
425378596_1218_0.jpg,Portugal,Lisbon
425378596_1218_1.jpg,Portugal,Lisbon
425378599_1221_0.jpg,Portugal,Lisbon
425378600_1222_0.jpg,Portugal,Lisbon
425378600_1222_1.jpg,Portugal,Lisbon
425378600_1222_2.jpg,Portugal,Lisbon
425467220_1239_2.jpg,Portugal,Lisbon
425467221_1240_1.jpg,Portugal,Lisbon
425467221_1240_2.jpg,Portugal,Lisbon
432043204_1294_0.jpg,Portugal,Lisbon
432043207_1297_0.jpg,Portugal,Lisbon
432043218_1308_0.jpg,Portugal,Lisbon
432043220_1310_0.jpg,Portugal,Lisbon
432043228_1318_0.jpg,Portugal,Lisbon
ED46_02.jpg,,
ED49_04.jpg,,
ED5_01.jpg,,
ED51_01.jpg,,
463701244_1347_0.jpg,Portugal,Lisbon
463701245_1348_1.jpg,Portugal,Lisbon
463701247_1350_0.jpg,Portugal,Lisbon
463701247_1350_1.jpg,Portugal,Lisbon
463701247_1350_2.jpg,Portugal,Lisbon
463701248_1351_0.jpg,Portugal,Lisbon
463701248_1351_1.jpg,Portugal,Lisbon
463701248_1351_2.jpg,Portugal,Lisbon
ED52_01.jpg,,
ED55_01.jpg,,
547705642_1393_2.jpg,Portugal,Lisbon
547705646_1397_1.jpg,Portugal,Lisbon
547705646_1397_2.jpg,Portugal,Lisbon
547705652_1403_0.jpg,Portugal,Lisbon
547705652_1403_1.jpg,Portugal,Lisbon
547705652_1403_2.jpg,Portugal,Lisbon
547705654_1405_0.jpg,Portugal,Lisbon
547705654_1405_1.jpg,Portugal,Lisbon
547705654_1405_2.jpg,Portugal,Lisbon
551896174_1428_0.jpg,Portugal,Lisbon
551896174_1428_1.jpg,Portugal,Lisbon
551896174_1428_2.jpg,Portugal,Lisbon
579006394_1454_0.jpg,Portugal,Lisbon
579006394_1454_1.jpg,Portugal,Lisbon
579006394_1454_2.jpg,Portugal,Lisbon
583804704_1456_0.jpg,Portugal,Lisbon
583804704_1456_1.jpg,Portugal,Lisbon
ED56_01.jpg,,
615815241_1469_0.jpg,Portugal,Lisbon
615815241_1469_2.jpg,Portugal,Lisbon
615815242_1470_0.jpg,Portugal,Lisbon
615815242_1470_1.jpg,Portugal,Lisbon
615815242_1470_2.jpg,Portugal,Lisbon
615815243_1471_0.jpg,Portugal,Lisbon
615815245_1473_0.jpg,Portugal,Lisbon
615815245_1473_1.jpg,Portugal,Lisbon
615815245_1473_2.jpg,Portugal,Lisbon
626346797_1482_0.jpg,Portugal,Lisbon
626346797_1482_2.jpg,Portugal,Lisbon
626346807_1492_0.jpg,Portugal,Lisbon
626346807_1492_2.jpg,Portugal,Lisbon
626346808_1493_0.jpg,Portugal,Lisbon
626346808_1493_1.jpg,Portugal,Lisbon
626346808_1493_2.jpg,Portugal,Lisbon
626346809_1494_0.jpg,Portugal,Lisbon
626346809_1494_2.jpg,Portugal,Lisbon
ED57_01.jpg,,
704757584_1516_0.jpg,Portugal,Lisbon
704757585_1517_0.jpg,Portugal,Lisbon
704757585_1517_1.jpg,Portugal,Lisbon
704757585_1517_2.jpg,Portugal,Lisbon
704757586_1518_0.jpg,Portugal,Lisbon
704757587_1519_0.jpg,Portugal,Lisbon
704757598_1530_1.jpg,Portugal,Lisbon
704757598_1530_2.jpg,Portugal,Lisbon
704758725_1534_1.jpg,Portugal,Lisbon
704758725_1534_2.jpg,Portugal,Lisbon
704758726_1535_0.jpg,Portugal,Lisbon
704758726_1535_1.jpg,Portugal,Lisbon
704758726_1535_2.jpg,Portugal,Lisbon
704758727_1536_0.jpg,Portugal,Lisbon
704758730_1539_0.jpg,Portugal,Lisbon
704758730_1539_2.jpg,Portugal,Lisbon
704758734_1543_0.jpg,Portugal,Lisbon
704758734_1543_1.jpg,Portugal,Lisbon
704761824_1544_0.jpg,Portugal,Lisbon
704762486_1556_1.jpg,Portugal,Lisbon
704764143_1561_0.jpg,Portugal,Lisbon
704767845_1576_1.jpg,Portugal,Lisbon
704767847_1577_0.jpg,Portugal,Lisbon
704767847_1577_1.jpg,Portugal,Lisbon
704767847_1577_2.jpg,Portugal,Lisbon
704767851_1579_0.jpg,Portugal,Lisbon
704767851_1579_1.jpg,Portugal,Lisbon
704767853_1580_0.jpg,Portugal,Lisbon
704767854_1581_1.jpg,Portugal,Lisbon
704767855_1582_0.jpg,Portugal,Lisbon
704767855_1582_1.jpg,Portugal,Lisbon
704767855_1582_2.jpg,Portugal,Lisbon
704767859_1585_0.jpg,Portugal,Lisbon
704767859_1585_2.jpg,Portugal,Lisbon
704767861_1587_2.jpg,Portugal,Lisbon
708516270_1695_0.jpg,Portugal,Lisbon
708516270_1695_1.jpg,Portugal,Lisbon
708516270_1695_2.jpg,Portugal,Lisbon
708516271_1696_0.jpg,Portugal,Lisbon
708516271_1696_1.jpg,Portugal,Lisbon
708516272_1697_1.jpg,Portugal,Lisbon
708516273_1698_0.jpg,Portugal,Lisbon
708516273_1698_1.jpg,Portugal,Lisbon
708516274_1699_0.jpg,Portugal,Lisbon
708516274_1699_1.jpg,Portugal,Lisbon
708516274_1699_2.jpg,Portugal,Lisbon
708516276_1701_0.jpg,Portugal,Lisbon
708516276_1701_2.jpg,Portugal,Lisbon
708516277_1702_0.jpg,Portugal,Lisbon
708516277_1702_2.jpg,Portugal,Lisbon
708516280_1705_0.jpg,Portugal,Lisbon
708516280_1705_1.jpg,Portugal,Lisbon
708516285_1710_0.jpg,Portugal,Lisbon
708516285_1710_1.jpg,Portugal,Lisbon
708516285_1710_2.jpg,Portugal,Lisbon
708516288_1713_0.jpg,Portugal,Lisbon
708516289_1714_0.jpg,Portugal,Lisbon
708516289_1714_1.jpg,Portugal,Lisbon
708516289_1714_2.jpg,Portugal,Lisbon
708519688_1723_0.jpg,Portugal,Lisbon
708519688_1723_1.jpg,Portugal,Lisbon
708519688_1723_2.jpg,Portugal,Lisbon
708519689_1724_1.jpg,Portugal,Lisbon
708519690_1725_1.jpg,Portugal,Lisbon
708519690_1725_2.jpg,Portugal,Lisbon
708519691_1726_0.jpg,Portugal,Lisbon
708519691_1726_2.jpg,Portugal,Lisbon
708519692_1727_1.jpg,Portugal,Lisbon
708519694_1729_0.jpg,Portugal,Lisbon
708519695_1730_0.jpg,Portugal,Lisbon
708519737_1732_1.jpg,Portugal,Lisbon
708539988_1774_0.jpg,Portugal,Lisbon
708539989_1775_0.jpg,Portugal,Lisbon
708540000_1786_0.jpg,Portugal,Lisbon
708540001_1787_0.jpg,Portugal,Lisbon
708540002_1788_0.jpg,Portugal,Lisbon
708540003_1789_0.jpg,Portugal,Lisbon
708540004_1790_0.jpg,Portugal,Lisbon
708543367_1804_0.jpg,Portugal,Lisbon
708543372_1809_0.jpg,Portugal,Lisbon
708543373_1810_0.jpg,Portugal,Lisbon
708543374_1811_0.jpg,Portugal,Lisbon
708544290_1817_0.jpg,Portugal,Lisbon
708544293_1820_0.jpg,Portugal,Lisbon
708545756_1827_1.jpg,Portugal,Lisbon
708545758_1829_0.jpg,Portugal,Lisbon
708546973_1834_0.jpg,Portugal,Lisbon
708546974_1835_0.jpg,Portugal,Lisbon
708546975_1836_0.jpg,Portugal,Lisbon
708548588_1870_0.jpg,Portugal,Lisbon
74395.jpg,Colombia,Santa Marta
74406.jpg,Colombia,Santa Marta
75024.jpg,Colombia,Santa Marta
75995.jpg,Colombia,Santa Marta
76021.jpg,Colombia,Santa Marta
772148355_1900_0.jpg,Portugal,Lisbon
79273.jpg,Colombia,Santa Marta
79298.jpg,Colombia,Santa Marta
80192.jpg,Colombia,Santa Marta
ED6_03.jpg,,
ED61_01.JPG,,
810768337_1901_0.jpg,Portugal,Lisbon
810768337_1901_1.jpg,Portugal,Lisbon
810768338_1902_1.jpg,Portugal,Lisbon
810768338_1902_2.jpg,Portugal,Lisbon
810768340_1903_0.jpg,Portugal,Lisbon
810768340_1903_1.jpg,Portugal,Lisbon
810768340_1903_2.jpg,Portugal,Lisbon
810768342_1905_1.jpg,Portugal,Lisbon
810768342_1905_2.jpg,Portugal,Lisbon
810768343_1906_0.jpg,Portugal,Lisbon
810768343_1906_1.jpg,Portugal,Lisbon
810768344_1907_0.jpg,Portugal,Lisbon
810768344_1907_1.jpg,Portugal,Lisbon
810768344_1907_2.jpg,Portugal,Lisbon
810768345_1908_0.jpg,Portugal,Lisbon
810768345_1908_1.jpg,Portugal,Lisbon
810768346_1909_0.jpg,Portugal,Lisbon
810768346_1909_1.jpg,Portugal,Lisbon
ED63_01.jpg,,
849054625_1919_0.jpg,Portugal,Lisbon
849054626_1920_2.jpg,Portugal,Lisbon
849054627_1921_2.jpg,Portugal,Lisbon
849054628_1922_0.jpg,Portugal,Lisbon
849054628_1922_1.jpg,Portugal,Lisbon
857944511_1930_0.jpg,Portugal,Lisbon
857944511_1930_1.jpg,Portugal,Lisbon
857944511_1930_2.jpg,Portugal,Lisbon
ED64_01.jpg,,
ED65_01.JPG,,
ED67_01.JPG,,
8929018_20_0.jpg,Portugal,Lisbon
8929018_20_1.jpg,Portugal,Lisbon
8929018_20_2.jpg,Portugal,Lisbon
ED68_01.JPG,,
ED68_02.JPG,,
ED69_01.JPG,,
ED7_02.jpg,,
ED70_01.jpg,,
97680511_55_1.jpg,Portugal,Lisbon
97680511_55_2.jpg,Portugal,Lisbon
97680567_78_0.jpg,Portugal,Lisbon
97680567_78_1.jpg,Portugal,Lisbon
97680567_78_2.jpg,Portugal,Lisbon
ED71_01.JPG,,
987156809_2218_0.jpg,Portugal,Lisbon
987156809_2218_1.jpg,Portugal,Lisbon
987156810_2219_0.jpg,Portugal,Lisbon
987156810_2219_2.jpg,Portugal,Lisbon
987156811_2220_1.jpg,Portugal,Lisbon
987156811_2220_2.jpg,Portugal,Lisbon
987156812_2221_0.jpg,Portugal,Lisbon
987156812_2221_1.jpg,Portugal,Lisbon
987156813_2222_0.jpg,Portugal,Lisbon
987156813_2222_1.jpg,Portugal,Lisbon
987156813_2222_2.jpg,Portugal,Lisbon
987156814_2223_0.jpg,Portugal,Lisbon
987156814_2223_1.jpg,Portugal,Lisbon
987156820_2229_1.jpg,Portugal,Lisbon
987156820_2229_2.jpg,Portugal,Lisbon
987156824_2233_0.jpg,Portugal,Lisbon
987156824_2233_1.jpg,Portugal,Lisbon
987156824_2233_2.jpg,Portugal,Lisbon
987156825_2234_0.jpg,Portugal,Lisbon
987156825_2234_1.jpg,Portugal,Lisbon
987156825_2234_2.jpg,Portugal,Lisbon
987156831_2240_0.jpg,Portugal,Lisbon
987156831_2240_1.jpg,Portugal,Lisbon
987156831_2240_2.jpg,Portugal,Lisbon
987156832_2241_0.jpg,Portugal,Lisbon
987156832_2241_1.jpg,Portugal,Lisbon
987156833_2242_0.jpg,Portugal,Lisbon
987156833_2242_1.jpg,Portugal,Lisbon
987156833_2242_2.jpg,Portugal,Lisbon
987156836_2245_0.jpg,Portugal,Lisbon
987156836_2245_1.jpg,Portugal,Lisbon
987156841_2250_0.jpg,Portugal,Lisbon
987156841_2250_1.jpg,Portugal,Lisbon
987156841_2250_2.jpg,Portugal,Lisbon
987156842_2251_1.jpg,Portugal,Lisbon
987156842_2251_2.jpg,Portugal,Lisbon
987156843_2252_0.jpg,Portugal,Lisbon
987156843_2252_2.jpg,Portugal,Lisbon
987807578_2391_0.jpg,Portugal,Lisbon
987807579_2392_0.jpg,Portugal,Lisbon
987807581_2394_0.jpg,Portugal,Lisbon
987807588_2401_0.jpg,Portugal,Lisbon
987807594_2407_0.jpg,Portugal,Lisbon
987807597_2410_0.jpg,Portugal,Lisbon
987807605_2418_0.jpg,Portugal,Lisbon
987807609_2422_0.jpg,Portugal,Lisbon
987807611_2424_0.jpg,Portugal,Lisbon
988071492_2565_0.jpg,Portugal,Lisbon
988071492_2565_1.jpg,Portugal,Lisbon
988071492_2565_2.jpg,Portugal,Lisbon
988282694_2578_0.jpg,Portugal,Lisbon
988282694_2578_1.jpg,Portugal,Lisbon
988282694_2578_2.jpg,Portugal,Lisbon
988289654_2602_0.jpg,Portugal,Lisbon
988289659_2607_0.jpg,Portugal,Lisbon
988289659_2607_1.jpg,Portugal,Lisbon
988289660_2608_0.jpg,Portugal,Lisbon
988289682_2630_0.jpg,Portugal,Lisbon
99796425_89_0.jpg,Portugal,Lisbon
99796425_89_1.jpg,Portugal,Lisbon
99796425_89_2.jpg,Portugal,Lisbon
Cali_008.jpg,Colombia,Cali
Cali_011.jpg,Colombia,Cali
Cali_013.jpg,Colombia,Cali
Cali_021.jpg,Colombia,Cali
Cali_052.jpg,Colombia,Cali
Cali_053.jpg,Colombia,Cali
Cali_054.jpg,Colombia,Cali
Cali_057.jpg,Colombia,Cali
Cali_058.jpg,Colombia,Cali
Cali_078.jpg,Colombia,Cali
Cali_085.jpg,Colombia,Cali
Cali_099.jpg,Colombia,Cali
Cali_100.jpg,Colombia,Cali
Cali_101.jpg,Colombia,Cali
Cali_102.jpg,Colombia,Cali
Cali_103.jpg,Colombia,Cali
IMG_0039.jpg,Mexico,La Paz
IMG_1098_1.jpg,Colombia,Bogota
IMG_1107.jpg,Colombia,Bogota
IMG_1109.jpg,Colombia,Bogota
IMG_1112.jpg,Colombia,Bogota
IMG_1120.jpg,Colombia,Bogota
IMG_1122.jpg,Colombia,Bogota
IMG_1126.jpg,Colombia,Bogota
IMG_1131.jpg,Colombia,Bogota
IMG_1133.jpg,Colombia,Bogota
IMG_1146.jpg,Colombia,Bogota
IMG_1159.jpg,Colombia,Bogota
IMG_1161.jpg,Colombia,Bogota
IMG_1167.jpg,Colombia,Bogota
IMG_1168.jpg,Colombia,Bogota
IMG_1171.jpg,Colombia,Bogota
IMG_1175.jpg,Colombia,Bogota
IMG_1179.jpg,Colombia,Bogota
IMG_1186.jpg,Colombia,Bogota
IMG_1186_1.jpg,Colombia,Bogota
IMG_1268.jpg,Colombia,Bogota
IMG_1289.jpg,Colombia,Bogota
IMG_1292.jpg,Colombia,Bogota
IMG_1295.jpg,Colombia,Bogota
IMG_1299.jpg,Colombia,Bogota
IMG_1299_1.jpg,Colombia,Bogota
IMG_1311.jpg,Colombia,Bogota
IMG_1322.jpg,Colombia,Bogota
IMG_1326.jpg,Colombia,Bogota
IMG_1395.jpg,Colombia,Bogota
IMG_1399.jpg,Colombia,Bogota
IMG_1417.jpg,Colombia,Bogota
IMG_1419.jpg,Colombia,Bogota
IMG_1420.jpg,Colombia,Bogota
IMG_1438.jpg,Colombia,Bogota
IMG_1445.jpg,Colombia,Bogota
IMG_1446.jpg,Colombia,Bogota
IMG_1450.jpg,Colombia,Bogota
IMG_1461.jpg,Colombia,Bogota
IMG_1468.jpg,Colombia,Bogota
IMG_1471.jpg,Colombia,Bogota
IMG_1479.jpg,Colombia,Bogota
IMG_1487.jpg,Colombia,Bogota
IMG_20250426_160603665_HDR.jpg,Colombia,Cali
IMG_20250426_160631649_HDR.jpg,Colombia,Cali
IMG_20250503_143701349.jpg,Colombia,Cali
IMG_20250503_143832994_HDR.jpg,Colombia,Cali
IMG_20250503_151343339_HDR.jpg,Colombia,Cali
IMG_20250504_115916758_HDR.jpg,Colombia,Cali
IMG_20250504_115916759_HDR.jpg,Colombia,Cali
IMG_20250527_084017278_HDR.jpg,Colombia,Cali
IMG_20250527_084125984_HDR.jpg,Colombia,Cali
IMG_20250527_084757642_HDR.jpg,Colombia,Cali
IMG_20250527_084935530_HDR.jpg,Colombia,Cali
IMG_20250527_085827782_HDR.jpg,Colombia,Cali
IMG_20250527_085848826_HDR.jpg,Colombia,Cali
IMG_20250527_092208630_HDR.jpg,Colombia,Cali
IMG_20250527_094238275_HDR.jpg,Colombia,Cali
IMG_20250527_094447149_HDR.jpg,Colombia,Cali
IMG_20250527_095157353_HDR.jpg,Colombia,Cali
IMG_20250527_095239881_HDR.jpg,Colombia,Cali
IMG_20250527_095308537_HDR.jpg,Colombia,Cali
IMG_20250527_095503992_HDR.jpg,Colombia,Cali
IMG_20250529_111548069_HDR.jpg,Colombia,Cali
IMG_20250529_111650826_HDR.jpg,Colombia,Cali
IMG_20250529_111809179_HDR.jpg,Colombia,Cali
IMG_20250529_111846492_HDR.jpg,Colombia,Cali
IMG_20250529_112925052_HDR.jpg,Colombia,Cali
IMG_20250529_113134088_HDR (1).jpg,Colombia,Cali
IMG_20250529_113134088_HDR.jpg,Colombia,Cali
IMG_20250529_113134089_HDR.jpg,Colombia,Cali
IMG_20250529_113236210_HDR.jpg,Colombia,Cali
IMG_20250529_113335998_HDR.jpg,Colombia,Cali
IMG_20250529_113643971_HDR.jpg,Colombia,Cali
IMG_20250529_114416545_HDR.jpg,Colombia,Cali
IMG_20250529_114550916_HDR.jpg,Colombia,Cali
IMG_20250529_114550917_HDR.jpg,Colombia,Cali
IMG_20250615_073555789_HDR.jpg,Colombia,Cali
IMG_20250615_073748116_HDR.jpg,Colombia,Cali
IMG_20250615_073817053_HDR.jpg,Colombia,Cali
IMG_20250615_073827426_HDR.jpg,Colombia,Cali
IMG_20250616_094128941_HDR.jpg,Colombia,Cali
IMG_20250616_101526778_HDR.jpg,Colombia,Cali
IMG_20250616_101556319_HDR.jpg,Colombia,Cali
IMG_20250616_101742263_HDR.jpg,Colombia,Cali
IMG_20250616_101911385.jpg,Colombia,Cali
IMG_20250616_102103128_HDR.jpg,Colombia,Cali
IMG_20250616_104906201_HDR.jpg,Colombia,Cali
IMG_20250616_104952144_HDR.jpg,Colombia,Cali
IMG_20250616_105147533_HDR.jpg,Colombia,Cali
IMG_20250616_105148679_HDR.jpg,Colombia,Cali
IMG_20250616_105628445_HDR.jpg,Colombia,Cali
IMG_20250616_105703293_HDR.jpg,Colombia,Cali
IMG_20250616_105936403_HDR.jpg,Colombia,Cali
IMG_20250616_110030297_HDR.jpg,Colombia,Cali
IMG_20250616_110043559_HDR.jpg,Colombia,Cali
IMG_20250617_150008557_HDR.jpg,Colombia,Cali
IMG_20250617_150200517_HDR.jpg,Colombia,Cali
IMG_20250617_150213676_HDR.jpg,Colombia,Cali
IMG_20250617_150227294_HDR.jpg,Colombia,Cali
IMG_20250617_150718285_HDR.jpg,Colombia,Cali
IMG_20250618_133308682_HDR.jpg,Colombia,Cali
IMG_20250618_133400422_HDR.jpg,Colombia,Cali
IMG_20250618_133532190_HDR.jpg,Colombia,Cali
IMG_20250618_134525691_HDR.jpg,Colombia,Cali
IMG_20250618_134721566_HDR.jpg,Colombia,Cali
IMG_20250618_135734138_HDR.jpg,Colombia,Cali
IMG_20250618_135750678_HDR.jpg,Colombia,Cali
IMG_20250618_140604251_HDR.jpg,Colombia,Cali
IMG_20250618_140712162_HDR.jpg,Colombia,Cali
IMG_20250618_140730731_HDR.jpg,Colombia,Cali
IMG_20250618_144805402_HDR.jpg,Colombia,Cali
IMG_20250618_144844237_HDR.jpg,Colombia,Cali
IMG_20250618_144955550_HDR.jpg,Colombia,Cali
IMG_20250618_145034350_HDR.jpg,Colombia,Cali
IMG_20250618_145156920_HDR.jpg,Colombia,Cali
IMG_20250618_145218745_HDR.jpg,Colombia,Cali
IMG_20250618_145236644_HDR.jpg,Colombia,Cali
IMG_20250618_145636692_HDR.jpg,Colombia,Cali
IMG_20250618_145652874_HDR.jpg,Colombia,Cali
IMG_20250619_113450887_HDR.jpg,Colombia,Cali
IMG_20250619_114423128_HDR.jpg,Colombia,Cali
IMG_20250619_114455694_HDR.jpg,Colombia,Cali
IMG_20250619_134810251_HDR.jpg,Colombia,Cali
IMG_20250619_134820457_HDR.jpg,Colombia,Cali
IMG_20250619_142959661_HDR.jpg,Colombia,Cali
IMG_20250620_100611633_HDR.jpg,Colombia,Cali
IMG_20250620_100913091_HDR.jpg,Colombia,Cali
IMG_20250620_101048851_HDR.jpg,Colombia,Cali
IMG_20250620_101104967_HDR.jpg,Colombia,Cali
IMG_20250620_101932438_HDR.jpg,Colombia,Cali
IMG_20250620_101932439_HDR.jpg,Colombia,Cali
IMG_20250620_102113776_HDR.jpg,Colombia,Cali
IMG_20250620_102201906_HDR.jpg,Colombia,Cali
IMG_20250620_103656005_HDR.jpg,Colombia,Cali
IMG_20250620_103801406_HDR.jpg,Colombia,Cali
IMG_20250620_103838406_HDR.jpg,Colombia,Cali
IMG_20250620_103902429_HDR.jpg,Colombia,Cali
IMG_20250620_104909525_HDR.jpg,Colombia,Cali
IMG_20250620_111228070.jpg,Colombia,Cali
IMG_20250620_111556634_HDR.jpg,Colombia,Cali
IMG_20250620_114402119_HDR.jpg,Colombia,Cali
IMG_20250620_114554193_HDR.jpg,Colombia,Cali
IMG_20250620_114632999_HDR.jpg,Colombia,Cali
IMG_20250620_114749394.jpg,Colombia,Cali
IMG_20250620_114822222_HDR.jpg,Colombia,Cali
IMG_20250620_114859623_HDR.jpg,Colombia,Cali
IMG_20250620_120502714_BURST000_COVER_TOP.jpg,Colombia,Cali
IMG_20250620_120546446_HDR.jpg,Colombia,Cali
IMG_20250620_120748302_HDR.jpg,Colombia,Cali
IMG_20250620_120748303_HDR.jpg,Colombia,Cali
IMG_20250620_120901024_HDR.jpg,Colombia,Cali
IMG_20250620_120941337_HDR.jpg,Colombia,Cali
IMG_20250621_134424511_HDR.jpg,Colombia,Cali
IMG_20250621_134424512_HDR.jpg,Colombia,Cali
IMG_20250621_135556985_HDR.jpg,Colombia,Cali
IMG_20250621_135626755_HDR.jpg,Colombia,Cali
IMG_20250621_135653222_HDR.jpg,Colombia,Cali
IMG_20250621_140143192_HDR.jpg,Colombia,Cali
IMG_20250621_144011484_HDR.jpg,Colombia,Cali
IMG_20250621_144029128_HDR.jpg,Colombia,Cali
IMG_20250621_145651017_HDR.jpg,Colombia,Cali
IMG_20250621_145651018_HDR.jpg,Colombia,Cali
IMG_20250621_145715332_HDR.jpg,Colombia,Cali
IMG_20250621_145851685_HDR.jpg,Colombia,Cali
IMG_20250621_145926258_HDR.jpg,Colombia,Cali
IMG_20250621_150348555_HDR.jpg,Colombia,Cali
IMG_20250621_150418657_HDR.jpg,Colombia,Cali
IMG_20250621_151217508_HDR.jpg,Colombia,Cali
IMG_20250621_151900833_HDR.jpg,Colombia,Cali
IMG_20250621_152257618_HDR.jpg,Colombia,Cali
IMG_20250621_152412088_HDR.jpg,Colombia,Cali
IMG_20250622_104815594_HDR.jpg,Colombia,Cali
IMG_20250622_104911611_HDR.jpg,Colombia,Cali
IMG_20250622_105110345_HDR.jpg,Colombia,Cali
IMG_20250624_095838714_HDR.jpg,Colombia,Cali
IMG_20250624_095847577_HDR.jpg,Colombia,Cali
IMG_20250624_100245733_HDR.jpg,Colombia,Cali
IMG_20250624_100258750_HDR.jpg,Colombia,Cali
IMG_20250624_110951510_HDR.jpg,Colombia,Cali
IMG_20250624_112558245_HDR.jpg,Colombia,Cali
IMG_20250624_112620698_HDR.jpg,Colombia,Cali
IMG_20250624_121607913_HDR.jpg,Colombia,Cali
IMG_20250624_121623570_HDR.jpg,Colombia,Cali
IMG_20250624_121655440_HDR.jpg,Colombia,Cali
IMG_20250624_130656664_HDR.jpg,Colombia,Cali
IMG_20250624_130718024_HDR.jpg,Colombia,Cali
IMG_20250624_130949865_HDR.jpg,Colombia,Cali
IMG_20250624_131111191_HDR.jpg,Colombia,Cali
IMG_20250624_131257132_HDR.jpg,Colombia,Cali
IMG_20250702_143634568_HDR.jpg,Colombia,Cali
IMG_20250702_143936845_HDR.jpg,Colombia,Cali
IMG_20250702_144006902_HDR.jpg,Colombia,Cali
IMG_20250702_144031607_HDR.jpg,Colombia,Cali
IMG_20250702_144057156_HDR.jpg,Colombia,Cali
IMG_20250702_144200269_HDR.jpg,Colombia,Cali
IMG_20250702_144231412_HDR.jpg,Colombia,Cali
IMG_20250702_144305350_HDR.jpg,Colombia,Cali
IMG_20250702_144350140_HDR.jpg,Colombia,Cali
IMG_20250702_144512939_HDR.jpg,Colombia,Cali
IMG_20250702_144527141_HDR.jpg,Colombia,Cali
IMG_20250702_144613062_HDR.jpg,Colombia,Cali
IMG_20250702_144620436_HDR.jpg,Colombia,Cali
IMG_20250702_145449007_HDR.jpg,Colombia,Cali
IMG_20250702_145721322_HDR.jpg,Colombia,Cali
IMG_20250702_145820093_HDR.jpg,Colombia,Cali
IMG_20250702_145841947_HDR.jpg,Colombia,Cali
IMG_20250702_150257055_HDR.jpg,Colombia,Cali
IMG_20250702_150314662_HDR.jpg,Colombia,Cali
IMG_20250702_150331588_HDR.jpg,Colombia,Cali
IMG_20250702_151243382.jpg,Colombia,Cali
IMG_20250702_151520031_HDR.jpg,Colombia,Cali
IMG_20250702_151844955_HDR.jpg,Colombia,Cali
IMG_20250702_151927052.jpg,Colombia,Cali
IMG_20250702_152204201_HDR.jpg,Colombia,Cali
IMG_20250702_152249865.jpg,Colombia,Cali
IMG_20250702_152359649_HDR.jpg,Colombia,Cali
IMG_20250702_152407743_HDR.jpg,Colombia,Cali
IMG_20250702_152508595_HDR.jpg,Colombia,Cali
IMG_20250702_152626090_HDR.jpg,Colombia,Cali
IMG_20250702_152736784_HDR.jpg,Colombia,Cali
IMG_20250702_152824002.jpg,Colombia,Cali
IMG_20250702_152837358_HDR.jpg,Colombia,Cali
IMG_20250702_152901212_HDR.jpg,Colombia,Cali
IMG_20250702_153136702_HDR.jpg,Colombia,Cali
IMG_20250702_153356404_HDR.jpg,Colombia,Cali
IMG_20250702_153845793_HDR.jpg,Colombia,Cali
IMG_20250702_153850147_HDR.jpg,Colombia,Cali
IMG_20250702_153856940_HDR.jpg,Colombia,Cali
IMG_20250702_153922749_HDR.jpg,Colombia,Cali
IMG_20250702_153938591_HDR.jpg,Colombia,Cali
IMG_20250702_154252062_HDR.jpg,Colombia,Cali
IMG_20250702_154259784_HDR.jpg,Colombia,Cali
IMG_20250702_154311974_HDR.jpg,Colombia,Cali
IMG_20250702_154426816_HDR.jpg,Colombia,Cali
IMG_20250702_154444704_HDR.jpg,Colombia,Cali
IMG_20250702_154501770_HDR.jpg,Colombia,Cali
IMG_20250702_154519530_HDR.jpg,Colombia,Cali
IMG_20250702_154529197.jpg,Colombia,Cali
IMG_20250702_154541473_HDR.jpg,Colombia,Cali
IMG_20250702_154613610_HDR.jpg,Colombia,Cali
IMG_20250702_154625975_HDR.jpg,Colombia,Cali
IMG_20250702_154637588.jpg,Colombia,Cali
IMG_20250702_154639558.jpg,Colombia,Cali
IMG_20250702_154817702_HDR.jpg,Colombia,Cali
IMG_20250702_154835170_HDR.jpg,Colombia,Cali
IMG_20250702_154842674_HDR.jpg,Colombia,Cali
IMG_20250702_154938410_HDR.jpg,Colombia,Cali
IMG_20250702_154955623.jpg,Colombia,Cali
IMG_20250702_155225886_HDR.jpg,Colombia,Cali
IMG_20250702_155236647_HDR.jpg,Colombia,Cali
IMG_20250702_155332355.jpg,Colombia,Cali
IMG_20250702_155345385_HDR.jpg,Colombia,Cali
IMG_20250702_155440557_HDR.jpg,Colombia,Cali
IMG_20250702_155506736_HDR.jpg,Colombia,Cali
IMG_20250702_155639189_HDR.jpg,Colombia,Cali
IMG_20250702_155723443_HDR.jpg,Colombia,Cali
IMG_20250702_155754823_HDR.jpg,Colombia,Cali
IMG_20250702_155804398_HDR.jpg,Colombia,Cali
IMG_20250702_155925214_HDR.jpg,Colombia,Cali
IMG_20250702_155945862_HDR.jpg,Colombia,Cali
IMG_20250702_155948024_HDR.jpg,Colombia,Cali
IMG_20250702_160054890_HDR.jpg,Colombia,Cali
IMG_20250702_160104610_HDR.jpg,Colombia,Cali
IMG_20250702_160209134.jpg,Colombia,Cali
IMG_20250702_160212537_HDR.jpg,Colombia,Cali
IMG_20250702_160223750_HDR.jpg,Colombia,Cali
IMG_20250702_160240409_HDR.jpg,Colombia,Cali
IMG_20250702_160246957_HDR.jpg,Colombia,Cali
IMG_20250702_160347038_HDR.jpg,Colombia,Cali
IMG_20250702_160603229.jpg,Colombia,Cali
IMG_20250702_160759883_HDR.jpg,Colombia,Cali
IMG_20250702_160814963_HDR.jpg,Colombia,Cali
IMG_20250702_160937675_HDR.jpg,Colombia,Cali
IMG_20250702_160951597_HDR.jpg,Colombia,Cali
IMG_20250702_161000656_HDR.jpg,Colombia,Cali
IMG_20250702_161229588_HDR.jpg,Colombia,Cali
IMG_20250702_161241193_HDR.jpg,Colombia,Cali
IMG_20250702_161402704_HDR.jpg,Colombia,Cali
IMG_20250702_162318022_HDR.jpg,Colombia,Cali
IMG_20250702_162441478_HDR.jpg,Colombia,Cali
IMG_20250702_162455520_HDR.jpg,Colombia,Cali
IMG_20250702_162500102_HDR.jpg,Colombia,Cali
IMG_20250702_162911233_HDR.jpg,Colombia,Cali
IMG_20250702_162912176_HDR.jpg,Colombia,Cali
IMG_20250702_163022253_HDR.jpg,Colombia,Cali
IMG_20250702_163725406_HDR.jpg,Colombia,Cali
IMG_20250702_163810758_HDR.jpg,Colombia,Cali
IMG_20250702_163840501_HDR.jpg,Colombia,Cali
IMG_20250702_164651922_HDR.jpg,Colombia,Cali
IMG_20250704_112615871_HDR.jpg,Colombia,Cali
IMG_20250704_112648624_HDR.jpg,Colombia,Cali
IMG_20250704_113044755_HDR.jpg,Colombia,Cali
IMG_20250704_113301593_HDR.jpg,Colombia,Cali
IMG_20250704_113611275_HDR.jpg,Colombia,Cali
IMG_20250704_113635843_HDR.jpg,Colombia,Cali
IMG_20250704_113722658_HDR.jpg,Colombia,Cali
IMG_20250704_113758767_HDR.jpg,Colombia,Cali
IMG_20250704_113855596_HDR.jpg,Colombia,Cali
IMG_20250704_113912030_HDR.jpg,Colombia,Cali
IMG_20250704_113914058_HDR.jpg,Colombia,Cali
IMG_20250704_113921489_HDR.jpg,Colombia,Cali
IMG_20250704_114013128_HDR.jpg,Colombia,Cali
IMG_20250704_114128183_HDR.jpg,Colombia,Cali
IMG_20250704_115105096_HDR.jpg,Colombia,Cali
IMG_20250704_115634846_HDR.jpg,Colombia,Cali
IMG_20250704_115720524_HDR.jpg,Colombia,Cali
IMG_20250704_115739973_HDR.jpg,Colombia,Cali
IMG_20250704_120316406_HDR.jpg,Colombia,Cali
IMG_2783.jpg,Mexico,Mexico City
IMG_2784.jpg,Mexico,Mexico City
IMG_2788.jpg,Mexico,Mexico City
IMG_2793.jpg,Mexico,Mexico City
IMG_2798.jpg,Mexico,Mexico City
IMG_2801.jpg,Mexico,Mexico City
IMG_2810.jpg,Mexico,Mexico City
IMG_2812.jpg,Mexico,Mexico City
IMG_2817.jpg,Mexico,Mexico City
IMG_2818.jpg,Mexico,Mexico City
IMG_2820.jpg,Mexico,Mexico City
IMG_2822.jpg,Mexico,Mexico City
IMG_2824.jpg,Mexico,Mexico City
IMG_2840.jpg,Mexico,Mexico City
IMG_2841.jpg,Mexico,Mexico City
IMG_2847.jpg,Mexico,Mexico City
IMG_2854.jpg,Mexico,Mexico City
IMG_2855.jpg,Mexico,Mexico City
IMG_2874.jpg,Mexico,Mexico City
IMG_2879.jpg,Mexico,Mexico City
IMG_2885.jpg,Mexico,Mexico City
IMG_2888.jpg,Mexico,Mexico City
IMG_2889.jpg,Mexico,Mexico City
IMG_2893.jpg,Mexico,Mexico City
IMG_2897.jpg,Mexico,Mexico City
IMG_2963.jpg,Mexico,Mexico City
IMG_2982.jpg,Mexico,Mexico City
IMG_2983.jpg,Mexico,Mexico City
IMG_2989.jpg,Mexico,Mexico City
IMG_2999.jpg,Mexico,Mexico City
IMG_3001.jpg,Mexico,Mexico City
IMG_3002.jpg,Mexico,Mexico City
IMG_307.jpg,Colombia,Bogota
IMG_3110.jpg,Mexico,Mexico City
IMG_3112.jpg,Mexico,Mexico City
IMG_3119.jpg,Mexico,Mexico City
IMG_3139.jpg,Mexico,Mexico City
IMG_3148.jpg,Mexico,Mexico City
IMG_3170.jpg,Mexico,Mexico City
IMG_3212.jpg,Mexico,Mexico City
IMG_3229.jpg,Mexico,Mexico City
IMG_3230.jpg,Mexico,Mexico City
IMG_3247.jpg,Mexico,Mexico City
IMG_3309.jpg,Mexico,Mexico City
IMG_3310.jpg,Mexico,Mexico City
IMG_3317.jpg,Mexico,Mexico City
IMG_3324.jpg,Mexico,Mexico City
IMG_3336.jpg,Mexico,Mexico City
IMG_3413.jpg,Mexico,Mexico City
IMG_3440.jpg,Mexico,Mexico City
IMG_3445.jpg,Mexico,Mexico City
IMG_3446.jpg,Mexico,Mexico City
IMG_3452.jpg,Mexico,Mexico City
IMG_3453.jpg,Mexico,Mexico City
IMG_3455.jpg,Mexico,Mexico City
IMG_3469.jpg,Mexico,Mexico City
IMG_3495.jpg,Mexico,Mexico City
IMG_3496.jpg,Mexico,Mexico City
IMG_3497.jpg,Mexico,Mexico City
IMG_3498.jpg,Mexico,Mexico City
IMG_3502.jpg,Mexico,Mexico City
IMG_3504.jpg,Mexico,Mexico City
IMG_3505.jpg,Mexico,Mexico City
IMG_3507.jpg,Mexico,Mexico City
IMG_3509.jpg,Mexico,Mexico City
IMG_3510.jpg,Mexico,Mexico City
IMG_3511.jpg,Mexico,Mexico City
IMG_3513.jpg,Mexico,Mexico City
IMG_3528.jpg,Mexico,Mexico City
IMG_3531.jpg,Mexico,Mexico City
IMG_3546.jpg,Mexico,Mexico City
IMG_3554.jpg,Mexico,Mexico City
IMG_3561.jpg,Mexico,Mexico City
IMG_3600.jpg,Mexico,Mexico City
IMG_3664.jpg,Mexico,Mexico City
IMG_3674.jpg,Mexico,Mexico City
IMG_3689.jpg,Mexico,Mexico City
IMG_3737.jpg,Mexico,Mexico City
IMG_3741.jpg,Mexico,Mexico City
IMG_3781.jpg,Mexico,Mexico City
IMG_3801.jpg,Mexico,Mexico City
IMG_3806.jpg,Mexico,Mexico City
IMG_3831.jpg,Mexico,Mexico City
IMG_3832.jpg,Mexico,Mexico City
IMG_3841.jpg,Mexico,Mexico City
IMG_3849.jpg,Mexico,Mexico City
IMG_3851.jpg,Mexico,Mexico City
IMG_3855.jpg,Mexico,Mexico City
IMG_3858.jpg,Mexico,Mexico City
IMG_3860.jpg,Mexico,Mexico City
IMG_3864.jpg,Mexico,Mexico City
IMG_3870.jpg,Mexico,Mexico City
IMG_3871.jpg,Mexico,Mexico City
IMG_3996.jpg,Mexico,Mexico City
IMG_4004.jpg,Mexico,Mexico City
IMG_4012.jpg,Mexico,Mexico City
IMG_4023-1.jpg,Mexico,Mexico City
IMG_4033.jpg,Mexico,Mexico City
IMG_4035.jpg,Mexico,Mexico City
IMG_4046.jpg,Mexico,Mexico City
IMG_4052.jpg,Mexico,Mexico City
IMG_4056-1.jpg,Mexico,Mexico City
IMG_4063.jpg,Mexico,Mexico City
IMG_4065-1.jpg,Mexico,Mexico City
IMG_4069.jpg,Mexico,Mexico City
IMG_4071.jpg,Mexico,Mexico City
IMG_4073-1.jpg,Mexico,Mexico City
IMG_4077-1.jpg,Mexico,Mexico City
IMG_4107.jpg,Mexico,Mexico City
IMG_4177.jpg,Mexico,Mexico City
IMG_4636.jpg,Mexico,Mexico City
IMG_4638.jpg,Mexico,Mexico City
IMG_4715.jpg,Mexico,Mexico City
IMG_4720.jpg,Mexico,Mexico City
IMG_4741.jpg,Mexico,Mexico City
IMG_481.jpg,Colombia,Bogota
IMG_4813.jpg,Mexico,Mexico City
IMG_4816.jpg,Mexico,Mexico City
IMG_4822.jpg,Mexico,Mexico City
IMG_4832.jpg,Mexico,Mexico City
IMG_4869.jpg,Mexico,Mexico City
IMG_487.jpg,Colombia,Bogota
IMG_4885.jpg,Mexico,Mexico City
IMG_4892.jpg,Mexico,Mexico City
IMG_4906.jpg,Mexico,Mexico City
IMG_4907.jpg,Mexico,Mexico City
IMG_4908.jpg,Mexico,Mexico City
IMG_4912.jpg,Mexico,Mexico City
IMG_4923.jpg,Mexico,Mexico City
IMG_4930.jpg,Mexico,Mexico City
IMG_4936.jpg,Mexico,Mexico City
IMG_4950.jpg,Mexico,Mexico City
IMG_503_1.jpg,Colombia,Bogota
IMG_508.jpg,Colombia,Bogota
IMG_508_1.jpg,Colombia,Bogota
IMG_526.jpg,Colombia,Bogota
IMG_541.jpg,Colombia,Bogota
IMG_541_1.jpg,Colombia,Bogota
IMG_551.jpg,Colombia,Bogota
IMG_551_1.jpg,Colombia,Bogota
IMG_554.jpg,Colombia,Bogota
IMG_557.jpg,Colombia,Bogota
IMG_559.jpg,Colombia,Bogota
IMG_559_1.jpg,Colombia,Bogota
IMG_56.jpg,Colombia,Bogota
IMG_563.jpg,Colombia,Bogota
IMG_564.jpg,Colombia,Bogota
IMG_564_1.jpg,Colombia,Bogota
IMG_566.jpg,Colombia,Bogota
IMG_569.jpg,Colombia,Bogota
IMG_569_1.jpg,Colombia,Bogota
IMG_56_1.jpg,Colombia,Bogota
IMG_573.jpg,Colombia,Bogota
IMG_578.jpg,Colombia,Bogota
IMG_578_1.jpg,Colombia,Bogota
IMG_584.jpg,Colombia,Bogota
IMG_591_1.jpg,Colombia,Bogota
IMG_595.jpg,Colombia,Bogota
IMG_595_1.jpg,Colombia,Bogota
IMG_599.jpg,Colombia,Bogota
IMG_600.jpg,Colombia,Bogota
IMG_603_1.jpg,Colombia,Bogota
IMG_610_1.jpg,Colombia,Bogota
IMG_611.jpg,Colombia,Bogota
IMG_621.jpg,Colombia,Bogota
IMG_642.jpg,Colombia,Bogota
IMG_643_1.jpg,Colombia,Bogota
IMG_646.jpg,Colombia,Bogota
IMG_658.jpg,Colombia,Bogota
IMG_6618.jpg,Mexico,La Paz
IMG_663.jpg,Colombia,Bogota
IMG_679.jpg,Colombia,Bogota
IMG_679_1.jpg,Colombia,Bogota
IMG_6804.jpg,Mexico,La Paz
IMG_690_1.jpg,Colombia,Bogota
IMG_707.jpg,Colombia,Bogota
IMG_707_1.jpg,Colombia,Bogota
IMG_717_1.jpg,Colombia,Bogota
IMG_720.jpg,Colombia,Bogota
IMG_722.jpg,Colombia,Bogota
IMG_722_1.jpg,Colombia,Bogota
IMG_727.jpg,Colombia,Bogota
IMG_727_1.jpg,Colombia,Bogota
IMG_73.jpg,Colombia,Bogota
IMG_73_1.jpg,Colombia,Bogota
IMG_769.jpg,Colombia,Bogota
IMG_775.jpg,Colombia,Bogota
IMG_775_1.jpg,Colombia,Bogota
IMG_780.jpg,Colombia,Bogota
IMG_787.jpg,Colombia,Bogota
IMG_821.jpg,Colombia,Bogota
IMG_870.jpg,Colombia,Bogota
IMG_882.jpg,Colombia,Bogota
IMG_882_1.jpg,Colombia,Bogota
IMG_888.jpg,Colombia,Bogota
IMG_897.jpg,Colombia,Bogota
IMG_903_1.jpg,Colombia,Bogota
IMG_905.jpg,Colombia,Bogota
IMG_912.jpg,Colombia,Bogota
IMG_913.jpg,Colombia,Bogota
IMG_919.jpg,Colombia,Bogota
IMG_924.jpg,Colombia,Bogota
IMG_924_1.jpg,Colombia,Bogota
IMG_926.jpg,Colombia,Bogota
IMG_946.jpg,Colombia,Bogota
IMG_959.jpg,Colombia,Bogota
IMG_982.jpg,Colombia,Bogota
IMG_9957.jpg,Mexico,La Paz
Original_TimePhoto_20250503_151548.jpg,Colombia,Cali
Original_TimePhoto_20250504_112702.jpg,Colombia,Cali
Original_TimePhoto_20250504_115025.jpg,Colombia,Cali
Original_TimePhoto_20250527_095651.jpg,Colombia,Cali
Original_TimePhoto_20250527_095652.jpg,Colombia,Cali
TimePhoto_20250503_142706.jpg,Colombia,Cali
TimePhoto_20250503_142737.jpg,Colombia,Cali
TimePhoto_20250503_152610.jpg,Colombia,Cali
08758100000000000704080000002U.jpg,Colombia,Soledad
08758100000000001002020000001U.jpg,Colombia,Soledad
08758100000000001002050000002U.jpg,Colombia,Soledad
08758100000000001002070000002U.jpg,Colombia,Soledad
08758100000000001003120000001U.jpg,Colombia,Soledad
08758100000000001003120000002U.jpg,Colombia,Soledad
08758100000000001004060000001U.jpg,Colombia,Soledad
1005338258_2699_0.jpg,Portugal,Lisbon
1005338267_2708_0.jpg,Portugal,Lisbon
1005338269_2710_2.jpg,Portugal,Lisbon
1005360798_2721_0.jpg,Portugal,Lisbon
1005360799_2722_2.jpg,Portugal,Lisbon
1005360800_2723_2.jpg,Portugal,Lisbon
1005360803_2726_0.jpg,Portugal,Lisbon
1005360806_2729_1.jpg,Portugal,Lisbon
1005432320_2743_1.jpg,Portugal,Lisbon
1005432325_2748_2.jpg,Portugal,Lisbon
1005432327_2750_2.jpg,Portugal,Lisbon
1005432329_2752_2.jpg,Portugal,Lisbon
1005432341_2764_2.jpg,Portugal,Lisbon
1005432350_2773_1.jpg,Portugal,Lisbon
1005432358_2781_1.jpg,Portugal,Lisbon
1005432361_2784_2.jpg,Portugal,Lisbon
1005432365_2788_2.jpg,Portugal,Lisbon
1005432370_2793_2.jpg,Portugal,Lisbon
1005432375_2798_1.jpg,Portugal,Lisbon
1005432377_2800_0.jpg,Portugal,Lisbon
1005432377_2800_2.jpg,Portugal,Lisbon
1005432379_2802_2.jpg,Portugal,Lisbon
1005432382_2805_1.jpg,Portugal,Lisbon
1005432384_2807_0.jpg,Portugal,Lisbon
1005432385_2808_2.jpg,Portugal,Lisbon
1005432390_2813_0.jpg,Portugal,Lisbon
1005432391_2814_1.jpg,Portugal,Lisbon
1005432401_2824_0.jpg,Portugal,Lisbon
1005432406_2829_1.jpg,Portugal,Lisbon
1005432409_2832_1.jpg,Portugal,Lisbon
1005432409_2832_2.jpg,Portugal,Lisbon
1005432417_2840_2.jpg,Portugal,Lisbon
104947.jpg,Colombia,Cartagena
105228.jpg,Colombia,Cartagena
105856.jpg,Colombia,Cartagena
106049.jpg,Colombia,Cartagena
106254.jpg,Colombia,Cartagena
106665.jpg,Colombia,Cartagena
106674.jpg,Colombia,Cartagena
106684.jpg,Colombia,Cartagena
107134.jpg,Colombia,Cartagena
128321.jpg,Colombia,Cartagena
137913.jpg,Colombia,Cartagena
138252.jpg,Colombia,Cartagena
138410.jpg,Colombia,Cartagena
145154.jpg,Colombia,Cartagena
145612.jpg,Colombia,Santa Marta
147221.jpg,Colombia,Santa Marta
149861.jpg,Colombia,Cartagena
149937.jpg,Colombia,Cartagena
150127.jpg,Colombia,Cartagena
150164.jpg,Colombia,Cartagena
150301.jpg,Colombia,Cartagena
150356.jpg,Colombia,Cartagena
151894.jpg,Colombia,Cartagena
153241.jpg,Colombia,Cartagena
153291.jpg,Colombia,Cartagena
153366.jpg,Colombia,Cartagena
153661.jpg,Colombia,Cartagena
153759.jpg,Colombia,Cartagena
153801.jpg,Colombia,Cartagena
153810.jpg,Colombia,Cartagena
154370577_128_0.jpg,Portugal,Lisbon
154735.jpg,Colombia,Santa Marta
155775.jpg,Colombia,Cartagena
156043.jpg,Colombia,Cartagena
156085.jpg,Colombia,Cartagena
156168.jpg,Colombia,Cartagena
156436.jpg,Colombia,Cartagena
156471.jpg,Colombia,Cartagena
156483.jpg,Colombia,Cartagena
156557.jpg,Colombia,Cartagena
156586.jpg,Colombia,Cartagena
157765.jpg,Colombia,Cartagena
157902.jpg,Colombia,Cartagena
157979.jpg,Colombia,Cartagena
169757.jpg,Colombia,Cartagena
172912.jpg,Colombia,Cartagena
173023.jpg,Colombia,Cartagena
173043.jpg,Colombia,Cartagena
173629.jpg,Colombia,Cartagena
174648.jpg,Colombia,Cartagena
174863.jpg,Colombia,Cartagena
174912.jpg,Colombia,Cartagena
175146.jpg,Colombia,Cartagena
175186.jpg,Colombia,Cartagena
175917.jpg,Colombia,Barranquilla
177657.jpg,Colombia,Barranquilla
179743.jpg,Colombia,Barranquilla
179805.jpg,Colombia,Barranquilla
179809.jpg,Colombia,Barranquilla
180227.jpg,Colombia,Cartagena
182696.jpg,Colombia,Barranquilla
182782.jpg,Colombia,Barranquilla
184394.jpg,Colombia,Barranquilla
184440.jpg,Colombia,Barranquilla
184451.jpg,Colombia,Barranquilla
185756.jpg,Colombia,Barranquilla
189325.jpg,Colombia,Barranquilla
189432.jpg,Colombia,Barranquilla
190596.jpg,Colombia,Barranquilla
191433.jpg,Colombia,Barranquilla
191451.jpg,Colombia,Barranquilla
191465.jpg,Colombia,Barranquilla
193511.jpg,Colombia,Barranquilla
197821.jpg,Colombia,Santa Marta
198074.jpg,Colombia,Barranquilla
198384.jpg,Colombia,Barranquilla
198410.jpg,Colombia,Barranquilla
198445.jpg,Colombia,Barranquilla
20250614_092851.jpg,Mexico,La Paz
20250614_093528.jpg,Mexico,La Paz
20250614_101432.jpg,Mexico,La Paz
20250614_101705.jpg,Mexico,La Paz
20250614_101741.jpg,Mexico,La Paz
20250614_101824.jpg,Mexico,La Paz
20250614_102042.jpg,Mexico,La Paz
20250614_102337.jpg,Mexico,La Paz
20250614_102616.jpg,Mexico,La Paz
20250614_103012.jpg,Mexico,La Paz
20250614_103219.jpg,Mexico,La Paz
20250614_103258.jpg,Mexico,La Paz
20250614_103323.jpg,Mexico,La Paz
20250614_103429.jpg,Mexico,La Paz
20250614_103514.jpg,Mexico,La Paz
20250614_103558.jpg,Mexico,La Paz
20250614_103826.jpg,Mexico,La Paz
20250614_104236.jpg,Mexico,La Paz
20250614_104431.jpg,Mexico,La Paz
20250614_104527.jpg,Mexico,La Paz
20250614_104529.jpg,Mexico,La Paz
20250614_104549.jpg,Mexico,La Paz
20250614_104724.jpg,Mexico,La Paz
20250614_104752.jpg,Mexico,La Paz
20250614_104801.jpg,Mexico,La Paz
20250614_104818.jpg,Mexico,La Paz
20250614_105003.jpg,Mexico,La Paz
20250614_105143.jpg,Mexico,La Paz
20250614_105200.jpg,Mexico,La Paz
20250614_105225.jpg,Mexico,La Paz
20250614_105248.jpg,Mexico,La Paz
20250614_105311.jpg,Mexico,La Paz
20250614_105423.jpg,Mexico,La Paz
20250614_105435.jpg,Mexico,La Paz
20250614_105459.jpg,Mexico,La Paz
20250614_105523.jpg,Mexico,La Paz
20250614_105652.jpg,Mexico,La Paz
20250614_105716.jpg,Mexico,La Paz
20250614_105722.jpg,Mexico,La Paz
20250614_105826.jpg,Mexico,La Paz
20250614_105841.jpg,Mexico,La Paz
20250614_110014.jpg,Mexico,La Paz
20250614_110148.jpg,Mexico,La Paz
20250614_110210.jpg,Mexico,La Paz
20250614_110211.jpg,Mexico,La Paz
20250614_110542.jpg,Mexico,La Paz
20250614_110557.jpg,Mexico,La Paz
20250614_110648.jpg,Mexico,La Paz
20250614_110714.jpg,Mexico,La Paz
20250614_110751.jpg,Mexico,La Paz
20250614_110809.jpg,Mexico,La Paz
20250614_110918.jpg,Mexico,La Paz
20250614_110935.jpg,Mexico,La Paz
20250614_110955.jpg,Mexico,La Paz
20250614_111016.jpg,Mexico,La Paz
20250614_111020.jpg,Mexico,La Paz
20250614_111045.jpg,Mexico,La Paz
20250614_111135.jpg,Mexico,La Paz
20250614_111229.jpg,Mexico,La Paz
20250614_111457.jpg,Mexico,La Paz
20250614_111545.jpg,Mexico,La Paz
20250614_111703.jpg,Mexico,La Paz
20250614_111832.jpg,Mexico,La Paz
20250614_111959.jpg,Mexico,La Paz
20250614_112317.jpg,Mexico,La Paz
20250614_112342.jpg,Mexico,La Paz
20250614_112353.jpg,Mexico,La Paz
20250614_112401.jpg,Mexico,La Paz
20250614_112427.jpg,Mexico,La Paz
20250614_112442.jpg,Mexico,La Paz
20250614_112446.jpg,Mexico,La Paz
20250614_112524.jpg,Mexico,La Paz
20250614_112623.jpg,Mexico,La Paz
20250614_112850.jpg,Mexico,La Paz
20250614_112925.jpg,Mexico,La Paz
20250614_112950.jpg,Mexico,La Paz
20250614_113004.jpg,Mexico,La Paz
20250614_113042.jpg,Mexico,La Paz
20250614_113102.jpg,Mexico,La Paz
20250614_113157.jpg,Mexico,La Paz
20250614_113547.jpg,Mexico,La Paz
20250614_113611.jpg,Mexico,La Paz
20250614_113637.jpg,Mexico,La Paz
20250614_113733.jpg,Mexico,La Paz
20250614_113819.jpg,Mexico,La Paz
20250614_113930.jpg,Mexico,La Paz
20250614_114902.jpg,Mexico,La Paz
20250614_114908.jpg,Mexico,La Paz
20250614_120033.jpg,Mexico,La Paz
20250614_120220.jpg,Mexico,La Paz
20250614_120401.jpg,Mexico,La Paz
20250614_120417.jpg,Mexico,La Paz
20250614_120522.jpg,Mexico,La Paz
20250614_120654.jpg,Mexico,La Paz
20250614_120756.jpg,Mexico,La Paz
20250614_120920.jpg,Mexico,La Paz
20250614_121036.jpg,Mexico,La Paz
20250614_121123.jpg,Mexico,La Paz
20250614_121144.jpg,Mexico,La Paz
20250614_121215.jpg,Mexico,La Paz
20250614_121236.jpg,Mexico,La Paz
20250614_121246.jpg,Mexico,La Paz
20250614_121311.jpg,Mexico,La Paz
20250614_121440.jpg,Mexico,La Paz
20250614_121525.jpg,Mexico,La Paz
20250614_121531.jpg,Mexico,La Paz
20250614_121536.jpg,Mexico,La Paz
20250614_121544.jpg,Mexico,La Paz
20250614_121651.jpg,Mexico,La Paz
20250614_121709.jpg,Mexico,La Paz
20250614_121748.jpg,Mexico,La Paz
20250614_121807.jpg,Mexico,La Paz
20250614_122109.jpg,Mexico,La Paz
20250614_122134.jpg,Mexico,La Paz
20250614_122202.jpg,Mexico,La Paz
20250614_122257.jpg,Mexico,La Paz
20250614_122751.jpg,Mexico,La Paz
20250614_122930.jpg,Mexico,La Paz
20250614_122941.jpg,Mexico,La Paz
20250614_122946.jpg,Mexico,La Paz
20250614_123110.jpg,Mexico,La Paz
20250614_123156.jpg,Mexico,La Paz
20250614_123326.jpg,Mexico,La Paz
20250614_123406.jpg,Mexico,La Paz
20250614_123436.jpg,Mexico,La Paz
20250614_123540.jpg,Mexico,La Paz
20250614_123620.jpg,Mexico,La Paz
20250614_123622.jpg,Mexico,La Paz
20250614_123719.jpg,Mexico,La Paz
20250614_123743.jpg,Mexico,La Paz
20250614_123750.jpg,Mexico,La Paz
20250614_123806.jpg,Mexico,La Paz
20250614_124556.jpg,Mexico,La Paz
20250614_124731.jpg,Mexico,La Paz
20250614_130117.jpg,Mexico,La Paz
20250614_135257.jpg,Mexico,La Paz
20250614_135337.jpg,Mexico,La Paz
20250614_163006.jpg,Mexico,La Paz
20250614_163009.jpg,Mexico,La Paz
20250614_163631.jpg,Mexico,La Paz
20250614_164045.jpg,Mexico,La Paz
20250614_164304.jpg,Mexico,La Paz
20250614_164431.jpg,Mexico,La Paz
20250614_164449.jpg,Mexico,La Paz
20250614_164645.jpg,Mexico,La Paz
20250614_164648.jpg,Mexico,La Paz
20250614_164904.jpg,Mexico,La Paz
20250614_164915.jpg,Mexico,La Paz
20250614_165011.jpg,Mexico,La Paz
20250614_165149.jpg,Mexico,La Paz
20250614_165157.jpg,Mexico,La Paz
20250614_165339.jpg,Mexico,La Paz
20250614_165505.jpg,Mexico,La Paz
20250614_165551.jpg,Mexico,La Paz
20250614_165800.jpg,Mexico,La Paz
20250614_170010.jpg,Mexico,La Paz
20250614_170034.jpg,Mexico,La Paz
20250614_170105.jpg,Mexico,La Paz
20250614_170537.jpg,Mexico,La Paz
20250614_170553.jpg,Mexico,La Paz
20250614_170748.jpg,Mexico,La Paz
20250614_170802.jpg,Mexico,La Paz
20250614_170954.jpg,Mexico,La Paz
20250614_171139.jpg,Mexico,La Paz
20250614_171248.jpg,Mexico,La Paz
20250614_171357.jpg,Mexico,La Paz
20250614_171726.jpg,Mexico,La Paz
20250614_171830.jpg,Mexico,La Paz
20250614_172111.jpg,Mexico,La Paz
20250614_172206.jpg,Mexico,La Paz
20250614_172349.jpg,Mexico,La Paz
20250614_172421.jpg,Mexico,La Paz
20250614_172459.jpg,Mexico,La Paz
20250614_172517.jpg,Mexico,La Paz
20250614_172640.jpg,Mexico,La Paz
20250614_172731.jpg,Mexico,La Paz
20250614_172815.jpg,Mexico,La Paz
20250614_172844.jpg,Mexico,La Paz
20250614_172934.jpg,Mexico,La Paz
20250614_173807.jpg,Mexico,La Paz
20250614_173900.jpg,Mexico,La Paz
20250614_174013.jpg,Mexico,La Paz
20250614_174109.jpg,Mexico,La Paz
20250614_174224.jpg,Mexico,La Paz
20250614_174318.jpg,Mexico,La Paz
20250614_174418.jpg,Mexico,La Paz
20250614_174733.jpg,Mexico,La Paz
20250614_175108.jpg,Mexico,La Paz
20250614_175111.jpg,Mexico,La Paz
20250614_175407.jpg,Mexico,La Paz
20250614_175413.jpg,Mexico,La Paz
20250614_175618.jpg,Mexico,La Paz
20250614_175959.jpg,Mexico,La Paz
20250614_180002.jpg,Mexico,La Paz
20250614_180008.jpg,Mexico,La Paz
20250614_180021.jpg,Mexico,La Paz
20250614_180110.jpg,Mexico,La Paz
20250614_180124.jpg,Mexico,La Paz
20250614_180128.jpg,Mexico,La Paz
20250614_180314.jpg,Mexico,La Paz
20250614_180428.jpg,Mexico,La Paz
20250614_180603.jpg,Mexico,La Paz
20250614_180646.jpg,Mexico,La Paz
20250614_180659.jpg,Mexico,La Paz
20250614_180739.jpg,Mexico,La Paz
20250614_180753.jpg,Mexico,La Paz
20250614_180803.jpg,Mexico,La Paz
20250614_180811.jpg,Mexico,La Paz
20250614_181010.jpg,Mexico,La Paz
20250614_181019.jpg,Mexico,La Paz
20250614_181116.jpg,Mexico,La Paz
20250614_181310.jpg,Mexico,La Paz
20250614_181318.jpg,Mexico,La Paz
20250614_181326.jpg,Mexico,La Paz
20250614_181337.jpg,Mexico,La Paz
20250614_181349.jpg,Mexico,La Paz
20250614_181434.jpg,Mexico,La Paz
20250614_181440.jpg,Mexico,La Paz
20250614_181511.jpg,Mexico,La Paz
20250614_181616.jpg,Mexico,La Paz
20250614_181954.jpg,Mexico,La Paz
20250614_182239.jpg,Mexico,La Paz
20250614_182307.jpg,Mexico,La Paz
20250614_182325.jpg,Mexico,La Paz
20250614_182505.jpg,Mexico,La Paz
20250614_182520.jpg,Mexico,La Paz
20250614_182546.jpg,Mexico,La Paz
20250614_182909.jpg,Mexico,La Paz
20250614_182933.jpg,Mexico,La Paz
20250614_183006.jpg,Mexico,La Paz
20250614_183020.jpg,Mexico,La Paz
20250614_183029.jpg,Mexico,La Paz
20250614_183231.jpg,Mexico,La Paz
20250614_183249.jpg,Mexico,La Paz
20250614_183350.jpg,Mexico,La Paz
20250614_183501.jpg,Mexico,La Paz
20250614_183650.jpg,Mexico,La Paz
20250614_183740.jpg,Mexico,La Paz
20250614_183929.jpg,Mexico,La Paz
20250614_184011.jpg,Mexico,La Paz
20250614_184241.jpg,Mexico,La Paz
20250614_184321.jpg,Mexico,La Paz
20250614_184412.jpg,Mexico,La Paz
20250614_184450.jpg,Mexico,La Paz
20250614_184546.jpg,Mexico,La Paz
20250615_150915.jpg,Mexico,La Paz
20250625_152938.jpg,Mexico,La Paz
20250626_073244.jpg,Mexico,La Paz
20250626_073743.jpg,Mexico,La Paz
20250626_073910.jpg,Mexico,La Paz
20250626_074159.jpg,Mexico,La Paz
20250626_074208.jpg,Mexico,La Paz
20250626_074427.jpg,Mexico,La Paz
20250626_074431.jpg,Mexico,La Paz
20250626_074506.jpg,Mexico,La Paz
20250626_074526.jpg,Mexico,La Paz
20250626_080005.jpg,Mexico,La Paz
20250626_080009.jpg,Mexico,La Paz
20250626_081505.jpg,Mexico,La Paz
20250626_081614.jpg,Mexico,La Paz
20250626_081735.jpg,Mexico,La Paz
20250626_081806.jpg,Mexico,La Paz
20250626_081807.jpg,Mexico,La Paz
20250626_081934.jpg,Mexico,La Paz
20250626_082234.jpg,Mexico,La Paz
20250626_082314.jpg,Mexico,La Paz
20250626_082350.jpg,Mexico,La Paz
20250626_082402.jpg,Mexico,La Paz
20250626_082517.jpg,Mexico,La Paz
20250626_082530.jpg,Mexico,La Paz
20250626_082629.jpg,Mexico,La Paz
20250626_082716.jpg,Mexico,La Paz
20250626_083220.jpg,Mexico,La Paz
20250626_083610.jpg,Mexico,La Paz
20250626_083741.jpg,Mexico,La Paz
20250626_083809.jpg,Mexico,La Paz
20250626_083919.jpg,Mexico,La Paz
20250626_084143.jpg,Mexico,La Paz
20250626_084205.jpg,Mexico,La Paz
20250626_084226.jpg,Mexico,La Paz
20250626_084313.jpg,Mexico,La Paz
20250626_084345.jpg,Mexico,La Paz
20250626_084400.jpg,Mexico,La Paz
20250626_084618.jpg,Mexico,La Paz
20250626_084819.jpg,Mexico,La Paz
20250626_085147.jpg,Mexico,La Paz
20250626_085921.jpg,Mexico,La Paz
20250626_092241.jpg,Mexico,La Paz
20250626_092254.jpg,Mexico,La Paz
20250626_092437.jpg,Mexico,La Paz
20250626_092507.jpg,Mexico,La Paz
20250626_092604.jpg,Mexico,La Paz
20250626_092612.jpg,Mexico,La Paz
20250626_092623.jpg,Mexico,La Paz
20250626_092834.jpg,Mexico,La Paz
20250626_093024.jpg,Mexico,La Paz
20250626_093110.jpg,Mexico,La Paz
204373188_194_0.jpg,Portugal,Lisbon
204373190_195_0.jpg,Portugal,Lisbon
204373190_195_1.jpg,Portugal,Lisbon
204373198_200_2.jpg,Portugal,Lisbon
204373204_203_2.jpg,Portugal,Lisbon
204373206_204_0.jpg,Portugal,Lisbon
204373206_204_2.jpg,Portugal,Lisbon
205772952_209_0.jpg,Portugal,Lisbon
205772954_211_1.jpg,Portugal,Lisbon
205772955_212_1.jpg,Portugal,Lisbon
205772956_213_1.jpg,Portugal,Lisbon
205772957_214_0.jpg,Portugal,Lisbon
205772958_215_0.jpg,Portugal,Lisbon
206457101_217_0.jpg,Portugal,Lisbon
206457109_225_0.jpg,Portugal,Lisbon
206457112_228_0.jpg,Portugal,Lisbon
206457115_231_1.jpg,Portugal,Lisbon
206457119_235_2.jpg,Portugal,Lisbon
206457122_238_1.jpg,Portugal,Lisbon
206457124_240_2.jpg,Portugal,Lisbon
206457125_241_0.jpg,Portugal,Lisbon
206535.jpg,Colombia,Barranquilla
208587563_275_1.jpg,Portugal,Lisbon
209356619_321_2.jpg,Portugal,Lisbon
211288183_345_0.jpg,Portugal,Lisbon
212535.jpg,Colombia,Barranquilla
213806.jpg,Colombia,Barranquilla
213876.jpg,Colombia,Barranquilla
213955.jpg,Colombia,Barranquilla
214208.jpg,Colombia,Barranquilla
214322.jpg,Colombia,Barranquilla
214431.jpg,Colombia,Barranquilla
214475.jpg,Colombia,Barranquilla
214505.jpg,Colombia,Barranquilla
214510.jpg,Colombia,Barranquilla
217308.jpg,Colombia,Barranquilla
218076.jpg,Colombia,Barranquilla
218784.jpg,Colombia,Barranquilla
219064.jpg,Colombia,Barranquilla
220463696_356_2.jpg,Portugal,Lisbon
222873.jpg,Colombia,Barranquilla
223262.jpg,Colombia,Barranquilla
224489.jpg,Colombia,Santa Marta
226001.jpg,Colombia,Santa Marta
226388.jpg,Colombia,Barranquilla
226691294_385_0.jpg,Portugal,Lisbon
226729.jpg,Colombia,Barranquilla
226739406_388_2.jpg,Portugal,Lisbon
226740038_390_0.jpg,Portugal,Lisbon
226740044_392_1.jpg,Portugal,Lisbon
226778.jpg,Colombia,Barranquilla
227035.jpg,Colombia,Barranquilla
227631092_410_1.jpg,Portugal,Lisbon
227898.jpg,Colombia,Barranquilla
229280.jpg,Colombia,Barranquilla
229285.jpg,Colombia,Barranquilla
229961.jpg,Colombia,Barranquilla
230089.jpg,Colombia,Barranquilla
230428.jpg,Colombia,Barranquilla
231436.jpg,Colombia,Barranquilla
231568.jpg,Colombia,Barranquilla
231666.jpg,Colombia,Barranquilla
231798.jpg,Colombia,Barranquilla
231880.jpg,Colombia,Barranquilla
232024.jpg,Colombia,Barranquilla
232126.jpg,Colombia,Barranquilla
233791.jpg,Colombia,Barranquilla
234622.jpg,Colombia,Barranquilla
235226.jpg,Colombia,Barranquilla
236027.jpg,Colombia,Barranquilla
236147.jpg,Colombia,Barranquilla
237388.jpg,Colombia,Barranquilla
237511.jpg,Colombia,Barranquilla
238480208_426_2.jpg,Portugal,Lisbon
238480214_431_2.jpg,Portugal,Lisbon
238480215_432_1.jpg,Portugal,Lisbon
240114.jpg,Colombia,Barranquilla
242554.jpg,Colombia,Barranquilla
242560.jpg,Colombia,Barranquilla
242689.jpg,Colombia,Barranquilla
242860.jpg,Colombia,Barranquilla
242952.jpg,Colombia,Barranquilla
243488996_503_1.jpg,Portugal,Lisbon
245166.jpg,Colombia,Barranquilla
245200.jpg,Colombia,Barranquilla
245288.jpg,Colombia,Barranquilla
246118.jpg,Colombia,Barranquilla
246142.jpg,Colombia,Barranquilla
246172.jpg,Colombia,Barranquilla
246485.jpg,Colombia,Barranquilla
246560.jpg,Colombia,Barranquilla
246566.jpg,Colombia,Barranquilla
246590.jpg,Colombia,Barranquilla
246636.jpg,Colombia,Barranquilla
250550477_563_0.jpg,Portugal,Lisbon
250550477_563_2.jpg,Portugal,Lisbon
255569.jpg,Colombia,Barranquilla
255873.jpg,Colombia,Santa Marta
256129.jpg,Colombia,Barranquilla
257355.jpg,Colombia,Barranquilla
257527.jpg,Colombia,Barranquilla
257716.jpg,Colombia,Barranquilla
257941.jpg,Colombia,Barranquilla
257962.jpg,Colombia,Barranquilla
258645.jpg,Colombia,Barranquilla
258901.jpg,Colombia,Barranquilla
259165.jpg,Colombia,Barranquilla
260894.jpg,Colombia,Barranquilla
261052.jpg,Colombia,Barranquilla
261147.jpg,Colombia,Barranquilla
266313.jpg,Colombia,Barranquilla
266321.jpg,Colombia,Barranquilla
273455.jpg,Colombia,Barranquilla
275146.jpg,Colombia,Barranquilla
275704.jpg,Colombia,Barranquilla
278325.jpg,Colombia,Barranquilla
278383.jpg,Colombia,Barranquilla
278696.jpg,Colombia,Barranquilla
278715.jpg,Colombia,Barranquilla
278945.jpg,Colombia,Barranquilla
281575.jpg,Colombia,Barranquilla
281600.jpg,Colombia,Barranquilla
281652.jpg,Colombia,Barranquilla
282466.jpg,Colombia,Barranquilla
282784.jpg,Colombia,Barranquilla
282837.jpg,Colombia,Barranquilla
287498.jpg,Colombia,Barranquilla
287548.jpg,Colombia,Barranquilla
291782418_580_1.jpg,Portugal,Lisbon
296900.jpg,Colombia,Barranquilla
297156.jpg,Colombia,Barranquilla
297917.jpg,Colombia,Barranquilla
297921.jpg,Colombia,Barranquilla
297959.jpg,Colombia,Barranquilla
298817.jpg,Colombia,Barranquilla
299145.jpg,Colombia,Barranquilla
299356.jpg,Colombia,Barranquilla
303925206_601_2.jpg,Portugal,Lisbon
303925207_602_2.jpg,Portugal,Lisbon
303925242_618_1.jpg,Portugal,Lisbon
303925249_625_1.jpg,Portugal,Lisbon
303925250_626_1.jpg,Portugal,Lisbon
303927534_660_0.jpg,Portugal,Lisbon
303927535_661_2.jpg,Portugal,Lisbon
303927544_667_1.jpg,Portugal,Lisbon
303927550_670_1.jpg,Portugal,Lisbon
303927552_671_2.jpg,Portugal,Lisbon
304101948_686_1.jpg,Portugal,Lisbon
309936646_828_2.jpg,Portugal,Lisbon
309936649_831_1.jpg,Portugal,Lisbon
309936649_831_2.jpg,Portugal,Lisbon
31731529_30_2.jpg,Portugal,Lisbon
31731729_38_2.jpg,Portugal,Lisbon
326966.jpg,Colombia,Barranquilla
326967.jpg,Colombia,Barranquilla
326988.jpg,Colombia,Barranquilla
326990.jpg,Colombia,Barranquilla
326995.jpg,Colombia,Barranquilla
326996.jpg,Colombia,Barranquilla
326999.jpg,Colombia,Barranquilla
327019.jpg,Colombia,Barranquilla
327030.jpg,Colombia,Barranquilla
327036.jpg,Colombia,Barranquilla
327040.jpg,Colombia,Barranquilla
327047.jpg,Colombia,Barranquilla
327049.jpg,Colombia,Barranquilla
327051.jpg,Colombia,Barranquilla
327052.jpg,Colombia,Barranquilla
327174.jpg,Colombia,Barranquilla
327199.jpg,Colombia,Barranquilla
327209.jpg,Colombia,Barranquilla
327330.jpg,Colombia,Barranquilla
327347.jpg,Colombia,Barranquilla
327351.jpg,Colombia,Barranquilla
327353.jpg,Colombia,Barranquilla
327361.jpg,Colombia,Barranquilla
327364.jpg,Colombia,Barranquilla
327439.jpg,Colombia,Barranquilla
327598.jpg,Colombia,Barranquilla
327599.jpg,Colombia,Barranquilla
327602.jpg,Colombia,Barranquilla
327628.jpg,Colombia,Barranquilla
327630.jpg,Colombia,Barranquilla
327633.jpg,Colombia,Barranquilla
327634.jpg,Colombia,Barranquilla
327637.jpg,Colombia,Barranquilla
327638.jpg,Colombia,Barranquilla
327642.jpg,Colombia,Barranquilla
327645.jpg,Colombia,Barranquilla
327659.jpg,Colombia,Barranquilla
327660.jpg,Colombia,Barranquilla
327702.jpg,Colombia,Barranquilla
327711.jpg,Colombia,Barranquilla
327716.jpg,Colombia,Barranquilla
327717.jpg,Colombia,Barranquilla
327726.jpg,Colombia,Barranquilla
327729.jpg,Colombia,Barranquilla
327743.jpg,Colombia,Barranquilla
327756.jpg,Colombia,Barranquilla
327760.jpg,Colombia,Barranquilla
327763.jpg,Colombia,Barranquilla
327768.jpg,Colombia,Barranquilla
327770.jpg,Colombia,Barranquilla
327785.jpg,Colombia,Barranquilla
327808.jpg,Colombia,Barranquilla
327813.jpg,Colombia,Barranquilla
327815.jpg,Colombia,Barranquilla
327824.jpg,Colombia,Barranquilla
327834.jpg,Colombia,Barranquilla
327848.jpg,Colombia,Barranquilla
327849.jpg,Colombia,Barranquilla
327855.jpg,Colombia,Barranquilla
327856.jpg,Colombia,Barranquilla
337101179_838_1.jpg,Portugal,Lisbon
337101179_838_2.jpg,Portugal,Lisbon
340790364_843_2.jpg,Portugal,Lisbon
340790376_854_1.jpg,Portugal,Lisbon
340790382_859_2.jpg,Portugal,Lisbon
341113764_872_0.jpg,Portugal,Lisbon
341113770_875_0.jpg,Portugal,Lisbon
341113770_875_2.jpg,Portugal,Lisbon
341113777_878_1.jpg,Portugal,Lisbon
341113781_881_0.jpg,Portugal,Lisbon
341113781_881_2.jpg,Portugal,Lisbon
341113795_892_1.jpg,Portugal,Lisbon
341113800_897_2.jpg,Portugal,Lisbon
341271047_911_1.jpg,Portugal,Lisbon
405711750_963_2.jpg,Portugal,Lisbon
405711752_965_1.jpg,Portugal,Lisbon
405711752_965_2.jpg,Portugal,Lisbon
410597041_980_0.jpg,Portugal,Lisbon
410597041_980_1.jpg,Portugal,Lisbon
410597041_980_2.jpg,Portugal,Lisbon
410597071_999_2.jpg,Portugal,Lisbon
419369323_1019_0.jpg,Portugal,Lisbon
419369326_1022_1.jpg,Portugal,Lisbon
419369335_1031_0.jpg,Portugal,Lisbon
419369336_1032_0.jpg,Portugal,Lisbon
419369339_1035_2.jpg,Portugal,Lisbon
419369341_1037_2.jpg,Portugal,Lisbon
419369342_1038_2.jpg,Portugal,Lisbon
419369344_1040_0.jpg,Portugal,Lisbon
419369346_1042_2.jpg,Portugal,Lisbon
419369353_1049_1.jpg,Portugal,Lisbon
419369358_1054_0.jpg,Portugal,Lisbon
419369361_1057_1.jpg,Portugal,Lisbon
419369361_1057_2.jpg,Portugal,Lisbon
419369364_1060_2.jpg,Portugal,Lisbon
419369371_1067_1.jpg,Portugal,Lisbon
419369377_1073_2.jpg,Portugal,Lisbon
419369382_1078_2.jpg,Portugal,Lisbon
419369386_1082_2.jpg,Portugal,Lisbon
419369394_1090_2.jpg,Portugal,Lisbon
419369397_1093_0.jpg,Portugal,Lisbon
419369400_1096_1.jpg,Portugal,Lisbon
419369402_1098_2.jpg,Portugal,Lisbon
419369408_1104_1.jpg,Portugal,Lisbon
419369425_1121_2.jpg,Portugal,Lisbon
419369427_1123_1.jpg,Portugal,Lisbon
419369433_1129_1.jpg,Portugal,Lisbon
419369438_1134_1.jpg,Portugal,Lisbon
421917647_1152_1.jpg,Portugal,Lisbon
421917649_1154_2.jpg,Portugal,Lisbon
421917650_1155_0.jpg,Portugal,Lisbon
421917653_1158_0.jpg,Portugal,Lisbon
421917656_1161_0.jpg,Portugal,Lisbon
421917662_1167_1.jpg,Portugal,Lisbon
421917663_1168_1.jpg,Portugal,Lisbon
421917665_1170_2.jpg,Portugal,Lisbon
421917669_1174_1.jpg,Portugal,Lisbon
421917673_1178_2.jpg,Portugal,Lisbon
421917676_1181_0.jpg,Portugal,Lisbon
421917676_1181_2.jpg,Portugal,Lisbon
421920030_1187_0.jpg,Portugal,Lisbon
421920036_1190_2.jpg,Portugal,Lisbon
421920041_1192_1.jpg,Portugal,Lisbon
421920044_1193_0.jpg,Portugal,Lisbon
421920046_1194_1.jpg,Portugal,Lisbon
421920050_1196_0.jpg,Portugal,Lisbon
421920052_1197_0.jpg,Portugal,Lisbon
421920056_1199_2.jpg,Portugal,Lisbon
425378590_1212_1.jpg,Portugal,Lisbon
425378591_1213_1.jpg,Portugal,Lisbon
425378591_1213_2.jpg,Portugal,Lisbon
425378594_1216_0.jpg,Portugal,Lisbon
425388550_1233_1.jpg,Portugal,Lisbon
432043175_1268_0.jpg,Portugal,Lisbon
432043244_1333_0.jpg,Portugal,Lisbon
432043246_1335_0.jpg,Portugal,Lisbon
463701238_1341_0.jpg,Portugal,Lisbon
463701240_1343_0.jpg,Portugal,Lisbon
463701240_1343_2.jpg,Portugal,Lisbon
463701249_1352_2.jpg,Portugal,Lisbon
533485424_1379_1.jpg,Portugal,Lisbon
533485425_1380_2.jpg,Portugal,Lisbon
533485426_1381_1.jpg,Portugal,Lisbon
533485427_1382_0.jpg,Portugal,Lisbon
547705647_1398_0.jpg,Portugal,Lisbon
547705647_1398_2.jpg,Portugal,Lisbon
547706976_1413_2.jpg,Portugal,Lisbon
547706977_1414_1.jpg,Portugal,Lisbon
547706977_1414_2.jpg,Portugal,Lisbon
547706978_1415_2.jpg,Portugal,Lisbon
548227760_1422_1.jpg,Portugal,Lisbon
548227760_1422_2.jpg,Portugal,Lisbon
558277326_1431_0.jpg,Portugal,Lisbon
572158977_1441_1.jpg,Portugal,Lisbon
572158977_1441_2.jpg,Portugal,Lisbon
626346790_1475_2.jpg,Portugal,Lisbon
626346792_1477_1.jpg,Portugal,Lisbon
626346795_1480_2.jpg,Portugal,Lisbon
704757592_1524_1.jpg,Portugal,Lisbon
704757595_1527_1.jpg,Portugal,Lisbon
704758724_1533_0.jpg,Portugal,Lisbon
704758731_1540_2.jpg,Portugal,Lisbon
704758732_1541_2.jpg,Portugal,Lisbon
704762482_1552_1.jpg,Portugal,Lisbon
704762482_1552_2.jpg,Portugal,Lisbon
704762485_1555_0.jpg,Portugal,Lisbon
704764139_1557_0.jpg,Portugal,Lisbon
704768406_1592_1.jpg,Portugal,Lisbon
705092510_1596_1.jpg,Portugal,Lisbon
705092811_1609_2.jpg,Portugal,Lisbon
705094736_1617_0.jpg,Portugal,Lisbon
705094739_1620_1.jpg,Portugal,Lisbon
705096840_1628_0.jpg,Portugal,Lisbon
705096845_1633_0.jpg,Portugal,Lisbon
705099146_1651_1.jpg,Portugal,Lisbon
705099147_1652_0.jpg,Portugal,Lisbon
705099147_1652_1.jpg,Portugal,Lisbon
705099147_1652_2.jpg,Portugal,Lisbon
705099157_1662_0.jpg,Portugal,Lisbon
705099161_1666_0.jpg,Portugal,Lisbon
705099161_1666_2.jpg,Portugal,Lisbon
705099165_1670_1.jpg,Portugal,Lisbon
705099491_1676_0.jpg,Portugal,Lisbon
705099495_1680_2.jpg,Portugal,Lisbon
705099497_1682_0.jpg,Portugal,Lisbon
705099499_1684_1.jpg,Portugal,Lisbon
705099499_1684_2.jpg,Portugal,Lisbon
705099503_1688_1.jpg,Portugal,Lisbon
705099503_1688_2.jpg,Portugal,Lisbon
705099504_1689_1.jpg,Portugal,Lisbon
705099504_1689_2.jpg,Portugal,Lisbon
708520232_1735_2.jpg,Portugal,Lisbon
708520233_1736_0.jpg,Portugal,Lisbon
708520233_1736_1.jpg,Portugal,Lisbon
708520236_1739_1.jpg,Portugal,Lisbon
708521502_1745_0.jpg,Portugal,Lisbon
708521503_1746_1.jpg,Portugal,Lisbon
708539990_1776_0.jpg,Portugal,Lisbon
708539992_1778_0.jpg,Portugal,Lisbon
708539995_1781_0.jpg,Portugal,Lisbon
708540005_1791_0.jpg,Portugal,Lisbon
766404114_1895_0.jpg,Portugal,Lisbon
810768341_1904_0.jpg,Portugal,Lisbon
847830880_1914_0.jpg,Portugal,Lisbon
847830880_1914_2.jpg,Portugal,Lisbon
849054624_1918_2.jpg,Portugal,Lisbon
857944514_1933_2.jpg,Portugal,Lisbon
857946260_1940_2.jpg,Portugal,Lisbon
857946265_1945_0.jpg,Portugal,Lisbon
857946265_1945_2.jpg,Portugal,Lisbon
857946267_1947_0.jpg,Portugal,Lisbon
857946267_1947_1.jpg,Portugal,Lisbon
864246857_1952_1.jpg,Portugal,Lisbon
864246872_1966_1.jpg,Portugal,Lisbon
866102977_1975_0.jpg,Portugal,Lisbon
866102977_1975_1.jpg,Portugal,Lisbon
866102979_1977_0.jpg,Portugal,Lisbon
866102981_1979_0.jpg,Portugal,Lisbon
866102985_1983_1.jpg,Portugal,Lisbon
866102986_1984_0.jpg,Portugal,Lisbon
866102987_1985_0.jpg,Portugal,Lisbon
866102991_1989_0.jpg,Portugal,Lisbon
866102999_1997_0.jpg,Portugal,Lisbon
866103028_2026_0.jpg,Portugal,Lisbon
866103035_2033_0.jpg,Portugal,Lisbon
870968599_2059_0.jpg,Portugal,Lisbon
870968616_2075_1.jpg,Portugal,Lisbon
895621745_2110_0.jpg,Portugal,Lisbon
895895699_2113_0.jpg,Portugal,Lisbon
895895704_2118_1.jpg,Portugal,Lisbon
895895709_2123_1.jpg,Portugal,Lisbon
895895716_2130_0.jpg,Portugal,Lisbon
895895720_2133_1.jpg,Portugal,Lisbon
896729174_2138_0.jpg,Portugal,Lisbon
896729176_2140_2.jpg,Portugal,Lisbon
896729177_2141_1.jpg,Portugal,Lisbon
896729178_2142_0.jpg,Portugal,Lisbon
896733242_2154_0.jpg,Portugal,Lisbon
896746911_2158_0.jpg,Portugal,Lisbon
896746913_2160_0.jpg,Portugal,Lisbon
896746913_2160_2.jpg,Portugal,Lisbon
896746914_2161_0.jpg,Portugal,Lisbon
896746914_2161_1.jpg,Portugal,Lisbon
896746916_2163_1.jpg,Portugal,Lisbon
896746920_2167_1.jpg,Portugal,Lisbon
896746923_2170_1.jpg,Portugal,Lisbon
896746923_2170_2.jpg,Portugal,Lisbon
896746929_2176_0.jpg,Portugal,Lisbon
902259957_2197_1.jpg,Portugal,Lisbon
902643345_2202_0.jpg,Portugal,Lisbon
902643345_2202_2.jpg,Portugal,Lisbon
902643346_2203_0.jpg,Portugal,Lisbon
902643346_2203_2.jpg,Portugal,Lisbon
902643350_2207_1.jpg,Portugal,Lisbon
97678465_48_2.jpg,Portugal,Lisbon
97680545_70_1.jpg,Portugal,Lisbon
97680545_70_2.jpg,Portugal,Lisbon
977461208_2211_2.jpg,Portugal,Lisbon
977461210_2213_2.jpg,Portugal,Lisbon
987156816_2225_2.jpg,Portugal,Lisbon
987156817_2226_1.jpg,Portugal,Lisbon
987156817_2226_2.jpg,Portugal,Lisbon
987156821_2230_1.jpg,Portugal,Lisbon
987156821_2230_2.jpg,Portugal,Lisbon
987156829_2238_0.jpg,Portugal,Lisbon
987156829_2238_2.jpg,Portugal,Lisbon
987156830_2239_0.jpg,Portugal,Lisbon
987156839_2248_1.jpg,Portugal,Lisbon
987156840_2249_2.jpg,Portugal,Lisbon
987168413_2257_0.jpg,Portugal,Lisbon
987168418_2262_1.jpg,Portugal,Lisbon
987168420_2264_0.jpg,Portugal,Lisbon
987168422_2266_1.jpg,Portugal,Lisbon
987168424_2268_0.jpg,Portugal,Lisbon
987168429_2273_1.jpg,Portugal,Lisbon
987168466_2310_0.jpg,Portugal,Lisbon
987168476_2320_0.jpg,Portugal,Lisbon
987801881_2369_1.jpg,Portugal,Lisbon
987801882_2370_0.jpg,Portugal,Lisbon
987801882_2370_1.jpg,Portugal,Lisbon
987801886_2374_0.jpg,Portugal,Lisbon
987807585_2398_0.jpg,Portugal,Lisbon
987959507_2456_0.jpg,Portugal,Lisbon
987959509_2458_1.jpg,Portugal,Lisbon
987959512_2461_0.jpg,Portugal,Lisbon
987959512_2461_1.jpg,Portugal,Lisbon
987959513_2462_1.jpg,Portugal,Lisbon
987959513_2462_2.jpg,Portugal,Lisbon
987959522_2471_0.jpg,Portugal,Lisbon
987959523_2472_2.jpg,Portugal,Lisbon
987959525_2474_2.jpg,Portugal,Lisbon
987959527_2476_2.jpg,Portugal,Lisbon
987959528_2477_0.jpg,Portugal,Lisbon
987959552_2501_0.jpg,Portugal,Lisbon
987959556_2505_1.jpg,Portugal,Lisbon
987959562_2511_0.jpg,Portugal,Lisbon
987959563_2512_0.jpg,Portugal,Lisbon
987959565_2514_0.jpg,Portugal,Lisbon
987959574_2523_2.jpg,Portugal,Lisbon
987959586_2535_2.jpg,Portugal,Lisbon
987959590_2539_2.jpg,Portugal,Lisbon
988071477_2550_0.jpg,Portugal,Lisbon
988071478_2551_1.jpg,Portugal,Lisbon
988071479_2552_1.jpg,Portugal,Lisbon
988071487_2560_2.jpg,Portugal,Lisbon
988282687_2571_0.jpg,Portugal,Lisbon
988282702_2586_0.jpg,Portugal,Lisbon
988289643_2591_0.jpg,Portugal,Lisbon
988289644_2592_0.jpg,Portugal,Lisbon
988289667_2615_0.jpg,Portugal,Lisbon
988289701_2649_0.jpg,Portugal,Lisbon
988291342_2654_0.jpg,Portugal,Lisbon
988291343_2655_1.jpg,Portugal,Lisbon
988291344_2656_2.jpg,Portugal,Lisbon
988291345_2657_2.jpg,Portugal,Lisbon
988291347_2659_1.jpg,Portugal,Lisbon
988291349_2661_2.jpg,Portugal,Lisbon
Cali_004.jpg,Colombia,Cali
Cali_005.jpg,Colombia,Cali
Cali_006.jpg,Colombia,Cali
Cali_028.jpg,Colombia,Cali
Cali_031.jpg,Mexico,La Paz
Cali_032.jpg,Colombia,Cali
Cali_033.jpg,Colombia,Cali
Cali_038.jpg,Colombia,Cali
Cali_072.jpg,Colombia,Cali
Cali_073.jpg,Colombia,Cali
Cali_076.jpg,Colombia,Cali
Cali_079.jpg,Colombia,Cali
Cali_091.jpg,Colombia,Cali
ED72_01.JPG,,
ED72_02.JPG,,
ED73_01.jpg,,
ED74_01.JPG,,
ED74_02.JPG,,
ED74_03.JPG,,
ED75_01.JPG,,
ED76_02.JPG,,
ED77_01.JPG,,
ED77_02.JPG,,
ED77_03.JPG,,
ED78_01.JPG,,
ED79_02.JPG,,
ED80_02.JPG,,
ED80_03.JPG,,
ED9_02.jpeg,,
IMG_0013.jpg,Mexico,La Paz
IMG_0015.jpg,Mexico,La Paz
IMG_0016.jpg,Mexico,La Paz
IMG_0023.jpg,Mexico,La Paz
IMG_0025.jpg,Mexico,La Paz
IMG_0026.jpg,Mexico,La Paz
IMG_0027.jpg,Mexico,La Paz
IMG_0028.jpg,Mexico,La Paz
IMG_0030.jpg,Mexico,La Paz
IMG_0037.jpg,Mexico,La Paz
IMG_0038.jpg,Mexico,La Paz
IMG_0042.jpg,Mexico,La Paz
IMG_0043.jpg,Mexico,La Paz
IMG_0044.jpg,Mexico,La Paz
IMG_0045.jpg,Mexico,La Paz
IMG_0046.jpg,Mexico,La Paz
IMG_0047.jpg,Mexico,La Paz
IMG_0048.jpg,Mexico,La Paz
IMG_0051.jpg,Mexico,La Paz
IMG_0053.jpg,Mexico,La Paz
IMG_0060.jpg,Mexico,La Paz
IMG_0067.jpg,Mexico,La Paz
IMG_0068.jpg,Mexico,La Paz
IMG_0072.jpg,Mexico,La Paz
IMG_0074.jpg,Mexico,La Paz
IMG_0080.jpg,Mexico,La Paz
IMG_1157.jpg,Colombia,Bogota
IMG_20250504_113219686_HDR.jpg,Colombia,Cali
IMG_20250504_120140535_HDR.jpg,Colombia,Cali
IMG_20250504_120140536_HDR.jpg,Colombia,Cali
IMG_20250504_120803012_HDR.jpg,Colombia,Cali
IMG_20250504_120803013_HDR.jpg,Colombia,Cali
IMG_20250527_084034646_HDR.jpg,Colombia,Cali
IMG_20250527_085549549_HDR.jpg,Colombia,Cali
IMG_20250527_085617256_HDR.jpg,Colombia,Cali
IMG_20250527_085649914_HDR.jpg,Colombia,Cali
IMG_20250527_095048602_HDR.jpg,Colombia,Cali
IMG_20250527_095129181_HDR.jpg,Colombia,Cali
IMG_20250529_111230189_HDR.jpg,Colombia,Cali
IMG_20250529_111408043_HDR.jpg,Colombia,Cali
IMG_20250530_100835392_HDR.jpg,Colombia,Cali
IMG_20250530_103510006_HDR.jpg,Colombia,Cali
IMG_20250530_103510007_HDR.jpg,Colombia,Cali
IMG_20250530_122140811_HDR.jpg,Colombia,Cali
IMG_20250530_122407991_HDR.jpg,Colombia,Cali
IMG_20250530_122446174_HDR.jpg,Colombia,Cali
IMG_20250530_122617241_HDR.jpg,Colombia,Cali
IMG_20250530_122842305_HDR.jpg,Colombia,Cali
IMG_20250530_122922765_HDR.jpg,Colombia,Cali
IMG_20250530_125002580_HDR.jpg,Colombia,Cali
IMG_20250530_125215791_HDR.jpg,Colombia,Cali
IMG_20250618_134347154_HDR.jpg,Colombia,Cali
IMG_20250618_134401195_HDR.jpg,Colombia,Cali
IMG_20250618_134721563_HDR.jpg,Colombia,Cali
IMG_20250618_134721564_HDR.jpg,Colombia,Cali
IMG_20250618_134721565_HDR.jpg,Colombia,Cali
IMG_20250618_135952273_HDR.jpg,Colombia,Cali
IMG_20250618_140037677_HDR.jpg,Colombia,Cali
IMG_20250618_140741566_HDR.jpg,Colombia,Cali
IMG_20250618_140803909_HDR.jpg,Colombia,Cali
IMG_20250618_145744752_HDR.jpg,Colombia,Cali
IMG_20250618_145803728.jpg,Colombia,Cali
IMG_20250618_145833367_HDR.jpg,Colombia,Cali
IMG_20250618_145848294_HDR.jpg,Colombia,Cali
IMG_20250618_150735577_HDR.jpg,Colombia,Cali
IMG_20250619_114336742_HDR.jpg,Colombia,Cali
IMG_20250619_115753383_HDR.jpg,Colombia,Cali
IMG_20250619_115807299_HDR.jpg,Colombia,Cali
IMG_20250619_121800560_HDR.jpg,Colombia,Cali
IMG_20250619_121824385_HDR.jpg,Colombia,Cali
IMG_20250620_100722755_HDR.jpg,Colombia,Cali
IMG_20250620_100751692_HDR.jpg,Colombia,Cali
IMG_20250620_102005231_HDR.jpg,Colombia,Cali
IMG_20250620_102005232_HDR.jpg,Colombia,Cali
IMG_20250620_102319228_HDR.jpg,Colombia,Cali
IMG_20250620_102350598_HDR.jpg,Colombia,Cali
IMG_20250620_102405784_HDR.jpg,Colombia,Cali
IMG_20250620_103348935_HDR.jpg,Colombia,Cali
IMG_20250620_103551205_HDR.jpg,Colombia,Cali
IMG_20250620_104549833_HDR.jpg,Colombia,Cali
IMG_20250620_104644376_HDR.jpg,Colombia,Cali
IMG_20250620_105008383_HDR.jpg,Colombia,Cali
IMG_20250620_105041550_HDR.jpg,Colombia,Cali
IMG_20250620_105125149_HDR.jpg,Colombia,Cali
IMG_20250620_105220086_HDR.jpg,Colombia,Cali
IMG_20250620_105307525_HDR.jpg,Colombia,Cali
IMG_20250620_105344804.jpg,Colombia,Cali
IMG_20250620_105801620_HDR.jpg,Colombia,Cali
IMG_20250620_110225679_HDR.jpg,Colombia,Cali
IMG_20250620_110416287_HDR.jpg,Colombia,Cali
IMG_20250620_110921338_HDR.jpg,Colombia,Cali
IMG_20250620_111055884_HDR.jpg,Colombia,Cali
IMG_20250620_111922786_HDR.jpg,Colombia,Cali
IMG_20250620_112011149_HDR.jpg,Colombia,Cali
IMG_20250620_112258761_HDR.jpg,Colombia,Cali
IMG_20250620_112355209_HDR.jpg,Colombia,Cali
IMG_20250620_112551109_HDR.jpg,Colombia,Cali
IMG_20250620_114956951_HDR.jpg,Colombia,Cali
IMG_20250620_115029876_HDR.jpg,Colombia,Cali
IMG_20250620_115228128_HDR.jpg,Colombia,Cali
IMG_20250620_115437027_HDR.jpg,Colombia,Cali
IMG_20250620_115454439_HDR.jpg,Colombia,Cali
IMG_20250620_120111102_HDR.jpg,Colombia,Cali
IMG_20250620_120133357_HDR.jpg,Colombia,Cali
IMG_20250620_120307292_HDR.jpg,Colombia,Cali
IMG_20250620_120325866_HDR.jpg,Colombia,Cali
IMG_20250621_134910222_HDR.jpg,Colombia,Cali
IMG_20250621_134929871_HDR.jpg,Colombia,Cali
IMG_20250622_104133943_HDR.jpg,Colombia,Cali
IMG_20250622_104340032_HDR.jpg,Colombia,Cali
IMG_20250622_104408877_HDR.jpg,Colombia,Cali
IMG_20250622_104524846_HDR.jpg,Colombia,Cali
IMG_20250622_104615306_HDR.jpg,Colombia,Cali
IMG_20250622_104655729_HDR.jpg,Colombia,Cali
IMG_20250622_105338321_HDR.jpg,Colombia,Cali
IMG_20250622_105344811_HDR.jpg,Colombia,Cali
IMG_20250622_105404887_HDR.jpg,Colombia,Cali
IMG_20250622_110037575_HDR.jpg,Colombia,Cali
IMG_20250622_110308441_HDR.jpg,Colombia,Cali
IMG_20250622_110429939_HDR.jpg,Colombia,Cali
IMG_20250622_110644436_HDR.jpg,Colombia,Cali
IMG_20250622_110707037_BURST000_COVER.jpg,Colombia,Cali
IMG_20250622_110856540_HDR.jpg,Colombia,Cali
IMG_20250622_111104601_HDR.jpg,Colombia,Cali
IMG_20250622_111240296_HDR.jpg,Colombia,Cali
IMG_20250622_111420378_HDR.jpg,Colombia,Cali
IMG_20250622_111605320_HDR.jpg,Colombia,Cali
IMG_20250622_111842164_HDR.jpg,Colombia,Cali
IMG_20250622_112025006_HDR.jpg,Colombia,Cali
IMG_20250622_112048247_HDR.jpg,Colombia,Cali
IMG_20250622_112146731_HDR.jpg,Colombia,Cali
IMG_20250622_112151118_HDR.jpg,Colombia,Cali
IMG_20250622_112459495_HDR.jpg,Colombia,Cali
IMG_20250622_112617217_HDR.jpg,Colombia,Cali
IMG_20250622_112642052_HDR.jpg,Colombia,Cali
IMG_20250622_112706341_HDR.jpg,Colombia,Cali
IMG_20250622_112850477_HDR.jpg,Colombia,Cali
IMG_20250622_113004353_HDR.jpg,Colombia,Cali
IMG_20250622_113401697_HDR.jpg,Colombia,Cali
IMG_20250622_113416031_HDR.jpg,Colombia,Cali
IMG_20250622_113432515_HDR.jpg,Colombia,Cali
IMG_20250622_113433643_HDR.jpg,Colombia,Cali
IMG_20250622_113528946_HDR.jpg,Colombia,Cali
IMG_20250622_113532976_HDR.jpg,Colombia,Cali
IMG_20250622_113710121_HDR.jpg,Colombia,Cali
IMG_20250624_100321645_HDR.jpg,Colombia,Cali
IMG_20250624_100339323_HDR.jpg,Colombia,Cali
IMG_20250624_100415449_HDR.jpg,Colombia,Cali
IMG_20250702_150201171_HDR.jpg,Colombia,Cali
IMG_20250704_115201481_HDR.jpg,Colombia,Cali
IMG_20250704_115218385_HDR.jpg,Colombia,Cali
IMG_20250704_115236366_HDR.jpg,Colombia,Cali
IMG_20250704_115249246_HDR.jpg,Colombia,Cali
IMG_20250704_115352067.jpg,Colombia,Cali
IMG_20250704_115403312.jpg,Colombia,Cali
IMG_2785.jpg,Mexico,Mexico City
IMG_2790.jpg,Mexico,Mexico City
IMG_2795.jpg,Mexico,Mexico City
IMG_2797.jpg,Mexico,Mexico City
IMG_2804.jpg,Mexico,Mexico City
IMG_2805.jpg,Mexico,Mexico City
IMG_2821.jpg,Mexico,Mexico City
IMG_2829.jpg,Mexico,Mexico City
IMG_2834.jpg,Mexico,Mexico City
IMG_2836.jpg,Mexico,Mexico City
IMG_2839.jpg,Mexico,Mexico City
IMG_2842.jpg,Mexico,Mexico City
IMG_2843.jpg,Mexico,Mexico City
IMG_2845.jpg,Mexico,Mexico City
IMG_2846.jpg,Mexico,Mexico City
IMG_2848.jpg,Mexico,Mexico City
IMG_2851.jpg,Mexico,Mexico City
IMG_2857.jpg,Mexico,Mexico City
IMG_2862.jpg,Mexico,Mexico City
IMG_2864.jpg,Mexico,Mexico City
IMG_2865.jpg,Mexico,Mexico City
IMG_2866.jpg,Mexico,Mexico City
IMG_2869.jpg,Mexico,Mexico City
IMG_2872.jpg,Mexico,Mexico City
IMG_2873.jpg,Mexico,Mexico City
IMG_2880.jpg,Mexico,Mexico City
IMG_2890.jpg,Mexico,Mexico City
IMG_2954.jpg,Mexico,Mexico City
IMG_2956.jpg,Mexico,Mexico City
IMG_2957.jpg,Mexico,Mexico City
IMG_2958.jpg,Mexico,Mexico City
IMG_2959.jpg,Mexico,Mexico City
IMG_2964.jpg,Mexico,Mexico City
IMG_2973.jpg,Mexico,Mexico City
IMG_2977.jpg,Mexico,Mexico City
IMG_2980.jpg,Mexico,Mexico City
IMG_2981.jpg,Mexico,Mexico City
IMG_2986.jpg,Mexico,Mexico City
IMG_2987.jpg,Mexico,Mexico City
IMG_2990.jpg,Mexico,Mexico City
IMG_2991.jpg,Mexico,Mexico City
IMG_2993.jpg,Mexico,Mexico City
IMG_3003.jpg,Mexico,Mexico City
IMG_3005.jpg,Mexico,Mexico City
IMG_3007.jpg,Mexico,Mexico City
IMG_3009.jpg,Mexico,Mexico City
IMG_3013.jpg,Mexico,Mexico City
IMG_3014.jpg,Mexico,Mexico City
IMG_3015.jpg,Mexico,Mexico City
IMG_3016.jpg,Mexico,Mexico City
IMG_3017.jpg,Mexico,Mexico City
IMG_3018.jpg,Mexico,Mexico City
IMG_3019.jpg,Mexico,Mexico City
IMG_3021.jpg,Mexico,Mexico City
IMG_3026.jpg,Mexico,Mexico City
IMG_3028.jpg,Mexico,Mexico City
IMG_3030.jpg,Mexico,Mexico City
IMG_3031.jpg,Mexico,Mexico City
IMG_3034.jpg,Mexico,Mexico City
IMG_3035.jpg,Mexico,Mexico City
IMG_3036.jpg,Mexico,Mexico City
IMG_3037.jpg,Mexico,Mexico City
IMG_3038.jpg,Mexico,Mexico City
IMG_3039.jpg,Mexico,Mexico City
IMG_3040.jpg,Mexico,Mexico City
IMG_3042.jpg,Mexico,Mexico City
IMG_3043.jpg,Mexico,Mexico City
IMG_3046.jpg,Mexico,Mexico City
IMG_3049.jpg,Mexico,Mexico City
IMG_3051.jpg,Mexico,Mexico City
IMG_3053.jpg,Mexico,Mexico City
IMG_3057.jpg,Mexico,Mexico City
IMG_3060.jpg,Mexico,Mexico City
IMG_3062.jpg,Mexico,Mexico City
IMG_3063.jpg,Mexico,Mexico City
IMG_3065.jpg,Mexico,Mexico City
IMG_3069.jpg,Mexico,Mexico City
IMG_3074.jpg,Mexico,Mexico City
IMG_3075.JPG,Mexico,Mexico City
IMG_3076.jpg,Mexico,Mexico City
IMG_3078.jpg,Mexico,Mexico City
IMG_3082.jpg,Mexico,Mexico City
IMG_3086.jpg,Mexico,Mexico City
IMG_3087.jpg,Mexico,Mexico City
IMG_3090.jpg,Mexico,Mexico City
IMG_3092.jpg,Mexico,Mexico City
IMG_3093.jpg,Mexico,Mexico City
IMG_3094.jpg,Mexico,Mexico City
IMG_3097.jpg,Mexico,Mexico City
IMG_3098.jpg,Mexico,Mexico City
IMG_3100.jpg,Mexico,Mexico City
IMG_3101.jpg,Mexico,Mexico City
IMG_3102.jpg,Mexico,Mexico City
IMG_3103.jpg,Mexico,Mexico City
IMG_3104.jpg,Mexico,Mexico City
IMG_3105.jpg,Mexico,Mexico City
IMG_3106.jpg,Mexico,Mexico City
IMG_3111.jpg,Mexico,Mexico City
IMG_3113.jpg,Mexico,Mexico City
IMG_3115.jpg,Mexico,Mexico City
IMG_3116.jpg,Mexico,Mexico City
IMG_3118.jpg,Mexico,Mexico City
IMG_3120.jpg,Mexico,Mexico City
IMG_3124.jpg,Mexico,Mexico City
IMG_3127.jpg,Mexico,Mexico City
IMG_3128.jpg,Mexico,Mexico City
IMG_3129.jpg,Mexico,Mexico City
IMG_3131.jpg,Mexico,Mexico City
IMG_3134.jpg,Mexico,Mexico City
IMG_3135.jpg,Mexico,Mexico City
IMG_3138.jpg,Mexico,Mexico City
IMG_3140.jpg,Mexico,Mexico City
IMG_3141.jpg,Mexico,Mexico City
IMG_3144.jpg,Mexico,Mexico City
IMG_3145.jpg,Mexico,Mexico City
IMG_3146.jpg,Mexico,Mexico City
IMG_3150.jpg,Mexico,Mexico City
IMG_3152.jpg,Mexico,Mexico City
IMG_3153.jpg,Mexico,Mexico City
IMG_3156.jpg,Mexico,Mexico City
IMG_3157.jpg,Mexico,Mexico City
IMG_3159.jpg,Mexico,Mexico City
IMG_3162.jpg,Mexico,Mexico City
IMG_3165.jpg,Mexico,Mexico City
IMG_3166.jpg,Mexico,Mexico City
IMG_3168.jpg,Mexico,Mexico City
IMG_3169.jpg,Mexico,Mexico City
IMG_3172.jpg,Mexico,Mexico City
IMG_3174.jpg,Mexico,Mexico City
IMG_3175.jpg,Mexico,Mexico City
IMG_3177.jpg,Mexico,Mexico City
IMG_3178.jpg,Mexico,Mexico City
IMG_3179.jpg,Mexico,Mexico City
IMG_3180.jpg,Mexico,Mexico City
IMG_3182.jpg,Mexico,Mexico City
IMG_3183.jpg,Mexico,Mexico City
IMG_3184.jpg,Mexico,Mexico City
IMG_3185.jpg,Mexico,Mexico City
IMG_3186.jpg,Mexico,Mexico City
IMG_3187.jpg,Mexico,Mexico City
IMG_3188.jpg,Mexico,Mexico City
IMG_3189.jpg,Mexico,Mexico City
IMG_3191.jpg,Mexico,Mexico City
IMG_3192.jpg,Mexico,Mexico City
IMG_3194.jpg,Mexico,Mexico City
IMG_3196.jpg,Mexico,Mexico City
IMG_3199.jpg,Mexico,Mexico City
IMG_3200.jpg,Mexico,Mexico City
IMG_3203.jpg,Mexico,Mexico City
IMG_3205.jpg,Mexico,Mexico City
IMG_3206.jpg,Mexico,Mexico City
IMG_3207.jpg,Mexico,Mexico City
IMG_3210.jpg,Mexico,Mexico City
IMG_3213.jpg,Mexico,Mexico City
IMG_3214.jpg,Mexico,Mexico City
IMG_3215.jpg,Mexico,Mexico City
IMG_3216.jpg,Mexico,Mexico City
IMG_3217.jpg,Mexico,Mexico City
IMG_3219.jpg,Mexico,Mexico City
IMG_3220.jpg,Mexico,Mexico City
IMG_3222.jpg,Mexico,Mexico City
IMG_3223.jpg,Mexico,Mexico City
IMG_3224.jpg,Mexico,Mexico City
IMG_3226.jpg,Mexico,Mexico City
IMG_3227.jpg,Mexico,Mexico City
IMG_3232.jpg,Mexico,Mexico City
IMG_3234.jpg,Mexico,Mexico City
IMG_3236.jpg,Mexico,Mexico City
IMG_3237.jpg,Mexico,Mexico City
IMG_3238.jpg,Mexico,Mexico City
IMG_3240.jpg,Mexico,Mexico City
IMG_3241.jpg,Mexico,Mexico City
IMG_3242.jpg,Mexico,Mexico City
IMG_3243.jpg,Mexico,Mexico City
IMG_3244.jpg,Mexico,Mexico City
IMG_3246.jpg,Mexico,Mexico City
IMG_3248.jpg,Mexico,Mexico City
IMG_3249.jpg,Mexico,Mexico City
IMG_3252.jpg,Mexico,Mexico City
IMG_3253.jpg,Mexico,Mexico City
IMG_3256.jpg,Mexico,Mexico City
IMG_3257.jpg,Mexico,Mexico City
IMG_3258.jpg,Mexico,Mexico City
IMG_3259.jpg,Mexico,Mexico City
IMG_3263.jpg,Mexico,Mexico City
IMG_3264.jpg,Mexico,Mexico City
IMG_3265.jpg,Mexico,Mexico City
IMG_3267.jpg,Mexico,Mexico City
IMG_3268.jpg,Mexico,Mexico City
IMG_3270.jpg,Mexico,Mexico City
IMG_3272.jpg,Mexico,Mexico City
IMG_3273.jpg,Mexico,Mexico City
IMG_3274.jpg,Mexico,Mexico City
IMG_3275.jpg,Mexico,Mexico City
IMG_3276.jpg,Mexico,Mexico City
IMG_3277.jpg,Mexico,Mexico City
IMG_3283.jpg,Mexico,Mexico City
IMG_3285.jpg,Mexico,Mexico City
IMG_3286.jpg,Mexico,Mexico City
IMG_3289.jpg,Mexico,Mexico City
IMG_3291.jpg,Mexico,Mexico City
IMG_3292.jpg,Mexico,Mexico City
IMG_3294.jpg,Mexico,Mexico City
IMG_3296.jpg,Mexico,Mexico City
IMG_3299.jpg,Mexico,Mexico City
IMG_3300.jpg,Mexico,Mexico City
IMG_3301.jpg,Mexico,Mexico City
IMG_3302.jpg,Mexico,Mexico City
IMG_3304.jpg,Mexico,Mexico City
IMG_3307.jpg,Mexico,Mexico City
IMG_3311.jpg,Mexico,Mexico City
IMG_3312.jpg,Mexico,Mexico City
IMG_3319.jpg,Mexico,Mexico City
IMG_3321.jpg,Mexico,Mexico City
IMG_3322.jpg,Mexico,Mexico City
IMG_3325.jpg,Mexico,Mexico City
IMG_3326.jpg,Mexico,Mexico City
IMG_3327.jpg,Mexico,Mexico City
IMG_3329.jpg,Mexico,Mexico City
IMG_3330.jpg,Mexico,Mexico City
IMG_3331.jpg,Mexico,Mexico City
IMG_3332.jpg,Mexico,Mexico City
IMG_3333.jpg,Mexico,Mexico City
IMG_3334.jpg,Mexico,Mexico City
IMG_3338.jpg,Mexico,Mexico City
IMG_3340.jpg,Mexico,Mexico City
IMG_3341.jpg,Mexico,Mexico City
IMG_3342.jpg,Mexico,Mexico City
IMG_3343.jpg,Mexico,Mexico City
IMG_3345.jpg,Mexico,Mexico City
IMG_3346.jpg,Mexico,Mexico City
IMG_3349.jpg,Mexico,Mexico City
IMG_3351.jpg,Mexico,Mexico City
IMG_3353.jpg,Mexico,Mexico City
IMG_3414.jpg,Mexico,Mexico City
IMG_3415.jpg,Mexico,Mexico City
IMG_3416.jpg,Mexico,Mexico City
IMG_3417.jpg,Mexico,Mexico City
IMG_3418.jpg,Mexico,Mexico City
IMG_3419.jpg,Mexico,Mexico City
IMG_3422.jpg,Mexico,Mexico City
IMG_3423.jpg,Mexico,Mexico City
IMG_3425.jpg,Mexico,Mexico City
IMG_3427.jpg,Mexico,Mexico City
IMG_3428.jpg,Mexico,Mexico City
IMG_3430.jpg,Mexico,Mexico City
IMG_3431.jpg,Mexico,Mexico City
IMG_3433.jpg,Mexico,Mexico City
IMG_3434.jpg,Mexico,Mexico City
IMG_3435.jpg,Mexico,Mexico City
IMG_3438.jpg,Mexico,Mexico City
IMG_3443.jpg,Mexico,Mexico City
IMG_3447.jpg,Mexico,Mexico City
IMG_3448.jpg,Mexico,Mexico City
IMG_3449.jpg,Mexico,Mexico City
IMG_3450.jpg,Mexico,Mexico City
IMG_3451.jpg,Mexico,Mexico City
IMG_3457.jpg,Mexico,Mexico City
IMG_3458.jpg,Mexico,Mexico City
IMG_3459.jpg,Mexico,Mexico City
IMG_3460.jpg,Mexico,Mexico City
IMG_3465.jpg,Mexico,Mexico City
IMG_3467.jpg,Mexico,Mexico City
IMG_3468.jpg,Mexico,Mexico City
IMG_3470.jpg,Mexico,Mexico City
IMG_3473.jpg,Mexico,Mexico City
IMG_3474.jpg,Mexico,Mexico City
IMG_3475.jpg,Mexico,Mexico City
IMG_3476.jpg,Mexico,Mexico City
IMG_3477.jpg,Mexico,Mexico City
IMG_3478.jpg,Mexico,Mexico City
IMG_3479.jpg,Mexico,Mexico City
IMG_3480.jpg,Mexico,Mexico City
IMG_3482.jpg,Mexico,Mexico City
IMG_3483.jpg,Mexico,Mexico City
IMG_3484.jpg,Mexico,Mexico City
IMG_3485.jpg,Mexico,Mexico City
IMG_3486.jpg,Mexico,Mexico City
IMG_3487.jpg,Mexico,Mexico City
IMG_3488.jpg,Mexico,Mexico City
IMG_3490.jpg,Mexico,Mexico City
IMG_3492.jpg,Mexico,Mexico City
IMG_3503.jpg,Mexico,Mexico City
IMG_3512.jpg,Mexico,Mexico City
IMG_3514.jpg,Mexico,Mexico City
IMG_3515.jpg,Mexico,Mexico City
IMG_3517.jpg,Mexico,Mexico City
IMG_3518.jpg,Mexico,Mexico City
IMG_3519.jpg,Mexico,Mexico City
IMG_3522.jpg,Mexico,Mexico City
IMG_3523.jpg,Mexico,Mexico City
IMG_3525.jpg,Mexico,Mexico City
IMG_3529.jpg,Mexico,Mexico City
IMG_3533.jpg,Mexico,Mexico City
IMG_3534.jpg,Mexico,Mexico City
IMG_3535.jpg,Mexico,Mexico City
IMG_3538.jpg,Mexico,Mexico City
IMG_3543.jpg,Mexico,Mexico City
IMG_3544.jpg,Mexico,Mexico City
IMG_3548.jpg,Mexico,Mexico City
IMG_3551.jpg,Mexico,Mexico City
IMG_3559.jpg,Mexico,Mexico City
IMG_3560.jpg,Mexico,Mexico City
IMG_3562.jpg,Mexico,Mexico City
IMG_3568.jpg,Mexico,Mexico City
IMG_3569.jpg,Mexico,Mexico City
IMG_3570.jpg,Mexico,Mexico City
IMG_3571.jpg,Mexico,Mexico City
IMG_3574.jpg,Mexico,Mexico City
IMG_3575.jpg,Mexico,Mexico City
IMG_3580.jpg,Mexico,Mexico City
IMG_3581.jpg,Mexico,Mexico City
IMG_3587.jpg,Mexico,Mexico City
IMG_3588.jpg,Mexico,Mexico City
IMG_3589.jpg,Mexico,Mexico City
IMG_3590.jpg,Mexico,Mexico City
IMG_3594.jpg,Mexico,Mexico City
IMG_3597.jpg,Mexico,Mexico City
IMG_3598.jpg,Mexico,Mexico City
IMG_3599.jpg,Mexico,Mexico City
IMG_3602.jpg,Mexico,Mexico City
IMG_3603.jpg,Mexico,Mexico City
IMG_3604.jpg,Mexico,Mexico City
IMG_3605.jpg,Mexico,Mexico City
IMG_3606.jpg,Mexico,Mexico City
IMG_3609.jpg,Mexico,Mexico City
IMG_3614.jpg,Mexico,Mexico City
IMG_3615.jpg,Mexico,Mexico City
IMG_3616.jpg,Mexico,Mexico City
IMG_3619.jpg,Mexico,Mexico City
IMG_3620.jpg,Mexico,Mexico City
IMG_3621.jpg,Mexico,Mexico City
IMG_3622.jpg,Mexico,Mexico City
IMG_3624.jpg,Mexico,Mexico City
IMG_3627.jpg,Mexico,Mexico City
IMG_3629.jpg,Mexico,Mexico City
IMG_3630.jpg,Mexico,Mexico City
IMG_3638.jpg,Mexico,Mexico City
IMG_3666.jpg,Mexico,Mexico City
IMG_3671.jpg,Mexico,Mexico City
IMG_3672.jpg,Mexico,Mexico City
IMG_3676.jpg,Mexico,Mexico City
IMG_3684.jpg,Mexico,Mexico City
IMG_3690.jpg,Mexico,Mexico City
IMG_3691.jpg,Mexico,Mexico City
IMG_3692.jpg,Mexico,Mexico City
IMG_3695.jpg,Mexico,Mexico City
IMG_3696.jpg,Mexico,Mexico City
IMG_3700.jpg,Mexico,Mexico City
IMG_3708.jpg,Mexico,Mexico City
IMG_3721.jpg,Mexico,Mexico City
IMG_3724.jpg,Mexico,Mexico City
IMG_3725.jpg,Mexico,Mexico City
IMG_3727.jpg,Mexico,Mexico City
IMG_3729.jpg,Mexico,Mexico City
IMG_3731.jpg,Mexico,Mexico City
IMG_3733.jpg,Mexico,Mexico City
IMG_3734.jpg,Mexico,Mexico City
IMG_3735.jpg,Mexico,Mexico City
IMG_3736.jpg,Mexico,Mexico City
IMG_3738.jpg,Mexico,Mexico City
IMG_3740.jpg,Mexico,Mexico City
IMG_3742.jpg,Mexico,Mexico City
IMG_3743.jpg,Mexico,Mexico City
IMG_3744.jpg,Mexico,Mexico City
IMG_3749.jpg,Mexico,Mexico City
IMG_3750.jpg,Mexico,Mexico City
IMG_3755.jpg,Mexico,Mexico City
IMG_3756.jpg,Mexico,Mexico City
IMG_3759.jpg,Mexico,Mexico City
IMG_3766.jpg,Mexico,Mexico City
IMG_3768.jpg,Mexico,Mexico City
IMG_3776.jpg,Mexico,Mexico City
IMG_3779.jpg,Mexico,Mexico City
IMG_3785.jpg,Mexico,Mexico City
IMG_3788.jpg,Mexico,Mexico City
IMG_3790.jpg,Mexico,Mexico City
IMG_3791.jpg,Mexico,Mexico City
IMG_3794.jpg,Mexico,Mexico City
IMG_3797.jpg,Mexico,Mexico City
IMG_3803.jpg,Mexico,Mexico City
IMG_3810.jpg,Mexico,Mexico City
IMG_3815.jpg,Mexico,Mexico City
IMG_3817.jpg,Mexico,Mexico City
IMG_3818.jpg,Mexico,Mexico City
IMG_3822.jpg,Mexico,Mexico City
IMG_3825.jpg,Mexico,Mexico City
IMG_3839.jpg,Mexico,Mexico City
IMG_3843.jpg,Mexico,Mexico City
IMG_3844.jpg,Mexico,Mexico City
IMG_3856.jpg,Mexico,Mexico City
IMG_3861.jpg,Mexico,Mexico City
IMG_3862.jpg,Mexico,Mexico City
IMG_3863.jpg,Mexico,Mexico City
IMG_3865.jpg,Mexico,Mexico City
IMG_3866.jpg,Mexico,Mexico City
IMG_3867.jpg,Mexico,Mexico City
IMG_3868.jpg,Mexico,Mexico City
IMG_3939.jpg,Mexico,Mexico City
IMG_3940.jpg,Mexico,Mexico City
IMG_3941.jpg,Mexico,Mexico City
IMG_3943.jpg,Mexico,Mexico City
IMG_3946.jpg,Mexico,Mexico City
IMG_3947.jpg,Mexico,Mexico City
IMG_3948.jpg,Mexico,Mexico City
IMG_3959.jpg,Mexico,Mexico City
IMG_3965.jpg,Mexico,Mexico City
IMG_3966.jpg,Mexico,Mexico City
IMG_3967.jpg,Mexico,Mexico City
IMG_3969.jpg,Mexico,Mexico City
IMG_3970.jpg,Mexico,Mexico City
IMG_3972.jpg,Mexico,Mexico City
IMG_3984.jpg,Mexico,Mexico City
IMG_3985.jpg,Mexico,Mexico City
IMG_3986.jpg,Mexico,Mexico City
IMG_3989.jpg,Mexico,Mexico City
IMG_3990.jpg,Mexico,Mexico City
IMG_3991.jpg,Mexico,Mexico City
IMG_4001.jpg,Mexico,Mexico City
IMG_4003.jpg,Mexico,Mexico City
IMG_4005-1.jpg,Mexico,Mexico City
IMG_4009.jpg,Mexico,Mexico City
IMG_4014-1.jpg,Mexico,Mexico City
IMG_4018.jpg,Mexico,Mexico City
IMG_4019.jpg,Mexico,Mexico City
IMG_4021-1.jpg,Mexico,Mexico City
IMG_4022-1.jpg,Mexico,Mexico City
IMG_4024.jpg,Mexico,Mexico City
IMG_4025.jpg,Mexico,Mexico City
IMG_4027-1.jpg,Mexico,Mexico City
IMG_4027.jpg,Mexico,Mexico City
IMG_4031.jpg,Mexico,Mexico City
IMG_4032.jpg,Mexico,Mexico City
IMG_4037.jpg,Mexico,Mexico City
IMG_4041.jpg,Mexico,Mexico City
IMG_4044.jpg,Mexico,Mexico City
IMG_4047.jpg,Mexico,Mexico City
IMG_4048-1.jpg,Mexico,Mexico City
IMG_4048.jpg,Mexico,Mexico City
IMG_4049-1.jpg,Mexico,Mexico City
IMG_4050.jpg,Mexico,Mexico City
IMG_4051.jpg,Mexico,Mexico City
IMG_4053.jpg,Mexico,Mexico City
IMG_4055-1.jpg,Mexico,Mexico City
IMG_4058.jpg,Mexico,Mexico City
IMG_4059.jpg,Mexico,Mexico City
IMG_4061-1.jpg,Mexico,Mexico City
IMG_4065.jpg,Mexico,Mexico City
IMG_4067.jpg,Mexico,Mexico City
IMG_4068.jpg,Mexico,Mexico City
IMG_4072-1.jpg,Mexico,Mexico City
IMG_4072.jpg,Mexico,Mexico City
IMG_4074-1.jpg,Mexico,Mexico City
IMG_4074.jpg,Mexico,Mexico City
IMG_4075.jpg,Mexico,Mexico City
IMG_4076.jpg,Mexico,Mexico City
IMG_4077.jpg,Mexico,Mexico City
IMG_4078.jpg,Mexico,Mexico City
IMG_4079-1.jpg,Mexico,Mexico City
IMG_4083-1.jpg,Mexico,Mexico City
IMG_4085.jpg,Mexico,Mexico City
IMG_4087.jpg,Mexico,Mexico City
IMG_4089.jpg,Mexico,Mexico City
IMG_4090.jpg,Mexico,Mexico City
IMG_4091-1.jpg,Mexico,Mexico City
IMG_4092.jpg,Mexico,Mexico City
IMG_4096-1.jpg,Mexico,Mexico City
IMG_4096.jpg,Mexico,Mexico City
IMG_4097-1.jpg,Mexico,Mexico City
IMG_4098-1.jpg,Mexico,Mexico City
IMG_4098.jpg,Mexico,Mexico City
IMG_4100.jpg,Mexico,Mexico City
IMG_4101-1.jpg,Mexico,Mexico City
IMG_4101.jpg,Mexico,Mexico City
IMG_4104.jpg,Mexico,Mexico City
IMG_4105-1.jpg,Mexico,Mexico City
IMG_4106-1.jpg,Mexico,Mexico City
IMG_4110.jpg,Mexico,Mexico City
IMG_4114.jpg,Mexico,Mexico City
IMG_4120.jpg,Mexico,Mexico City
IMG_4124.jpg,Mexico,Mexico City
IMG_4125.jpg,Mexico,Mexico City
IMG_4128.jpg,Mexico,Mexico City
IMG_4141.jpg,Mexico,Mexico City
IMG_4142.jpg,Mexico,Mexico City
IMG_4145.jpg,Mexico,Mexico City
IMG_4146.jpg,Mexico,Mexico City
IMG_4147.jpg,Mexico,Mexico City
IMG_4148.jpg,Mexico,Mexico City
IMG_4153.jpg,Mexico,Mexico City
IMG_4156.jpg,Mexico,Mexico City
IMG_4158.jpg,Mexico,Mexico City
IMG_4160.jpg,Mexico,Mexico City
IMG_4164.jpg,Mexico,Mexico City
IMG_4165.jpg,Mexico,Mexico City
IMG_4167.jpg,Mexico,Mexico City
IMG_4168.jpg,Mexico,Mexico City
IMG_4169.jpg,Mexico,Mexico City
IMG_4170.jpg,Mexico,Mexico City
IMG_4171.jpg,Mexico,Mexico City
IMG_4172.jpg,Mexico,Mexico City
IMG_4173.jpg,Mexico,Mexico City
IMG_4174.jpg,Mexico,Mexico City
IMG_4175.jpg,Mexico,Mexico City
IMG_4176.jpg,Mexico,Mexico City
IMG_4180.jpg,Mexico,Mexico City
IMG_4181.jpg,Mexico,Mexico City
IMG_4182.jpg,Mexico,Mexico City
IMG_4183.jpg,Mexico,Mexico City
IMG_4188.jpg,Mexico,Mexico City
IMG_4196.jpg,Mexico,Mexico City
IMG_4198.jpg,Mexico,Mexico City
IMG_4204.jpg,Mexico,Mexico City
IMG_4205.jpg,Mexico,Mexico City
IMG_4207.jpg,Mexico,Mexico City
IMG_4209.jpg,Mexico,Mexico City
IMG_4210.jpg,Mexico,Mexico City
IMG_4211.jpg,Mexico,Mexico City
IMG_4212.jpg,Mexico,Mexico City
IMG_4213.jpg,Mexico,Mexico City
IMG_4214.jpg,Mexico,Mexico City
IMG_4215.jpg,Mexico,Mexico City
IMG_4216.jpg,Mexico,Mexico City
IMG_4221.jpg,Mexico,Mexico City
IMG_4223.jpg,Mexico,Mexico City
IMG_4224.jpg,Mexico,Mexico City
IMG_4225.jpg,Mexico,Mexico City
IMG_4227.jpg,Mexico,Mexico City
IMG_4230.jpg,Mexico,Mexico City
IMG_4231.jpg,Mexico,Mexico City
IMG_4232.jpg,Mexico,Mexico City
IMG_4233.jpg,Mexico,Mexico City
IMG_4235.jpg,Mexico,Mexico City
IMG_4242.jpg,Mexico,Mexico City
IMG_4243.jpg,Mexico,Mexico City
IMG_4244.jpg,Mexico,Mexico City
IMG_4245.jpg,Mexico,Mexico City
IMG_4251.jpg,Mexico,Mexico City
IMG_4252.jpg,Mexico,Mexico City
IMG_4253.jpg,Mexico,Mexico City
IMG_4254.jpg,Mexico,Mexico City
IMG_4255.jpg,Mexico,Mexico City
IMG_4257.jpg,Mexico,Mexico City
IMG_4258.jpg,Mexico,Mexico City
IMG_4259.jpg,Mexico,Mexico City
IMG_4261.jpg,Mexico,Mexico City
IMG_4265.jpg,Mexico,Mexico City
IMG_4277.jpg,Mexico,Mexico City
IMG_4284.jpg,Mexico,Mexico City
IMG_4286.jpg,Mexico,Mexico City
IMG_4287.jpg,Mexico,Mexico City
IMG_4288.jpg,Mexico,Mexico City
IMG_4290.jpg,Mexico,Mexico City
IMG_4291.jpg,Mexico,Mexico City
IMG_4293.jpg,Mexico,Mexico City
IMG_4294.jpg,Mexico,Mexico City
IMG_4299.jpg,Mexico,Mexico City
IMG_4300.jpg,Mexico,Mexico City
IMG_4301.jpg,Mexico,Mexico City
IMG_4303.jpg,Mexico,Mexico City
IMG_4304.jpg,Mexico,Mexico City
IMG_4305.jpg,Mexico,Mexico City
IMG_4306.jpg,Mexico,Mexico City
IMG_4307.jpg,Mexico,Mexico City
IMG_4308.jpg,Mexico,Mexico City
IMG_4309.jpg,Mexico,Mexico City
IMG_4310.jpg,Mexico,Mexico City
IMG_4311.jpg,Mexico,Mexico City
IMG_4316.jpg,Mexico,Mexico City
IMG_4318.jpg,Mexico,Mexico City
IMG_4319.jpg,Mexico,Mexico City
IMG_4320.jpg,Mexico,Mexico City
IMG_4325.jpg,Mexico,Mexico City
IMG_4326.jpg,Mexico,Mexico City
IMG_4328.jpg,Mexico,Mexico City
IMG_4329.jpg,Mexico,Mexico City
IMG_4330.jpg,Mexico,Mexico City
IMG_4331.jpg,Mexico,Mexico City
IMG_4334.jpg,Mexico,Mexico City
IMG_4335.jpg,Mexico,Mexico City
IMG_4336.jpg,Mexico,Mexico City
IMG_4340.jpg,Mexico,Mexico City
IMG_4341.jpg,Mexico,Mexico City
IMG_4342.jpg,Mexico,Mexico City
IMG_4346.jpg,Mexico,Mexico City
IMG_4347.jpg,Mexico,Mexico City
IMG_4351.jpg,Mexico,Mexico City
IMG_4352.jpg,Mexico,Mexico City
IMG_4354.jpg,Mexico,Mexico City
IMG_4357.jpg,Mexico,Mexico City
IMG_4358.jpg,Mexico,Mexico City
IMG_4365.jpg,Mexico,Mexico City
IMG_4366.jpg,Mexico,Mexico City
IMG_4367.jpg,Mexico,Mexico City
IMG_4368.jpg,Mexico,Mexico City
IMG_4369.jpg,Mexico,Mexico City
IMG_4370.jpg,Mexico,Mexico City
IMG_4371.jpg,Mexico,Mexico City
IMG_4372.jpg,Mexico,Mexico City
IMG_4377.jpg,Mexico,Mexico City
IMG_4378.jpg,Mexico,Mexico City
IMG_4379.jpg,Mexico,Mexico City
IMG_4380.jpg,Mexico,Mexico City
IMG_4384.jpg,Mexico,Mexico City
IMG_4385.jpg,Mexico,Mexico City
IMG_4386.jpg,Mexico,Mexico City
IMG_4388.jpg,Mexico,Mexico City
IMG_4389.jpg,Mexico,Mexico City
IMG_4390.jpg,Mexico,Mexico City
IMG_4393.jpg,Mexico,Mexico City
IMG_4394.jpg,Mexico,Mexico City
IMG_4396.jpg,Mexico,Mexico City
IMG_4397.jpg,Mexico,Mexico City
IMG_4400.jpg,Mexico,Mexico City
IMG_4401.jpg,Mexico,Mexico City
IMG_4406.jpg,Mexico,Mexico City
IMG_4408.jpg,Mexico,Mexico City
IMG_4409.jpg,Mexico,Mexico City
IMG_4410.jpg,Mexico,Mexico City
IMG_4411.jpg,Mexico,Mexico City
IMG_4414.jpg,Mexico,Mexico City
IMG_4415.jpg,Mexico,Mexico City
IMG_4417.jpg,Mexico,Mexico City
IMG_4418.jpg,Mexico,Mexico City
IMG_4420.jpg,Mexico,Mexico City
IMG_4426.jpg,Mexico,Mexico City
IMG_4427.jpg,Mexico,Mexico City
IMG_4428.jpg,Mexico,Mexico City
IMG_4430.jpg,Mexico,Mexico City
IMG_4434.jpg,Mexico,Mexico City
IMG_4435.jpg,Mexico,Mexico City
IMG_4437.jpg,Mexico,Mexico City
IMG_4438.jpg,Mexico,Mexico City
IMG_4439.jpg,Mexico,Mexico City
IMG_4442.jpg,Mexico,Mexico City
IMG_4443.jpg,Mexico,Mexico City
IMG_4444.jpg,Mexico,Mexico City
IMG_4445.jpg,Mexico,Mexico City
IMG_4446.jpg,Mexico,Mexico City
IMG_4447.jpg,Mexico,Mexico City
IMG_4448.jpg,Mexico,Mexico City
IMG_4450.jpg,Mexico,Mexico City
IMG_4453.jpg,Mexico,Mexico City
IMG_4455.jpg,Mexico,Mexico City
IMG_4457.jpg,Mexico,Mexico City
IMG_4459.jpg,Mexico,Mexico City
IMG_4460.jpg,Mexico,Mexico City
IMG_4462.jpg,Mexico,Mexico City
IMG_4464.jpg,Mexico,Mexico City
IMG_4465.jpg,Mexico,Mexico City
IMG_4469.jpg,Mexico,Mexico City
IMG_4471.jpg,Mexico,Mexico City
IMG_4472.jpg,Mexico,Mexico City
IMG_4474.jpg,Mexico,Mexico City
IMG_4475.jpg,Mexico,Mexico City
IMG_4477.jpg,Mexico,Mexico City
IMG_4479.jpg,Mexico,Mexico City
IMG_4480.jpg,Mexico,Mexico City
IMG_4481.jpg,Mexico,Mexico City
IMG_4482.jpg,Mexico,Mexico City
IMG_4483.jpg,Mexico,Mexico City
IMG_4485.jpg,Mexico,Mexico City
IMG_4486.jpg,Mexico,Mexico City
IMG_4639.jpg,Mexico,Mexico City
IMG_4640.jpg,Mexico,Mexico City
IMG_4641.jpg,Mexico,Mexico City
IMG_4642.jpg,Mexico,Mexico City
IMG_4646.jpg,Mexico,Mexico City
IMG_4647.jpg,Mexico,Mexico City
IMG_4652.jpg,Mexico,Mexico City
IMG_4653.jpg,Mexico,Mexico City
IMG_4656.jpg,Mexico,Mexico City
IMG_4658.jpg,Mexico,Mexico City
IMG_4660.jpg,Mexico,Mexico City
IMG_4661.jpg,Mexico,Mexico City
IMG_4662.jpg,Mexico,Mexico City
IMG_4663.jpg,Mexico,Mexico City
IMG_4664.jpg,Mexico,Mexico City
IMG_4666.jpg,Mexico,Mexico City
IMG_4667.jpg,Mexico,Mexico City
IMG_4669.jpg,Mexico,Mexico City
IMG_4670.jpg,Mexico,Mexico City
IMG_4672.jpg,Mexico,Mexico City
IMG_4673.jpg,Mexico,Mexico City
IMG_4674.jpg,Mexico,Mexico City
IMG_4679.jpg,Mexico,Mexico City
IMG_4680.jpg,Mexico,Mexico City
IMG_4684.jpg,Mexico,Mexico City
IMG_4687.jpg,Mexico,Mexico City
IMG_4689.jpg,Mexico,Mexico City
IMG_4694.jpg,Mexico,Mexico City
IMG_4697.jpg,Mexico,Mexico City
IMG_4701.jpg,Mexico,Mexico City
IMG_4702.jpg,Mexico,Mexico City
IMG_4708.jpg,Mexico,Mexico City
IMG_4709.jpg,Mexico,Mexico City
IMG_4714.jpg,Mexico,Mexico City
IMG_4716.jpg,Mexico,Mexico City
IMG_4722.jpg,Mexico,Mexico City
IMG_4723.jpg,Mexico,Mexico City
IMG_4724.jpg,Mexico,Mexico City
IMG_4725.jpg,Mexico,Mexico City
IMG_4726.jpg,Mexico,Mexico City
IMG_4729.jpg,Mexico,Mexico City
IMG_4732.jpg,Mexico,Mexico City
IMG_4733.jpg,Mexico,Mexico City
IMG_4735.jpg,Mexico,Mexico City
IMG_4736.jpg,Mexico,Mexico City
IMG_4737.jpg,Mexico,Mexico City
IMG_4738.jpg,Mexico,Mexico City
IMG_4739.jpg,Mexico,Mexico City
IMG_4742.jpg,Mexico,Mexico City
IMG_4743.jpg,Mexico,Mexico City
IMG_4744.jpg,Mexico,Mexico City
IMG_4745.jpg,Mexico,Mexico City
IMG_4748.jpg,Mexico,Mexico City
IMG_4749.jpg,Mexico,Mexico City
IMG_4750.jpg,Mexico,Mexico City
IMG_4753.jpg,Mexico,Mexico City
IMG_4755.jpg,Mexico,Mexico City
IMG_4756.jpg,Mexico,Mexico City
IMG_4758.jpg,Mexico,Mexico City
IMG_4759.jpg,Mexico,Mexico City
IMG_4761.jpg,Mexico,Mexico City
IMG_4763.jpg,Mexico,Mexico City
IMG_4769.jpg,Mexico,Mexico City
IMG_477.jpg,Colombia,Bogota
IMG_4771.jpg,Mexico,Mexico City
IMG_4772.jpg,Mexico,Mexico City
IMG_4775.jpg,Mexico,Mexico City
IMG_4777.jpg,Mexico,Mexico City
IMG_4778.jpg,Mexico,Mexico City
IMG_4780.jpg,Mexico,Mexico City
IMG_4781.jpg,Mexico,Mexico City
IMG_4782.jpg,Mexico,Mexico City
IMG_4784.jpg,Mexico,Mexico City
IMG_4787.jpg,Mexico,Mexico City
IMG_4791.jpg,Mexico,Mexico City
IMG_4792.jpg,Mexico,Mexico City
IMG_4793.jpg,Mexico,Mexico City
IMG_4795.jpg,Mexico,Mexico City
IMG_4798.jpg,Mexico,Mexico City
IMG_4802.jpg,Mexico,Mexico City
IMG_4803.jpg,Mexico,Mexico City
IMG_4804.jpg,Mexico,Mexico City
IMG_4805.jpg,Mexico,Mexico City
IMG_4806.jpg,Mexico,Mexico City
IMG_4809.jpg,Mexico,Mexico City
IMG_4812.jpg,Mexico,Mexico City
IMG_4814.jpg,Mexico,Mexico City
IMG_4815.jpg,Mexico,Mexico City
IMG_4818.jpg,Mexico,Mexico City
IMG_4827.jpg,Mexico,Mexico City
IMG_4829.jpg,Mexico,Mexico City
IMG_4863.jpg,Mexico,Mexico City
IMG_4864.jpg,Mexico,Mexico City
IMG_4865.jpg,Mexico,Mexico City
IMG_4867.jpg,Mexico,Mexico City
IMG_4873.jpg,Mexico,Mexico City
IMG_4874.jpg,Mexico,Mexico City
IMG_4876.jpg,Mexico,Mexico City
IMG_4877.jpg,Mexico,Mexico City
IMG_4879.jpg,Mexico,Mexico City
IMG_4880.jpg,Mexico,Mexico City
IMG_4894.jpg,Mexico,Mexico City
IMG_4895.jpg,Mexico,Mexico City
IMG_4897.jpg,Mexico,Mexico City
IMG_4898.jpg,Mexico,Mexico City
IMG_4900.jpg,Mexico,Mexico City
IMG_4902.jpg,Mexico,Mexico City
IMG_4903.jpg,Mexico,Mexico City
IMG_4904.jpg,Mexico,Mexico City
IMG_4905.jpg,Mexico,Mexico City
IMG_4911.jpg,Mexico,Mexico City
IMG_4913.jpg,Mexico,Mexico City
IMG_4918.jpg,Mexico,Mexico City
IMG_4921.jpg,Mexico,Mexico City
IMG_4922.jpg,Mexico,Mexico City
IMG_4924.jpg,Mexico,Mexico City
IMG_4925.jpg,Mexico,Mexico City
IMG_4926.jpg,Mexico,Mexico City
IMG_4927.jpg,Mexico,Mexico City
IMG_4928.jpg,Mexico,Mexico City
IMG_4933.jpg,Mexico,Mexico City
IMG_4934.jpg,Mexico,Mexico City
IMG_4935.jpg,Mexico,Mexico City
IMG_4939.jpg,Mexico,Mexico City
IMG_4940.jpg,Mexico,Mexico City
IMG_4943.jpg,Mexico,Mexico City
IMG_4944.jpg,Mexico,Mexico City
IMG_4951.jpg,Mexico,Mexico City
IMG_4953.jpg,Mexico,Mexico City
IMG_4954.jpg,Mexico,Mexico City
IMG_4955.jpg,Mexico,Mexico City
IMG_4956.jpg,Mexico,Mexico City
IMG_4957.jpg,Mexico,Mexico City
IMG_4958.jpg,Mexico,Mexico City
IMG_501_1.jpg,Colombia,Bogota
IMG_520.jpg,Colombia,Bogota
IMG_520_1.jpg,Colombia,Bogota
IMG_521.jpg,Colombia,Bogota
IMG_521_1.jpg,Colombia,Bogota
IMG_575.jpg,Colombia,Bogota
IMG_575_1.jpg,Colombia,Bogota
IMG_620.jpg,Colombia,Bogota
IMG_6275.jpg,Mexico,La Paz
IMG_6276.jpg,Mexico,La Paz
IMG_6281.jpg,Mexico,La Paz
IMG_6282.jpg,Mexico,La Paz
IMG_6284.jpg,Mexico,La Paz
IMG_6285.jpg,Mexico,La Paz
IMG_6286.jpg,Mexico,La Paz
IMG_6288.jpg,Mexico,La Paz
IMG_6289.jpg,Mexico,La Paz
IMG_6290.jpg,Mexico,La Paz
IMG_6291.jpg,Mexico,La Paz
IMG_6292.jpg,Mexico,La Paz
IMG_6293.jpg,Mexico,La Paz
IMG_630.jpg,Colombia,Bogota
IMG_6300.jpg,Mexico,La Paz
IMG_6301.jpg,Mexico,La Paz
IMG_6302.jpg,Mexico,La Paz
IMG_630_1.jpg,Colombia,Bogota
IMG_631.jpg,Colombia,Bogota
IMG_6313.jpg,Mexico,La Paz
IMG_6314.jpg,Mexico,La Paz
IMG_632.jpg,Colombia,Bogota
IMG_6320.jpg,Mexico,La Paz
IMG_6325.jpg,Mexico,La Paz
IMG_6326.jpg,Mexico,La Paz
IMG_6328.jpg,Mexico,La Paz
IMG_6329.jpg,Mexico,La Paz
IMG_633.jpg,Colombia,Bogota
IMG_6335.jpg,Mexico,La Paz
IMG_6341.jpg,Mexico,La Paz
IMG_6351.jpg,Mexico,La Paz
IMG_6353.jpg,Mexico,La Paz
IMG_6354.jpg,Mexico,La Paz
IMG_6356.jpg,Mexico,La Paz
IMG_6357.jpg,Mexico,La Paz
IMG_636.jpg,Colombia,Bogota
IMG_6361.jpg,Mexico,La Paz
IMG_6362.jpg,Mexico,La Paz
IMG_6368.jpg,Mexico,La Paz
IMG_6369.jpg,Mexico,La Paz
IMG_6371.jpg,Mexico,La Paz
IMG_6373.jpg,Mexico,La Paz
IMG_6375.jpg,Mexico,La Paz
IMG_6376.jpg,Mexico,La Paz
IMG_6377.jpg,Mexico,La Paz
IMG_6378.jpg,Mexico,La Paz
IMG_6379.jpg,Mexico,La Paz
IMG_638.jpg,Colombia,Bogota
IMG_6383.jpg,Mexico,La Paz
IMG_6385.jpg,Mexico,La Paz
IMG_6386.jpg,Mexico,La Paz
IMG_6401.jpg,Mexico,La Paz
IMG_6402.jpg,Mexico,La Paz
IMG_6406.jpg,Mexico,La Paz
IMG_6408.jpg,Mexico,La Paz
IMG_6409.jpg,Mexico,La Paz
IMG_6412.jpg,Mexico,La Paz
IMG_6417.jpg,Mexico,La Paz
IMG_6428.jpg,Mexico,La Paz
IMG_6429.jpg,Mexico,La Paz
IMG_6433.jpg,Mexico,La Paz
IMG_6438.jpg,Mexico,La Paz
IMG_6442.jpg,Mexico,La Paz
IMG_6445.jpg,Mexico,La Paz
IMG_6447.jpg,Mexico,La Paz
IMG_6450.jpg,Mexico,La Paz
IMG_6491.jpg,Mexico,La Paz
IMG_6493.jpg,Mexico,La Paz
IMG_6494.jpg,Mexico,La Paz
IMG_6497.jpg,Mexico,La Paz
IMG_6498.jpg,Mexico,La Paz
IMG_6500.jpg,Mexico,La Paz
IMG_6505.jpg,Mexico,La Paz
IMG_6506.jpg,Mexico,La Paz
IMG_6507.jpg,Mexico,La Paz
IMG_6509.jpg,Mexico,La Paz
IMG_6510.jpg,Mexico,La Paz
IMG_6511.jpg,Mexico,La Paz
IMG_6513.jpg,Mexico,La Paz
IMG_6514.jpg,Mexico,La Paz
IMG_6516.jpg,Mexico,La Paz
IMG_6518.jpg,Mexico,La Paz
IMG_652.jpg,Colombia,Bogota
IMG_6521.jpg,Mexico,La Paz
IMG_6523.jpg,Mexico,La Paz
IMG_6527.jpg,Mexico,La Paz
IMG_652_1.jpg,Colombia,Bogota
IMG_6530.jpg,Mexico,La Paz
IMG_6531.jpg,Mexico,La Paz
IMG_6532.jpg,Mexico,La Paz
IMG_6540.jpg,Mexico,La Paz
IMG_6542.jpg,Mexico,La Paz
IMG_6543.jpg,Mexico,La Paz
IMG_6544.jpg,Mexico,La Paz
IMG_6546.jpg,Mexico,La Paz
IMG_6547.jpg,Mexico,La Paz
IMG_6548.jpg,Mexico,La Paz
IMG_6549.jpg,Mexico,La Paz
IMG_6550.jpg,Mexico,La Paz
IMG_6551.jpg,Mexico,La Paz
IMG_6553.jpg,Mexico,La Paz
IMG_6554.jpg,Mexico,La Paz
IMG_6556.jpg,Mexico,La Paz
IMG_6557.jpg,Mexico,La Paz
IMG_6558.jpg,Mexico,La Paz
IMG_6560.jpg,Mexico,La Paz
IMG_6561.jpg,Mexico,La Paz
IMG_6562.jpg,Mexico,La Paz
IMG_6563.jpg,Mexico,La Paz
IMG_6564.jpg,Mexico,La Paz
IMG_6567.jpg,Mexico,La Paz
IMG_6568.jpg,Mexico,La Paz
IMG_6569.jpg,Mexico,La Paz
IMG_6573.jpg,Mexico,La Paz
IMG_6574.jpg,Mexico,La Paz
IMG_6576.jpg,Mexico,La Paz
IMG_6577.jpg,Mexico,La Paz
IMG_6579.jpg,Mexico,La Paz
IMG_6583.jpg,Mexico,La Paz
IMG_6585.jpg,Mexico,La Paz
IMG_6587.jpg,Mexico,La Paz
IMG_6590.jpg,Mexico,La Paz
IMG_6592.jpg,Mexico,La Paz
IMG_6595.jpg,Mexico,La Paz
IMG_6602.jpg,Mexico,La Paz
IMG_6603.jpg,Mexico,La Paz
IMG_6607.jpg,Mexico,La Paz
IMG_6614.jpg,Mexico,La Paz
IMG_6615.jpg,Mexico,La Paz
IMG_6616.jpg,Mexico,La Paz
IMG_6617.jpg,Mexico,La Paz
IMG_6619.jpg,Mexico,La Paz
IMG_6621.jpg,Mexico,La Paz
IMG_6625.jpg,Mexico,La Paz
IMG_6626.jpg,Mexico,La Paz
IMG_6628.jpg,Mexico,La Paz
IMG_6629.jpg,Mexico,La Paz
IMG_6631.jpg,Mexico,La Paz
IMG_6633.jpg,Mexico,La Paz
IMG_6639.jpg,Mexico,La Paz
IMG_6641.jpg,Mexico,La Paz
IMG_6642.jpg,Mexico,La Paz
IMG_6643.jpg,Mexico,La Paz
IMG_6646.jpg,Mexico,La Paz
IMG_6647.jpg,Mexico,La Paz
IMG_6648.jpg,Mexico,La Paz
IMG_6649.jpg,Mexico,La Paz
IMG_6650.jpg,Mexico,La Paz
IMG_667.jpg,Colombia,Bogota
IMG_667_1.jpg,Colombia,Bogota
IMG_6769.jpg,Mexico,La Paz
IMG_6770.jpg,Mexico,La Paz
IMG_6771.jpg,Mexico,La Paz
IMG_6774.jpg,Mexico,La Paz
IMG_6775.jpg,Mexico,La Paz
IMG_6778.jpg,Mexico,La Paz
IMG_6780.jpg,Mexico,La Paz
IMG_6786.jpg,Mexico,La Paz
IMG_6787.jpg,Mexico,La Paz
IMG_6788.jpg,Mexico,La Paz
IMG_6789.jpg,Mexico,La Paz
IMG_6791.jpg,Mexico,La Paz
IMG_6800.jpg,Mexico,La Paz
IMG_6802.jpg,Mexico,La Paz
IMG_6806.jpg,Mexico,La Paz
IMG_6810.jpg,Mexico,La Paz
IMG_6815.jpg,Mexico,La Paz
IMG_6821.jpg,Mexico,La Paz
IMG_6829.jpg,Mexico,La Paz
IMG_6834.jpg,Mexico,La Paz
IMG_6835.jpg,Mexico,La Paz
IMG_6836.jpg,Mexico,La Paz
IMG_6839.jpg,Mexico,La Paz
IMG_6840.jpg,Mexico,La Paz
IMG_6841.jpg,Mexico,La Paz
IMG_6845.jpg,Mexico,La Paz
IMG_6852.jpg,Mexico,La Paz
IMG_6857.jpg,Mexico,La Paz
IMG_6858.jpg,Mexico,La Paz
IMG_6862.jpg,Mexico,La Paz
IMG_6863.jpg,Mexico,La Paz
IMG_6871.jpg,Mexico,La Paz
IMG_6872.jpg,Mexico,La Paz
IMG_6878.jpg,Mexico,La Paz
IMG_6883.jpg,Mexico,La Paz
IMG_6884.jpg,Mexico,La Paz
IMG_6885.jpg,Mexico,La Paz
IMG_6886.jpg,Mexico,La Paz
IMG_6889.jpg,Mexico,La Paz
IMG_6891.jpg,Mexico,La Paz
IMG_6892.jpg,Mexico,La Paz
IMG_6894.jpg,Mexico,La Paz
IMG_6895.jpg,Mexico,La Paz
IMG_6900.jpg,Mexico,La Paz
IMG_6904.jpg,Mexico,La Paz
IMG_6905.jpg,Mexico,La Paz
IMG_6907.jpg,Mexico,La Paz
IMG_6908.jpg,Mexico,La Paz
IMG_6910.jpg,Mexico,La Paz
IMG_6911.jpg,Mexico,La Paz
IMG_6912.jpg,Mexico,La Paz
IMG_6913.jpg,Mexico,La Paz
IMG_6914.jpg,Mexico,La Paz
IMG_6916.jpg,Mexico,La Paz
IMG_6917.jpg,Mexico,La Paz
IMG_6918.jpg,Mexico,La Paz
IMG_6919.jpg,Mexico,La Paz
IMG_6923.jpg,Mexico,La Paz
IMG_6924.jpg,Mexico,La Paz
IMG_6927.jpg,Mexico,La Paz
IMG_6929.jpg,Mexico,La Paz
IMG_6935.jpg,Mexico,La Paz
IMG_6937.jpg,Mexico,La Paz
IMG_6940.jpg,Mexico,La Paz
IMG_6943.jpg,Mexico,La Paz
IMG_6944.jpg,Mexico,La Paz
IMG_6945.jpg,Mexico,La Paz
IMG_6948.jpg,Mexico,La Paz
IMG_6949.jpg,Mexico,La Paz
IMG_704.jpg,Colombia,Bogota
IMG_708.jpg,Colombia,Bogota
IMG_713.jpg,Colombia,Bogota
IMG_713_1.jpg,Colombia,Bogota
IMG_818.jpg,Colombia,Bogota
IMG_818_1.jpg,Colombia,Bogota
IMG_844.jpg,Colombia,Bogota
IMG_9696.jpg,Mexico,La Paz
IMG_9698.jpg,Mexico,La Paz
IMG_9699.jpg,Mexico,La Paz
IMG_9700.jpg,Mexico,La Paz
IMG_9701.jpg,Mexico,La Paz
IMG_9707.jpg,Mexico,La Paz
IMG_9708.jpg,Mexico,La Paz
IMG_9712.jpg,Mexico,La Paz
IMG_9713.jpg,Mexico,La Paz
IMG_9714.jpg,Mexico,La Paz
IMG_9715.jpg,Mexico,La Paz
IMG_9716.jpg,Mexico,La Paz
IMG_9717.jpg,Mexico,La Paz
IMG_9718.jpg,Mexico,La Paz
IMG_9719.jpg,Mexico,La Paz
IMG_9720.jpg,Mexico,La Paz
IMG_9721.jpg,Mexico,La Paz
IMG_9722.jpg,Mexico,La Paz
IMG_9725.jpg,Mexico,La Paz
IMG_9726.jpg,Mexico,La Paz
IMG_9729.jpg,Mexico,La Paz
IMG_9733.jpg,Mexico,La Paz
IMG_9735.jpg,Mexico,La Paz
IMG_9738.jpg,Mexico,La Paz
IMG_9740.jpg,Mexico,La Paz
IMG_9742.jpg,Mexico,La Paz
IMG_9744.jpg,Mexico,La Paz
IMG_9746.jpg,Mexico,La Paz
IMG_9753.jpg,Mexico,La Paz
IMG_9756.jpg,Mexico,La Paz
IMG_9757.jpg,Mexico,La Paz
IMG_9758.jpg,Mexico,La Paz
IMG_9762.jpg,Mexico,La Paz
IMG_9764.jpg,Mexico,La Paz
IMG_9765.jpg,Mexico,La Paz
IMG_9775.jpg,Mexico,La Paz
IMG_9779.jpg,Mexico,La Paz
IMG_9781.jpg,Mexico,La Paz
IMG_9783.jpg,Mexico,La Paz
IMG_9805.jpg,Mexico,La Paz
IMG_9809.jpg,Mexico,La Paz
IMG_9810.jpg,Mexico,La Paz
IMG_9811.jpg,Mexico,La Paz
IMG_9849.jpg,Mexico,La Paz
IMG_9852.jpg,Mexico,La Paz
IMG_9853.jpg,Mexico,La Paz
IMG_9854.jpg,Mexico,La Paz
IMG_9855.jpg,Mexico,La Paz
IMG_9856.jpg,Mexico,La Paz
IMG_9857.jpg,Mexico,La Paz
IMG_9867.jpg,Mexico,La Paz
IMG_9868.jpg,Mexico,La Paz
IMG_9869.jpg,Mexico,La Paz
IMG_9871.jpg,Mexico,La Paz
IMG_9874.jpg,Mexico,La Paz
IMG_9877.jpg,Mexico,La Paz
IMG_9879.jpg,Mexico,La Paz
IMG_9883.jpg,Mexico,La Paz
IMG_9890.jpg,Mexico,La Paz
IMG_9891.jpg,Mexico,La Paz
IMG_9892.jpg,Mexico,La Paz
IMG_9896.jpg,Mexico,La Paz
IMG_9899.jpg,Mexico,La Paz
IMG_9900.jpg,Mexico,La Paz
IMG_9901.jpg,Mexico,La Paz
IMG_9903.jpg,Mexico,La Paz
IMG_9906.jpg,Mexico,La Paz
IMG_9907.jpg,Mexico,La Paz
IMG_9909.jpg,Mexico,La Paz
IMG_9910.jpg,Mexico,La Paz
IMG_9916.jpg,Mexico,La Paz
IMG_9918.jpg,Mexico,La Paz
IMG_9919.jpg,Mexico,La Paz
IMG_9920.jpg,Mexico,La Paz
IMG_9921.jpg,Mexico,La Paz
IMG_9925.jpg,Mexico,La Paz
IMG_9931.jpg,Mexico,La Paz
IMG_9934.jpg,Mexico,La Paz
IMG_9935.jpg,Mexico,La Paz
IMG_9938.jpg,Mexico,La Paz
IMG_9939.jpg,Mexico,La Paz
IMG_9940.jpg,Mexico,La Paz
IMG_9941.jpg,Mexico,La Paz
IMG_9942.jpg,Mexico,La Paz
IMG_9943.jpg,Mexico,La Paz
IMG_9948.jpg,Mexico,La Paz
IMG_9949.jpg,Mexico,La Paz
IMG_9950.jpg,Mexico,La Paz
IMG_9951.jpg,Mexico,La Paz
IMG_9953.jpg,Mexico,La Paz
IMG_9954.jpg,Mexico,La Paz
IMG_9956.jpg,Mexico,La Paz
IMG_9959.jpg,Mexico,La Paz
IMG_9961.jpg,Mexico,La Paz
IMG_9965.jpg,Mexico,La Paz
IMG_9966.jpg,Mexico,La Paz
IMG_9972.jpg,Mexico,La Paz
IMG_9973.jpg,Mexico,La Paz
IMG_9974.jpg,Mexico,La Paz
IMG_9975.jpg,Mexico,La Paz
IMG_9978.jpg,Mexico,La Paz
IMG_9979.jpg,Mexico,La Paz
IMG_9983.jpg,Mexico,La Paz
IMG_9984.jpg,Mexico,La Paz
IMG_9985.jpg,Mexico,La Paz
IMG_9986.jpg,Mexico,La Paz
IMG_9987.jpg,Mexico,La Paz
IMG_9989.jpg,Mexico,La Paz
IMG_9990.jpg,Mexico,La Paz
IMG_9991.jpg,Mexico,La Paz
IMG_9992.jpg,Mexico,La Paz
IMG_9993.jpg,Mexico,La Paz
IMG_9994.jpg,Mexico,La Paz
IMG_9996.jpg,Mexico,La Paz
IMG_9997.jpg,Mexico,La Paz
Original_TimePhoto_20250504_111943.jpg,Colombia,Cali
Original_TimePhoto_20250504_112703.jpg,Colombia,Cali
Original_TimePhoto_20250504_113111.jpg,Colombia,Cali
Original_TimePhoto_20250504_113125.jpg,Colombia,Cali
Original_TimePhoto_20250504_115105.jpg,Colombia,Cali
Original_TimePhoto_20250504_120223 Original_TimePhoto_20250504_120224.jpg,Colombia,Cali
Original_TimePhoto_20250504_120223.jpg,Colombia,Cali
Original_TimePhoto_20250530_101955.jpg,Colombia,Cali
TimePhoto_20250504_112024.jpg,Colombia,Cali
TimePhoto_20250504_112036.jpg,Colombia,Cali
TimePhoto_20250504_112207.jpg,Colombia,Cali
TimePhoto_20250504_114130.jpg,Colombia,Cali
TimePhoto_20250504_114651.jpg,Colombia,Cali
TimePhoto_20250504_114710.jpg,Colombia,Cali
TimePhoto_20250504_115319.jpg,Colombia,Cali
TimePhoto_20250504_115345.jpg,Colombia,Cali
TimePhoto_20250504_115504.jpg,Colombia,Cali
TimePhoto_20250504_115528.jpg,Colombia,Cali
TimePhoto_20250504_115529.jpg,Colombia,Cali
TimePhoto_20250504_120437.jpg,Colombia,Cali
TimePhoto_20250504_120504.jpg,Colombia,Cali
TimePhoto_20250504_120547.jpg,Colombia,Cali
TimePhoto_20250504_120603.jpg,Colombia,Cali
