ID,country,city
00a79159-71f4-48c0-a2e1-706bce28d3ea.jpg,Colombia,Medellin
087580103000001740014000000000.jpg,Colombia,Soledad
08758100000000001002040000001U.jpg,Colombia,Soledad
08758100000000001004060000001U.jpg,Colombia,Soledad
0f8ee7f5-1fdb-433f-9095-98a0e4886097.jpg,Colombia,Medellin
171288.jpg,Colombia,Barranquilla
171942.jpg,Colombia,Barranquilla
172831.jpg,Colombia,Barranquilla
175500.jpg,Colombia,Barranquilla
175885.jpg,Colombia,Barranquilla
175907.jpg,Colombia,Barranquilla
175917.jpg,Colombia,Barranquilla
175948.jpg,Colombia,Barranquilla
175950.jpg,Colombia,Barranquilla
175993.jpg,Colombia,Barranquilla
175995.jpg,Colombia,Barranquilla
175996.jpg,Colombia,Barranquilla
176391.jpg,Colombia,Barranquilla
176515.jpg,Colombia,Barranquilla
177872.jpg,Colombia,Barranquilla
177890.jpg,Colombia,Barranquilla
177922.jpg,Colombia,Barranquilla
179707.jpg,Colombia,Barranquilla
179719.jpg,Colombia,Barranquilla
179743.jpg,Colombia,Barranquilla
179747.jpg,Colombia,Barranquilla
179754.jpg,Colombia,Barranquilla
179783.jpg,Colombia,Barranquilla
179792.jpg,Colombia,Barranquilla
179821.jpg,Colombia,Barranquilla
179833.jpg,Colombia,Barranquilla
181671.jpg,Colombia,Barranquilla
182221.jpg,Colombia,Barranquilla
182693.jpg,Colombia,Barranquilla
182750.jpg,Colombia,Barranquilla
182771.jpg,Colombia,Barranquilla
182785.jpg,Colombia,Barranquilla
183961.jpg,Colombia,Barranquilla
184231.jpg,Colombia,Barranquilla
184417.jpg,Colombia,Barranquilla
184437.jpg,Colombia,Barranquilla
184442.jpg,Colombia,Barranquilla
184451.jpg,Colombia,Barranquilla
185691.jpg,Colombia,Barranquilla
185837.jpg,Colombia,Barranquilla
185848.jpg,Colombia,Barranquilla
189325.jpg,Colombia,Barranquilla
189394.jpg,Colombia,Barranquilla
189406.jpg,Colombia,Barranquilla
189426.jpg,Colombia,Barranquilla
191433.jpg,Colombia,Barranquilla
191442.jpg,Colombia,Barranquilla
191446.jpg,Colombia,Barranquilla
191465.jpg,Colombia,Barranquilla
191467.jpg,Colombia,Barranquilla
191469.jpg,Colombia,Barranquilla
191585.jpg,Colombia,Barranquilla
191615.jpg,Colombia,Barranquilla
191765.jpg,Colombia,Barranquilla
191779.jpg,Colombia,Barranquilla
193164.jpg,Colombia,Barranquilla
193514.jpg,Colombia,Barranquilla
198049.jpg,Colombia,Barranquilla
198059.jpg,Colombia,Barranquilla
198067.jpg,Colombia,Barranquilla
198071.jpg,Colombia,Barranquilla
198099.jpg,Colombia,Barranquilla
198383.jpg,Colombia,Barranquilla
198384.jpg,Colombia,Barranquilla
198398.jpg,Colombia,Barranquilla
198399.jpg,Colombia,Barranquilla
198409.jpg,Colombia,Barranquilla
198410.jpg,Colombia,Barranquilla
198411.jpg,Colombia,Barranquilla
198445.jpg,Colombia,Barranquilla
198446.jpg,Colombia,Barranquilla
198460.jpg,Colombia,Barranquilla
198466.jpg,Colombia,Barranquilla
198468.jpg,Colombia,Barranquilla
198496.jpg,Colombia,Barranquilla
198501.jpg,Colombia,Barranquilla
199035.jpg,Colombia,Barranquilla
202236.jpg,Colombia,Barranquilla
202651.jpg,Colombia,Barranquilla
202657.jpg,Colombia,Barranquilla
204234.jpg,Colombia,Barranquilla
205674.jpg,Colombia,Barranquilla
208098.jpg,Colombia,Barranquilla
208181.jpg,Colombia,Barranquilla
208401.jpg,Colombia,Barranquilla
209321.jpg,Colombia,Barranquilla
209374.jpg,Colombia,Barranquilla
209722.jpg,Colombia,Barranquilla
212448.jpg,Colombia,Barranquilla
212452.jpg,Colombia,Barranquilla
212494.jpg,Colombia,Barranquilla
212535.jpg,Colombia,Barranquilla
212576.jpg,Colombia,Barranquilla
212581.jpg,Colombia,Barranquilla
212655.jpg,Colombia,Barranquilla
212675.jpg,Colombia,Barranquilla
213642.jpg,Colombia,Barranquilla
213667.jpg,Colombia,Barranquilla
213736.jpg,Colombia,Barranquilla
213835.jpg,Colombia,Barranquilla
214143.jpg,Colombia,Barranquilla
214153.jpg,Colombia,Barranquilla
214248.jpg,Colombia,Barranquilla
214281.jpg,Colombia,Barranquilla
214322.jpg,Colombia,Barranquilla
214475.jpg,Colombia,Barranquilla
214504.jpg,Colombia,Barranquilla
214510.jpg,Colombia,Barranquilla
214514.jpg,Colombia,Barranquilla
214515.jpg,Colombia,Barranquilla
217313.jpg,Colombia,Barranquilla
217324.jpg,Colombia,Barranquilla
217438.jpg,Colombia,Barranquilla
218004.jpg,Colombia,Barranquilla
218971.jpg,Colombia,Barranquilla
219054.jpg,Colombia,Barranquilla
219547.jpg,Colombia,Barranquilla
219634.jpg,Colombia,Barranquilla
219820.jpg,Colombia,Barranquilla
220623.jpg,Colombia,Barranquilla
220648.jpg,Colombia,Barranquilla
222873.jpg,Colombia,Barranquilla
223266.jpg,Colombia,Barranquilla
223301.jpg,Colombia,Barranquilla
223763.jpg,Colombia,Barranquilla
223766.jpg,Colombia,Barranquilla
223769.jpg,Colombia,Barranquilla
223781.jpg,Colombia,Barranquilla
223783.jpg,Colombia,Barranquilla
225371.jpg,Colombia,Barranquilla
225434.jpg,Colombia,Barranquilla
225477.jpg,Colombia,Barranquilla
225513.jpg,Colombia,Barranquilla
225546.jpg,Colombia,Barranquilla
225559.jpg,Colombia,Barranquilla
225979.jpg,Colombia,Barranquilla
226066.jpg,Colombia,Barranquilla
226070.jpg,Colombia,Barranquilla
226116.jpg,Colombia,Barranquilla
226294.jpg,Colombia,Barranquilla
226366.jpg,Colombia,Barranquilla
226388.jpg,Colombia,Barranquilla
226778.jpg,Colombia,Barranquilla
226909.jpg,Colombia,Barranquilla
226976.jpg,Colombia,Barranquilla
226991.jpg,Colombia,Barranquilla
227191.jpg,Colombia,Barranquilla
227928.jpg,Colombia,Barranquilla
229280.jpg,Colombia,Barranquilla
229285.jpg,Colombia,Barranquilla
229312.jpg,Colombia,Barranquilla
229323.jpg,Colombia,Barranquilla
229660.jpg,Colombia,Barranquilla
229666.jpg,Colombia,Barranquilla
229724.jpg,Colombia,Barranquilla
229947.jpg,Colombia,Barranquilla
229961.jpg,Colombia,Barranquilla
230018.jpg,Colombia,Barranquilla
230089.jpg,Colombia,Barranquilla
230112.jpg,Colombia,Barranquilla
230267.jpg,Colombia,Barranquilla
230344.jpg,Colombia,Barranquilla
230428.jpg,Colombia,Barranquilla
230465.jpg,Colombia,Barranquilla
231288.jpg,Colombia,Barranquilla
231436.jpg,Colombia,Barranquilla
231568.jpg,Colombia,Barranquilla
231595.jpg,Colombia,Barranquilla
231717.jpg,Colombia,Barranquilla
231774.jpg,Colombia,Barranquilla
231875.jpg,Colombia,Barranquilla
232042.jpg,Colombia,Barranquilla
232069.jpg,Colombia,Barranquilla
232105.jpg,Colombia,Barranquilla
232126.jpg,Colombia,Barranquilla
232129.jpg,Colombia,Barranquilla
232136.jpg,Colombia,Barranquilla
232653.jpg,Colombia,Barranquilla
232711.jpg,Colombia,Barranquilla
232828.jpg,Colombia,Barranquilla
233131.jpg,Colombia,Barranquilla
233137.jpg,Colombia,Barranquilla
233413.jpg,Colombia,Barranquilla
233428.jpg,Colombia,Barranquilla
233791.jpg,Colombia,Barranquilla
233902.jpg,Colombia,Barranquilla
234367.jpg,Colombia,Barranquilla
234393.jpg,Colombia,Barranquilla
234397.jpg,Colombia,Barranquilla
234416.jpg,Colombia,Barranquilla
234611.jpg,Colombia,Barranquilla
234622.jpg,Colombia,Barranquilla
235209.jpg,Colombia,Barranquilla
235601.jpg,Colombia,Barranquilla
235637.jpg,Colombia,Barranquilla
235898.jpg,Colombia,Barranquilla
236147.jpg,Colombia,Barranquilla
236184.jpg,Colombia,Barranquilla
236317.jpg,Colombia,Barranquilla
236327.jpg,Colombia,Barranquilla
236331.jpg,Colombia,Barranquilla
236377.jpg,Colombia,Barranquilla
236387.jpg,Colombia,Barranquilla
236420.jpg,Colombia,Barranquilla
236431.jpg,Colombia,Barranquilla
236432.jpg,Colombia,Barranquilla
236460.jpg,Colombia,Barranquilla
236513.jpg,Colombia,Barranquilla
237346.jpg,Colombia,Barranquilla
237368.jpg,Colombia,Barranquilla
237850.jpg,Colombia,Barranquilla
238078.jpg,Colombia,Barranquilla
238111.jpg,Colombia,Barranquilla
238113.jpg,Colombia,Barranquilla
238303.jpg,Colombia,Barranquilla
238735.jpg,Colombia,Barranquilla
238964.jpg,Colombia,Barranquilla
238994.jpg,Colombia,Barranquilla
239246.jpg,Colombia,Barranquilla
239308.jpg,Colombia,Barranquilla
239338.jpg,Colombia,Barranquilla
240076.jpg,Colombia,Barranquilla
240123.jpg,Colombia,Barranquilla
240127.jpg,Colombia,Barranquilla
242270.jpg,Colombia,Barranquilla
242538.jpg,Colombia,Barranquilla
242566.jpg,Colombia,Barranquilla
242576.jpg,Colombia,Barranquilla
242582.jpg,Colombia,Barranquilla
242952.jpg,Colombia,Barranquilla
242960.jpg,Colombia,Barranquilla
243307.jpg,Colombia,Barranquilla
243313.jpg,Colombia,Barranquilla
243380.jpg,Colombia,Barranquilla
243408.jpg,Colombia,Barranquilla
245161.jpg,Colombia,Barranquilla
245166.jpg,Colombia,Barranquilla
245464.jpg,Colombia,Barranquilla
245487.jpg,Colombia,Barranquilla
245496.jpg,Colombia,Barranquilla
245638.jpg,Colombia,Barranquilla
246049.jpg,Colombia,Barranquilla
246052.jpg,Colombia,Barranquilla
246059.jpg,Colombia,Barranquilla
246063.jpg,Colombia,Barranquilla
246086.jpg,Colombia,Barranquilla
246107.jpg,Colombia,Barranquilla
246109.jpg,Colombia,Barranquilla
246111.jpg,Colombia,Barranquilla
246142.jpg,Colombia,Barranquilla
246162.jpg,Colombia,Barranquilla
246169.jpg,Colombia,Barranquilla
246318.jpg,Colombia,Barranquilla
246324.jpg,Colombia,Barranquilla
246394.jpg,Colombia,Barranquilla
246427.jpg,Colombia,Barranquilla
246485.jpg,Colombia,Barranquilla
246519.jpg,Colombia,Barranquilla
246535.jpg,Colombia,Barranquilla
246560.jpg,Colombia,Barranquilla
246563.jpg,Colombia,Barranquilla
246595.jpg,Colombia,Barranquilla
246605.jpg,Colombia,Barranquilla
246636.jpg,Colombia,Barranquilla
246669.jpg,Colombia,Barranquilla
246686.jpg,Colombia,Barranquilla
255511.jpg,Colombia,Barranquilla
255534.jpg,Colombia,Barranquilla
255981.jpg,Colombia,Barranquilla
256031.jpg,Colombia,Barranquilla
256088.jpg,Colombia,Barranquilla
256113.jpg,Colombia,Barranquilla
256296.jpg,Colombia,Barranquilla
256336.jpg,Colombia,Barranquilla
256688.jpg,Colombia,Barranquilla
256847.jpg,Colombia,Barranquilla
257240.jpg,Colombia,Barranquilla
257308.jpg,Colombia,Barranquilla
257441.jpg,Colombia,Barranquilla
257554.jpg,Colombia,Barranquilla
257584.jpg,Colombia,Barranquilla
257675.jpg,Colombia,Barranquilla
257714.jpg,Colombia,Barranquilla
257801.jpg,Colombia,Barranquilla
257879.jpg,Colombia,Barranquilla
257928.jpg,Colombia,Barranquilla
257932.jpg,Colombia,Barranquilla
257962.jpg,Colombia,Barranquilla
258037.jpg,Colombia,Barranquilla
258638.jpg,Colombia,Barranquilla
258640.jpg,Colombia,Barranquilla
258654.jpg,Colombia,Barranquilla
258699.jpg,Colombia,Barranquilla
258725.jpg,Colombia,Barranquilla
259003.jpg,Colombia,Barranquilla
259005.jpg,Colombia,Barranquilla
259011.jpg,Colombia,Barranquilla
259059.jpg,Colombia,Barranquilla
259272.jpg,Colombia,Barranquilla
259286.jpg,Colombia,Barranquilla
259390.jpg,Colombia,Barranquilla
259483.jpg,Colombia,Barranquilla
259850.jpg,Colombia,Barranquilla
259874.jpg,Colombia,Barranquilla
259962.jpg,Colombia,Barranquilla
259980.jpg,Colombia,Barranquilla
259996.jpg,Colombia,Barranquilla
260006.jpg,Colombia,Barranquilla
260012.jpg,Colombia,Barranquilla
260214.jpg,Colombia,Barranquilla
260216.jpg,Colombia,Barranquilla
260306.jpg,Colombia,Barranquilla
260313.jpg,Colombia,Barranquilla
260324.jpg,Colombia,Barranquilla
260725.jpg,Colombia,Barranquilla
260764.jpg,Colombia,Barranquilla
261059.jpg,Colombia,Barranquilla
261103.jpg,Colombia,Barranquilla
261124.jpg,Colombia,Barranquilla
261130.jpg,Colombia,Barranquilla
261143.jpg,Colombia,Barranquilla
261147.jpg,Colombia,Barranquilla
261802.jpg,Colombia,Barranquilla
261934.jpg,Colombia,Barranquilla
262060.jpg,Colombia,Barranquilla
262097.jpg,Colombia,Barranquilla
264413.jpg,Colombia,Barranquilla
266321.jpg,Colombia,Barranquilla
269985.jpg,Colombia,Barranquilla
271142.jpg,Colombia,Barranquilla
273488.jpg,Colombia,Barranquilla
273674.jpg,Colombia,Barranquilla
273679.jpg,Colombia,Barranquilla
275146.jpg,Colombia,Barranquilla
275180.jpg,Colombia,Barranquilla
275206.jpg,Colombia,Barranquilla
275403.jpg,Colombia,Barranquilla
275418.jpg,Colombia,Barranquilla
275538.jpg,Colombia,Barranquilla
275713.jpg,Colombia,Barranquilla
275738.jpg,Colombia,Barranquilla
276864.jpg,Colombia,Barranquilla
278318.jpg,Colombia,Barranquilla
278325.jpg,Colombia,Barranquilla
278546.jpg,Colombia,Barranquilla
278558.jpg,Colombia,Barranquilla
278571.jpg,Colombia,Barranquilla
278715.jpg,Colombia,Barranquilla
278717.jpg,Colombia,Barranquilla
278776.jpg,Colombia,Barranquilla
278783.jpg,Colombia,Barranquilla
278942.jpg,Colombia,Barranquilla
278961.jpg,Colombia,Barranquilla
279046.jpg,Colombia,Barranquilla
280280.jpg,Colombia,Barranquilla
280367.jpg,Colombia,Barranquilla
280683.jpg,Colombia,Barranquilla
280822.jpg,Colombia,Barranquilla
280831.jpg,Colombia,Barranquilla
281321.jpg,Colombia,Barranquilla
281327.jpg,Colombia,Barranquilla
281524.jpg,Colombia,Barranquilla
281575.jpg,Colombia,Barranquilla
281598.jpg,Colombia,Barranquilla
281600.jpg,Colombia,Barranquilla
281629.jpg,Colombia,Barranquilla
281651.jpg,Colombia,Barranquilla
281738.jpg,Colombia,Barranquilla
281799.jpg,Colombia,Barranquilla
282489.jpg,Colombia,Barranquilla
282491.jpg,Colombia,Barranquilla
282513.jpg,Colombia,Barranquilla
282543.jpg,Colombia,Barranquilla
282568.jpg,Colombia,Barranquilla
282793.jpg,Colombia,Barranquilla
282816.jpg,Colombia,Barranquilla
282837.jpg,Colombia,Barranquilla
282847.jpg,Colombia,Barranquilla
282861.jpg,Colombia,Barranquilla
282924.jpg,Colombia,Barranquilla
282932.jpg,Colombia,Barranquilla
282941.jpg,Colombia,Barranquilla
282972.jpg,Colombia,Barranquilla
287236.jpg,Colombia,Barranquilla
287237.jpg,Colombia,Barranquilla
287238.jpg,Colombia,Barranquilla
287430.jpg,Colombia,Barranquilla
287498.jpg,Colombia,Barranquilla
287612.jpg,Colombia,Barranquilla
288481.jpg,Colombia,Barranquilla
288561.jpg,Colombia,Barranquilla
288579.jpg,Colombia,Barranquilla
288602.jpg,Colombia,Barranquilla
294834.jpg,Colombia,Barranquilla
296667.jpg,Colombia,Barranquilla
296900.jpg,Colombia,Barranquilla
297156.jpg,Colombia,Barranquilla
297201.jpg,Colombia,Barranquilla
297206.jpg,Colombia,Barranquilla
297284.jpg,Colombia,Barranquilla
297917.jpg,Colombia,Barranquilla
297920.jpg,Colombia,Barranquilla
297921.jpg,Colombia,Barranquilla
297925.jpg,Colombia,Barranquilla
297931.jpg,Colombia,Barranquilla
297958.jpg,Colombia,Barranquilla
297959.jpg,Colombia,Barranquilla
298116.jpg,Colombia,Barranquilla
298813.jpg,Colombia,Barranquilla
299077.jpg,Colombia,Barranquilla
299087.jpg,Colombia,Barranquilla
299141.jpg,Colombia,Barranquilla
299260.jpg,Colombia,Barranquilla
299340.jpg,Colombia,Barranquilla
299386.jpg,Colombia,Barranquilla
299398.jpg,Colombia,Barranquilla
299695.jpg,Colombia,Barranquilla
299706.jpg,Colombia,Barranquilla
299708.jpg,Colombia,Barranquilla
299723.jpg,Colombia,Barranquilla
299726.jpg,Colombia,Barranquilla
326872.jpg,Colombia,Barranquilla
326875.jpg,Colombia,Barranquilla
326876.jpg,Colombia,Barranquilla
326965.jpg,Colombia,Barranquilla
326966.jpg,Colombia,Barranquilla
326969.jpg,Colombia,Barranquilla
326971.jpg,Colombia,Barranquilla
326975.jpg,Colombia,Barranquilla
326981.jpg,Colombia,Barranquilla
326983.jpg,Colombia,Barranquilla
326991.jpg,Colombia,Barranquilla
326998.jpg,Colombia,Barranquilla
327012.jpg,Colombia,Barranquilla
327014.jpg,Colombia,Barranquilla
327018.jpg,Colombia,Barranquilla
327020.jpg,Colombia,Barranquilla
327021.jpg,Colombia,Barranquilla
327024.jpg,Colombia,Barranquilla
327027.jpg,Colombia,Barranquilla
327028.jpg,Colombia,Barranquilla
327033.jpg,Colombia,Barranquilla
327034.jpg,Colombia,Barranquilla
327038.jpg,Colombia,Barranquilla
327042.jpg,Colombia,Barranquilla
327047.jpg,Colombia,Barranquilla
327052.jpg,Colombia,Barranquilla
327169.jpg,Colombia,Barranquilla
327170.jpg,Colombia,Barranquilla
327177.jpg,Colombia,Barranquilla
327178.jpg,Colombia,Barranquilla
327190.jpg,Colombia,Barranquilla
327191.jpg,Colombia,Barranquilla
327192.jpg,Colombia,Barranquilla
327198.jpg,Colombia,Barranquilla
327205.jpg,Colombia,Barranquilla
327206.jpg,Colombia,Barranquilla
327207.jpg,Colombia,Barranquilla
327328.jpg,Colombia,Barranquilla
327330.jpg,Colombia,Barranquilla
327335.jpg,Colombia,Barranquilla
327337.jpg,Colombia,Barranquilla
327339.jpg,Colombia,Barranquilla
327340.jpg,Colombia,Barranquilla
327341.jpg,Colombia,Barranquilla
327342.jpg,Colombia,Barranquilla
327348.jpg,Colombia,Barranquilla
327349.jpg,Colombia,Barranquilla
327452.jpg,Colombia,Barranquilla
327596.jpg,Colombia,Barranquilla
327597.jpg,Colombia,Barranquilla
327604.jpg,Colombia,Barranquilla
327605.jpg,Colombia,Barranquilla
327607.jpg,Colombia,Barranquilla
327612.jpg,Colombia,Barranquilla
327613.jpg,Colombia,Barranquilla
327614.jpg,Colombia,Barranquilla
327615.jpg,Colombia,Barranquilla
327621.jpg,Colombia,Barranquilla
327626.jpg,Colombia,Barranquilla
327627.jpg,Colombia,Barranquilla
327632.jpg,Colombia,Barranquilla
327637.jpg,Colombia,Barranquilla
327641.jpg,Colombia,Barranquilla
327643.jpg,Colombia,Barranquilla
327644.jpg,Colombia,Barranquilla
327645.jpg,Colombia,Barranquilla
327646.jpg,Colombia,Barranquilla
327655.jpg,Colombia,Barranquilla
327656.jpg,Colombia,Barranquilla
327661.jpg,Colombia,Barranquilla
327662.jpg,Colombia,Barranquilla
327669.jpg,Colombia,Barranquilla
327670.jpg,Colombia,Barranquilla
327675.jpg,Colombia,Barranquilla
327676.jpg,Colombia,Barranquilla
327680.jpg,Colombia,Barranquilla
327682.jpg,Colombia,Barranquilla
327691.jpg,Colombia,Barranquilla
327693.jpg,Colombia,Barranquilla
327694.jpg,Colombia,Barranquilla
327720.jpg,Colombia,Barranquilla
327737.jpg,Colombia,Barranquilla
327753.jpg,Colombia,Barranquilla
327757.jpg,Colombia,Barranquilla
327760.jpg,Colombia,Barranquilla
327761.jpg,Colombia,Barranquilla
327769.jpg,Colombia,Barranquilla
327781.jpg,Colombia,Barranquilla
327788.jpg,Colombia,Barranquilla
327791.jpg,Colombia,Barranquilla
327797.jpg,Colombia,Barranquilla
327805.jpg,Colombia,Barranquilla
327807.jpg,Colombia,Barranquilla
327808.jpg,Colombia,Barranquilla
327815.jpg,Colombia,Barranquilla
327822.jpg,Colombia,Barranquilla
327836.jpg,Colombia,Barranquilla
327842.jpg,Colombia,Barranquilla
327843.jpg,Colombia,Barranquilla
327845.jpg,Colombia,Barranquilla
327846.jpg,Colombia,Barranquilla
327853.jpg,Colombia,Barranquilla
327854.jpg,Colombia,Barranquilla
327855.jpg,Colombia,Barranquilla
327859.jpg,Colombia,Barranquilla
327862.jpg,Colombia,Barranquilla
4f978cbc-7c8b-4afb-b313-3952fd2d3e00.jpg,Colombia,Medellin
5bac51ca-58f6-4c5b-9afb-ca299188ad5b.jpg,Colombia,Medellin
Cali_007.jpg,Colombia,Cali
Cali_016.jpg,Colombia,Cali
Cali_017.jpg,Colombia,Cali
Cali_026.jpg,Colombia,Cali
Cali_032.jpg,Colombia,Cali
Cali_033.jpg,Colombia,Cali
Cali_043.jpg,Colombia,Cali
Cali_048.jpg,Colombia,Cali
Cali_056.jpg,Colombia,Cali
Cali_063.jpg,Colombia,Cali
Cali_069.jpg,Colombia,Cali
Cali_078.jpg,Colombia,Cali
Cali_079.jpg,Colombia,Cali
Cali_099.jpg,Colombia,Cali
Cali_100.jpg,Colombia,Cali
IMG_1003.jpg,Colombia,Bogota
IMG_1003_1.jpg,Colombia,Bogota
IMG_1008_1.jpg,Colombia,Bogota
IMG_1014.jpg,Colombia,Bogota
IMG_1018.jpg,Colombia,Bogota
IMG_102.jpg,Colombia,Bogota
IMG_1020_1.jpg,Colombia,Bogota
IMG_1025_1.jpg,Colombia,Bogota
IMG_1026.jpg,Colombia,Bogota
IMG_1032.jpg,Colombia,Bogota
IMG_1038.jpg,Colombia,Bogota
IMG_1042.jpg,Colombia,Bogota
IMG_1043.jpg,Colombia,Bogota
IMG_1047.jpg,Colombia,Bogota
IMG_1054.jpg,Colombia,Bogota
IMG_1055.jpg,Colombia,Bogota
IMG_1059_1.jpg,Colombia,Bogota
IMG_1060.jpg,Colombia,Bogota
IMG_1066.jpg,Colombia,Bogota
IMG_1070.jpg,Colombia,Bogota
IMG_1071.jpg,Colombia,Bogota
IMG_1075_1.jpg,Colombia,Bogota
IMG_107_1.jpg,Colombia,Bogota
IMG_108.jpg,Colombia,Bogota
IMG_1081.jpg,Colombia,Bogota
IMG_1085_1.jpg,Colombia,Bogota
IMG_1086.jpg,Colombia,Bogota
IMG_1090.jpg,Colombia,Bogota
IMG_1094.jpg,Colombia,Bogota
IMG_1094_1.jpg,Colombia,Bogota
IMG_1101.jpg,Colombia,Bogota
IMG_1104.jpg,Colombia,Bogota
IMG_1105.jpg,Colombia,Bogota
IMG_1109_1.jpg,Colombia,Bogota
IMG_111.jpg,Colombia,Bogota
IMG_1111.jpg,Colombia,Bogota
IMG_1116.jpg,Colombia,Bogota
IMG_1125.jpg,Colombia,Bogota
IMG_1126.jpg,Colombia,Bogota
IMG_1131.jpg,Colombia,Bogota
IMG_1134.jpg,Colombia,Bogota
IMG_114.jpg,Colombia,Bogota
IMG_1141.jpg,Colombia,Bogota
IMG_114_1.jpg,Colombia,Bogota
IMG_1159.jpg,Colombia,Bogota
IMG_1160.jpg,Colombia,Bogota
IMG_1166.jpg,Colombia,Bogota
IMG_117.jpg,Colombia,Bogota
IMG_1171_1.jpg,Colombia,Bogota
IMG_1176.jpg,Colombia,Bogota
IMG_1179.jpg,Colombia,Bogota
IMG_1185.jpg,Colombia,Bogota
IMG_1186.jpg,Colombia,Bogota
IMG_1192.jpg,Colombia,Bogota
IMG_1192_1.jpg,Colombia,Bogota
IMG_1197.jpg,Colombia,Bogota
IMG_1198.jpg,Colombia,Bogota
IMG_1202_1.jpg,Colombia,Bogota
IMG_1207.jpg,Colombia,Bogota
IMG_121.jpg,Colombia,Bogota
IMG_1219.jpg,Colombia,Bogota
IMG_1219_1.jpg,Colombia,Bogota
IMG_121_1.jpg,Colombia,Bogota
IMG_1223.jpg,Colombia,Bogota
IMG_1224.jpg,Colombia,Bogota
IMG_1228_1.jpg,Colombia,Bogota
IMG_1231.jpg,Colombia,Bogota
IMG_1235.jpg,Colombia,Bogota
IMG_1243.jpg,Colombia,Bogota
IMG_1249.jpg,Colombia,Bogota
IMG_125.jpg,Colombia,Bogota
IMG_1250.jpg,Colombia,Bogota
IMG_1255.jpg,Colombia,Bogota
IMG_1256.jpg,Colombia,Bogota
IMG_1264.jpg,Colombia,Bogota
IMG_1269.jpg,Colombia,Bogota
IMG_1275.jpg,Colombia,Bogota
IMG_1276.jpg,Colombia,Bogota
IMG_128.jpg,Colombia,Bogota
IMG_1282.jpg,Colombia,Bogota
IMG_1288.jpg,Colombia,Bogota
IMG_128_1.jpg,Colombia,Bogota
IMG_1296.jpg,Colombia,Bogota
IMG_13.jpg,Colombia,Bogota
IMG_1300.jpg,Colombia,Bogota
IMG_1306.jpg,Colombia,Bogota
IMG_1307.jpg,Colombia,Bogota
IMG_131.jpg,Colombia,Bogota
IMG_1313.jpg,Colombia,Bogota
IMG_1314.jpg,Colombia,Bogota
IMG_1319.jpg,Colombia,Bogota
IMG_131_1.jpg,Colombia,Bogota
IMG_1326.jpg,Colombia,Bogota
IMG_1339.jpg,Colombia,Bogota
IMG_134.jpg,Colombia,Bogota
IMG_1349.jpg,Colombia,Bogota
IMG_135.jpg,Colombia,Bogota
IMG_1354.jpg,Colombia,Bogota
IMG_1355.jpg,Colombia,Bogota
IMG_1363.jpg,Colombia,Bogota
IMG_1370.jpg,Colombia,Bogota
IMG_1371.jpg,Colombia,Bogota
IMG_137_1.jpg,Colombia,Bogota
IMG_138.jpg,Colombia,Bogota
IMG_1380.jpg,Colombia,Bogota
IMG_1386.jpg,Colombia,Bogota
IMG_1387.jpg,Colombia,Bogota
IMG_1408.jpg,Colombia,Bogota
IMG_1409.jpg,Colombia,Bogota
IMG_140_1.jpg,Colombia,Bogota
IMG_1414.jpg,Colombia,Bogota
IMG_1420.jpg,Colombia,Bogota
IMG_1422.jpg,Colombia,Bogota
IMG_1428.jpg,Colombia,Bogota
IMG_1429.jpg,Colombia,Bogota
IMG_1435.jpg,Colombia,Bogota
IMG_143_1.jpg,Colombia,Bogota
IMG_144.jpg,Colombia,Bogota
IMG_1448.jpg,Colombia,Bogota
IMG_1449.jpg,Colombia,Bogota
IMG_1456.jpg,Colombia,Bogota
IMG_1463.jpg,Colombia,Bogota
IMG_1464.jpg,Colombia,Bogota
IMG_1470.jpg,Colombia,Bogota
IMG_1471.jpg,Colombia,Bogota
IMG_1477.jpg,Colombia,Bogota
IMG_148.jpg,Colombia,Bogota
IMG_1484.jpg,Colombia,Bogota
IMG_1491.jpg,Colombia,Bogota
IMG_1492.jpg,Colombia,Bogota
IMG_1498.jpg,Colombia,Bogota
IMG_1499.jpg,Colombia,Bogota
IMG_152.jpg,Colombia,Bogota
IMG_156_1.jpg,Colombia,Bogota
IMG_159.jpg,Colombia,Bogota
IMG_159_1.jpg,Colombia,Bogota
IMG_16.jpg,Colombia,Bogota
IMG_163.jpg,Colombia,Bogota
IMG_163_1.jpg,Colombia,Bogota
IMG_169.jpg,Colombia,Bogota
IMG_16_1.jpg,Colombia,Bogota
IMG_172.jpg,Colombia,Bogota
IMG_172_1.jpg,Colombia,Bogota
IMG_175_1.jpg,Colombia,Bogota
IMG_180.jpg,Colombia,Bogota
IMG_184_1.jpg,Colombia,Bogota
IMG_188_1.jpg,Colombia,Bogota
IMG_191.jpg,Colombia,Bogota
IMG_191_1.jpg,Colombia,Bogota
IMG_195.jpg,Colombia,Bogota
IMG_201_1.jpg,Colombia,Bogota
IMG_202.jpg,Colombia,Bogota
IMG_20250426_160631649_HDR.jpg,Colombia,Cali
IMG_20250426_160832974_HDR.jpg,Colombia,Cali
IMG_20250503_143915885_HDR.jpg,Colombia,Cali
IMG_20250503_151136066_HDR.jpg,Colombia,Cali
IMG_20250503_153231644_HDR.jpg,Colombia,Cali
IMG_20250504_115610521_HDR.jpg,Colombia,Cali
IMG_20250527_083800431_HDR.jpg,Colombia,Cali
IMG_20250527_084522772_HDR.jpg,Colombia,Cali
IMG_20250527_085407507_HDR.jpg,Colombia,Cali
IMG_20250527_091555943_HDR.jpg,Colombia,Cali
IMG_20250527_091639641_HDR.jpg,Colombia,Cali
IMG_20250527_092706996_HDR.jpg,Colombia,Cali
IMG_20250527_092715587_HDR.jpg,Colombia,Cali
IMG_20250527_094425084_HDR.jpg,Colombia,Cali
IMG_20250527_094447149_HDR.jpg,Colombia,Cali
IMG_20250527_095308537_HDR.jpg,Colombia,Cali
IMG_20250527_095441956_HDR.jpg,Colombia,Cali
IMG_20250529_110152946_HDR.jpg,Colombia,Cali
IMG_20250529_111230189_HDR.jpg,Colombia,Cali
IMG_20250529_111244197_HDR.jpg,Colombia,Cali
IMG_20250529_112058412_HDR.jpg,Colombia,Cali
IMG_20250529_113134089_HDR.jpg,Colombia,Cali
IMG_20250529_113236210_HDR.jpg,Colombia,Cali
IMG_20250529_114444556_HDR.jpg,Colombia,Cali
IMG_20250529_114528183_HDR.jpg,Colombia,Cali
IMG_20250530_100835392_HDR.jpg,Colombia,Cali
IMG_20250530_100907266_HDR.jpg,Colombia,Cali
IMG_20250530_102551813_HDR.jpg,Colombia,Cali
IMG_20250530_102915006_HDR.jpg,Colombia,Cali
IMG_20250530_103404836_HDR.jpg,Colombia,Cali
IMG_20250530_123548074_HDR.jpg,Colombia,Cali
IMG_20250530_124116085_HDR.jpg,Colombia,Cali
IMG_20250615_073827426_HDR.jpg,Colombia,Cali
IMG_20250616_094056951_HDR.jpg,Colombia,Cali
IMG_20250616_101448523_HDR.jpg,Colombia,Cali
IMG_20250616_101526778_HDR.jpg,Colombia,Cali
IMG_20250616_103100092_HDR.jpg,Colombia,Cali
IMG_20250616_110043559_HDR.jpg,Colombia,Cali
IMG_20250616_110216994_HDR.jpg,Colombia,Cali
IMG_20250617_135815235_HDR.jpg,Colombia,Cali
IMG_20250617_141207630_HDR.jpg,Colombia,Cali
IMG_20250617_150127554_HDR.jpg,Colombia,Cali
IMG_20250617_150200516_HDR.jpg,Colombia,Cali
IMG_20250617_151207777_HDR.jpg,Colombia,Cali
IMG_20250617_151435273_HDR.jpg,Colombia,Cali
IMG_20250618_133308682_HDR.jpg,Colombia,Cali
IMG_20250618_133400422_HDR.jpg,Colombia,Cali
IMG_20250618_134347154_HDR.jpg,Colombia,Cali
IMG_20250618_134401195_HDR.jpg,Colombia,Cali
IMG_20250618_134721564_HDR.jpg,Colombia,Cali
IMG_20250618_134721565_HDR.jpg,Colombia,Cali
IMG_20250618_135036824_HDR.jpg,Colombia,Cali
IMG_20250618_135435594_HDR.jpg,Colombia,Cali
IMG_20250618_140338962_HDR.jpg,Colombia,Cali
IMG_20250618_140712162_HDR.jpg,Colombia,Cali
IMG_20250618_141056621_HDR.jpg,Colombia,Cali
IMG_20250618_145256434_HDR.jpg,Colombia,Cali
IMG_20250618_145347366_HDR.jpg,Colombia,Cali
IMG_20250618_145833367_HDR.jpg,Colombia,Cali
IMG_20250619_114336742_HDR.jpg,Colombia,Cali
IMG_20250619_114423128_HDR.jpg,Colombia,Cali
IMG_20250619_115728964_HDR.jpg,Colombia,Cali
IMG_20250619_115753383_HDR.jpg,Colombia,Cali
IMG_20250619_134820457_HDR.jpg,Colombia,Cali
IMG_20250620_100751692_HDR.jpg,Colombia,Cali
IMG_20250620_101317618_HDR.jpg,Colombia,Cali
IMG_20250620_101932438_HDR.jpg,Colombia,Cali
IMG_20250620_101932439_HDR.jpg,Colombia,Cali
IMG_20250620_102511347_HDR.jpg,Colombia,Cali
IMG_20250620_102526621_HDR.jpg,Colombia,Cali
IMG_20250620_103328740_HDR.jpg,Colombia,Cali
IMG_20250620_103838406_HDR.jpg,Colombia,Cali
IMG_20250620_104549833_HDR.jpg,Colombia,Cali
IMG_20250620_105008383_HDR.jpg,Colombia,Cali
IMG_20250620_105344804.jpg,Colombia,Cali
IMG_20250620_105801620_HDR.jpg,Colombia,Cali
IMG_20250620_105933363_HDR.jpg,Colombia,Cali
IMG_20250620_105933364_HDR.jpg,Colombia,Cali
IMG_20250620_111033799_HDR.jpg,Colombia,Cali
IMG_20250620_111055884_HDR.jpg,Colombia,Cali
IMG_20250620_111859769_HDR.jpg,Colombia,Cali
IMG_20250620_112551109_HDR.jpg,Colombia,Cali
IMG_20250620_114956951_HDR.jpg,Colombia,Cali
IMG_20250620_115842256_HDR.jpg,Colombia,Cali
IMG_20250620_120222901_HDR.jpg,Colombia,Cali
IMG_20250620_120748302_HDR.jpg,Colombia,Cali
IMG_20250620_121055494_HDR.jpg,Colombia,Cali
IMG_20250621_134233106_HDR.jpg,Colombia,Cali
IMG_20250621_135115627_HDR.jpg,Colombia,Cali
IMG_20250621_144011484_HDR.jpg,Colombia,Cali
IMG_20250621_145759091_HDR.jpg,Colombia,Cali
IMG_20250621_145759092_HDR.jpg,Colombia,Cali
IMG_20250621_150418657_HDR.jpg,Colombia,Cali
IMG_20250621_151555342_HDR.jpg,Colombia,Cali
IMG_20250621_152338924_HDR.jpg,Colombia,Cali
IMG_20250622_104414301_HDR.jpg,Colombia,Cali
IMG_20250622_104848230.jpg,Colombia,Cali
IMG_20250622_110153928_HDR.jpg,Colombia,Cali
IMG_20250622_110308441_HDR.jpg,Colombia,Cali
IMG_20250622_110856540_HDR.jpg,Colombia,Cali
IMG_20250622_111104601_HDR.jpg,Colombia,Cali
IMG_20250622_111938148_HDR.jpg,Colombia,Cali
IMG_20250622_112025006_HDR.jpg,Colombia,Cali
IMG_20250622_112617217_HDR.jpg,Colombia,Cali
IMG_20250622_112642052_HDR.jpg,Colombia,Cali
IMG_20250622_112945128_HDR.jpg,Colombia,Cali
IMG_20250622_113416031_HDR.jpg,Colombia,Cali
IMG_20250622_113432515_HDR.jpg,Colombia,Cali
IMG_20250622_113710121_HDR.jpg,Colombia,Cali
IMG_20250624_100200845_HDR.jpg,Colombia,Cali
IMG_20250624_100415449_HDR.jpg,Colombia,Cali
IMG_20250624_101814264_HDR.jpg,Colombia,Cali
IMG_20250624_102845690_HDR.jpg,Colombia,Cali
IMG_20250624_103712353_HDR.jpg,Colombia,Cali
IMG_20250624_105344067_HDR.jpg,Colombia,Cali
IMG_20250624_105609075_HDR.jpg,Colombia,Cali
IMG_20250624_105949608_HDR.jpg,Colombia,Cali
IMG_20250624_110005663_HDR.jpg,Colombia,Cali
IMG_20250624_110951510_HDR.jpg,Colombia,Cali
IMG_20250624_111049880_HDR.jpg,Colombia,Cali
IMG_20250624_111911510_HDR.jpg,Colombia,Cali
IMG_20250624_111931699_HDR.jpg,Colombia,Cali
IMG_20250624_112449224_HDR.jpg,Colombia,Cali
IMG_20250624_112550253_HDR.jpg,Colombia,Cali
IMG_20250624_112933462_HDR.jpg,Colombia,Cali
IMG_20250624_112948716_HDR.jpg,Colombia,Cali
IMG_20250624_114316487_HDR.jpg,Colombia,Cali
IMG_20250624_115133429_HDR.jpg,Colombia,Cali
IMG_20250624_115313950_HDR.jpg,Colombia,Cali
IMG_20250624_115911275_HDR.jpg,Colombia,Cali
IMG_20250624_120008449_HDR.jpg,Colombia,Cali
IMG_20250624_120514602_HDR.jpg,Colombia,Cali
IMG_20250624_121347844_HDR.jpg,Colombia,Cali
IMG_20250624_121710481_HDR.jpg,Colombia,Cali
IMG_20250624_130323103_HDR.jpg,Colombia,Cali
IMG_20250624_130457792_HDR.jpg,Colombia,Cali
IMG_20250624_130511160.jpg,Colombia,Cali
IMG_20250624_130751197_HDR.jpg,Colombia,Cali
IMG_20250624_130808728_HDR.jpg,Colombia,Cali
IMG_20250624_131217782_HDR.jpg,Colombia,Cali
IMG_20250624_131459168_HDR.jpg,Colombia,Cali
IMG_20250624_133246246_HDR.jpg,Colombia,Cali
IMG_20250702_143945210_HDR.jpg,Colombia,Cali
IMG_20250702_144006902_HDR.jpg,Colombia,Cali
IMG_20250702_144340982_HDR.jpg,Colombia,Cali
IMG_20250702_144638569_HDR.jpg,Colombia,Cali
IMG_20250702_144809578_HDR.jpg,Colombia,Cali
IMG_20250702_145001259_HDR.jpg,Colombia,Cali
IMG_20250702_145508758_HDR.jpg,Colombia,Cali
IMG_20250702_150431318_HDR.jpg,Colombia,Cali
IMG_20250702_150939386_HDR.jpg,Colombia,Cali
IMG_20250702_151001768_HDR.jpg,Colombia,Cali
IMG_20250702_151520031_HDR.jpg,Colombia,Cali
IMG_20250702_152442361_HDR.jpg,Colombia,Cali
IMG_20250702_152824002.jpg,Colombia,Cali
IMG_20250702_152829682_HDR.jpg,Colombia,Cali
IMG_20250702_153050269_HDR.jpg,Colombia,Cali
IMG_20250702_153057876_HDR.jpg,Colombia,Cali
IMG_20250702_154242080_HDR.jpg,Colombia,Cali
IMG_20250702_154929042_HDR.jpg,Colombia,Cali
IMG_20250702_154955623.jpg,Colombia,Cali
IMG_20250702_155202836_HDR.jpg,Colombia,Cali
IMG_20250702_155427072_HDR.jpg,Colombia,Cali
IMG_20250702_155530297_HDR.jpg,Colombia,Cali
IMG_20250702_155945862_HDR.jpg,Colombia,Cali
IMG_20250702_155948024_HDR.jpg,Colombia,Cali
IMG_20250702_160209134.jpg,Colombia,Cali
IMG_20250702_160212537_HDR.jpg,Colombia,Cali
IMG_20250702_160326433_HDR.jpg,Colombia,Cali
IMG_20250702_160347038_HDR.jpg,Colombia,Cali
IMG_20250702_160505265.jpg,Colombia,Cali
IMG_20250702_160603229.jpg,Colombia,Cali
IMG_20250702_161016442_HDR.jpg,Colombia,Cali
IMG_20250702_161054357_HDR.jpg,Colombia,Cali
IMG_20250702_161446088_HDR.jpg,Colombia,Cali
IMG_20250702_162541831_HDR.jpg,Colombia,Cali
IMG_20250702_163737318_HDR.jpg,Colombia,Cali
IMG_20250702_163840501_HDR.jpg,Colombia,Cali
IMG_20250702_163908016_HDR.jpg,Colombia,Cali
IMG_20250702_164155216_HDR.jpg,Colombia,Cali
IMG_20250702_164651922_HDR.jpg,Colombia,Cali
IMG_20250704_112648624_HDR.jpg,Colombia,Cali
IMG_20250704_112805179_HDR.jpg,Colombia,Cali
IMG_20250704_112943049_HDR.jpg,Colombia,Cali
IMG_20250704_112951593_HDR.jpg,Colombia,Cali
IMG_20250704_113251991_HDR.jpg,Colombia,Cali
IMG_20250704_113530696_HDR.jpg,Colombia,Cali
IMG_20250704_113637707_HDR.jpg,Colombia,Cali
IMG_20250704_113642619_HDR.jpg,Colombia,Cali
IMG_20250704_113739883_HDR.jpg,Colombia,Cali
IMG_20250704_113855596_HDR.jpg,Colombia,Cali
IMG_20250704_114013128_HDR.jpg,Colombia,Cali
IMG_20250704_114023997_HDR.jpg,Colombia,Cali
IMG_20250704_114314250_HDR.jpg,Colombia,Cali
IMG_20250704_114329100_HDR.jpg,Colombia,Cali
IMG_20250704_114857161_HDR.jpg,Colombia,Cali
IMG_20250704_114948854_HDR.jpg,Colombia,Cali
IMG_20250704_115229606_HDR.jpg,Colombia,Cali
IMG_20250704_115236366_HDR.jpg,Colombia,Cali
IMG_20250704_115611244_HDR.jpg,Colombia,Cali
IMG_20250704_115951529_HDR.jpg,Colombia,Cali
IMG_20250704_120153239_HDR.jpg,Colombia,Cali
IMG_20250704_120458702_HDR.jpg,Colombia,Cali
IMG_20250704_120521758_HDR.jpg,Colombia,Cali
IMG_207_1.jpg,Colombia,Bogota
IMG_21.jpg,Colombia,Bogota
IMG_214.jpg,Colombia,Bogota
IMG_221.jpg,Colombia,Bogota
IMG_224.jpg,Colombia,Bogota
IMG_225.jpg,Colombia,Bogota
IMG_23.jpg,Colombia,Bogota
IMG_231.jpg,Colombia,Bogota
IMG_231_1.jpg,Colombia,Bogota
IMG_234_1.jpg,Colombia,Bogota
IMG_238.jpg,Colombia,Bogota
IMG_238_1.jpg,Colombia,Bogota
IMG_23_1.jpg,Colombia,Bogota
IMG_241.jpg,Colombia,Bogota
IMG_245.jpg,Colombia,Bogota
IMG_245_1.jpg,Colombia,Bogota
IMG_248.jpg,Colombia,Bogota
IMG_256.jpg,Colombia,Bogota
IMG_256_1.jpg,Colombia,Bogota
IMG_261.jpg,Colombia,Bogota
IMG_264.jpg,Colombia,Bogota
IMG_265.jpg,Colombia,Bogota
IMG_268.jpg,Colombia,Bogota
IMG_271_1.jpg,Colombia,Bogota
IMG_274.jpg,Colombia,Bogota
IMG_278_1.jpg,Colombia,Bogota
IMG_283_1.jpg,Colombia,Bogota
IMG_29.jpg,Colombia,Bogota
IMG_290.jpg,Colombia,Bogota
IMG_291.jpg,Colombia,Bogota
IMG_295_1.jpg,Colombia,Bogota
IMG_297.jpg,Colombia,Bogota
IMG_300.jpg,Colombia,Bogota
IMG_300_1.jpg,Colombia,Bogota
IMG_306_1.jpg,Colombia,Bogota
IMG_311.jpg,Colombia,Bogota
IMG_313_1.jpg,Colombia,Bogota
IMG_319_1.jpg,Colombia,Bogota
IMG_324.jpg,Colombia,Bogota
IMG_324_1.jpg,Colombia,Bogota
IMG_328.jpg,Colombia,Bogota
IMG_328_1.jpg,Colombia,Bogota
IMG_331.jpg,Colombia,Bogota
IMG_331_1.jpg,Colombia,Bogota
IMG_334.jpg,Colombia,Bogota
IMG_337_1.jpg,Colombia,Bogota
IMG_341.jpg,Colombia,Bogota
IMG_344.jpg,Colombia,Bogota
IMG_344_1.jpg,Colombia,Bogota
IMG_347.jpg,Colombia,Bogota
IMG_347_1.jpg,Colombia,Bogota
IMG_352.jpg,Colombia,Bogota
IMG_352_1.jpg,Colombia,Bogota
IMG_355_1.jpg,Colombia,Bogota
IMG_357.jpg,Colombia,Bogota
IMG_360.jpg,Colombia,Bogota
IMG_361.jpg,Colombia,Bogota
IMG_364_1.jpg,Colombia,Bogota
IMG_367_1.jpg,Colombia,Bogota
IMG_368.jpg,Colombia,Bogota
IMG_372.jpg,Colombia,Bogota
IMG_373.jpg,Colombia,Bogota
IMG_379.jpg,Colombia,Bogota
IMG_37_1.jpg,Colombia,Bogota
IMG_380.jpg,Colombia,Bogota
IMG_385.jpg,Colombia,Bogota
IMG_386.jpg,Colombia,Bogota
IMG_392.jpg,Colombia,Bogota
IMG_399.jpg,Colombia,Bogota
IMG_404.jpg,Colombia,Bogota
IMG_405.jpg,Colombia,Bogota
IMG_411.jpg,Colombia,Bogota
IMG_412.jpg,Colombia,Bogota
IMG_420.jpg,Colombia,Bogota
IMG_426.jpg,Colombia,Bogota
IMG_427.jpg,Colombia,Bogota
IMG_436.jpg,Colombia,Bogota
IMG_438.jpg,Colombia,Bogota
IMG_444.jpg,Colombia,Bogota
IMG_451.jpg,Colombia,Bogota
IMG_456.jpg,Colombia,Bogota
IMG_45_1.jpg,Colombia,Bogota
IMG_463.jpg,Colombia,Bogota
IMG_464.jpg,Colombia,Bogota
IMG_470.jpg,Colombia,Bogota
IMG_471.jpg,Colombia,Bogota
IMG_477.jpg,Colombia,Bogota
IMG_47_1.jpg,Colombia,Bogota
IMG_489.jpg,Colombia,Bogota
IMG_490.jpg,Colombia,Bogota
IMG_495.jpg,Colombia,Bogota
IMG_496.jpg,Colombia,Bogota
IMG_4_1.jpg,Colombia,Bogota
IMG_50.jpg,Colombia,Bogota
IMG_501.jpg,Colombia,Bogota
IMG_505.jpg,Colombia,Bogota
IMG_508.jpg,Colombia,Bogota
IMG_508_1.jpg,Colombia,Bogota
IMG_511.jpg,Colombia,Bogota
IMG_511_1.jpg,Colombia,Bogota
IMG_514_1.jpg,Colombia,Bogota
IMG_517.jpg,Colombia,Bogota
IMG_517_1.jpg,Colombia,Bogota
IMG_524.jpg,Colombia,Bogota
IMG_536.jpg,Colombia,Bogota
IMG_539_1.jpg,Colombia,Bogota
IMG_540.jpg,Colombia,Bogota
IMG_544.jpg,Colombia,Bogota
IMG_546.jpg,Colombia,Bogota
IMG_550_1.jpg,Colombia,Bogota
IMG_553.jpg,Colombia,Bogota
IMG_559_1.jpg,Colombia,Bogota
IMG_564_1.jpg,Colombia,Bogota
IMG_565.jpg,Colombia,Bogota
IMG_57.jpg,Colombia,Bogota
IMG_571.jpg,Colombia,Bogota
IMG_572.jpg,Colombia,Bogota
IMG_579.jpg,Colombia,Bogota
IMG_580.jpg,Colombia,Bogota
IMG_589.jpg,Colombia,Bogota
IMG_589_1.jpg,Colombia,Bogota
IMG_594_1.jpg,Colombia,Bogota
IMG_60.jpg,Colombia,Bogota
IMG_603_1.jpg,Colombia,Bogota
IMG_608_1.jpg,Colombia,Bogota
IMG_613.jpg,Colombia,Bogota
IMG_616.jpg,Colombia,Bogota
IMG_617.jpg,Colombia,Bogota
IMG_621_1.jpg,Colombia,Bogota
IMG_626.jpg,Colombia,Bogota
IMG_627.jpg,Colombia,Bogota
IMG_630.jpg,Colombia,Bogota
IMG_637_1.jpg,Colombia,Bogota
IMG_643.jpg,Colombia,Bogota
IMG_648.jpg,Colombia,Bogota
IMG_655.jpg,Colombia,Bogota
IMG_656.jpg,Colombia,Bogota
IMG_65_1.jpg,Colombia,Bogota
IMG_660.jpg,Colombia,Bogota
IMG_666.jpg,Colombia,Bogota
IMG_667.jpg,Colombia,Bogota
IMG_670.jpg,Colombia,Bogota
IMG_677.jpg,Colombia,Bogota
IMG_677_1.jpg,Colombia,Bogota
IMG_683.jpg,Colombia,Bogota
IMG_685.jpg,Colombia,Bogota
IMG_690.jpg,Colombia,Bogota
IMG_690_1.jpg,Colombia,Bogota
IMG_696.jpg,Colombia,Bogota
IMG_696_1.jpg,Colombia,Bogota
IMG_7.jpg,Colombia,Bogota
IMG_701_1.jpg,Colombia,Bogota
IMG_706.jpg,Colombia,Bogota
IMG_71.jpg,Colombia,Bogota
IMG_710_1.jpg,Colombia,Bogota
IMG_715_1.jpg,Colombia,Bogota
IMG_719.jpg,Colombia,Bogota
IMG_720.jpg,Colombia,Bogota
IMG_726.jpg,Colombia,Bogota
IMG_728.jpg,Colombia,Bogota
IMG_73.jpg,Colombia,Bogota
IMG_735_1.jpg,Colombia,Bogota
IMG_748.jpg,Colombia,Bogota
IMG_752.jpg,Colombia,Bogota
IMG_752_1.jpg,Colombia,Bogota
IMG_759_1.jpg,Colombia,Bogota
IMG_770.jpg,Colombia,Bogota
IMG_772.jpg,Colombia,Bogota
IMG_778.jpg,Colombia,Bogota
IMG_78.jpg,Colombia,Bogota
IMG_785_1.jpg,Colombia,Bogota
IMG_786.jpg,Colombia,Bogota
IMG_800.jpg,Colombia,Bogota
IMG_800_1.jpg,Colombia,Bogota
IMG_803_1.jpg,Colombia,Bogota
IMG_804.jpg,Colombia,Bogota
IMG_807_1.jpg,Colombia,Bogota
IMG_81.jpg,Colombia,Bogota
IMG_813.jpg,Colombia,Bogota
IMG_817.jpg,Colombia,Bogota
IMG_818.jpg,Colombia,Bogota
IMG_824.jpg,Colombia,Bogota
IMG_827_1.jpg,Colombia,Bogota
IMG_832.jpg,Colombia,Bogota
IMG_833.jpg,Colombia,Bogota
IMG_837_1.jpg,Colombia,Bogota
IMG_839.jpg,Colombia,Bogota
IMG_844.jpg,Colombia,Bogota
IMG_846.jpg,Colombia,Bogota
IMG_849.jpg,Colombia,Bogota
IMG_850.jpg,Colombia,Bogota
IMG_855.jpg,Colombia,Bogota
IMG_85_1.jpg,Colombia,Bogota
IMG_861.jpg,Colombia,Bogota
IMG_867_1.jpg,Colombia,Bogota
IMG_872.jpg,Colombia,Bogota
IMG_879_1.jpg,Colombia,Bogota
IMG_883.jpg,Colombia,Bogota
IMG_885_1.jpg,Colombia,Bogota
IMG_88_1.jpg,Colombia,Bogota
IMG_89.jpg,Colombia,Bogota
IMG_897.jpg,Colombia,Bogota
IMG_898.jpg,Colombia,Bogota
IMG_903_1.jpg,Colombia,Bogota
IMG_907_1.jpg,Colombia,Bogota
IMG_913.jpg,Colombia,Bogota
IMG_917.jpg,Colombia,Bogota
IMG_92.jpg,Colombia,Bogota
IMG_921_1.jpg,Colombia,Bogota
IMG_922.jpg,Colombia,Bogota
IMG_925.jpg,Colombia,Bogota
IMG_926.jpg,Colombia,Bogota
IMG_930.jpg,Colombia,Bogota
IMG_930_1.jpg,Colombia,Bogota
IMG_935_1.jpg,Colombia,Bogota
IMG_937.jpg,Colombia,Bogota
IMG_941_1.jpg,Colombia,Bogota
IMG_945.jpg,Colombia,Bogota
IMG_949_1.jpg,Colombia,Bogota
IMG_953.jpg,Colombia,Bogota
IMG_957_1.jpg,Colombia,Bogota
IMG_959.jpg,Colombia,Bogota
IMG_96.jpg,Colombia,Bogota
IMG_966_1.jpg,Colombia,Bogota
IMG_96_1.jpg,Colombia,Bogota
IMG_970.jpg,Colombia,Bogota
IMG_970_1.jpg,Colombia,Bogota
IMG_976_1.jpg,Colombia,Bogota
IMG_984.jpg,Colombia,Bogota
IMG_987_1.jpg,Colombia,Bogota
IMG_988.jpg,Colombia,Bogota
IMG_994_1.jpg,Colombia,Bogota
IMG_997.jpg,Colombia,Bogota
Original_TimePhoto_20250503_142834.jpg,Colombia,Cali
Original_TimePhoto_20250503_144802.jpg,Colombia,Cali
Original_TimePhoto_20250504_113111.jpg,Colombia,Cali
Original_TimePhoto_20250504_113125.jpg,Colombia,Cali
Original_TimePhoto_20250527_095652.jpg,Colombia,Cali
Original_TimePhoto_20250530_102202.jpg,Colombia,Cali
TimePhoto_20250503_142706.jpg,Colombia,Cali
TimePhoto_20250504_112036.jpg,Colombia,Cali
TimePhoto_20250504_112207.jpg,Colombia,Cali
TimePhoto_20250504_115345.jpg,Colombia,Cali
002b0617-6994-4d3f-b46b-f98339cdd4ca.jpg,Colombia,Medellin
002b20e2-9522-427e-9e31-fadc6885c5b5.jpg,Colombia,Medellin
00bbbd47-44ad-4bae-8fee-240db3418ab8.jpg,Colombia,Medellin
00d2850a-4408-4a56-acd5-889f2024fbb1.jpg,Colombia,Medellin
00d8a528-ee2f-404b-ac2f-4ff24e7636e4.jpg,Colombia,Medellin
00d9cab7-ec3c-4125-9640-7910fcc0dfef.jpg,Colombia,Medellin
00e84d3c-0cb5-42a4-9317-754e6646ffb1.jpg,Colombia,Medellin
05dc839d-7e22-4f1b-a850-f71b715de213.jpg,Colombia,Medellin
05fd6e64-8138-4777-be14-9bea1cc25555.jpg,Colombia,Medellin
0a52847e-75c1-4036-b8e2-4d860816567e.jpg,Colombia,Medellin
0a58aa1e-55b4-4e9c-a217-60d2526962ac.jpg,Colombia,Medellin
0aa16c08-d581-47d5-8a72-a071460f0268.jpg,Colombia,Medellin
0aa99a52-555a-43d5-890d-98bb1cbae326.jpg,Colombia,Medellin
0af7300b-cdda-4b0d-a66e-47f00b313f34.jpg,Colombia,Medellin
0b100a6c-6ce0-4f33-85cf-55f4f969fa98.jpg,Colombia,Medellin
0b488247-73e2-47af-9f2a-cca92dc15f8b.jpg,Colombia,Medellin
0b49bfbe-6a0d-4679-b61c-59185043b579.jpg,Colombia,Medellin
0b5c38e5-3711-49b6-8a00-1432ca0c3f14.jpg,Colombia,Medellin
0be46613-fbff-46da-bc50-c4670505498f.jpg,Colombia,Medellin
0bf51df4-7437-4204-a2d6-08400dfde06d.jpg,Colombia,Medellin
0c1363ab-e2b5-4515-b2aa-f81653fc7912.jpg,Colombia,Medellin
0c54dcbe-366b-4b41-8f69-3c3738fbe556.jpg,Colombia,Medellin
0c69230b-f0af-4f29-8e5b-8a42a0f38d3c.jpg,Colombia,Medellin
0dd23bf3-30e8-4095-be1e-ff2df96ca463.jpg,Colombia,Medellin
0e086a61-5df2-47bf-a167-1924f7cc1577.jpg,Colombia,Medellin
0e188393-397b-4af4-8a31-ab7db4333d47.jpg,Colombia,Medellin
0e1d24d8-f69d-4033-8e0a-4fd81db9caaf.jpg,Colombia,Medellin
0f495c1e-0abb-4ca8-abd7-6c8007615567.jpg,Colombia,Medellin
1a184611-a7ae-49b8-ba5a-c1c6666317e8.jpg,Colombia,Medellin
1d2a077b-7bf5-4b94-b207-6157a6dd7d51.jpg,Colombia,Medellin
327355.jpg,Colombia,Barranquilla
327356.jpg,Colombia,Barranquilla
327357.jpg,Colombia,Barranquilla
327358.jpg,Colombia,Barranquilla
327361.jpg,Colombia,Barranquilla
327366.jpg,Colombia,Barranquilla
327368.jpg,Colombia,Barranquilla
327370.jpg,Colombia,Barranquilla
327374.jpg,Colombia,Barranquilla
327378.jpg,Colombia,Barranquilla
327380.jpg,Colombia,Barranquilla
327384.jpg,Colombia,Barranquilla
327388.jpg,Colombia,Barranquilla
327391.jpg,Colombia,Barranquilla
327392.jpg,Colombia,Barranquilla
327405.jpg,Colombia,Barranquilla
327407.jpg,Colombia,Barranquilla
327408.jpg,Colombia,Barranquilla
327410.jpg,Colombia,Barranquilla
327412.jpg,Colombia,Barranquilla
327414.jpg,Colombia,Barranquilla
327415.jpg,Colombia,Barranquilla
327417.jpg,Colombia,Barranquilla
327418.jpg,Colombia,Barranquilla
327419.jpg,Colombia,Barranquilla
327420.jpg,Colombia,Barranquilla
327438.jpg,Colombia,Barranquilla
327441.jpg,Colombia,Barranquilla
327445.jpg,Colombia,Barranquilla
327446.jpg,Colombia,Barranquilla
327447.jpg,Colombia,Barranquilla
327448.jpg,Colombia,Barranquilla
327449.jpg,Colombia,Barranquilla
327450.jpg,Colombia,Barranquilla
327451.jpg,Colombia,Barranquilla
327631.jpg,Colombia,Barranquilla
327633.jpg,Colombia,Barranquilla
327701.jpg,Colombia,Barranquilla
327702.jpg,Colombia,Barranquilla
327703.jpg,Colombia,Barranquilla
327704.jpg,Colombia,Barranquilla
327705.jpg,Colombia,Barranquilla
327707.jpg,Colombia,Barranquilla
327710.jpg,Colombia,Barranquilla
327716.jpg,Colombia,Barranquilla
327717.jpg,Colombia,Barranquilla
327718.jpg,Colombia,Barranquilla
327723.jpg,Colombia,Barranquilla
327724.jpg,Colombia,Barranquilla
327726.jpg,Colombia,Barranquilla
327728.jpg,Colombia,Barranquilla
327729.jpg,Colombia,Barranquilla
327730.jpg,Colombia,Barranquilla
327731.jpg,Colombia,Barranquilla
327732.jpg,Colombia,Barranquilla
327740.jpg,Colombia,Barranquilla
327741.jpg,Colombia,Barranquilla
327742.jpg,Colombia,Barranquilla
327743.jpg,Colombia,Barranquilla
327745.jpg,Colombia,Barranquilla
327746.jpg,Colombia,Barranquilla
327747.jpg,Colombia,Barranquilla
327749.jpg,Colombia,Barranquilla
327801.jpg,Colombia,Barranquilla
327828.jpg,Colombia,Barranquilla
327829.jpg,Colombia,Barranquilla
327830.jpg,Colombia,Barranquilla
327831.jpg,Colombia,Barranquilla
327834.jpg,Colombia,Barranquilla
327835.jpg,Colombia,Barranquilla
4d74d116-ebcc-4f15-a2f5-3408db6e0d1e.jpg,Colombia,Medellin
4e085b99-4087-45d1-bf1f-58da5a94fd53.jpg,Colombia,Medellin
4f2d4c2c-cf73-4e0c-bd39-08f88199dd1c.jpg,Colombia,Medellin
4f6668f4-67c9-49c3-bded-6e436f3e2301.jpg,Colombia,Medellin
4fbaecef-5a8a-48b7-8c40-e788b70a17ed.jpg,Colombia,Medellin
5a273f3f-0081-42e0-b94b-74471c8c58c8.jpg,Colombia,Medellin
5aac9f00-4e0e-419b-b9c8-f2a7cef05cd7.jpg,Colombia,Medellin
5ab03635-fe3a-480d-a22e-a136ab08d759.jpg,Colombia,Medellin
5ad0ad5e-88c8-4e91-8753-4fe70c964e4b.jpg,Colombia,Medellin
5b5bcedc-1829-4817-aa9f-58f26e8ec9cd.jpg,Colombia,Medellin
5b81a6b9-fbf4-480f-9b28-bfb9a0a6a113.jpg,Colombia,Medellin
5baad44f-d103-4ab7-afb7-025c8d707a9d.jpg,Colombia,Medellin
5bd98eb7-f398-43b7-b290-02eb5837294b.jpg,Colombia,Medellin
5bde1e25-2160-4f7a-a8d4-d4f1c7075d6a.jpg,Colombia,Medellin
Cali_009.jpg,Colombia,Cali
Cali_013.jpg,Colombia,Cali
Cali_014.jpg,Colombia,Cali
Cali_045.jpg,Colombia,Cali
Cali_046.jpg,Colombia,Cali
Cali_066.jpg,Colombia,Cali
IMG_1000.jpg,Colombia,Bogota
IMG_1000_1.jpg,Colombia,Bogota
IMG_1001.jpg,Colombia,Bogota
IMG_1012.jpg,Colombia,Bogota
IMG_1012_1.jpg,Colombia,Bogota
IMG_103.jpg,Colombia,Bogota
IMG_1034.jpg,Colombia,Bogota
IMG_1034_1.jpg,Colombia,Bogota
IMG_1053.jpg,Colombia,Bogota
IMG_1078.jpg,Colombia,Bogota
IMG_1110.jpg,Colombia,Bogota
IMG_1119.jpg,Colombia,Bogota
IMG_1137.jpg,Colombia,Bogota
IMG_1187.jpg,Colombia,Bogota
IMG_1210.jpg,Colombia,Bogota
IMG_1239.jpg,Colombia,Bogota
IMG_1247.jpg,Colombia,Bogota
IMG_1261.jpg,Colombia,Bogota
IMG_1280.jpg,Colombia,Bogota
IMG_1360.jpg,Colombia,Bogota
IMG_1361.jpg,Colombia,Bogota
IMG_1362.jpg,Colombia,Bogota
IMG_1368.jpg,Colombia,Bogota
IMG_1375.jpg,Colombia,Bogota
IMG_1379.jpg,Colombia,Bogota
IMG_1404.jpg,Colombia,Bogota
IMG_1446.jpg,Colombia,Bogota
IMG_1462.jpg,Colombia,Bogota
IMG_1473.jpg,Colombia,Bogota
IMG_1496.jpg,Colombia,Bogota
IMG_160.jpg,Colombia,Bogota
IMG_17.jpg,Colombia,Bogota
IMG_19.jpg,Colombia,Bogota
IMG_19_1.jpg,Colombia,Bogota
IMG_1_1.jpg,Colombia,Bogota
IMG_20250426_155142552_HDR.jpg,Colombia,Cali
IMG_20250504_115222816_HDR.jpg,Colombia,Cali
IMG_20250504_115310339_HDR.jpg,Colombia,Cali
IMG_20250504_120803012_HDR.jpg,Colombia,Cali
IMG_20250527_084204116_HDR.jpg,Colombia,Cali
IMG_20250527_084757642_HDR.jpg,Colombia,Cali
IMG_20250527_085115907_HDR.jpg,Colombia,Cali
IMG_20250527_085137941_HDR.jpg,Colombia,Cali
IMG_20250527_085947162_HDR.jpg,Colombia,Cali
IMG_20250527_090010069_HDR.jpg,Colombia,Cali
IMG_20250527_091834766_HDR.jpg,Colombia,Cali
IMG_20250527_092227026_HDR.jpg,Colombia,Cali
IMG_20250527_092641169_HDR.jpg,Colombia,Cali
IMG_20250529_110947895_HDR.jpg,Colombia,Cali
IMG_20250529_111706617_HDR.jpg,Colombia,Cali
IMG_20250529_111736989_HDR.jpg,Colombia,Cali
IMG_20250529_113541572_HDR.jpg,Colombia,Cali
IMG_20250529_113643970_HDR.jpg,Colombia,Cali
IMG_20250530_102526368.jpg,Colombia,Cali
IMG_20250615_073748116_HDR.jpg,Colombia,Cali
IMG_20250616_101911385.jpg,Colombia,Cali
IMG_20250616_102323958_HDR.jpg,Colombia,Cali
IMG_20250616_102426398_HDR.jpg,Colombia,Cali
IMG_20250616_102722303_HDR.jpg,Colombia,Cali
IMG_20250616_102747327.jpg,Colombia,Cali
IMG_20250616_102827689_HDR.jpg,Colombia,Cali
IMG_20250616_103308726_HDR.jpg,Colombia,Cali
IMG_20250616_103321733_HDR.jpg,Colombia,Cali
IMG_20250616_103334708_HDR.jpg,Colombia,Cali
IMG_20250616_103352875.jpg,Colombia,Cali
IMG_20250617_132102274_HDR.jpg,Colombia,Cali
IMG_20250617_132321800_HDR.jpg,Colombia,Cali
IMG_20250617_132550399_HDR.jpg,Colombia,Cali
IMG_20250617_133606668_HDR.jpg,Colombia,Cali
IMG_20250617_133606669_HDR.jpg,Colombia,Cali
IMG_20250617_140021975_HDR.jpg,Colombia,Cali
IMG_20250617_140046721_HDR.jpg,Colombia,Cali
IMG_20250617_141003970_HDR.jpg,Colombia,Cali
IMG_20250617_141043598_HDR.jpg,Colombia,Cali
IMG_20250617_141330016_HDR.jpg,Colombia,Cali
IMG_20250617_141916261_HDR.jpg,Colombia,Cali
IMG_20250617_141934774_HDR.jpg,Colombia,Cali
IMG_20250617_142303663_HDR.jpg,Colombia,Cali
IMG_20250617_142741374_HDR.jpg,Colombia,Cali
IMG_20250617_145959465_HDR.jpg,Colombia,Cali
IMG_20250617_150518162.jpg,Colombia,Cali
IMG_20250617_150553774_HDR.jpg,Colombia,Cali
IMG_20250617_150617187_HDR.jpg,Colombia,Cali
IMG_20250617_150641450_HDR.jpg,Colombia,Cali
IMG_20250617_150657122_HDR.jpg,Colombia,Cali
IMG_20250617_150718285_HDR.jpg,Colombia,Cali
IMG_20250617_151413435_HDR.jpg,Colombia,Cali
IMG_20250617_151529218_HDR.jpg,Colombia,Cali
IMG_20250617_151631906_HDR.jpg,Colombia,Cali
IMG_20250618_140251437.jpg,Colombia,Cali
IMG_20250618_140251438.jpg,Colombia,Cali
IMG_20250618_142740787_HDR.jpg,Colombia,Cali
IMG_20250618_142904965_HDR.jpg,Colombia,Cali
IMG_20250618_144708904_HDR.jpg,Colombia,Cali
IMG_20250618_145139909.jpg,Colombia,Cali
IMG_20250618_145156920_HDR.jpg,Colombia,Cali
IMG_20250618_145218745_HDR.jpg,Colombia,Cali
IMG_20250620_100913092_HDR.jpg,Colombia,Cali
IMG_20250620_102201906_HDR.jpg,Colombia,Cali
IMG_20250620_103447491_HDR.jpg,Colombia,Cali
IMG_20250620_103612079_HDR.jpg,Colombia,Cali
IMG_20250620_111638030_HDR.jpg,Colombia,Cali
IMG_20250620_111707698_HDR.jpg,Colombia,Cali
IMG_20250621_135136172_HDR.jpg,Colombia,Cali
IMG_20250621_135150099_HDR.jpg,Colombia,Cali
IMG_20250621_143934385.jpg,Colombia,Cali
IMG_20250621_144314266_HDR.jpg,Colombia,Cali
IMG_20250621_150556731.jpg,Colombia,Cali
IMG_20250622_110624631_HDR.jpg,Colombia,Cali
IMG_20250622_110906808_HDR.jpg,Colombia,Cali
IMG_20250622_110917249_HDR.jpg,Colombia,Cali
IMG_20250624_112816064_HDR.jpg,Colombia,Cali
IMG_20250624_112835005_HDR.jpg,Colombia,Cali
IMG_20250624_113124119_HDR.jpg,Colombia,Cali
IMG_20250624_113948158_HDR.jpg,Colombia,Cali
IMG_20250624_115704927_BURST000_COVER_TOP.jpg,Colombia,Cali
IMG_20250624_121655440_HDR.jpg,Colombia,Cali
IMG_20250624_121707281_HDR.jpg,Colombia,Cali
IMG_20250702_143618542_HDR.jpg,Colombia,Cali
IMG_20250702_143652764_HDR.jpg,Colombia,Cali
IMG_20250702_143901341_HDR.jpg,Colombia,Cali
IMG_20250702_144330860_HDR.jpg,Colombia,Cali
IMG_20250702_150201171_HDR.jpg,Colombia,Cali
IMG_20250702_151523180_HDR.jpg,Colombia,Cali
IMG_20250702_151801792_HDR.jpg,Colombia,Cali
IMG_20250702_151844955_HDR.jpg,Colombia,Cali
IMG_20250702_151921465_HDR.jpg,Colombia,Cali
IMG_20250702_151927052.jpg,Colombia,Cali
IMG_20250702_152100554_HDR.jpg,Colombia,Cali
IMG_20250702_152141579_HDR.jpg,Colombia,Cali
IMG_20250702_152736784_HDR.jpg,Colombia,Cali
IMG_20250702_153830726_HDR.jpg,Colombia,Cali
IMG_20250702_154613610_HDR.jpg,Colombia,Cali
IMG_20250702_154938410_HDR.jpg,Colombia,Cali
IMG_20250702_155219833_HDR.jpg,Colombia,Cali
IMG_20250702_155305740_HDR.jpg,Colombia,Cali
IMG_20250702_155754823_HDR.jpg,Colombia,Cali
IMG_20250702_160323396_HDR.jpg,Colombia,Cali
IMG_20250702_160714192_HDR.jpg,Colombia,Cali
IMG_20250702_160759883_HDR.jpg,Colombia,Cali
IMG_20250702_160937675_HDR.jpg,Colombia,Cali
IMG_20250702_161335901_HDR.jpg,Colombia,Cali
IMG_20250702_161344311_HDR.jpg,Colombia,Cali
IMG_20250702_162921387_HDR.jpg,Colombia,Cali
IMG_20250704_114959910.jpg,Colombia,Cali
IMG_20250704_115752490_HDR.jpg,Colombia,Cali
IMG_226.jpg,Colombia,Bogota
IMG_24.jpg,Colombia,Bogota
IMG_266.jpg,Colombia,Bogota
IMG_266_1.jpg,Colombia,Bogota
IMG_285_1.jpg,Colombia,Bogota
IMG_289.jpg,Colombia,Bogota
IMG_293_1.jpg,Colombia,Bogota
IMG_294_1.jpg,Colombia,Bogota
IMG_296.jpg,Colombia,Bogota
IMG_307.jpg,Colombia,Bogota
IMG_318_1.jpg,Colombia,Bogota
IMG_396.jpg,Colombia,Bogota
IMG_410.jpg,Colombia,Bogota
IMG_414.jpg,Colombia,Bogota
IMG_418.jpg,Colombia,Bogota
IMG_425.jpg,Colombia,Bogota
IMG_431.jpg,Colombia,Bogota
IMG_434.jpg,Colombia,Bogota
IMG_468.jpg,Colombia,Bogota
IMG_503.jpg,Colombia,Bogota
IMG_503_1.jpg,Colombia,Bogota
IMG_519.jpg,Colombia,Bogota
IMG_523.jpg,Colombia,Bogota
IMG_531.jpg,Colombia,Bogota
IMG_531_1.jpg,Colombia,Bogota
IMG_533.jpg,Colombia,Bogota
IMG_535.jpg,Colombia,Bogota
IMG_542_1.jpg,Colombia,Bogota
IMG_548.jpg,Colombia,Bogota
IMG_551.jpg,Colombia,Bogota
IMG_551_1.jpg,Colombia,Bogota
IMG_552.jpg,Colombia,Bogota
IMG_555.jpg,Colombia,Bogota
IMG_557.jpg,Colombia,Bogota
IMG_581.jpg,Colombia,Bogota
IMG_590.jpg,Colombia,Bogota
IMG_591.jpg,Colombia,Bogota
IMG_595.jpg,Colombia,Bogota
IMG_595_1.jpg,Colombia,Bogota
IMG_623_1.jpg,Colombia,Bogota
IMG_633.jpg,Colombia,Bogota
IMG_634.jpg,Colombia,Bogota
IMG_635.jpg,Colombia,Bogota
IMG_646.jpg,Colombia,Bogota
IMG_650.jpg,Colombia,Bogota
IMG_651.jpg,Colombia,Bogota
IMG_661.jpg,Colombia,Bogota
IMG_661_1.jpg,Colombia,Bogota
IMG_665.jpg,Colombia,Bogota
IMG_681.jpg,Colombia,Bogota
IMG_686.jpg,Colombia,Bogota
IMG_686_1.jpg,Colombia,Bogota
IMG_689.jpg,Colombia,Bogota
IMG_689_1.jpg,Colombia,Bogota
IMG_694.jpg,Colombia,Bogota
IMG_703_1.jpg,Colombia,Bogota
IMG_711.jpg,Colombia,Bogota
IMG_711_1.jpg,Colombia,Bogota
IMG_714.jpg,Colombia,Bogota
IMG_722.jpg,Colombia,Bogota
IMG_723.jpg,Colombia,Bogota
IMG_727.jpg,Colombia,Bogota
IMG_727_1.jpg,Colombia,Bogota
IMG_730.jpg,Colombia,Bogota
IMG_731.jpg,Colombia,Bogota
IMG_731_1.jpg,Colombia,Bogota
IMG_736.jpg,Colombia,Bogota
IMG_737.jpg,Colombia,Bogota
IMG_738.jpg,Colombia,Bogota
IMG_738_1.jpg,Colombia,Bogota
IMG_739_1.jpg,Colombia,Bogota
IMG_740.jpg,Colombia,Bogota
IMG_742.jpg,Colombia,Bogota
IMG_743.jpg,Colombia,Bogota
IMG_743_1.jpg,Colombia,Bogota
IMG_754.jpg,Colombia,Bogota
IMG_756_1.jpg,Colombia,Bogota
IMG_762.jpg,Colombia,Bogota
IMG_762_1.jpg,Colombia,Bogota
IMG_766.jpg,Colombia,Bogota
IMG_771.jpg,Colombia,Bogota
IMG_771_1.jpg,Colombia,Bogota
IMG_774.jpg,Colombia,Bogota
IMG_795.jpg,Colombia,Bogota
IMG_796.jpg,Colombia,Bogota
IMG_796_1.jpg,Colombia,Bogota
IMG_806_1.jpg,Colombia,Bogota
IMG_825.jpg,Colombia,Bogota
IMG_828.jpg,Colombia,Bogota
IMG_828_1.jpg,Colombia,Bogota
IMG_834.jpg,Colombia,Bogota
IMG_834_1.jpg,Colombia,Bogota
IMG_838.jpg,Colombia,Bogota
IMG_841.jpg,Colombia,Bogota
IMG_841_1.jpg,Colombia,Bogota
IMG_845.jpg,Colombia,Bogota
IMG_845_1.jpg,Colombia,Bogota
IMG_854.jpg,Colombia,Bogota
IMG_856.jpg,Colombia,Bogota
IMG_868.jpg,Colombia,Bogota
IMG_868_1.jpg,Colombia,Bogota
IMG_873.jpg,Colombia,Bogota
IMG_875.jpg,Colombia,Bogota
IMG_877.jpg,Colombia,Bogota
IMG_881.jpg,Colombia,Bogota
IMG_882_1.jpg,Colombia,Bogota
IMG_887.jpg,Colombia,Bogota
IMG_892.jpg,Colombia,Bogota
IMG_902.jpg,Colombia,Bogota
IMG_929.jpg,Colombia,Bogota
IMG_933.jpg,Colombia,Bogota
IMG_933_1.jpg,Colombia,Bogota
IMG_938_1.jpg,Colombia,Bogota
IMG_943.jpg,Colombia,Bogota
IMG_944.jpg,Colombia,Bogota
IMG_946.jpg,Colombia,Bogota
IMG_948.jpg,Colombia,Bogota
IMG_948_1.jpg,Colombia,Bogota
IMG_955_1.jpg,Colombia,Bogota
IMG_958.jpg,Colombia,Bogota
IMG_960.jpg,Colombia,Bogota
IMG_960_1.jpg,Colombia,Bogota
IMG_962.jpg,Colombia,Bogota
IMG_962_1.jpg,Colombia,Bogota
IMG_971.jpg,Colombia,Bogota
IMG_972.jpg,Colombia,Bogota
IMG_972_1.jpg,Colombia,Bogota
IMG_974.jpg,Colombia,Bogota
IMG_974_1.jpg,Colombia,Bogota
IMG_977.jpg,Colombia,Bogota
IMG_977_1.jpg,Colombia,Bogota
IMG_980_1.jpg,Colombia,Bogota
IMG_99.jpg,Colombia,Bogota
IMG_992.jpg,Colombia,Bogota
IMG_992_1.jpg,Colombia,Bogota
IMG_998.jpg,Colombia,Bogota
IMG_998_1.jpg,Colombia,Bogota
Original_TimePhoto_20250530_101808.jpg,Colombia,Cali
Original_TimePhoto_20250530_101824.jpg,Colombia,Cali
Original_TimePhoto_20250530_101924.jpg,Colombia,Cali
Original_TimePhoto_20250530_101955.jpg,Colombia,Cali
TimePhoto_20250504_114617.jpg,Colombia,Cali
TimePhoto_20250504_115319.jpg,Colombia,Cali
TimePhoto_20250504_120437.jpg,Colombia,Cali
TimePhoto_20250529_112722.jpg,Colombia,Cali
0a537806-4c78-4a36-826f-ec3c10b4815a.jpg,Colombia,Medellin
0c6f34cb-8518-4e88-8554-d859abb7928f.jpg,Colombia,Medellin
1a4d0fe1-519f-432f-904d-2f37a7bc5b0b.jpg,Colombia,Medellin
IMG_20250618_144745060_HDR.jpg,Colombia,Cali
IMG_20250618_144805402_HDR.jpg,Colombia,Cali
IMG_20250618_144844237_HDR.jpg,Colombia,Cali
IMG_20250618_144955550_HDR.jpg,Colombia,Cali
IMG_20250618_145034350_HDR.jpg,Colombia,Cali
IMG_20250702_144507530_HDR.jpg,Colombia,Cali
Cali_004.jpg,Colombia,Cali
Cali_022.jpg,Colombia,Cali
Cali_049.jpg,Colombia,Cali
Cali_067.jpg,Colombia,Cali
Cali_070.jpg,Colombia,Cali
Cali_085.jpg,Colombia,Cali
Cali_088.jpg,Colombia,Cali
Cali_092.jpg,Colombia,Cali
IMG_20250504_120803013_HDR.jpg,Colombia,Cali
IMG_20250527_084910720_HDR.jpg,Colombia,Cali
IMG_20250527_085827782_HDR.jpg,Colombia,Cali
IMG_20250527_085848826_HDR.jpg,Colombia,Cali
IMG_20250527_091320642_HDR.jpg,Colombia,Cali
IMG_20250527_091344028_HDR.jpg,Colombia,Cali
IMG_20250527_091756497_HDR.jpg,Colombia,Cali
IMG_20250527_100435970_HDR.jpg,Colombia,Cali
IMG_20250616_102025152_HDR.jpg,Colombia,Cali
IMG_20250616_102040453.jpg,Colombia,Cali
IMG_20250616_103148312_HDR.jpg,Colombia,Cali
IMG_20250616_103211695_HDR.jpg,Colombia,Cali
IMG_20250617_141330017_HDR.jpg,Colombia,Cali
IMG_20250617_141814981_HDR.jpg,Colombia,Cali
IMG_20250617_142352674_HDR.jpg,Colombia,Cali
IMG_20250617_142459313.jpg,Colombia,Cali
IMG_20250617_145816654_HDR.jpg,Colombia,Cali
IMG_20250617_145851486_HDR.jpg,Colombia,Cali
IMG_20250617_145928474_HDR.jpg,Colombia,Cali
IMG_20250617_150213676_HDR.jpg,Colombia,Cali
IMG_20250617_150227294_HDR.jpg,Colombia,Cali
IMG_20250617_150227295_HDR.jpg,Colombia,Cali
IMG_20250617_150414231_HDR.jpg,Colombia,Cali
IMG_20250618_135058226_HDR.jpg,Colombia,Cali
IMG_20250618_145109464_HDR.jpg,Colombia,Cali
IMG_20250618_145133451_HDR.jpg,Colombia,Cali
IMG_20250621_134142374_HDR.jpg,Colombia,Cali
IMG_20250621_145651017_HDR.jpg,Colombia,Cali
IMG_20250621_145715332_HDR.jpg,Colombia,Cali
IMG_20250621_145926258_HDR.jpg,Colombia,Cali
IMG_20250621_150905357_HDR.jpg,Colombia,Cali
IMG_20250621_152238705_HDR.jpg,Colombia,Cali
IMG_20250621_152257618_HDR.jpg,Colombia,Cali
IMG_20250621_152356608_HDR.jpg,Colombia,Cali
IMG_20250622_112329745_HDR.jpg,Colombia,Cali
IMG_20250622_112405098_HDR.jpg,Colombia,Cali
IMG_20250624_095815872_HDR.jpg,Colombia,Cali
IMG_20250624_095834406_HDR.jpg,Colombia,Cali
IMG_20250624_095838714_HDR.jpg,Colombia,Cali
IMG_20250624_095847577_HDR.jpg,Colombia,Cali
IMG_20250624_100321645_HDR.jpg,Colombia,Cali
IMG_20250624_100339323_HDR.jpg,Colombia,Cali
IMG_20250624_103106862_HDR.jpg,Colombia,Cali
IMG_20250624_103343038_HDR.jpg,Colombia,Cali
IMG_20250624_112007234_HDR.jpg,Colombia,Cali
IMG_20250624_112126607_HDR.jpg,Colombia,Cali
IMG_20250624_112729461_HDR.jpg,Colombia,Cali
IMG_20250624_132601520_HDR.jpg,Colombia,Cali
IMG_20250624_132615055_HDR.jpg,Colombia,Cali
IMG_20250702_144305350_HDR.jpg,Colombia,Cali
IMG_20250702_144605227_HDR.jpg,Colombia,Cali
IMG_20250702_145306437_HDR.jpg,Colombia,Cali
IMG_20250702_145721322_HDR.jpg,Colombia,Cali
IMG_20250702_145820093_HDR.jpg,Colombia,Cali
IMG_20250702_152359649_HDR.jpg,Colombia,Cali
IMG_20250702_152407743_HDR.jpg,Colombia,Cali
IMG_20250702_152939200_HDR.jpg,Colombia,Cali
IMG_20250702_152954288_HDR.jpg,Colombia,Cali
IMG_20250702_153341479_HDR.jpg,Colombia,Cali
IMG_20250702_153401780_HDR.jpg,Colombia,Cali
IMG_20250702_153856940_HDR.jpg,Colombia,Cali
IMG_20250702_153922749_HDR.jpg,Colombia,Cali
IMG_20250702_153948158_HDR.jpg,Colombia,Cali
IMG_20250702_154444704_HDR.jpg,Colombia,Cali
IMG_20250702_154501770_HDR.jpg,Colombia,Cali
IMG_20250702_155152519_HDR.jpg,Colombia,Cali
IMG_20250702_155236647_HDR.jpg,Colombia,Cali
IMG_20250702_155345385_HDR.jpg,Colombia,Cali
IMG_20250702_155440557_HDR.jpg,Colombia,Cali
IMG_20250702_155506736_HDR.jpg,Colombia,Cali
IMG_20250702_155548451_HDR.jpg,Colombia,Cali
IMG_20250702_155645421_HDR.jpg,Colombia,Cali
IMG_20250702_161032054.jpg,Colombia,Cali
IMG_20250702_161040885_HDR.jpg,Colombia,Cali
IMG_20250702_162359877_HDR.jpg,Colombia,Cali
IMG_20250702_162419378_HDR.jpg,Colombia,Cali
IMG_20250702_162435155_HDR.jpg,Colombia,Cali
IMG_20250702_162455520_HDR.jpg,Colombia,Cali
IMG_20250702_162912176_HDR.jpg,Colombia,Cali
IMG_20250702_163629395_HDR.jpg,Colombia,Cali
IMG_20250702_163706989_HDR.jpg,Colombia,Cali
IMG_20250702_163723385_HDR.jpg,Colombia,Cali
IMG_20250702_163725406_HDR.jpg,Colombia,Cali
IMG_20250704_113448455_HDR.jpg,Colombia,Cali
IMG_20250704_115322627_HDR.jpg,Colombia,Cali
IMG_20250704_120148939_HDR.jpg,Colombia,Cali
IMG_20250704_120206046_HDR.jpg,Colombia,Cali
IMG_20250704_120248246_HDR.jpg,Colombia,Cali
IMG_20250704_120412429_HDR.jpg,Colombia,Cali
IMG_20250704_120444901_HDR.jpg,Colombia,Cali
IMG_20250704_120450110_HDR.jpg,Colombia,Cali
IMG_321.jpg,Colombia,Bogota
IMG_321_1.jpg,Colombia,Bogota
IMG_356.jpg,Colombia,Bogota
IMG_356_1.jpg,Colombia,Bogota
IMG_576.jpg,Colombia,Bogota
IMG_576_1.jpg,Colombia,Bogota
IMG_652.jpg,Colombia,Bogota
IMG_652_1.jpg,Colombia,Bogota
IMG_684_1.jpg,Colombia,Bogota
IMG_741.jpg,Colombia,Bogota
IMG_741_1.jpg,Colombia,Bogota
IMG_776.jpg,Colombia,Bogota
IMG_942.jpg,Colombia,Bogota
IMG_996_1.jpg,Colombia,Bogota
Original_TimePhoto_20250529_111335.jpg,Colombia,Cali
Original_TimePhoto_20250529_111354.jpg,Colombia,Cali
TimePhoto_20250504_120547.jpg,Colombia,Cali
Cali_059.jpg,Colombia,Cali
IMG_1006.jpg,Colombia,Bogota
IMG_1006_1.jpg,Colombia,Bogota
IMG_1029_1.jpg,Colombia,Bogota
IMG_1030.jpg,Colombia,Bogota
IMG_104.jpg,Colombia,Bogota
IMG_1048.jpg,Colombia,Bogota
IMG_1064.jpg,Colombia,Bogota
IMG_1064_1.jpg,Colombia,Bogota
IMG_1098.jpg,Colombia,Bogota
IMG_1100.jpg,Colombia,Bogota
IMG_1100_1.jpg,Colombia,Bogota
IMG_1132.jpg,Colombia,Bogota
IMG_1136.jpg,Colombia,Bogota
IMG_1149.jpg,Colombia,Bogota
IMG_1177.jpg,Colombia,Bogota
IMG_1178_1.jpg,Colombia,Bogota
IMG_1217.jpg,Colombia,Bogota
IMG_1290.jpg,Colombia,Bogota
IMG_1343.jpg,Colombia,Bogota
IMG_1344.jpg,Colombia,Bogota
IMG_1348.jpg,Colombia,Bogota
IMG_1377.jpg,Colombia,Bogota
IMG_1378.jpg,Colombia,Bogota
IMG_1392.jpg,Colombia,Bogota
IMG_14.jpg,Colombia,Bogota
IMG_1423.jpg,Colombia,Bogota
IMG_1460.jpg,Colombia,Bogota
IMG_1481.jpg,Colombia,Bogota
IMG_1490.jpg,Colombia,Bogota
IMG_18.jpg,Colombia,Bogota
IMG_20.jpg,Colombia,Bogota
IMG_20250527_083327096_HDR.jpg,Colombia,Cali
IMG_20250527_084017278_HDR.jpg,Colombia,Cali
IMG_20250527_084034646_HDR.jpg,Colombia,Cali
IMG_20250527_084125984_HDR.jpg,Colombia,Cali
IMG_20250616_102206058_HDR.jpg,Colombia,Cali
IMG_20250616_102908600_HDR.jpg,Colombia,Cali
IMG_20250616_102946322_HDR.jpg,Colombia,Cali
IMG_20250616_102954731_HDR.jpg,Colombia,Cali
IMG_20250621_151835558_HDR.jpg,Colombia,Cali
IMG_20250624_100245733_HDR.jpg,Colombia,Cali
IMG_20250624_100258750_HDR.jpg,Colombia,Cali
IMG_20250624_110605909_HDR.jpg,Colombia,Cali
IMG_20250624_114123493_HDR.jpg,Colombia,Cali
IMG_20250624_114143131_HDR.jpg,Colombia,Cali
IMG_20250702_143532043_HDR.jpg,Colombia,Cali
IMG_20250702_145759602_HDR.jpg,Colombia,Cali
IMG_20250702_153254346_HDR.jpg,Colombia,Cali
IMG_20250702_154311974_HDR.jpg,Colombia,Cali
IMG_20250702_154319806_HDR.jpg,Colombia,Cali
IMG_20_1.jpg,Colombia,Bogota
IMG_251.jpg,Colombia,Bogota
IMG_251_1.jpg,Colombia,Bogota
IMG_254.jpg,Colombia,Bogota
IMG_254_1.jpg,Colombia,Bogota
IMG_275.jpg,Colombia,Bogota
IMG_280.jpg,Colombia,Bogota
IMG_280_1.jpg,Colombia,Bogota
IMG_2_1.jpg,Colombia,Bogota
IMG_326.jpg,Colombia,Bogota
IMG_339.jpg,Colombia,Bogota
IMG_362.jpg,Colombia,Bogota
IMG_374.jpg,Colombia,Bogota
IMG_41.jpg,Colombia,Bogota
IMG_41_1.jpg,Colombia,Bogota
IMG_432.jpg,Colombia,Bogota
IMG_44.jpg,Colombia,Bogota
IMG_446.jpg,Colombia,Bogota
IMG_44_1.jpg,Colombia,Bogota
IMG_475.jpg,Colombia,Bogota
IMG_518.jpg,Colombia,Bogota
IMG_518_1.jpg,Colombia,Bogota
IMG_520.jpg,Colombia,Bogota
IMG_53_1.jpg,Colombia,Bogota
IMG_547_1.jpg,Colombia,Bogota
IMG_566.jpg,Colombia,Bogota
IMG_567.jpg,Colombia,Bogota
IMG_567_1.jpg,Colombia,Bogota
IMG_570.jpg,Colombia,Bogota
IMG_578.jpg,Colombia,Bogota
IMG_602_1.jpg,Colombia,Bogota
IMG_607.jpg,Colombia,Bogota
IMG_607_1.jpg,Colombia,Bogota
IMG_672.jpg,Colombia,Bogota
IMG_682.jpg,Colombia,Bogota
IMG_693.jpg,Colombia,Bogota
IMG_700_1.jpg,Colombia,Bogota
IMG_755.jpg,Colombia,Bogota
IMG_755_1.jpg,Colombia,Bogota
IMG_758.jpg,Colombia,Bogota
IMG_764.jpg,Colombia,Bogota
IMG_768.jpg,Colombia,Bogota
IMG_782.jpg,Colombia,Bogota
IMG_789_1.jpg,Colombia,Bogota
IMG_857.jpg,Colombia,Bogota
IMG_863.jpg,Colombia,Bogota
IMG_880.jpg,Colombia,Bogota
IMG_880_1.jpg,Colombia,Bogota
IMG_888.jpg,Colombia,Bogota
IMG_918.jpg,Colombia,Bogota
IMG_918_1.jpg,Colombia,Bogota
IMG_936.jpg,Colombia,Bogota
IMG_936_1.jpg,Colombia,Bogota
IMG_979.jpg,Colombia,Bogota
IMG_979_1.jpg,Colombia,Bogota
IMG_995.jpg,Colombia,Bogota
IMG_995_1.jpg,Colombia,Bogota
20250605_104520.jpg,Mexico,La Paz
20250605_120056.jpg,Mexico,La Paz
20250614_092851.jpg,Mexico,La Paz
20250614_093444.jpg,Mexico,La Paz
20250614_101400.jpg,Mexico,La Paz
20250614_101910.jpg,Mexico,La Paz
20250614_102815.jpg,Mexico,La Paz
20250614_103035.jpg,Mexico,La Paz
20250614_103514.jpg,Mexico,La Paz
20250614_104037.jpg,Mexico,La Paz
20250614_104549.jpg,Mexico,La Paz
20250614_104706.jpg,Mexico,La Paz
20250614_105208.jpg,Mexico,La Paz
20250614_105248.jpg,Mexico,La Paz
20250614_105826.jpg,Mexico,La Paz
20250614_105929.jpg,Mexico,La Paz
20250614_110340.jpg,Mexico,La Paz
20250614_110918.jpg,Mexico,La Paz
20250614_111229.jpg,Mexico,La Paz
20250614_111359.jpg,Mexico,La Paz
20250614_111832.jpg,Mexico,La Paz
20250614_112401.jpg,Mexico,La Paz
20250614_112410.jpg,Mexico,La Paz
20250614_112721.jpg,Mexico,La Paz
20250614_112729.jpg,Mexico,La Paz
20250614_113004.jpg,Mexico,La Paz
20250614_113042.jpg,Mexico,La Paz
20250614_113611.jpg,Mexico,La Paz
20250614_113637.jpg,Mexico,La Paz
20250614_114918.jpg,Mexico,La Paz
20250614_114929.jpg,Mexico,La Paz
20250614_120846.jpg,Mexico,La Paz
20250614_121144.jpg,Mexico,La Paz
20250614_121536.jpg,Mexico,La Paz
20250614_122109.jpg,Mexico,La Paz
20250614_122257.jpg,Mexico,La Paz
20250614_123102.jpg,Mexico,La Paz
20250614_123110.jpg,Mexico,La Paz
20250614_123326.jpg,Mexico,La Paz
20250614_123406.jpg,Mexico,La Paz
20250614_123750.jpg,Mexico,La Paz
20250614_123936.jpg,Mexico,La Paz
20250614_125923.jpg,Mexico,La Paz
20250614_130807.jpg,Mexico,La Paz
20250614_130919.jpg,Mexico,La Paz
20250614_162753.jpg,Mexico,La Paz
20250614_162809.jpg,Mexico,La Paz
20250614_163100.jpg,Mexico,La Paz
20250614_163120.jpg,Mexico,La Paz
20250614_163849.jpg,Mexico,La Paz
20250614_164431.jpg,Mexico,La Paz
20250614_164617.jpg,Mexico,La Paz
20250614_170105.jpg,Mexico,La Paz
20250614_170647.jpg,Mexico,La Paz
20250614_170908.jpg,Mexico,La Paz
20250614_171913.jpg,Mexico,La Paz
20250614_172421.jpg,Mexico,La Paz
20250614_172753.jpg,Mexico,La Paz
20250614_174109.jpg,Mexico,La Paz
20250614_174151.jpg,Mexico,La Paz
20250614_174418.jpg,Mexico,La Paz
20250614_174458.jpg,Mexico,La Paz
20250614_175242.jpg,Mexico,La Paz
20250614_175618.jpg,Mexico,La Paz
20250614_175846.jpg,Mexico,La Paz
20250614_180603.jpg,Mexico,La Paz
20250614_181310.jpg,Mexico,La Paz
20250614_181326.jpg,Mexico,La Paz
20250614_181511.jpg,Mexico,La Paz
20250614_181534.jpg,Mexico,La Paz
20250614_182239.jpg,Mexico,La Paz
20250614_182307.jpg,Mexico,La Paz
20250614_182840.jpg,Mexico,La Paz
20250614_183020.jpg,Mexico,La Paz
20250614_183112.jpg,Mexico,La Paz
20250614_183507.jpg,Mexico,La Paz
20250614_183557.jpg,Mexico,La Paz
20250614_183929.jpg,Mexico,La Paz
20250614_184429.jpg,Mexico,La Paz
20250626_080644.jpg,Mexico,La Paz
20250626_081806.jpg,Mexico,La Paz
20250626_082234.jpg,Mexico,La Paz
20250626_082242.jpg,Mexico,La Paz
20250626_082629.jpg,Mexico,La Paz
20250626_083610.jpg,Mexico,La Paz
20250626_084143.jpg,Mexico,La Paz
20250626_084205.jpg,Mexico,La Paz
20250626_084531.jpg,Mexico,La Paz
20250626_092214.jpg,Mexico,La Paz
20250626_092612.jpg,Mexico,La Paz
IMG_0001.jpg,Mexico,La Paz
IMG_0005.jpg,Mexico,La Paz
IMG_0011.jpg,Mexico,La Paz
IMG_0013.jpg,Mexico,La Paz
IMG_0026.jpg,Mexico,La Paz
IMG_0033.jpg,Mexico,La Paz
IMG_0036.jpg,Mexico,La Paz
IMG_0038.jpg,Mexico,La Paz
IMG_0041.jpg,Mexico,La Paz
IMG_0046.jpg,Mexico,La Paz
IMG_0050.jpg,Mexico,La Paz
IMG_0061.jpg,Mexico,La Paz
IMG_0069.jpg,Mexico,La Paz
IMG_0071.jpg,Mexico,La Paz
IMG_0073.jpg,Mexico,La Paz
IMG_0081.jpg,Mexico,La Paz
IMG_2787.jpg,Mexico,Mexico City
IMG_2792.jpg,Mexico,Mexico City
IMG_2793.jpg,Mexico,Mexico City
IMG_2801.jpg,Mexico,Mexico City
IMG_2803.jpg,Mexico,Mexico City
IMG_2811.jpg,Mexico,Mexico City
IMG_2812.jpg,Mexico,Mexico City
IMG_2820.jpg,Mexico,Mexico City
IMG_2826.jpg,Mexico,Mexico City
IMG_2837.jpg,Mexico,Mexico City
IMG_2857.jpg,Mexico,Mexico City
IMG_2864.jpg,Mexico,Mexico City
IMG_2865.jpg,Mexico,Mexico City
IMG_2872.jpg,Mexico,Mexico City
IMG_2873.jpg,Mexico,Mexico City
IMG_2880.jpg,Mexico,Mexico City
IMG_2890.jpg,Mexico,Mexico City
IMG_2892.jpg,Mexico,Mexico City
IMG_2955.jpg,Mexico,Mexico City
IMG_2962.jpg,Mexico,Mexico City
IMG_2963.jpg,Mexico,Mexico City
IMG_2972.jpg,Mexico,Mexico City
IMG_2973.jpg,Mexico,Mexico City
IMG_2982.jpg,Mexico,Mexico City
IMG_2991.jpg,Mexico,Mexico City
IMG_2999.jpg,Mexico,Mexico City
IMG_3006.jpg,Mexico,Mexico City
IMG_3014.jpg,Mexico,Mexico City
IMG_3015.jpg,Mexico,Mexico City
IMG_3020.jpg,Mexico,Mexico City
IMG_3021.jpg,Mexico,Mexico City
IMG_3028.jpg,Mexico,Mexico City
IMG_3029.jpg,Mexico,Mexico City
IMG_3035.jpg,Mexico,Mexico City
IMG_3036.jpg,Mexico,Mexico City
IMG_3043.jpg,Mexico,Mexico City
IMG_3048.jpg,Mexico,Mexico City
IMG_3049.jpg,Mexico,Mexico City
IMG_3056.jpg,Mexico,Mexico City
IMG_3057.jpg,Mexico,Mexico City
IMG_3062.jpg,Mexico,Mexico City
IMG_3063.jpg,Mexico,Mexico City
IMG_3068.jpg,Mexico,Mexico City
IMG_3076.jpg,Mexico,Mexico City
IMG_3081.jpg,Mexico,Mexico City
IMG_3082.jpg,Mexico,Mexico City
IMG_3087.jpg,Mexico,Mexico City
IMG_3093.jpg,Mexico,Mexico City
IMG_3094.jpg,Mexico,Mexico City
IMG_3100.jpg,Mexico,Mexico City
IMG_3106.jpg,Mexico,Mexico City
IMG_3110.jpg,Mexico,Mexico City
IMG_3115.jpg,Mexico,Mexico City
IMG_3116.jpg,Mexico,Mexico City
IMG_3121.jpg,Mexico,Mexico City
IMG_3122.jpg,Mexico,Mexico City
IMG_3127.jpg,Mexico,Mexico City
IMG_3134.jpg,Mexico,Mexico City
IMG_3146.jpg,Mexico,Mexico City
IMG_3152.jpg,Mexico,Mexico City
IMG_3153.jpg,Mexico,Mexico City
IMG_3158.jpg,Mexico,Mexico City
IMG_3164.jpg,Mexico,Mexico City
IMG_3165.jpg,Mexico,Mexico City
IMG_3171.jpg,Mexico,Mexico City
IMG_3176.jpg,Mexico,Mexico City
IMG_3177.jpg,Mexico,Mexico City
IMG_3183.jpg,Mexico,Mexico City
IMG_3189.jpg,Mexico,Mexico City
IMG_3195.jpg,Mexico,Mexico City
IMG_3201.jpg,Mexico,Mexico City
IMG_3207.jpg,Mexico,Mexico City
IMG_3208.jpg,Mexico,Mexico City
IMG_3213.jpg,Mexico,Mexico City
IMG_3214.jpg,Mexico,Mexico City
IMG_3219.jpg,Mexico,Mexico City
IMG_3225.jpg,Mexico,Mexico City
IMG_3233.jpg,Mexico,Mexico City
IMG_3239.jpg,Mexico,Mexico City
IMG_3240.jpg,Mexico,Mexico City
IMG_3245.jpg,Mexico,Mexico City
IMG_3246.jpg,Mexico,Mexico City
IMG_3259.jpg,Mexico,Mexico City
IMG_3267.jpg,Mexico,Mexico City
IMG_3268.jpg,Mexico,Mexico City
IMG_3274.jpg,Mexico,Mexico City
IMG_3283.jpg,Mexico,Mexico City
IMG_3291.jpg,Mexico,Mexico City
IMG_3299.jpg,Mexico,Mexico City
IMG_3300.jpg,Mexico,Mexico City
IMG_3306.jpg,Mexico,Mexico City
IMG_3307.jpg,Mexico,Mexico City
IMG_3312.jpg,Mexico,Mexico City
IMG_3313.jpg,Mexico,Mexico City
IMG_3319.jpg,Mexico,Mexico City
IMG_3328.jpg,Mexico,Mexico City
IMG_3333.jpg,Mexico,Mexico City
IMG_3334.jpg,Mexico,Mexico City
IMG_3339.jpg,Mexico,Mexico City
IMG_3346.jpg,Mexico,Mexico City
IMG_3347.jpg,Mexico,Mexico City
IMG_3416.jpg,Mexico,Mexico City
IMG_3422.jpg,Mexico,Mexico City
IMG_3429.jpg,Mexico,Mexico City
IMG_3434.jpg,Mexico,Mexico City
IMG_3448.jpg,Mexico,Mexico City
IMG_3449.jpg,Mexico,Mexico City
IMG_3454.jpg,Mexico,Mexico City
IMG_3455.jpg,Mexico,Mexico City
IMG_3460.jpg,Mexico,Mexico City
IMG_3461.jpg,Mexico,Mexico City
IMG_3466.jpg,Mexico,Mexico City
IMG_3467.jpg,Mexico,Mexico City
IMG_3473.jpg,Mexico,Mexico City
IMG_3474.jpg,Mexico,Mexico City
IMG_3479.jpg,Mexico,Mexico City
IMG_3480.jpg,Mexico,Mexico City
IMG_3485.jpg,Mexico,Mexico City
IMG_3486.jpg,Mexico,Mexico City
IMG_3492.jpg,Mexico,Mexico City
IMG_3497.jpg,Mexico,Mexico City
IMG_3498.jpg,Mexico,Mexico City
IMG_3503.jpg,Mexico,Mexico City
IMG_3504.jpg,Mexico,Mexico City
IMG_3510.jpg,Mexico,Mexico City
IMG_3511.jpg,Mexico,Mexico City
IMG_3516.jpg,Mexico,Mexico City
IMG_3522.jpg,Mexico,Mexico City
IMG_3523.jpg,Mexico,Mexico City
IMG_3529.jpg,Mexico,Mexico City
IMG_3535.jpg,Mexico,Mexico City
IMG_3552.jpg,Mexico,Mexico City
IMG_3553.jpg,Mexico,Mexico City
IMG_3559.jpg,Mexico,Mexico City
IMG_3567.jpg,Mexico,Mexico City
IMG_3581.jpg,Mexico,Mexico City
IMG_3589.jpg,Mexico,Mexico City
IMG_3590.jpg,Mexico,Mexico City
IMG_3596.jpg,Mexico,Mexico City
IMG_3597.jpg,Mexico,Mexico City
IMG_3602.jpg,Mexico,Mexico City
IMG_3608.jpg,Mexico,Mexico City
IMG_3609.jpg,Mexico,Mexico City
IMG_3614.jpg,Mexico,Mexico City
IMG_3615.jpg,Mexico,Mexico City
IMG_3620.jpg,Mexico,Mexico City
IMG_3621.jpg,Mexico,Mexico City
IMG_3627.jpg,Mexico,Mexico City
IMG_3628.jpg,Mexico,Mexico City
IMG_3651.jpg,Mexico,Mexico City
IMG_3658.jpg,Mexico,Mexico City
IMG_3670.jpg,Mexico,Mexico City
IMG_3684.jpg,Mexico,Mexico City
IMG_3685.jpg,Mexico,Mexico City
IMG_3692.jpg,Mexico,Mexico City
IMG_3693.jpg,Mexico,Mexico City
IMG_3700.jpg,Mexico,Mexico City
IMG_3707.jpg,Mexico,Mexico City
IMG_3720.jpg,Mexico,Mexico City
IMG_3721.jpg,Mexico,Mexico City
IMG_3729.jpg,Mexico,Mexico City
IMG_3730.jpg,Mexico,Mexico City
IMG_3736.jpg,Mexico,Mexico City
IMG_3737.jpg,Mexico,Mexico City
IMG_3744.jpg,Mexico,Mexico City
IMG_3755.jpg,Mexico,Mexico City
IMG_3765.jpg,Mexico,Mexico City
IMG_3766.jpg,Mexico,Mexico City
IMG_3773.jpg,Mexico,Mexico City
IMG_3775.jpg,Mexico,Mexico City
IMG_3796.jpg,Mexico,Mexico City
IMG_3797.jpg,Mexico,Mexico City
IMG_3807.jpg,Mexico,Mexico City
IMG_3809.jpg,Mexico,Mexico City
IMG_3818.jpg,Mexico,Mexico City
IMG_3825.jpg,Mexico,Mexico City
IMG_3826.jpg,Mexico,Mexico City
IMG_3835.jpg,Mexico,Mexico City
IMG_3836.jpg,Mexico,Mexico City
IMG_3841.jpg,Mexico,Mexico City
IMG_3843.jpg,Mexico,Mexico City
IMG_3865.jpg,Mexico,Mexico City
IMG_3866.jpg,Mexico,Mexico City
IMG_3871.jpg,Mexico,Mexico City
IMG_3872.jpg,Mexico,Mexico City
IMG_3951.jpg,Mexico,Mexico City
IMG_3965.jpg,Mexico,Mexico City
IMG_3966.jpg,Mexico,Mexico City
IMG_3971.jpg,Mexico,Mexico City
IMG_3989.jpg,Mexico,Mexico City
IMG_3990.jpg,Mexico,Mexico City
IMG_4001.jpg,Mexico,Mexico City
IMG_4002.jpg,Mexico,Mexico City
IMG_4011.jpg,Mexico,Mexico City
IMG_4012.jpg,Mexico,Mexico City
IMG_4016.jpg,Mexico,Mexico City
IMG_4017.jpg,Mexico,Mexico City
IMG_4021-1.jpg,Mexico,Mexico City
IMG_4021.jpg,Mexico,Mexico City
IMG_4024.jpg,Mexico,Mexico City
IMG_4025.jpg,Mexico,Mexico City
IMG_4028-1.jpg,Mexico,Mexico City
IMG_4029.jpg,Mexico,Mexico City
IMG_4032.jpg,Mexico,Mexico City
IMG_4035-1.jpg,Mexico,Mexico City
IMG_4036.jpg,Mexico,Mexico City
IMG_4041.jpg,Mexico,Mexico City
IMG_4045-1.jpg,Mexico,Mexico City
IMG_4045.jpg,Mexico,Mexico City
IMG_4048-1.jpg,Mexico,Mexico City
IMG_4052.jpg,Mexico,Mexico City
IMG_4053.jpg,Mexico,Mexico City
IMG_4058.jpg,Mexico,Mexico City
IMG_4061.jpg,Mexico,Mexico City
IMG_4067.jpg,Mexico,Mexico City
IMG_4071.jpg,Mexico,Mexico City
IMG_4072.jpg,Mexico,Mexico City
IMG_4075.jpg,Mexico,Mexico City
IMG_4079.jpg,Mexico,Mexico City
IMG_4082-1.jpg,Mexico,Mexico City
IMG_4083.jpg,Mexico,Mexico City
IMG_4086-1.jpg,Mexico,Mexico City
IMG_4087.jpg,Mexico,Mexico City
IMG_4093.jpg,Mexico,Mexico City
IMG_4097-1.jpg,Mexico,Mexico City
IMG_4098.jpg,Mexico,Mexico City
IMG_4101-1.jpg,Mexico,Mexico City
IMG_4101.jpg,Mexico,Mexico City
IMG_4106.jpg,Mexico,Mexico City
IMG_4111.jpg,Mexico,Mexico City
IMG_4118.jpg,Mexico,Mexico City
IMG_4119.jpg,Mexico,Mexico City
IMG_4125.jpg,Mexico,Mexico City
IMG_4128.jpg,Mexico,Mexico City
IMG_4138.jpg,Mexico,Mexico City
IMG_4152.jpg,Mexico,Mexico City
IMG_4153.jpg,Mexico,Mexico City
IMG_4158.jpg,Mexico,Mexico City
IMG_4160.jpg,Mexico,Mexico City
IMG_4168.jpg,Mexico,Mexico City
IMG_4174.jpg,Mexico,Mexico City
IMG_4179.jpg,Mexico,Mexico City
IMG_4180.jpg,Mexico,Mexico City
IMG_4201.jpg,Mexico,Mexico City
IMG_4203.jpg,Mexico,Mexico City
IMG_4209.jpg,Mexico,Mexico City
IMG_4215.jpg,Mexico,Mexico City
IMG_4216.jpg,Mexico,Mexico City
IMG_4224.jpg,Mexico,Mexico City
IMG_4231.jpg,Mexico,Mexico City
IMG_4232.jpg,Mexico,Mexico City
IMG_4237.jpg,Mexico,Mexico City
IMG_4238.jpg,Mexico,Mexico City
IMG_4244.jpg,Mexico,Mexico City
IMG_4252.jpg,Mexico,Mexico City
IMG_4259.jpg,Mexico,Mexico City
IMG_4272.jpg,Mexico,Mexico City
IMG_4273.jpg,Mexico,Mexico City
IMG_4284.jpg,Mexico,Mexico City
IMG_4286.jpg,Mexico,Mexico City
IMG_4293.jpg,Mexico,Mexico City
IMG_4301.jpg,Mexico,Mexico City
IMG_4309.jpg,Mexico,Mexico City
IMG_4319.jpg,Mexico,Mexico City
IMG_4326.jpg,Mexico,Mexico City
IMG_4333.jpg,Mexico,Mexico City
IMG_4334.jpg,Mexico,Mexico City
IMG_4341.jpg,Mexico,Mexico City
IMG_4356.jpg,Mexico,Mexico City
IMG_4367.jpg,Mexico,Mexico City
IMG_4373.jpg,Mexico,Mexico City
IMG_4379.jpg,Mexico,Mexico City
IMG_4380.jpg,Mexico,Mexico City
IMG_4385.jpg,Mexico,Mexico City
IMG_4393.jpg,Mexico,Mexico City
IMG_4395.jpg,Mexico,Mexico City
IMG_4402.jpg,Mexico,Mexico City
IMG_4409.jpg,Mexico,Mexico City
IMG_4415.jpg,Mexico,Mexico City
IMG_4423.jpg,Mexico,Mexico City
IMG_4426.jpg,Mexico,Mexico City
IMG_4439.jpg,Mexico,Mexico City
IMG_4445.jpg,Mexico,Mexico City
IMG_4446.jpg,Mexico,Mexico City
IMG_4454.jpg,Mexico,Mexico City
IMG_4459.jpg,Mexico,Mexico City
IMG_4460.jpg,Mexico,Mexico City
IMG_4466.jpg,Mexico,Mexico City
IMG_4472.jpg,Mexico,Mexico City
IMG_4473.jpg,Mexico,Mexico City
IMG_4479.jpg,Mexico,Mexico City
IMG_4480.jpg,Mexico,Mexico City
IMG_4485.jpg,Mexico,Mexico City
IMG_4486.jpg,Mexico,Mexico City
IMG_4640.jpg,Mexico,Mexico City
IMG_4647.jpg,Mexico,Mexico City
IMG_4656.jpg,Mexico,Mexico City
IMG_4663.jpg,Mexico,Mexico City
IMG_4670.jpg,Mexico,Mexico City
IMG_4693.jpg,Mexico,Mexico City
IMG_4694.jpg,Mexico,Mexico City
IMG_4700.jpg,Mexico,Mexico City
IMG_4713.jpg,Mexico,Mexico City
IMG_4714.jpg,Mexico,Mexico City
IMG_4720.jpg,Mexico,Mexico City
IMG_4727.jpg,Mexico,Mexico City
IMG_4728.jpg,Mexico,Mexico City
IMG_4734.jpg,Mexico,Mexico City
IMG_4740.jpg,Mexico,Mexico City
IMG_4741.jpg,Mexico,Mexico City
IMG_4746.jpg,Mexico,Mexico City
IMG_4747.jpg,Mexico,Mexico City
IMG_4752.jpg,Mexico,Mexico City
IMG_4753.jpg,Mexico,Mexico City
IMG_4759.jpg,Mexico,Mexico City
IMG_4769.jpg,Mexico,Mexico City
IMG_4770.jpg,Mexico,Mexico City
IMG_4788.jpg,Mexico,Mexico City
IMG_4790.jpg,Mexico,Mexico City
IMG_4795.jpg,Mexico,Mexico City
IMG_4796.jpg,Mexico,Mexico City
IMG_4804.jpg,Mexico,Mexico City
IMG_4811.jpg,Mexico,Mexico City
IMG_4812.jpg,Mexico,Mexico City
IMG_4817.jpg,Mexico,Mexico City
IMG_4825.jpg,Mexico,Mexico City
IMG_4826.jpg,Mexico,Mexico City
IMG_4863.jpg,Mexico,Mexico City
IMG_4864.jpg,Mexico,Mexico City
IMG_4870.jpg,Mexico,Mexico City
IMG_4871.jpg,Mexico,Mexico City
IMG_4876.jpg,Mexico,Mexico City
IMG_4877.jpg,Mexico,Mexico City
IMG_4882.jpg,Mexico,Mexico City
IMG_4895.jpg,Mexico,Mexico City
IMG_4897.jpg,Mexico,Mexico City
IMG_4902.jpg,Mexico,Mexico City
IMG_4903.jpg,Mexico,Mexico City
IMG_4908.jpg,Mexico,Mexico City
IMG_4909.jpg,Mexico,Mexico City
IMG_4917.jpg,Mexico,Mexico City
IMG_4925.jpg,Mexico,Mexico City
IMG_4933.jpg,Mexico,Mexico City
IMG_4934.jpg,Mexico,Mexico City
IMG_4942.jpg,Mexico,Mexico City
IMG_4948.jpg,Mexico,Mexico City
IMG_4949.jpg,Mexico,Mexico City
IMG_4955.jpg,Mexico,Mexico City
IMG_4956.jpg,Mexico,Mexico City
IMG_6276.jpg,Mexico,La Paz
IMG_6277.jpg,Mexico,La Paz
IMG_6283.jpg,Mexico,La Paz
IMG_6284.jpg,Mexico,La Paz
IMG_6291.jpg,Mexico,La Paz
IMG_6292.jpg,Mexico,La Paz
IMG_6299.jpg,Mexico,La Paz
IMG_6300.jpg,Mexico,La Paz
IMG_6312.jpg,Mexico,La Paz
IMG_6322.jpg,Mexico,La Paz
IMG_6324.jpg,Mexico,La Paz
IMG_6334.jpg,Mexico,La Paz
IMG_6341.jpg,Mexico,La Paz
IMG_6343.jpg,Mexico,La Paz
IMG_6349.jpg,Mexico,La Paz
IMG_6350.jpg,Mexico,La Paz
IMG_6357.jpg,Mexico,La Paz
IMG_6358.jpg,Mexico,La Paz
IMG_6364.jpg,Mexico,La Paz
IMG_6365.jpg,Mexico,La Paz
IMG_6371.jpg,Mexico,La Paz
IMG_6373.jpg,Mexico,La Paz
IMG_6379.jpg,Mexico,La Paz
IMG_6386.jpg,Mexico,La Paz
IMG_6407.jpg,Mexico,La Paz
IMG_6413.jpg,Mexico,La Paz
IMG_6414.jpg,Mexico,La Paz
IMG_6420.jpg,Mexico,La Paz
IMG_6429.jpg,Mexico,La Paz
IMG_6430.jpg,Mexico,La Paz
IMG_6436.jpg,Mexico,La Paz
IMG_6440.jpg,Mexico,La Paz
IMG_6447.jpg,Mexico,La Paz
IMG_6448.jpg,Mexico,La Paz
IMG_6453.jpg,Mexico,La Paz
IMG_6494.jpg,Mexico,La Paz
IMG_6495.jpg,Mexico,La Paz
IMG_6503.jpg,Mexico,La Paz
IMG_6508.jpg,Mexico,La Paz
IMG_6516.jpg,Mexico,La Paz
IMG_6517.jpg,Mexico,La Paz
IMG_6524.jpg,Mexico,La Paz
IMG_6530.jpg,Mexico,La Paz
IMG_6536.jpg,Mexico,La Paz
IMG_6539.jpg,Mexico,La Paz
IMG_6547.jpg,Mexico,La Paz
IMG_6548.jpg,Mexico,La Paz
IMG_6554.jpg,Mexico,La Paz
IMG_6564.jpg,Mexico,La Paz
IMG_6572.jpg,Mexico,La Paz
IMG_6573.jpg,Mexico,La Paz
IMG_6579.jpg,Mexico,La Paz
IMG_6587.jpg,Mexico,La Paz
IMG_6588.jpg,Mexico,La Paz
IMG_6594.jpg,Mexico,La Paz
IMG_6618.jpg,Mexico,La Paz
IMG_6622.jpg,Mexico,La Paz
IMG_6629.jpg,Mexico,La Paz
IMG_6770.jpg,Mexico,La Paz
IMG_6771.jpg,Mexico,La Paz
IMG_6777.jpg,Mexico,La Paz
IMG_6778.jpg,Mexico,La Paz
IMG_6787.jpg,Mexico,La Paz
IMG_6800.jpg,Mexico,La Paz
IMG_6809.jpg,Mexico,La Paz
IMG_6810.jpg,Mexico,La Paz
IMG_6816.jpg,Mexico,La Paz
IMG_6817.jpg,Mexico,La Paz
IMG_6824.jpg,Mexico,La Paz
IMG_6826.jpg,Mexico,La Paz
IMG_6833.jpg,Mexico,La Paz
IMG_6844.jpg,Mexico,La Paz
IMG_6855.jpg,Mexico,La Paz
IMG_6868.jpg,Mexico,La Paz
IMG_6875.jpg,Mexico,La Paz
IMG_6876.jpg,Mexico,La Paz
IMG_6882.jpg,Mexico,La Paz
IMG_6884.jpg,Mexico,La Paz
IMG_6890.jpg,Mexico,La Paz
IMG_6899.jpg,Mexico,La Paz
IMG_6905.jpg,Mexico,La Paz
IMG_6906.jpg,Mexico,La Paz
IMG_6911.jpg,Mexico,La Paz
IMG_6912.jpg,Mexico,La Paz
IMG_6922.jpg,Mexico,La Paz
IMG_6923.jpg,Mexico,La Paz
IMG_6931.jpg,Mexico,La Paz
IMG_6941.jpg,Mexico,La Paz
IMG_6951.jpg,Mexico,La Paz
IMG_6977.jpg,Mexico,La Paz
IMG_6978.jpg,Mexico,La Paz
IMG_6993.jpg,Mexico,La Paz
IMG_9702.jpg,Mexico,La Paz
IMG_9703.jpg,Mexico,La Paz
IMG_9709.jpg,Mexico,La Paz
IMG_9710.jpg,Mexico,La Paz
IMG_9717.jpg,Mexico,La Paz
IMG_9718.jpg,Mexico,La Paz
IMG_9729.jpg,Mexico,La Paz
IMG_9730.jpg,Mexico,La Paz
IMG_9740.jpg,Mexico,La Paz
IMG_9745.jpg,Mexico,La Paz
IMG_9752.jpg,Mexico,La Paz
IMG_9753.jpg,Mexico,La Paz
IMG_9760.jpg,Mexico,La Paz
IMG_9766.jpg,Mexico,La Paz
IMG_9767.jpg,Mexico,La Paz
IMG_9774.jpg,Mexico,La Paz
IMG_9775.jpg,Mexico,La Paz
IMG_9781.jpg,Mexico,La Paz
IMG_9782.jpg,Mexico,La Paz
IMG_9789.jpg,Mexico,La Paz
IMG_9794.jpg,Mexico,La Paz
IMG_9795.jpg,Mexico,La Paz
IMG_9800.jpg,Mexico,La Paz
IMG_9801.jpg,Mexico,La Paz
IMG_9808.jpg,Mexico,La Paz
IMG_9851.jpg,Mexico,La Paz
IMG_9852.jpg,Mexico,La Paz
IMG_9861.jpg,Mexico,La Paz
IMG_9862.jpg,Mexico,La Paz
IMG_9881.jpg,Mexico,La Paz
IMG_9888.jpg,Mexico,La Paz
IMG_9895.jpg,Mexico,La Paz
IMG_9896.jpg,Mexico,La Paz
IMG_9901.jpg,Mexico,La Paz
IMG_9904.jpg,Mexico,La Paz
IMG_9910.jpg,Mexico,La Paz
IMG_9911.jpg,Mexico,La Paz
IMG_9917.jpg,Mexico,La Paz
IMG_9933.jpg,Mexico,La Paz
IMG_9934.jpg,Mexico,La Paz
IMG_9941.jpg,Mexico,La Paz
IMG_9952.jpg,Mexico,La Paz
IMG_9961.jpg,Mexico,La Paz
IMG_9963.jpg,Mexico,La Paz
IMG_9972.jpg,Mexico,La Paz
IMG_9979.jpg,Mexico,La Paz
IMG_9989.jpg,Mexico,La Paz
IMG_9990.jpg,Mexico,La Paz
IMG_9998.jpg,Mexico,La Paz
IMG_9999.jpg,Mexico,La Paz
20250605_104205.jpg,Mexico,La Paz
20250605_104350.jpg,Mexico,La Paz
20250605_104911.jpg,Mexico,La Paz
20250605_105104.jpg,Mexico,La Paz
20250605_105225.jpg,Mexico,La Paz
20250605_105256.jpg,Mexico,La Paz
20250605_105407.jpg,Mexico,La Paz
20250605_105600.jpg,Mexico,La Paz
20250605_105605.jpg,Mexico,La Paz
20250605_110040.jpg,Mexico,La Paz
20250605_110600.jpg,Mexico,La Paz
20250605_110804.jpg,Mexico,La Paz
20250605_110821.jpg,Mexico,La Paz
20250605_111143.jpg,Mexico,La Paz
20250605_111235.jpg,Mexico,La Paz
20250605_111456.jpg,Mexico,La Paz
20250605_111518.jpg,Mexico,La Paz
20250605_111533.jpg,Mexico,La Paz
20250605_111550.jpg,Mexico,La Paz
20250605_112100.jpg,Mexico,La Paz
20250605_112800.jpg,Mexico,La Paz
20250605_113132.jpg,Mexico,La Paz
20250605_113539.jpg,Mexico,La Paz
20250605_113551.jpg,Mexico,La Paz
20250605_113833.jpg,Mexico,La Paz
20250605_114140.jpg,Mexico,La Paz
20250605_115241.jpg,Mexico,La Paz
20250605_115615.jpg,Mexico,La Paz
20250605_115727.jpg,Mexico,La Paz
20250605_120320.jpg,Mexico,La Paz
20250605_120511.jpg,Mexico,La Paz
20250605_120745.jpg,Mexico,La Paz
20250605_120853.jpg,Mexico,La Paz
20250605_121009.jpg,Mexico,La Paz
20250605_122237.jpg,Mexico,La Paz
20250614_093554.jpg,Mexico,La Paz
20250614_093617.jpg,Mexico,La Paz
20250614_101432.jpg,Mexico,La Paz
20250614_102337.jpg,Mexico,La Paz
20250614_103558.jpg,Mexico,La Paz
20250614_104529.jpg,Mexico,La Paz
20250614_104538.jpg,Mexico,La Paz
20250614_105108.jpg,Mexico,La Paz
20250614_105435.jpg,Mexico,La Paz
20250614_105523.jpg,Mexico,La Paz
20250614_105940.jpg,Mexico,La Paz
20250614_110014.jpg,Mexico,La Paz
20250614_110148.jpg,Mexico,La Paz
20250614_110456.jpg,Mexico,La Paz
20250614_110519.jpg,Mexico,La Paz
20250614_110809.jpg,Mexico,La Paz
20250614_111457.jpg,Mexico,La Paz
20250614_111937.jpg,Mexico,La Paz
20250614_111959.jpg,Mexico,La Paz
20250614_112353.jpg,Mexico,La Paz
20250614_112427.jpg,Mexico,La Paz
20250614_113733.jpg,Mexico,La Paz
20250614_113819.jpg,Mexico,La Paz
20250614_113832.jpg,Mexico,La Paz
20250614_120028.jpg,Mexico,La Paz
20250614_120814.jpg,Mexico,La Paz
20250614_121137.jpg,Mexico,La Paz
20250614_121246.jpg,Mexico,La Paz
20250614_121440.jpg,Mexico,La Paz
20250614_121807.jpg,Mexico,La Paz
20250614_122131.jpg,Mexico,La Paz
20250614_122144.jpg,Mexico,La Paz
20250614_122941.jpg,Mexico,La Paz
20250614_122946.jpg,Mexico,La Paz
20250614_123945.jpg,Mexico,La Paz
20250614_124322.jpg,Mexico,La Paz
20250614_130218.jpg,Mexico,La Paz
20250614_130244.jpg,Mexico,La Paz
20250614_163346.jpg,Mexico,La Paz
20250614_164304.jpg,Mexico,La Paz
20250614_164449.jpg,Mexico,La Paz
20250614_171357.jpg,Mexico,La Paz
20250614_171434.jpg,Mexico,La Paz
20250614_172349.jpg,Mexico,La Paz
20250614_173145.jpg,Mexico,La Paz
20250614_180347.jpg,Mexico,La Paz
20250614_180746.jpg,Mexico,La Paz
20250614_181318.jpg,Mexico,La Paz
20250614_182218.jpg,Mexico,La Paz
20250614_182520.jpg,Mexico,La Paz
20250614_182546.jpg,Mexico,La Paz
20250614_183330.jpg,Mexico,La Paz
20250614_183501.jpg,Mexico,La Paz
20250614_184040.jpg,Mexico,La Paz
20250614_184251.jpg,Mexico,La Paz
20250614_184450.jpg,Mexico,La Paz
20250614_184518.jpg,Mexico,La Paz
20250615_134719.jpg,Mexico,La Paz
20250626_074526.jpg,Mexico,La Paz
20250626_081505.jpg,Mexico,La Paz
20250626_092623.jpg,Mexico,La Paz
20250626_092834.jpg,Mexico,La Paz
IMG_0063.jpg,Mexico,La Paz
IMG_0065.jpg,Mexico,La Paz
IMG_0067.jpg,Mexico,La Paz
IMG_2868.jpg,Mexico,Mexico City
IMG_3289.jpg,Mexico,Mexico City
IMG_3506.jpg,Mexico,Mexico City
IMG_4007-1.jpg,Mexico,Mexico City
IMG_4294.jpg,Mexico,Mexico City
IMG_4678.jpg,Mexico,Mexico City
IMG_6286.jpg,Mexico,La Paz
IMG_6293.jpg,Mexico,La Paz
IMG_6294.jpg,Mexico,La Paz
IMG_6309.jpg,Mexico,La Paz
IMG_6311.jpg,Mexico,La Paz
IMG_6315.jpg,Mexico,La Paz
IMG_6317.jpg,Mexico,La Paz
IMG_6320.jpg,Mexico,La Paz
IMG_6325.jpg,Mexico,La Paz
IMG_6329.jpg,Mexico,La Paz
IMG_6345.jpg,Mexico,La Paz
IMG_6383.jpg,Mexico,La Paz
IMG_6402.jpg,Mexico,La Paz
IMG_6424.jpg,Mexico,La Paz
IMG_6437.jpg,Mexico,La Paz
IMG_6493.jpg,Mexico,La Paz
IMG_6500.jpg,Mexico,La Paz
IMG_6518.jpg,Mexico,La Paz
IMG_6537.jpg,Mexico,La Paz
IMG_6543.jpg,Mexico,La Paz
IMG_6562.jpg,Mexico,La Paz
IMG_6576.jpg,Mexico,La Paz
IMG_6585.jpg,Mexico,La Paz
IMG_6590.jpg,Mexico,La Paz
IMG_6595.jpg,Mexico,La Paz
IMG_6600.jpg,Mexico,La Paz
IMG_6601.jpg,Mexico,La Paz
IMG_6604.jpg,Mexico,La Paz
IMG_6606.jpg,Mexico,La Paz
IMG_6612.jpg,Mexico,La Paz
IMG_6614.jpg,Mexico,La Paz
IMG_6619.jpg,Mexico,La Paz
IMG_6638.jpg,Mexico,La Paz
IMG_6641.jpg,Mexico,La Paz
IMG_6645.jpg,Mexico,La Paz
IMG_6781.jpg,Mexico,La Paz
IMG_6785.jpg,Mexico,La Paz
IMG_6801.jpg,Mexico,La Paz
IMG_6815.jpg,Mexico,La Paz
IMG_6839.jpg,Mexico,La Paz
IMG_6858.jpg,Mexico,La Paz
IMG_6862.jpg,Mexico,La Paz
IMG_6894.jpg,Mexico,La Paz
IMG_6918.jpg,Mexico,La Paz
IMG_6933.jpg,Mexico,La Paz
IMG_6945.jpg,Mexico,La Paz
IMG_6952.jpg,Mexico,La Paz
IMG_6963.jpg,Mexico,La Paz
IMG_6973.jpg,Mexico,La Paz
IMG_6979.jpg,Mexico,La Paz
IMG_7001.jpg,Mexico,La Paz
IMG_7002.jpg,Mexico,La Paz
IMG_7004.jpg,Mexico,La Paz
IMG_9713.jpg,Mexico,La Paz
IMG_9714.jpg,Mexico,La Paz
IMG_9721.jpg,Mexico,La Paz
IMG_9722.jpg,Mexico,La Paz
IMG_9738.jpg,Mexico,La Paz
IMG_9805.jpg,Mexico,La Paz
IMG_9806.jpg,Mexico,La Paz
IMG_9868.jpg,Mexico,La Paz
IMG_9873.jpg,Mexico,La Paz
IMG_9874.jpg,Mexico,La Paz
IMG_9877.jpg,Mexico,La Paz
IMG_9890.jpg,Mexico,La Paz
IMG_9922.jpg,Mexico,La Paz
IMG_9923.jpg,Mexico,La Paz
IMG_9932.jpg,Mexico,La Paz
IMG_9937.jpg,Mexico,La Paz
IMG_9944.jpg,Mexico,La Paz
IMG_9947.jpg,Mexico,La Paz
IMG_9956.jpg,Mexico,La Paz
IMG_9959.jpg,Mexico,La Paz
IMG_9973.jpg,Mexico,La Paz
IMG_9987.jpg,Mexico,La Paz
IMG_9993.jpg,Mexico,La Paz
IMG_9994.jpg,Mexico,La Paz
20250614_103219.jpg,Mexico,La Paz
20250614_104801.jpg,Mexico,La Paz
20250614_105225.jpg,Mexico,La Paz
20250614_110210.jpg,Mexico,La Paz
20250614_111009.jpg,Mexico,La Paz
20250614_111020.jpg,Mexico,La Paz
20250614_111135.jpg,Mexico,La Paz
20250614_112342.jpg,Mexico,La Paz
20250614_112442.jpg,Mexico,La Paz
20250614_113930.jpg,Mexico,La Paz
20250614_121651.jpg,Mexico,La Paz
20250614_123743.jpg,Mexico,La Paz
20250614_165505.jpg,Mexico,La Paz
20250614_172934.jpg,Mexico,La Paz
20250614_172944.jpg,Mexico,La Paz
20250626_082716.jpg,Mexico,La Paz
20250626_092649.jpg,Mexico,La Paz
IMG_0078.jpg,Mexico,La Paz
IMG_4781.jpg,Mexico,Mexico City
IMG_6354.jpg,Mexico,La Paz
IMG_6616.jpg,Mexico,La Paz
IMG_6643.jpg,Mexico,La Paz
IMG_6774.jpg,Mexico,La Paz
IMG_6791.jpg,Mexico,La Paz
IMG_6840.jpg,Mexico,La Paz
IMG_6914.jpg,Mexico,La Paz
IMG_6930.jpg,Mexico,La Paz
IMG_9701.jpg,Mexico,La Paz
IMG_9720.jpg,Mexico,La Paz
IMG_9747.jpg,Mexico,La Paz
IMG_9811.jpg,Mexico,La Paz
IMG_9902.jpg,Mexico,La Paz
IMG_9965.jpg,Mexico,La Paz
IMG_9966.jpg,Mexico,La Paz
20250605_111638.jpg,Mexico,La Paz
20250605_112205.jpg,Mexico,La Paz
20250605_112247.jpg,Mexico,La Paz
20250605_115359.jpg,Mexico,La Paz
20250605_120005.jpg,Mexico,La Paz
20250614_101817.jpg,Mexico,La Paz
20250614_101834.jpg,Mexico,La Paz
20250614_102325.jpg,Mexico,La Paz
20250614_103012.jpg,Mexico,La Paz
20250614_103826.jpg,Mexico,La Paz
20250614_105716.jpg,Mexico,La Paz
20250614_105841.jpg,Mexico,La Paz
20250614_111703.jpg,Mexico,La Paz
20250614_112317.jpg,Mexico,La Paz
20250614_113157.jpg,Mexico,La Paz
20250614_114902.jpg,Mexico,La Paz
20250614_120033.jpg,Mexico,La Paz
20250614_120220.jpg,Mexico,La Paz
20250614_120522.jpg,Mexico,La Paz
20250614_120551.jpg,Mexico,La Paz
20250614_120637.jpg,Mexico,La Paz
20250614_121236.jpg,Mexico,La Paz
20250614_121531.jpg,Mexico,La Paz
20250614_122751.jpg,Mexico,La Paz
20250614_123049.jpg,Mexico,La Paz
20250614_123622.jpg,Mexico,La Paz
20250614_124731.jpg,Mexico,La Paz
20250614_130002.jpg,Mexico,La Paz
20250614_130203.jpg,Mexico,La Paz
20250614_130207.jpg,Mexico,La Paz
20250614_130307.jpg,Mexico,La Paz
20250614_163342.jpg,Mexico,La Paz
20250614_165141.jpg,Mexico,La Paz
20250614_165149.jpg,Mexico,La Paz
20250614_165339.jpg,Mexico,La Paz
20250614_165551.jpg,Mexico,La Paz
20250614_171248.jpg,Mexico,La Paz
20250614_171418.jpg,Mexico,La Paz
20250614_172629.jpg,Mexico,La Paz
20250614_173135.jpg,Mexico,La Paz
20250614_174733.jpg,Mexico,La Paz
20250614_174748.jpg,Mexico,La Paz
20250614_175202.jpg,Mexico,La Paz
20250614_180328.jpg,Mexico,La Paz
20250614_180803.jpg,Mexico,La Paz
20250614_182941.jpg,Mexico,La Paz
20250614_183029.jpg,Mexico,La Paz
20250614_183249.jpg,Mexico,La Paz
20250614_183326.jpg,Mexico,La Paz
20250614_184546.jpg,Mexico,La Paz
20250626_073244.jpg,Mexico,La Paz
20250626_082550.jpg,Mexico,La Paz
20250626_084618.jpg,Mexico,La Paz
20250626_092336.jpg,Mexico,La Paz
IMG_0027.jpg,Mexico,La Paz
IMG_0042.jpg,Mexico,La Paz
IMG_0066.jpg,Mexico,La Paz
IMG_0068.jpg,Mexico,La Paz
IMG_6289.jpg,Mexico,La Paz
IMG_6307.jpg,Mexico,La Paz
IMG_6319.jpg,Mexico,La Paz
IMG_6378.jpg,Mexico,La Paz
IMG_6438.jpg,Mexico,La Paz
IMG_6510.jpg,Mexico,La Paz
IMG_6538.jpg,Mexico,La Paz
IMG_6552.jpg,Mexico,La Paz
IMG_6627.jpg,Mexico,La Paz
IMG_6631.jpg,Mexico,La Paz
IMG_6639.jpg,Mexico,La Paz
IMG_6649.jpg,Mexico,La Paz
IMG_6806.jpg,Mexico,La Paz
IMG_6829.jpg,Mexico,La Paz
IMG_6895.jpg,Mexico,La Paz
IMG_6913.jpg,Mexico,La Paz
IMG_6937.jpg,Mexico,La Paz
IMG_6943.jpg,Mexico,La Paz
IMG_6975.jpg,Mexico,La Paz
IMG_6998.jpg,Mexico,La Paz
IMG_7006.jpg,Mexico,La Paz
IMG_9726.jpg,Mexico,La Paz
IMG_9754.jpg,Mexico,La Paz
IMG_9771.jpg,Mexico,La Paz
IMG_9848.jpg,Mexico,La Paz
IMG_9854.jpg,Mexico,La Paz
IMG_9855.jpg,Mexico,La Paz
IMG_9864.jpg,Mexico,La Paz
IMG_9903.jpg,Mexico,La Paz
IMG_9921.jpg,Mexico,La Paz
IMG_9942.jpg,Mexico,La Paz
IMG_9950.jpg,Mexico,La Paz
IMG_9953.jpg,Mexico,La Paz
IMG_9962.jpg,Mexico,La Paz
IMG_9974.jpg,Mexico,La Paz
IMG_9984.jpg,Mexico,La Paz
IMG_9985.jpg,Mexico,La Paz
IMG_6522.jpg,Mexico,La Paz
IMG_6651.jpg,Mexico,La Paz
IMG_6822.jpg,Mexico,La Paz
IMG_6986.jpg,Mexico,La Paz
IMG_9696.jpg,Mexico,La Paz
1005338260_2701_0.jpg,Portugal,Lisbon
208261353_264_0.jpg,Portugal,Lisbon
208587569_281_0.jpg,Portugal,Lisbon
208587569_281_2.jpg,Portugal,Lisbon
209224949_289_0.jpg,Portugal,Lisbon
209224962_302_0.jpg,Portugal,Lisbon
209224962_302_1.jpg,Portugal,Lisbon
209356625_327_0.jpg,Portugal,Lisbon
211288164_334_0.jpg,Portugal,Lisbon
211288164_334_2.jpg,Portugal,Lisbon
277526675_567_1.jpg,Portugal,Lisbon
291782427_584_0.jpg,Portugal,Lisbon
291782427_584_1.jpg,Portugal,Lisbon
303925657_639_0.jpg,Portugal,Lisbon
303925657_639_2.jpg,Portugal,Lisbon
304358816_689_1.jpg,Portugal,Lisbon
304358816_689_2.jpg,Portugal,Lisbon
419369324_1020_1.jpg,Portugal,Lisbon
419369439_1135_1.jpg,Portugal,Lisbon
419369439_1135_2.jpg,Portugal,Lisbon
419369441_1137_1.jpg,Portugal,Lisbon
425467220_1239_1.jpg,Portugal,Lisbon
432043212_1302_0.jpg,Portugal,Lisbon
547705642_1393_0.jpg,Portugal,Lisbon
547705654_1405_0.jpg,Portugal,Lisbon
626330632_1474_2.jpg,Portugal,Lisbon
708518626_1720_0.jpg,Portugal,Lisbon
772148355_1900_2.jpg,Portugal,Lisbon
810768346_1909_0.jpg,Portugal,Lisbon
810768346_1909_1.jpg,Portugal,Lisbon
895618759_2102_1.jpg,Portugal,Lisbon
895618759_2102_2.jpg,Portugal,Lisbon
895895717_2131_0.jpg,Portugal,Lisbon
895895719_2132_1.jpg,Portugal,Lisbon
97680567_78_1.jpg,Portugal,Lisbon
987156828_2237_2.jpg,Portugal,Lisbon
987801883_2371_2.jpg,Portugal,Lisbon
987801885_2373_0.jpg,Portugal,Lisbon
987801891_2379_1.jpg,Portugal,Lisbon
987807584_2397_0.jpg,Portugal,Lisbon
987959532_2481_1.jpg,Portugal,Lisbon
988282698_2582_1.jpg,Portugal,Lisbon
988282703_2587_0.jpg,Portugal,Lisbon
988282704_2588_0.jpg,Portugal,Lisbon
988282704_2588_1.jpg,Portugal,Lisbon
1005432323_2746_0.jpg,Portugal,Lisbon
1005432323_2746_1.jpg,Portugal,Lisbon
1005432340_2763_0.jpg,Portugal,Lisbon
1005432340_2763_1.jpg,Portugal,Lisbon
1005432340_2763_2.jpg,Portugal,Lisbon
1005432356_2779_1.jpg,Portugal,Lisbon
1005432356_2779_2.jpg,Portugal,Lisbon
1005432388_2811_0.jpg,Portugal,Lisbon
1005432388_2811_2.jpg,Portugal,Lisbon
1005432389_2812_0.jpg,Portugal,Lisbon
1005432389_2812_2.jpg,Portugal,Lisbon
1005432394_2817_0.jpg,Portugal,Lisbon
1005432394_2817_1.jpg,Portugal,Lisbon
1005432394_2817_2.jpg,Portugal,Lisbon
1005432397_2820_1.jpg,Portugal,Lisbon
1005432407_2830_0.jpg,Portugal,Lisbon
1005432407_2830_1.jpg,Portugal,Lisbon
131903600_118_2.jpg,Portugal,Lisbon
138112342_125_0.jpg,Portugal,Lisbon
138112342_125_1.jpg,Portugal,Lisbon
188158433_163_1.jpg,Portugal,Lisbon
206457118_234_0.jpg,Portugal,Lisbon
206457118_234_1.jpg,Portugal,Lisbon
207662487_249_0.jpg,Portugal,Lisbon
207662487_249_1.jpg,Portugal,Lisbon
208587574_286_0.jpg,Portugal,Lisbon
208587574_286_1.jpg,Portugal,Lisbon
208587574_286_2.jpg,Portugal,Lisbon
209356619_321_2.jpg,Portugal,Lisbon
238848327_437_0.jpg,Portugal,Lisbon
238848327_437_2.jpg,Portugal,Lisbon
242499852_472_2.jpg,Portugal,Lisbon
303371900_598_0.jpg,Portugal,Lisbon
303925239_615_1.jpg,Portugal,Lisbon
303925239_615_2.jpg,Portugal,Lisbon
337101161_836_0.jpg,Portugal,Lisbon
337101179_838_0.jpg,Portugal,Lisbon
337101179_838_1.jpg,Portugal,Lisbon
419369385_1081_2.jpg,Portugal,Lisbon
419369394_1090_0.jpg,Portugal,Lisbon
419369394_1090_1.jpg,Portugal,Lisbon
421920059_1200_1.jpg,Portugal,Lisbon
421920059_1200_2.jpg,Portugal,Lisbon
432043224_1314_0.jpg,Portugal,Lisbon
600406765_1463_0.jpg,Portugal,Lisbon
663051574_1508_1.jpg,Portugal,Lisbon
663051574_1508_2.jpg,Portugal,Lisbon
705096839_1627_0.jpg,Portugal,Lisbon
708532602_1766_0.jpg,Portugal,Lisbon
987801881_2369_0.jpg,Portugal,Lisbon
987801881_2369_1.jpg,Portugal,Lisbon
987801885_2373_2.jpg,Portugal,Lisbon
987959503_2452_0.jpg,Portugal,Lisbon
987959503_2452_1.jpg,Portugal,Lisbon
987959503_2452_2.jpg,Portugal,Lisbon
987959504_2453_1.jpg,Portugal,Lisbon
987959504_2453_2.jpg,Portugal,Lisbon
987959507_2456_1.jpg,Portugal,Lisbon
987959507_2456_2.jpg,Portugal,Lisbon
987959509_2458_0.jpg,Portugal,Lisbon
987959509_2458_1.jpg,Portugal,Lisbon
987959510_2459_0.jpg,Portugal,Lisbon
987959510_2459_2.jpg,Portugal,Lisbon
987959511_2460_1.jpg,Portugal,Lisbon
987959511_2460_2.jpg,Portugal,Lisbon
987959512_2461_1.jpg,Portugal,Lisbon
987959512_2461_2.jpg,Portugal,Lisbon
987959513_2462_1.jpg,Portugal,Lisbon
987959514_2463_0.jpg,Portugal,Lisbon
987959514_2463_1.jpg,Portugal,Lisbon
987959515_2464_1.jpg,Portugal,Lisbon
987959515_2464_2.jpg,Portugal,Lisbon
987959521_2470_0.jpg,Portugal,Lisbon
987959521_2470_1.jpg,Portugal,Lisbon
987959521_2470_2.jpg,Portugal,Lisbon
987959522_2471_0.jpg,Portugal,Lisbon
987959523_2472_1.jpg,Portugal,Lisbon
987959523_2472_2.jpg,Portugal,Lisbon
987959525_2474_0.jpg,Portugal,Lisbon
987959527_2476_0.jpg,Portugal,Lisbon
987959527_2476_2.jpg,Portugal,Lisbon
987959528_2477_0.jpg,Portugal,Lisbon
987959528_2477_1.jpg,Portugal,Lisbon
987959528_2477_2.jpg,Portugal,Lisbon
987959531_2480_1.jpg,Portugal,Lisbon
987959533_2482_0.jpg,Portugal,Lisbon
987959533_2482_1.jpg,Portugal,Lisbon
987959539_2488_0.jpg,Portugal,Lisbon
987959539_2488_1.jpg,Portugal,Lisbon
987959539_2488_2.jpg,Portugal,Lisbon
987959544_2493_1.jpg,Portugal,Lisbon
987959544_2493_2.jpg,Portugal,Lisbon
987959545_2494_0.jpg,Portugal,Lisbon
987959547_2496_0.jpg,Portugal,Lisbon
987959547_2496_1.jpg,Portugal,Lisbon
987959547_2496_2.jpg,Portugal,Lisbon
987959552_2501_2.jpg,Portugal,Lisbon
987959556_2505_1.jpg,Portugal,Lisbon
987959557_2506_1.jpg,Portugal,Lisbon
987959557_2506_2.jpg,Portugal,Lisbon
987959559_2508_0.jpg,Portugal,Lisbon
987959559_2508_2.jpg,Portugal,Lisbon
987959560_2509_0.jpg,Portugal,Lisbon
987959560_2509_1.jpg,Portugal,Lisbon
987959560_2509_2.jpg,Portugal,Lisbon
987959562_2511_0.jpg,Portugal,Lisbon
987959562_2511_1.jpg,Portugal,Lisbon
987959565_2514_1.jpg,Portugal,Lisbon
987959565_2514_2.jpg,Portugal,Lisbon
987959566_2515_0.jpg,Portugal,Lisbon
987959566_2515_1.jpg,Portugal,Lisbon
987959566_2515_2.jpg,Portugal,Lisbon
987959572_2521_1.jpg,Portugal,Lisbon
987959579_2528_1.jpg,Portugal,Lisbon
987959580_2529_1.jpg,Portugal,Lisbon
987959581_2530_0.jpg,Portugal,Lisbon
987959581_2530_2.jpg,Portugal,Lisbon
987959583_2532_0.jpg,Portugal,Lisbon
987959583_2532_1.jpg,Portugal,Lisbon
987959586_2535_0.jpg,Portugal,Lisbon
987959586_2535_2.jpg,Portugal,Lisbon
987959587_2536_1.jpg,Portugal,Lisbon
987959587_2536_2.jpg,Portugal,Lisbon
987959588_2537_0.jpg,Portugal,Lisbon
987959589_2538_0.jpg,Portugal,Lisbon
987959589_2538_1.jpg,Portugal,Lisbon
987959589_2538_2.jpg,Portugal,Lisbon
987959590_2539_1.jpg,Portugal,Lisbon
987959590_2539_2.jpg,Portugal,Lisbon
987959593_2542_1.jpg,Portugal,Lisbon
987959593_2542_2.jpg,Portugal,Lisbon
987959594_2543_0.jpg,Portugal,Lisbon
988289698_2646_0.jpg,Portugal,Lisbon
1005360809_2732_0.jpg,Portugal,Lisbon
206457108_224_0.jpg,Portugal,Lisbon
206457108_224_2.jpg,Portugal,Lisbon
208587560_272_1.jpg,Portugal,Lisbon
226740038_390_0.jpg,Portugal,Lisbon
238480197_418_0.jpg,Portugal,Lisbon
303371900_598_2.jpg,Portugal,Lisbon
337101178_837_0.jpg,Portugal,Lisbon
337101178_837_1.jpg,Portugal,Lisbon
337101178_837_2.jpg,Portugal,Lisbon
419369367_1063_1.jpg,Portugal,Lisbon
419369367_1063_2.jpg,Portugal,Lisbon
419369374_1070_0.jpg,Portugal,Lisbon
419369374_1070_1.jpg,Portugal,Lisbon
419369374_1070_2.jpg,Portugal,Lisbon
419369377_1073_0.jpg,Portugal,Lisbon
419369382_1078_0.jpg,Portugal,Lisbon
419369382_1078_1.jpg,Portugal,Lisbon
419369385_1081_0.jpg,Portugal,Lisbon
419369385_1081_1.jpg,Portugal,Lisbon
419369389_1085_1.jpg,Portugal,Lisbon
419369389_1085_2.jpg,Portugal,Lisbon
419369392_1088_0.jpg,Portugal,Lisbon
419369395_1091_1.jpg,Portugal,Lisbon
419369395_1091_2.jpg,Portugal,Lisbon
419369397_1093_0.jpg,Portugal,Lisbon
419369397_1093_1.jpg,Portugal,Lisbon
419369406_1102_0.jpg,Portugal,Lisbon
419369406_1102_2.jpg,Portugal,Lisbon
419369407_1103_0.jpg,Portugal,Lisbon
419369411_1107_2.jpg,Portugal,Lisbon
419369412_1108_1.jpg,Portugal,Lisbon
419369417_1113_0.jpg,Portugal,Lisbon
419369441_1137_0.jpg,Portugal,Lisbon
432043179_1272_0.jpg,Portugal,Lisbon
547705647_1398_0.jpg,Portugal,Lisbon
547706975_1412_1.jpg,Portugal,Lisbon
705097481_1644_0.jpg,Portugal,Lisbon
708532601_1765_0.jpg,Portugal,Lisbon
855943890_1928_0.jpg,Portugal,Lisbon
855943890_1928_1.jpg,Portugal,Lisbon
855943890_1928_2.jpg,Portugal,Lisbon
870968601_2061_0.jpg,Portugal,Lisbon
870968603_2063_0.jpg,Portugal,Lisbon
870968607_2067_0.jpg,Portugal,Lisbon
902259238_2179_0.jpg,Portugal,Lisbon
987168455_2299_0.jpg,Portugal,Lisbon
987168465_2309_0.jpg,Portugal,Lisbon
987168465_2309_1.jpg,Portugal,Lisbon
987168469_2313_0.jpg,Portugal,Lisbon
987168475_2319_0.jpg,Portugal,Lisbon
987959540_2489_0.jpg,Portugal,Lisbon
987959540_2489_1.jpg,Portugal,Lisbon
987959540_2489_2.jpg,Portugal,Lisbon
987959552_2501_0.jpg,Portugal,Lisbon
988282688_2572_1.jpg,Portugal,Lisbon
988282695_2579_0.jpg,Portugal,Lisbon
988282695_2579_1.jpg,Portugal,Lisbon
988282701_2585_1.jpg,Portugal,Lisbon
988282701_2585_2.jpg,Portugal,Lisbon
1003_1.jpg,,
1016.JPG,,
1020-1.jpg,,
1086.jpg,,
1086_1.jpg,,
1102_1.jpg,,
1127.jpg,,
1157-1.jpg,,
1157-1_1.jpg,,
1173.jpg,,
1252_1.JPG,,
1292.jpg,,
1335-1.jpg,,
1354_1.jpg,,
1448.jpg,,
1448_1.jpg,,
1454.jpg,,
1474_1.jpg,,
154.jpg,,
1684.jpg,,
1705.jpg,,
1756.jpg,,
1758-1.jpg,,
179.jpg,,
1874.jpg,,
1882-1.jpg,,
189.JPG,,
1911.jpg,,
1964-2.jpg,,
2023.jpg,,
2028.jpg,,
2071-3.jpg,,
2137-3.jpg,,
2145.jpg,,
2211-2.jpg,,
2213.jpg,,
2290-1.jpg,,
2313.jpg,,
2351-1.jpg,,
2351-3.jpg,,
2352.jpg,,
2432-1.jpg,,
2454.jpg,,
2467-5.jpg,,
2468.jpg,,
2514.jpg,,
2542-1.jpg,,
2542-2.jpg,,
2603-1.jpg,,
2619.JPG,,
2624.jpg,,
2666-1.jpg,,
2688.jpg,,
2738.jpg,,
2753.jpg,,
2761-1.jpg,,
2834.jpg,,
2860.jpg,,
2972.jpg,,
3005.jpg,,
302-1.jpg,,
3063-1.jpg,,
3063-2.jpg,,
3082-1.jpg,,
3082.jpg,,
315.jpg,,
3151.jpg,,
316-1.jpg,,
3191-1.jpg,,
3236-1.jpg,,
3236-2.jpg,,
3270.jpg,,
3285.jpg,,
3350-3.jpg,,
3369.jpg,,
3404.jpg,,
3406-1.jpg,,
3418.jpg,,
3442-1.jpg,,
3454.JPG,,
3466.jpg,,
348-1.jpg,,
350.jpg,,
3516.jpg,,
3531.jpg,,
3539-1.jpg,,
3539-2.jpg,,
355-1.jpg,,
3615-2.jpg,,
3615-3.jpg,,
3615-6.jpg,,
3655.jpg,,
367-2.jpg,,
3671.jpg,,
3715-1.jpg,,
3715-4.jpg,,
3748-2.jpg,,
3789-1.jpg,,
3789-3.jpg,,
3800-1.jpg,,
3829-3.jpg,,
3888.jpg,,
3917-1.jpg,,
3967.jpg,,
3969-2.jpg,,
3979.jpg,,
4079.jpg,,
4085.jpg,,
410-1.jpg,,
416.jpg,,
4183.jpg,,
4184-3.jpg,,
4194.jpg,,
4293.jpg,,
4307.jpg,,
4318.jpg,,
4319.jpg,,
4344.jpg,,
4379.jpg,,
44-1.jpg,,
45.jpg,,
455.jpg,,
4572.jpg,,
4577.jpg,,
462.jpg,,
4642.jpg,,
480.jpg,,
528.jpg,,
550-1.jpg,,
713.jpg,,
718-2.jpg,,
813.jpg,,
822.jpg,,
871.jpg,,
884.jpg,,
914.JPG,,
946.jpg,,
970.jpg,,
1054.JPG,,
1054_1.JPG,,
1061_1.JPG,,
1067_1.jpg,,
1076.jpg,,
1076_1.jpg,,
1077-2.jpg,,
1077-2_1.jpg,,
1096_1.jpg,,
1122-1.jpg,,
1122-1_1.jpg,,
1122-2.jpg,,
1156.jpg,,
1156_1.jpg,,
1192-1.jpg,,
1192-1_1.jpg,,
1198.jpg,,
1198_1.JPG,,
1211_1.JPG,,
1215.JPG,,
1246_1.JPG,,
125_1.jpg,,
1261_1.JPG,,
1268.jpg,,
1268_1.jpg,,
1279_1.jpg,,
1283.jpg,,
1283_1.JPG,,
1284.jpg,,
1309.jpg,,
1331.jpg,,
1332.jpg,,
1386.jpg,,
1396.jpg,,
1428.jpg,,
143_1.JPG,,
1446.jpg,,
1459.jpg,,
1510.jpg,,
153.jpg,,
153_1.jpg,,
1544.jpg,,
1544_1.jpg,,
1571-1.jpg,,
16.jpg,,
1612.jpg,,
1613.JPG,,
1617.JPG,,
1637-1.jpg,,
1642.jpg,,
1645.jpg,,
1661.jpg,,
1687.JPG,,
1700.jpg,,
1729.jpg,,
1775.jpg,,
178.jpg,,
1792.jpg,,
1796.jpg,,
1807.jpg,,
1870.jpg,,
1878.jpg,,
1886.jpg,,
189.jpg,,
1909-1.jpg,,
1916-1.jpg,,
1916-2.jpg,,
1930.jpg,,
1932.jpg,,
1967.jpg,,
2083.jpg,,
210.jpg,,
2106.jpg,,
2136.jpg,,
2137-2.jpg,,
2137-4.jpg,,
2144.jpg,,
2181.jpg,,
220.jpg,,
2202.jpg,,
2204-1.jpg,,
2230.jpg,,
2235.jpg,,
2238-1.jpg,,
2254.jpg,,
2255.jpg,,
2257.jpg,,
2267.JPG,,
228.jpg,,
2304.jpg,,
2331.jpg,,
2335.jpg,,
2345.JPG,,
2351-2.jpg,,
2380.jpg,,
2382.jpg,,
2386-1.jpg,,
2386-3.jpg,,
2399.JPG,,
2405.JPG,,
2457.jpg,,
2473.jpg,,
2478.jpg,,
2494.jpg,,
2503-1.jpg,,
2512.jpg,,
2518.jpg,,
2522.jpg,,
253.jpg,,
2535.jpg,,
257-2.jpg,,
2577.jpg,,
2653.jpg,,
2706-2.jpg,,
2715.jpg,,
2738.jpg,,
2763.jpg,,
2775.jpg,,
2793.jpg,,
2811-2.jpg,,
2824.jpg,,
2834.jpg,,
2852.jpg,,
2925.jpg,,
2953.jpg,,
2962.jpg,,
2979.jpg,,
2983.jpg,,
2991.JPG,,
3008.jpg,,
3060.jpg,,
3067.jpg,,
3081.jpg,,
3088-1.jpg,,
3092.jpg,,
312.jpg,,
3161-1.jpg,,
317.jpg,,
3172.jpg,,
3271.jpg,,
3273.jpg,,
3289.jpg,,
3294-2.jpg,,
3295.jpg,,
3321.jpg,,
3324.jpg,,
3331.jpg,,
3337.jpg,,
3339.jpg,,
3345.jpg,,
3372.jpg,,
3376.jpg,,
3386.jpg,,
3424.jpg,,
3433.jpg,,
3445.jpg,,
3446.JPG,,
3449.jpg,,
3451.jpg,,
3460-1.jpg,,
3460-2.jpg,,
3471.jpg,,
3480.jpg,,
349.JPG,,
3491.jpg,,
3497.jpg,,
350.jpg,,
3502-1.jpg,,
3528-2.jpg,,
3530-2.jpg,,
3533.jpg,,
3537.jpg,,
3550.jpg,,
356.jpg,,
3562.jpg,,
3567-1.jpg,,
3582.JPG,,
3595.jpg,,
3611.jpg,,
3612.jpg,,
3615-5.jpg,,
3624.JPG,,
3626.jpg,,
3644.jpg,,
3645.jpg,,
3656-2.jpg,,
3660.JPG,,
3666.jpg,,
368-1.jpg,,
3693.jpg,,
3696.jpg,,
3697.jpg,,
37.jpg,,
3714-1.jpg,,
3714-2.jpg,,
3723-1.jpg,,
3725-1.jpg,,
3725-2.jpg,,
3732.jpg,,
3774.jpg,,
3776-1.jpg,,
3776-2.jpg,,
3776-3.jpg,,
3789-2.jpg,,
3807-1.jpg,,
3820.jpg,,
3829-2.jpg,,
3837.jpg,,
3841.jpg,,
3848.jpg,,
3869-2.jpg,,
3879.jpg,,
3887.JPG,,
3890-1.jpg,,
3901-3.jpg,,
3908.jpg,,
3916-2.jpg,,
3920.jpg,,
3940.jpg,,
397.jpg,,
3993.jpg,,
3999.JPG,,
4001.jpg,,
4027.jpg,,
4105-1.jpg,,
4127-3.jpg,,
4134-1.jpg,,
4134-3.jpg,,
4139-1.jpg,,
4139-2.jpg,,
4144-3.jpg,,
4145-1.jpg,,
419-1.jpg,,
419-2.jpg,,
4222.jpg,,
423.jpg,,
4267.jpg,,
4272.jpg,,
4295.jpg,,
4384.jpg,,
442.jpg,,
4423.jpg,,
4429.jpg,,
4438.jpg,,
4518.jpg,,
4520.jpg,,
4541.jpg,,
4549.jpg,,
4556.jpg,,
4557.jpg,,
4589.jpg,,
4598.jpg,,
4609.jpg,,
4625.jpg,,
464.jpg,,
4648.jpg,,
4658.jpg,,
4674.jpg,,
4678.jpg,,
4681.JPG,,
469.jpg,,
4695.jpg,,
490.jpg,,
491.jpg,,
503-1.jpg,,
503-2.jpg,,
598.jpg,,
606.jpg,,
608.jpg,,
630.jpg,,
649.jpg,,
69.jpg,,
699-2.jpg,,
72.jpg,,
780.JPG,,
793.jpg,,
804.JPG,,
810.jpg,,
831-2.jpg,,
839-1.jpg,,
889-1.jpg,,
898.jpg,,
907.jpg,,
923.jpg,,
926.jpg,,
927.jpg,,
93.jpg,,
959.jpg,,
964.jpg,,
986.JPG,,
1088-1.jpg,,
1213.jpg,,
1438.jpg,,
1577.jpg,,
1754.jpg,,
210.jpg,,
2372.jpg,,
2812.jpg,,
2838.jpg,,
4058.jpg,,
4062.jpg,,
4203.jpg,,
4266.jpg,,
4322.jpg,,
4327.jpg,,
4328.jpg,,
4698.jpg,,
1077-1.jpg,,
1100.jpg,,
1153.JPG,,
1230.jpg,,
1245.jpg,,
1372.jpg,,
1405.JPG,,
1496.jpg,,
1558.jpg,,
1571.jpg,,
1637-2.jpg,,
1697.JPG,,
1747-1.jpg,,
1896.jpg,,
1958-1.jpg,,
217.jpg,,
2299.JPG,,
2420.jpg,,
2520.jpg,,
2547.JPG,,
2558.jpg,,
2589.jpg,,
2642.JPG,,
2857.jpg,,
2958-1.jpg,,
296.JPG,,
3350-4.jpg,,
343.jpg,,
3530-1.jpg,,
3610-1.jpg,,
367.jpg,,
3719-1.jpg,,
3758.JPG,,
3767-2.jpg,,
3773-4.jpg,,
3976.JPG,,
4000.JPG,,
4038.JPG,,
4046.JPG,,
4104.jpg,,
4129-1.jpg,,
4144-2.jpg,,
4148-1.jpg,,
4513.jpg,,
4603.JPG,,
4617.jpg,,
4629.jpg,,
4636.jpg,,
4639.jpg,,
702.jpg,,
707.jpg,,
889-2.jpg,,
907-2.jpg,,
955.jpg,,
