id,latitude,longitude
568006ed-4e50-4a64-93cf-d1fd8c8721a6,38.701087333481844,-9.20400349081912
0292504b-05a5-4212-9beb-856f56161a0e,38.695850822936215,-9.217359531249551
6600ac7d-456d-47b9-9f44-0c5d9949a002,38.69992013263461,-9.209315523207216
c7ade6f2-f4e0-40cc-8a70-eb5c7bf071f8,38.69931408611263,-9.215036956672206
279fea14-2101-4e6d-896d-fde058dfb37e,38.70022449109836,-9.220065804436544
84d5ca98-8c46-48ad-b12e-99dbec857ccb,38.704730000000005,-9.220177900000001
ce64e932-e675-4f32-a92c-8160c77dcfb6,38.70116316116378,-9.206827738299665
fd05988b-05a4-477b-9da2-1e800cfb2d68,38.698511858200014,-9.201578706823737
69273dd7-9483-4bdc-b5af-9dd3d80489fc,38.704464863968035,-9.202483128805303
cd3f525f-689f-45a7-8f53-a120ffd9ee78,38.70018102956806,-9.203855985982404
7aedc45f-aa44-4784-81fe-26dd5a69c7d9,38.69802038415644,-9.217282822333543
7d178a7e-37a2-47cb-859f-7fa8611bed5f,38.696971067505295,-9.218222111659712
6d12a225-53e9-45a3-ad91-ebaa606f63dc,38.69678183143055,-9.217493005215248
d150deb8-8670-4c89-aa0c-11406d4ea20d,38.69730575137777,-9.194598456590585
11e2099a-eb1e-49ab-9cbc-daf786d6689a,38.697114065451956,-9.201848555594195
05617c02-a7b1-4fe3-8825-fa88a461a8e2,38.69956694712085,-9.222920698955186
9e446e4b-879a-4c26-aa8e-2b62dadf7ce1,38.699750252979854,-9.203481202076448
afe76852-b4f8-4d4c-b6f8-aec85608707f,38.70022802838023,-9.199722536225114
99abcc37-b11f-40a6-a89f-9f5768234abb,38.700236680146034,-9.20223180121008
372c2a49-2f56-410f-b639-ff4ec93be038,38.69448237944838,-9.213572234574139
0d36a968-6c56-4f3a-b1f0-f111d66b5e10,38.701145620099915,-9.22176332863178
c3961c86-58ac-4fa7-8cac-a1b4adfa2901,38.70278350242106,-9.218653182187893
0094b437-a438-43ff-8c68-bd9ccfda8647,38.70308849999999,-9.2163602
da7d23b6-59ba-4c4e-a35a-7895ccc59010,38.69726854688537,-9.210472638158299
6d34bca9-b13e-496d-b9fe-c9dca4da5d82,38.702320199999996,-9.205058899999997
b959afa1-7d9a-4624-8e74-2791567e5b9d,38.70255142900255,-9.202734449736202
2ae9c7ed-f224-4335-8d34-d5657099beb7,38.69998608620813,-9.221066441738595
3083eb76-188f-4e05-97b9-e693893386bc,38.7023166514245,-9.203498103464135
5c69ace7-d24b-4a40-a880-c93153cae5e5,38.69672739313155,-9.217399183322412
fe787f9b-65cd-4f41-bdd8-aeaea887c0c1,38.694629581849654,-9.21658993659638
34c8d896-b13a-469d-8d1b-c5dfd1f9a504,38.69703530322479,-9.198693427836561
0e8e8696-93bc-48f5-9787-959703b17ba1,38.69786890612866,-9.213069434294935
2e158ec9-42da-4ce1-9fee-b1d36f95862b,38.700341348342256,-9.205241770417414
b45ada41-9dc9-4dc0-a087-2fae00e031b8,38.705100258509695,-9.204209479977656
917d9095-7a96-456c-9c7e-14d656be2ce2,38.69664369836077,-9.21716558239932
aaad3adc-35fd-4879-a933-e488e7b8791d,38.69499760228475,-9.218651070665313
f281ef39-5500-4fcd-b32b-845524c094ef,38.698366042306205,-9.214661727486478
c359cf5f-52ed-45f2-96f9-f28074c6db5f,38.69935553322399,-9.204686184841064
a6cb03a5-8d1b-469b-9f94-fb10826cc825,38.69782351591746,-9.201793083731582
34b03e6b-705d-4df1-95b6-1c8345089f8d,38.69714480584669,-9.203243904438327
a61cecff-7738-481b-9158-96a6d87b594b,38.697006116977306,-9.217991948692406
23e3357b-66d6-4882-a106-282ee9795154,38.700589,-9.22492685
5f88e634-646f-455a-a14f-e978291305d5,38.70215447019559,-9.203567023283192
f9ddf066-c48d-4899-bf4e-e44dd3d914d8,38.70492861551282,-9.20260071395759
25b7ac7e-059f-40e8-b85c-a0c9bb27c783,38.69676581856951,-9.216596407748918
01feb31d-4c67-4279-8c43-44354ac905a5,38.701037098121255,-9.205728670371961
18545bea-87c6-446d-befc-36f1169de642,38.69978146236226,-9.207579351714566
44145d80-d9f4-45e6-b77a-1235a0dea58d,38.69360489035517,-9.205695088118347
7d5b9a86-99d0-46ec-92cb-0e64674b48b7,38.69492600567238,-9.213237962713071
09d6ed15-e032-4975-b03c-b4c340bba679,38.698364628872646,-9.200101168970296
7a440b36-15e5-4342-ae88-5e01114ba97b,38.69498415514412,-9.211180779906226
96295b7a-f213-42d1-b01d-38e66de037ff,38.70114569705875,-9.20502932134388
ce6cf89e-fbb2-484f-8e2b-d5ff284b7ee2,38.70197070154632,-9.205186780360807
0aa497c7-bc6c-4a18-b7cc-21d6a96eaa13,38.6993693,-9.2126602
b05b7f25-0d9e-4c2b-a0cf-32db4b2efb5d,38.69794894533022,-9.192761131603728
0217ef85-1c0c-404e-8962-f5c0b402d0bc,38.69695062143491,-9.216211555010556
00dd4390-ddf7-4ace-a08b-b40ff79f2dca,38.693382730933806,-9.210654657981232
a517537a-c461-4037-9733-6158af9d8dab,38.69985953881687,-9.203862280032805
6ea4a86a-850b-41b6-a05d-25560ed75381,38.700350292372555,-9.21851711709863
410fa1a3-8b11-47d0-875d-7472ba47f0a8,38.697416602245156,-9.193217209196503
b4a0686b-c89d-426b-9446-bcb244852ca7,38.700130999999985,-9.2009036
f823075f-4493-41d6-8aa0-1f7c5657448f,38.6981497563305,-9.192836121035691
63250fa1-f536-4015-97a6-c488b7604c00,38.69890802120347,-9.193894399224002
fb14d4d0-b061-4368-9e04-07adbb7ebe59,38.69954505,-9.217301950000001
704d8806-4119-4e23-b358-75085cebdf44,38.69582576704259,-9.213491723386632
fa4b234a-dda3-4b8c-beb4-9cf2a0a5666e,38.69721034871607,-9.194823509936198
8532017c-f5f7-449c-aa55-4ac5cf6c9769,38.698718199999995,-9.211055199999999
6187bb15-e9d2-48eb-ab21-49df88685e39,38.69580386433265,-9.222555681076246
efec6770-b599-48eb-83af-b482acb6a44e,38.69879286916908,-9.192071818202551
d3f0ddea-8a9f-41e5-97a6-b11c9e4afeda,38.69743943404753,-9.217019517105948
a4d8dc20-7546-4291-b49d-f3ade08cf2f4,38.696663106093396,-9.196906757160248
f68d1146-f236-4eca-8b1c-3b4eeaef4397,38.699890490189915,-9.220212866344609
dfad5a27-21b0-4380-a35f-a9f31b311fcd,38.69983427254752,-9.219431527665485
c8aab20a-6f6f-4f58-b7ef-68ad21c9247a,38.69958558692864,-9.215576307627114
5536ea18-22a7-4562-8e06-0d0435fd69d4,38.69944291207787,-9.219659679009071
14890500-9f37-43a9-8670-7dbc0c1558a9,38.70349381294763,-9.204058214542702
58e93abf-d8bb-4ac1-95e3-2f29075ecc58,38.7047555986117,-9.202684802151158
975737c5-74a2-477a-992f-1d40fcc01817,38.69471913333333,-9.218922789267014
abdf6a4e-e66f-4bba-838e-1b3f86e5071e,38.69630168058337,-9.216156622125709
02d4cfab-e561-4afc-81eb-8c29e1497459,38.69779885265357,-9.216961453272477
151e8118-91fe-4921-81f5-43a887cd1ad3,38.699630146364576,-9.204681819642783
73150779-2b04-4a4c-90d6-214688b723a2,38.70068229855864,-9.220307520281814
d465d7a5-1a76-41e0-8cf6-dbbafb29ff29,38.69799976943134,-9.216605536090501
edbf3daa-1ec8-4bf4-98c7-e443646ef465,38.70051044818657,-9.204850021764841
958d5b7f-6133-491c-9781-0c43d514c634,38.69804028987396,-9.217649542929887
44232a65-5aac-480c-85aa-595e3a746f51,38.70010051518693,-9.20138610580726
d311f873-5dc3-47f1-b9b1-bee0ed0e24d2,38.69876883132579,-9.22037051224439
78891665-a86c-4039-9d02-9771e36d3a3c,38.69724170326404,-9.194198475933808
c98a309b-6547-4292-8001-b1ba9476f072,38.697341748981316,-9.2163584974634
7e48773a-a4f7-436b-8cb1-1ff9e71f1c44,38.702156499999994,-9.205230050000003
d4b00afc-0a46-45d2-8b8a-b4ffa8b366e4,38.69784620223532,-9.224543864579989
007f4b27-48cf-4ed1-a02d-4f2ed25717c4,38.694885643298946,-9.22322131673676
714d3979-e599-4d0e-b566-f1e3583383b0,38.69601891884303,-9.217299745684153
9a1df083-e9c3-4d19-8d69-eb34a4178c32,38.70405537944945,-9.203044645843628
f4d4da87-1c75-425a-938e-16d0d766c17c,38.6973208488523,-9.21836127310081
84bd6cbc-9cc4-4d65-8733-79a59a3a5fe0,38.70099925,-9.220523749999995
83694091-39e9-4edc-91fc-58fa7f29ad70,38.69949621754705,-9.212315840812916
3ca5f9af-bb71-4caa-9f68-60645875f1a9,38.700315149999994,-9.202426949999998
7602cb82-7efa-4c54-bc97-19e429cb44db,38.69986936731408,-9.215533946029971
b24ec128-4c8b-4f48-9c13-8ecf5c88574c,38.69827305416188,-9.215644219086538
295208ba-739e-409d-a5b7-93a8c666febb,38.69762959742722,-9.216859782326132
f7367a72-5a12-4e68-9645-1332be72e6df,38.69591229185109,-9.220351917682692
dd3a8c10-29bb-4fd7-9b57-10d2a618bc06,38.69661988443405,-9.216216564640469
f826ad27-8c94-4c39-ba83-d455b57c8771,38.70058958779688,-9.200481897319428
19dc2e7e-37ad-4b03-9537-7ad533b95c2e,38.69868031607093,-9.217128490956721
b526501d-ec1c-4f40-8bf3-487f45f5d98e,38.695076861107395,-9.218845002050118
4d334f61-f6bd-4f7d-a794-9144789be6f2,38.69448287823842,-9.202011852509001
72a3b50e-7673-4678-9802-6091f5025560,38.697188266764684,-9.214949816311396
04869ed4-ae77-4272-9a26-011d82a6c7ec,38.70163649516271,-9.218563835276576
66a14d8b-3cd7-4302-8e5a-b71f701b64ae,38.69712657849235,-9.20218184438196
feaab0a2-5e00-4292-8d7a-d33c83a78a42,38.69768662119113,-9.211326634236181
6aae6076-6827-4069-a3db-953f9ff255b0,38.69970575,-9.203859799999998
7d211c69-e63b-49c1-8fd5-496da80fe680,38.69897785795023,-9.217431365685602
0a41f43d-22aa-4dfc-bfaa-9d12794c2f3f,38.70013272062569,-9.219625943500716
0a4ce177-c669-4a71-9f2a-b5285166474a,38.69729691211767,-9.194289948526217
94cd741d-f1b0-4c2e-98f5-9c6173f74acf,38.69950829999999,-9.226630750000002
5e62f36f-e1a7-4c44-8bf9-12f361860b5d,38.697650177358625,-9.20266931326056
716299e5-06eb-41de-bb81-a241e7e78690,38.70057744168279,-9.21946673595231
618813f8-99f4-4e63-8815-098ebc9174c8,38.70002972057878,-9.206663190944475
f7a993e6-d8a4-4038-ba27-009c92ad59e8,38.703397708735956,-9.208746496354607
b0ba359b-a914-4082-9360-6949c6e227ae,38.700114855384314,-9.221577092943154
5d5b7e78-3923-469d-a823-0699018444fc,38.703540200000006,-9.205518399999999
ed667908-ad2b-4997-b81c-48ad49ef84a9,38.6971454991113,-9.202368747933873
023bb5cc-40d9-42b2-9451-1fabd9c5d266,38.69707876959824,-9.21965991294678
f5429311-f3b0-4263-bcbd-064b8106eb2a,38.69461595444815,-9.218005635849813
e9c2d4a9-2af8-4e58-a936-f9570ee6df7a,38.69787638016287,-9.203288560195878
ee11402f-c024-43f2-9c67-446689aa9de2,38.69486315,-9.219909599999998
8c1393dc-9761-4800-b71a-ebe78c66b827,38.69793776736472,-9.193447614925148
adcab34e-b687-456f-8357-2d3c8e6a2e72,38.69612490494149,-9.215504424691005
5806dd20-1521-4218-b70b-32c77cb828f1,38.701698231867404,-9.205937562171501
2a91b375-27fe-40d0-abcb-082c140c017b,38.6992324,-9.219485900000002
88dc620c-8868-414e-a3a9-a9ea84fe78c7,38.69832469173758,-9.212129766183102
a05fc0db-22e1-4547-88cb-d81cd57e1cc1,38.69267026250847,-9.217947236385944
bab028e1-f9e5-4968-b5e9-2453b5ec320d,38.69607714810894,-9.222396842135161
8571d887-2130-432a-9734-2ae55294861d,38.703896453745536,-9.204219820954842
e1ae047f-e0d5-4daf-8b61-e0ce1a05ab35,38.699770633023185,-9.217412306227574
48108a8b-3637-456a-8050-b64f9646abd8,38.703837652072124,-9.20598307826911
112c02ad-54bd-46f4-a1d8-413a4de6c516,38.700463649999996,-9.225135199999999
85d6247f-ab14-462e-8ddb-df5ec6e2681b,38.70231906811581,-9.205495745009173
98e960c4-0ad4-4203-84f6-e59c3151058a,38.70292276435227,-9.20308105770315
731ef214-73c8-4649-99e2-bf8b22523cb3,38.69920560865662,-9.219583147113763
bfa0377b-b18b-4278-8ed0-f7176b8f8022,38.70028606182649,-9.20675945832942
4b951dc1-97d0-4a75-a31a-66c13b49935b,38.69623889886602,-9.225338416300175
34027878-66da-4de9-8c54-c703ce6c3246,38.70002808572276,-9.204924605410135
0f3b2744-e344-44b2-8051-cab64998f695,38.70202187267182,-9.20282995082467
c96670c7-ba17-4fd7-8e79-6cf2b5e49a92,38.700877603243974,-9.21762482533302
eafedd1e-425c-46c2-bd48-31451db211f1,38.69937080141632,-9.21926481373575
88555637-2377-42d4-b6be-b6712fac8e02,38.69532164145274,-9.218160116680414
af49ab2a-2ac2-4e47-817c-45629dde3dc4,38.698983601257176,-9.194266459755294
04cf174c-c95b-4df9-aa9c-33b5acb147f1,38.70034026474953,-9.200291566044728
174ccc18-21b7-4f4a-a8a4-5fd96f213fa6,38.7004286833478,-9.20083481669892
b58bcc80-0460-44f5-b704-d4f7c8fc71d9,38.696909897012986,-9.217406133940594
b0516bf7-9c47-40e0-8be7-c7c5b82800f0,38.69998580000001,-9.201973
01e87cae-9572-4140-b386-ac8af04bb9e0,38.69713892553541,-9.225235677598162
f21108d2-a04e-456f-ac9d-842f4007c089,38.70065055,-9.197368400000002
2ad376af-1f32-481e-8e40-508496983979,38.69939927530365,-9.20454661848558
d137f7fc-910b-4ae2-9832-f1403df5b921,38.69606485306236,-9.216254916014735
9c70f395-73aa-41f4-9984-5e9eabe26dc2,38.70005328422026,-9.219593059514878
adf58bfe-0519-4b27-93d0-7bc83468675e,38.70151482892247,-9.205721967478045
479182e6-a0d1-4286-8379-170f83ed825d,38.69601991773751,-9.217063443731243
30e2411f-a360-4608-9d53-136d35ce1c53,38.70063239999999,-9.223521250000001
8c2100ce-867f-4ef0-ab6d-1fe6de799e88,38.70196955,-9.226342449999999
7885a0d2-2f05-4f39-b9c5-0691eb7b27a5,38.70027550549923,-9.219725501612343
f99bc4d0-eb88-408b-a1ca-37bf2b83f0f4,38.69866174650673,-9.196175274353374
c8201335-cd5d-416b-affb-617d059b796c,38.697591604470425,-9.216569839780732
f22f88dd-b55b-4c1d-8746-73f9f527bb1f,38.69998381894624,-9.22639585136274
d7f9c37e-023e-4b86-bf2e-b66fa47a4af2,38.69730477716291,-9.194075153703768
e2ea134c-1c14-47ce-be4e-cfff9dcd0cc2,38.697676837514486,-9.202598079965897
c5b232b5-e3ad-49b7-854f-b3fcd7cd3016,38.704316796275265,-9.20248979965724
6c1fac22-a467-4782-9016-132215f7d3c7,38.70260274295053,-9.218073792617638
cc2b76c3-8b26-4b86-a28f-849421725c4b,38.69638926928008,-9.22077147482782
f44672ce-9aba-452d-9881-7fc6b0a5150b,38.697926991725474,-9.203005748716823
24b75442-9286-45ef-b859-99fe9d822844,38.700544718739735,-9.212267281486952
5201f93b-abc4-4c9a-9f5d-92b24c56a7f2,38.697782399999994,-9.22412215
9f387494-9b60-4f70-afdf-85a1c6500406,38.69913137548217,-9.220325528970905
8ca8d531-6615-4819-a789-3b5f834976df,38.6963267,-9.211990850000001
777bdec3-9a66-4bc8-b18d-aa2687602fbd,38.70347930073081,-9.220655568906293
97f7882c-22e9-41bf-989f-15a0d8f984d6,38.700563175203364,-9.20346063819927
81e9d24a-5fad-4300-ae1c-5f8b60c91d62,38.70453758348985,-9.202903205839567
72d6b8b5-1cbc-4384-8f96-e4344d1529d5,38.696999369598245,-9.219187112946774
73a548bf-a1a2-4d87-b15f-e22d91b59265,38.69769397918752,-9.202010980359832
92079545-94b4-4756-a865-753ebc5e9b42,38.6996748048365,-9.219273722378272
8b9d2e43-b340-4d95-9676-055d5caf912c,38.69744107638463,-9.192978689262095
5af4042c-3ee0-4f93-8be1-6d27af538d6b,38.696966642559595,-9.202376730593254
4ebc5e7d-65c8-4541-b684-ac36ed5dd86c,38.70203709005129,-9.203822335760739
1d7b7fe6-0194-4334-8d1c-bb1f835381aa,38.6997801479572,-9.221329868182417
976dabea-3e67-42c8-9214-f7815bcdc540,38.702057587497166,-9.202938588412463
34617c13-d273-4be6-949b-9c3a8f347db3,38.69974229727283,-9.217103383591484
52efc745-b09e-4025-8af3-fa6619d12988,38.69872398978363,-9.219267200385618
502a9a7e-ef97-4c78-b171-e792a0514cd8,38.69767054160877,-9.193497501177983
5f5d5739-ca97-4f99-84bc-d862f5373739,38.70030071258019,-9.208715623633196
faa9287f-f136-43e0-b52e-223f1f6c45c0,38.7042659442318,-9.20296832638516
3e72dada-9502-4791-b609-75a5cf925cb6,38.69913440691064,-9.200048274639178
cef5e055-1901-4ea9-b7a1-bb0b7e829363,38.69900182476809,-9.214848118414016
94627ff1-2fbd-491c-a663-d5cb55219db4,38.6975873312784,-9.196876530428183
8073500f-b95d-466f-a74d-3a5a5dac73e0,38.69448458144555,-9.218380527460923
c051bead-6ee8-4896-9598-0e1a54f44599,38.69518661243683,-9.215946476272045
e692b168-9d4c-419e-af41-ec7573379390,38.69362709883456,-9.208459691599627
8945d728-1cbe-48cf-80d1-491853d84cd7,38.69847884166792,-9.199725933247203
baf02453-e2be-4db4-bdd7-8aae0875ff6a,38.6973994052417,-9.22287438348621
3748df97-e139-4734-a501-5471ffc51bc6,38.69877265456011,-9.219165989115782
dd994392-f645-486e-9bcb-a48f164c8e96,38.700485129760025,-9.219875564606603
9708d360-3163-40a7-a070-a4b65ec68b0e,38.696111368562036,-9.221608836642973
1e552920-822c-43b4-ae13-23312eb4fbab,38.694043116769016,-9.21832279992097
bf1cc6c6-802d-486c-84d6-4c3a53ede7aa,38.69764123425703,-9.195671477049313
58f6ecbd-3930-414b-8b3a-284b08abaa7a,38.69913018282726,-9.217761791368126
d9006e01-9b43-4cd2-a975-50a2355adfba,38.700133897486374,-9.212781371195861
f705c7f7-8249-40c4-889e-0488b50f0b8a,38.69704466767885,-9.22463694423058
1d0196ad-fc56-4f69-bf52-465fdb0bffd3,38.6996551,-9.20085685
0dbf5d87-3524-45bb-9ec8-8fdb4d3fa89c,38.698625099999994,-9.213730200000002
5794d928-40ee-41e4-9996-f24aa0a2ef54,38.696369804594895,-9.223003384678035
296937da-0395-40a1-8f95-89664acde569,38.7018862,-9.203443050000002
490e477b-7146-4a86-81d2-d7d2181457bd,38.700872999999994,-9.220299499999998
5502e396-ca29-48ca-a419-fca3e7988fac,38.69483292861002,-9.223271410903633
64511001-2c90-430b-bbd1-2031da5215f1,38.70372699258422,-9.22209220348868
f9ef5fb7-0f79-4791-b46f-c4c6d2fc897f,38.700787039737556,-9.2108937789295
dad08b08-750d-42bf-ae95-4a8c00cc320f,38.70055784311785,-9.223716033303358
4960564f-5253-4eee-ae95-3f9ead07da62,38.700623099999994,-9.21639725
9f2be6ba-25bc-4e2a-a49e-d5cdf18c1ac3,38.696813595046976,-9.201945125845118
35a6ce77-d8a7-4c5d-8077-d06f5ef17ee2,38.697306409371926,-9.19447765786266
3277ff83-c412-4481-9b97-bd7f04ad2f46,38.6972303858882,-9.197087624068557
0efb5840-5b41-421a-85b1-01f289241d35,38.697149995389395,-9.218546486503387
b9f1f7a7-b7cd-4cfb-b64a-3c0f1013d58d,38.703373283680975,-9.217386321593505
c5506305-03a7-4911-af15-8776f2b4d99d,38.694300884744166,-9.206500638615427
16abd52f-c05e-4974-aeef-3b962786ded5,38.69825417439068,-9.217847423055243
7d2ff544-e6c4-4dae-b769-e7d7bcdbac30,38.69520912953109,-9.213517487627675
f469057b-121c-478b-b8c9-b8612b90dbec,38.69724360500349,-9.196719410966661
8622e432-8bfa-4dac-9362-9f08e4fe51ff,38.69693659173627,-9.223149329645965
b4c670eb-d494-4533-8da0-54b6d705594b,38.70316915735257,-9.203420020559888
bfaff759-e4b2-4616-a80e-6c94ccaa9159,38.69806844706161,-9.198472155466074
a2e5095e-af6d-4a7c-9f51-f02311f93473,38.699034745165584,-9.199351671903946
2ce90ee9-c746-405e-abd7-6fda22bafad5,38.70354858364025,-9.203553995078272
fb5e117f-a4ba-4f0d-b37a-19377fe22749,38.70068276749674,-9.221265391011803
36ac493a-2bef-4996-8128-704427f5b919,38.697561871164154,-9.194053091031856
79bb1773-3c5e-4ada-991c-edfae47ecefa,38.69581954776914,-9.195212704527881
2c31ccc3-33fd-45b9-8bf2-c4bcffbc9685,38.69480927777261,-9.213591842594838
87128523-4b3f-4eb8-af96-5e477e4d0a5e,38.695322057916385,-9.22002474353536
5e8e0b36-5842-4409-8103-a775e56dfd7e,38.69524177965479,-9.213098729668756
98126426-bfe7-4bd5-98c7-ec544b2fb8a5,38.70155578511301,-9.20480638667663
b31eacff-a037-4c29-a22c-6898944fdbd9,38.69769710145336,-9.216808799446085
719ce6bd-ff71-4223-a71d-cad9fa31b1ad,38.69784353506201,-9.202314147982541
d3188b5b-f563-4541-92cb-cf7b62b7e605,38.694516858504905,-9.217882266620787
01c0f73d-5a6a-4fa2-b2cf-0b5854f81d55,38.70085419422907,-9.21582219442845
e518c36a-b5e9-457b-9f60-bc5ba625f3f7,38.69773969056107,-9.202039575344765
dd25e191-8496-4794-8fd0-66b771ae60b6,38.69775819412166,-9.203443770476214
15f6b5bc-ea8a-472d-8c64-95e83a68d0f2,38.696328972833044,-9.2205713394497
a6387b14-a175-43ea-adf3-af233be09fe0,38.697592399999984,-9.214923899999997
51885fb9-c31b-4260-938e-704f6f1b98e2,38.703284745347666,-9.216477459714794
dad12b00-c933-492d-ae6c-f504a9e8363a,38.70405989999999,-9.2051505
cb77c0c6-3fc5-4e14-8081-bb0032cec094,38.69717405592657,-9.202783539148669
83e381ef-c653-47a7-bd65-f2f4c942b2bd,38.69991585688401,-9.204112499804484
39670e8c-2652-46cf-a01b-bebe87d9937b,38.69293742966431,-9.209907027449217
76dadcc0-cd20-45d5-955c-bcb691b6da63,38.700016029069275,-9.224922670562469
c797c947-291b-471d-bd7d-ee7501dd7edd,38.6979822178774,-9.192097545607446
8f32c6cf-7c6e-4417-8a0f-2f3231be6763,38.700459099999996,-9.21256575
e30ceb3e-abdc-4099-ba33-317ed34e46b0,38.69893361666658,-9.22076918113075
527bcc2d-7a55-4a19-a4b5-2a36fcfd5a2c,38.69818601454852,-9.21789698333313
30401032-7674-493f-8f11-b7f3bb823e97,38.7010897058,-9.216046899101988
5f8d1d77-e43b-4d30-92e5-f696d4d1bb41,38.69532450331973,-9.214397603355417
f3a97932-08e7-4c14-ad7c-725705366f72,38.697516606713016,-9.20315320708357
9d983d27-2c25-4239-be50-05c847363a99,38.69471761230689,-9.21198746060335
0e307a0c-ff02-4858-9475-de57179a41d7,38.69990299021451,-9.225263475597092
a53d6949-a320-427a-a0fc-cd09583a7de1,38.69780436324183,-9.202840197560432
c396492f-c5a5-4cc8-8078-df022274b8ab,38.699158925339525,-9.21448714485305
5b68f8a6-c693-4517-94e1-69e0138ff4b7,38.699022721973556,-9.214689878846329
0899aec8-6421-4f7a-8da6-3842a937166c,38.69235620933097,-9.213159488507975
b94c5e75-9f14-4802-aca8-b8318b44b8d9,38.700336366764006,-9.207795099804029
7dbfccd1-32ee-4b53-ba12-f32f5440f27a,38.7017774,-9.2159237
2dec2ff4-ceb1-4cb6-8db3-40ee73f5622d,38.69695004025335,-9.194059349981023
b2cb2881-e75c-49d5-8581-a5044f3b4428,38.69762063126856,-9.19580166855477
aeb6c66f-e238-4a22-b790-717278a49648,38.69693841598838,-9.194783886358344
bf7eb360-6fd9-409d-a2e5-f919babd186a,38.70033563467832,-9.226066483230081
6d5963d1-01b5-45ff-9095-5921fcfe0f74,38.70397134888276,-9.202888360368162
96e74fb6-80c5-4738-a0be-0e31faab6b3e,38.70099255910662,-9.219504761869532
9c033533-20d7-474f-8713-da0b6ced382f,38.70234007307665,-9.205285186987991
dce513e2-75a6-45d3-a1fd-93928803c8b2,38.701666013178986,-9.203344120868802
c61a6fde-0e61-4e63-8f91-25e2b07306d2,38.6992798154523,-9.221004771119713
18c8870a-23b6-4829-91b7-1f44982d5cb0,38.69795403747644,-9.20372040684132
edab1ece-ce42-452d-970d-171d83a5d264,38.69986230573498,-9.219821030226973
f91306e6-60c1-435e-b69b-ffed5da8965a,38.70161772560252,-9.216398205661635
62db8e41-0281-4430-867e-959477bd4130,38.69914219271511,-9.201885278829796
0f677995-92c1-40f4-a73c-ff93637befe6,38.70182944999999,-9.204055349999999
21e3ad36-5d87-47aa-b373-8646910fa61b,38.69712352742695,-9.217656656879074
a86c62b6-c56a-4a79-9640-0005f5a9ca7a,38.699658657901416,-9.220522616569252
5302957a-bc75-4edc-8bdb-80ffb97c06a9,38.70087507330791,-9.226544392104742
903551d4-ab37-4ee7-9d80-48f30bd3a2be,38.697280839447345,-9.21145982131239
f63dede2-730e-4d5a-9f01-9a660212dcc3,38.69574759469291,-9.22076036179666
c076b12d-9d38-4c74-a955-c1d2e2d8e16d,38.699583285710794,-9.210512317281832
bc0355e1-a77f-42f2-ba75-0143dda95669,38.69763221705599,-9.20140939708602
9c42aab9-dbf1-486a-8f4c-e5611e79d919,38.6996894127665,-9.220886292804355
8c6985b4-f06b-4324-916c-072ab3769f4a,38.696862800000005,-9.218103949999996
aab899a6-bb26-466d-a8cc-0f3ad8ee9fce,38.69703386773332,-9.218162747601907
0e07c27b-38af-43e6-8681-a9f5e03a44c6,38.69586716092721,-9.224632333722292
a7b5250b-0d3c-44d6-a5ed-8195a574e634,38.69633840268808,-9.22132701896106
bdfdabaf-d495-497d-8573-4e7b9f6ca86c,38.697309,-9.21863715
f4512b4c-f731-411b-bf7f-3d35050bf396,38.69465840755423,-9.216403209901324
3c4363b4-1c9d-463d-9551-edd6b5e9b198,38.69556248408463,-9.218317985352416
18839394-f0e2-4057-8dd1-013443114e07,38.69954787576763,-9.203885457062643
16a44f44-8905-4074-b1ca-8b83a39c9bdd,38.697449919364374,-9.218250267452673
b0e8cb51-598a-4387-a567-ece9d47f6760,38.697759700000006,-9.21675995
8a2ef8b8-d9a4-40a5-96d9-cd312c2af76a,38.69916762511416,-9.219075066666667
4c2a8770-5346-44c0-af95-655bb33ba78c,38.69766033700046,-9.20309588184125
194e25d1-afdf-4da9-9502-9d6b0f2086f0,38.69612077930234,-9.211091314242953
db784db0-d49c-4507-93d4-a09884f9acf7,38.70013108055853,-9.200250356943847
8892fd24-49c3-42aa-8631-7c1a350f6a44,38.69817556108059,-9.216084632516655
0a63fc37-e6b5-4be7-83a9-1c091adcadb1,38.70157061538942,-9.218555439705455
2d2492a9-cf3d-472e-b1ae-102ebb104641,38.69884874516747,-9.220204084160114
c6de35f4-956a-47e0-a072-7085a315f335,38.69943581311692,-9.220372955233685
69498a2e-93eb-4224-b5d5-7bae1e235d3d,38.700248751771724,-9.220448541510008
14f9c04a-b434-4f14-99b0-8452067e1427,38.69731278579469,-9.195433289734092
9c3c673c-5cbe-4669-9f63-e18c6cbc6302,38.700551649999994,-9.195341900000003
308d1a4f-4c82-4729-b56f-8443acdc8aff,38.70439860375009,-9.20546803992563
1452acab-4804-4456-b6df-47ba49aceca8,38.70027295,-9.21232395
f3e0ec07-ecaf-4cea-9f81-e703d6119050,38.70319778989434,-9.203001054497719
ba7471b9-dbb2-40fc-954b-1f908f9a189d,38.700239846415585,-9.213138392749764
be6023fd-948a-4958-ad10-d483fe922f5c,38.69777818796037,-9.195054717276292
aa34b640-b669-4ada-906e-66d1cf842d3e,38.70479653051811,-9.202521387523566
d2002585-67bd-4664-8ae3-100fd061da07,38.70248729880671,-9.204890981480842
6d70e280-21ae-4dc8-a628-59af4ca37d00,38.6995125910935,-9.199119423482966
c995f9cb-9a0b-41ae-a344-5ca285ad8342,38.696218685984825,-9.222690297632033
612fcd22-3479-45cd-a2f5-c181b53ddbf4,38.6963747,-9.191255950000002
e0937f7b-7182-403c-b381-3bbf68ac830e,38.6985663783897,-9.213938001383745
8ee32d79-86b4-4c1c-9bba-8bb71a1f32ad,38.69705040569665,-9.195905320503545
764ab09a-4818-4324-9204-ea6993772ae3,38.70288191659264,-9.216217099206276
b5c8beca-1d8e-4378-90fa-19c5cf61c53b,38.70007663505246,-9.194290967172352
7e37e1f7-735f-4a87-8e40-30c62fe1ff0b,38.699835732547065,-9.223281873571835
1e721233-b58a-4d4b-8e04-3bd39a7b4918,38.69699353505434,-9.202449483781566
c0c3c158-bec4-4b47-8dff-3134bd58ed20,38.69811411069992,-9.219601522315171
127d170a-638d-421d-9c66-8c6567c92284,38.70329446857761,-9.21759265304225
b9036f51-0622-41b7-8bf4-b718ecc96c0d,38.70187997429161,-9.203122004604207
5c3a21b6-ee48-4a10-8431-1d140c73b763,38.697718453768736,-9.203144106215232
3727a8b6-47f0-4a77-8f50-a19a6201eac2,38.69371775,-9.223447199999999
f92bc6d0-7868-4cb9-8628-7ef44fa19599,38.69762123228996,-9.193877682198266
c32847bd-8908-4e9b-9023-6f9d373166ff,38.699934146523944,-9.20783383378246
47d0e1bc-1736-4afb-8811-301c7e884577,38.6995557850165,-9.199575083532386
9242c82a-71af-40fd-a761-4db27934ae4b,38.69981253000524,-9.217646640311168
360b0cdf-fc9d-4adf-a565-915b34d11c0f,38.69460195760387,-9.202687251942482
3dedac8a-cef0-4ae9-809f-c83ea0098f7e,38.70288885210448,-9.218393101696183
321784f3-7820-4639-b9d4-183b140a9573,38.70464647148517,-9.203354251162414
8160cf01-ff63-4066-af68-a5a266ef89e8,38.697558502952525,-9.21837681668352
68449875-edd3-43da-86f6-ae502f5bf5b0,38.700625964442516,-9.207596665125092
31a6c539-3f7d-4d44-9155-be215a784b70,38.695220431564096,-9.21332264994341
2415aba8-0acf-4f8a-883d-7f2558dacc05,38.701743978857635,-9.204747884277376
781a262b-f551-492f-97cd-8da62a53366f,38.70285348697751,-9.202973392648488
d0dbdf55-da9d-4734-80bb-87ec2c1fdc70,38.697570422061624,-9.20387022768196
1fc55ebf-c8b7-4629-8021-dece2c5f3ca9,38.69811193473842,-9.199898834795256
289f1cc7-5f07-4d5a-9353-839dcf297f7e,38.69933017961297,-9.2089754316014
ff75375c-cb0e-4a19-8fab-020db5c26649,38.69724659375856,-9.195937112278536
7843539e-6567-4b67-926c-d58a28d06791,38.69668972476522,-9.21636686247341
af05419c-509e-419c-b07b-fe6e6380fb37,38.697561913271414,-9.203361488550476
632cb663-90af-4043-9a92-676637933737,38.70267705723882,-9.216219361579062
2700a8fb-688b-453a-a293-c1284574f103,38.701664130715585,-9.209330034649392
501ea7fb-2212-41db-80ee-901b232fcc6f,38.70337440600875,-9.222203288623223
868661eb-0b87-4ca7-82c0-76460926b7a7,38.696347442888374,-9.221724830198376
ca2d788b-89c5-43b7-b117-5cb5c1dd467b,38.700490124441,-9.210533122757642
159c5291-733a-4dc0-8abe-41e2659e139d,38.69989589390822,-9.217208207504692
983493af-6697-46c5-bed6-3a4d9fd14324,38.698149045827826,-9.208921182764334
f04461b8-28ec-4bfa-826d-d87c0cdb1352,38.69628965354651,-9.21690921118877
d9343c59-758f-4889-9b4b-bd041a1e2858,38.699572247493194,-9.203564667210877
8f9ef1a9-3a0a-4969-9dc0-1acab12397ad,38.698623880395154,-9.212350690113496
a9c6bdc2-d81c-4c22-add2-1a8715fe64bc,38.69727176897685,-9.216401842439096
0c002637-08c8-4f42-8c3c-97bed06922db,38.69764121814944,-9.198208125666689
4db3b938-90f1-4e55-952e-a6802c82e164,38.698196485014094,-9.191808387774332
22fe1e99-07c1-4efa-89f7-e20eba475e54,38.69786681395218,-9.217820982009801
9784095f-684c-48d7-9604-0236448395f3,38.69854669802074,-9.217577428693884
2100f8a0-ddbb-40f6-af65-7f95add178d6,38.70060087428269,-9.205594597711952
e7915e27-28ff-4943-baca-353104a16b84,38.697591135836326,-9.201355737256968
1d661502-d977-43d7-9d49-5b04505b10f0,38.69918429064899,-9.214675429090589
a6af3603-2e30-4e47-a29e-e0a55b79f8ee,38.702246722178245,-9.20473309004503
e7a9b979-edf7-4a60-990b-9f273c981ffd,38.70139770001938,-9.22144788331364
a31319d4-3e03-40f2-aace-152ade3cd24b,38.70128376668874,-9.221779582485757
55717676-daca-4205-ae7a-2958b096f8c3,38.698300253623984,-9.220891802661702
b0acaa21-0e70-47bf-be1c-d149b604f974,38.70465755,-9.202990699999999
645943ed-1f8b-41c5-a7bd-6c3eaa876c19,38.697812444408655,-9.206780103989317
5bb5ef2e-9b94-4dda-9f62-7552e250c33b,38.69641830050677,-9.218726083245292
3c3aa706-483f-4f1b-8794-3eecc689f291,38.69725987138754,-9.194376049858047
27e91c11-5b51-41c3-b47a-2946ce243007,38.69721609862963,-9.218006027123925
1589ef2e-0a04-443e-8b1a-3d46989cee7c,38.69384238263125,-9.20727338668561
bf4c35ba-f802-458c-b4bb-474a1bbbb1d3,38.70174881926292,-9.20288308446955
4baaf7a5-f072-45a7-aa88-452f0daf6e28,38.696488166816394,-9.222454212998414
7eff9f84-f81b-46cc-b200-3bd7f6934e27,38.701993933427,-9.203478824339943
922a849d-64f0-44ce-8377-e77b505320c0,38.6967172,-9.224435949999998
1cce8419-7ddf-4197-b474-d192ac730323,38.69514722545538,-9.217055673854377
4748f9c5-8d3d-4e15-8efd-c6dc1652bdef,38.696513472730174,-9.21565151879076
0516415c-7091-47d0-888d-9ea67dca92fd,38.697294006233825,-9.217101493065552
06fa9a6d-c318-41bf-a242-2a4427b1a5e7,38.69729466025493,-9.196251526481369
cc939587-9e24-4dca-b82a-2518d3aa988c,38.70131945512074,-9.205850428992576
972cf889-b51f-4a81-9d00-83e0efaefc17,38.69706304621546,-9.203163389562194
da0d84ed-c2e4-4ce8-9788-f03cd1d86e5c,38.70225496671177,-9.220070319413159
27a8144c-fb1b-4809-9ef3-fef85874651a,38.699206415441836,-9.220928287534115
aa9c18ba-8412-4a6f-afb0-cf4749c322ee,38.699903233775984,-9.221033621074785
6197def6-d0f4-4f52-9ad8-f49af99e77b3,38.69799752625775,-9.19264113734499
ab0f3b93-8023-4644-8272-51f57aa1d32f,38.70387281720249,-9.203481429106
6e06f0c8-ac44-4af3-9868-e851f957c355,38.700031290094806,-9.225425206016906
339f7c54-4b07-41fa-aaf8-28ef1eed595e,38.70210115519027,-9.217386686668693
5424ddfd-3aaf-4cb0-94c1-675c9f60b742,38.70283982867773,-9.20376064513316
d0543a4f-61da-4511-a392-25a1b9de907e,38.70087271683647,-9.20597227581388
8a8afeb8-d703-48ea-b4de-237057ca0c65,38.69435066715166,-9.214360352710134
b22cf67b-adf3-4562-8783-6b7854eb7ac7,38.69643883290212,-9.211602049402213
d0cfb8c9-46b7-4e7f-9cc0-8e5a94ca4de6,38.692443899659125,-9.218249445054045
7919ec0e-0689-408a-9f7a-e91590a67489,38.69757726840883,-9.213573314593031
1311ca19-71e0-4053-9b72-ff6e7cddb086,38.69571544192779,-9.213476260391749
2b976f7c-1f5c-4154-8148-e106ec313c44,38.703770814077714,-9.203268651045164
0f3ed62a-4873-4866-833c-01206e75ab3f,38.700396075160256,-9.203330749190803
42983fba-ae24-4516-aedf-a952bab8ca58,38.692877932349,-9.209888414190118
d89aa070-666b-48e5-8a94-b44c8713b901,38.697373167556094,-9.217071700215298
e8ce951b-fb94-4a32-9e27-edeea9c7bc1e,38.701039951056565,-9.217317543303867
17c07601-4eb8-4a9b-8810-db385764b858,38.69402343034625,-9.222597757726831
59eb1167-9a35-48e8-9fd4-5246577d0f13,38.69763729391859,-9.202293026225773
43efaddc-9951-4680-8994-9aef0357842c,38.69574654089493,-9.21896650396468
0bfb37fa-c662-44f1-b63b-92e5dd089c3d,38.699564699999996,-9.21492775
2dbc8893-3d18-4d4d-8f82-0ed3f5591eb3,38.69737886309827,-9.21877395937366
f149755d-a71f-4c47-8ad3-f4116b22155a,38.69798874115696,-9.210881454998134
b0606904-07ab-4bb0-b5a9-f0efc1e74767,38.69863298157519,-9.217735351034497
549e142a-4456-4106-95e7-f915f1a60deb,38.695750766288484,-9.21938662680315
e2be1fab-5cc9-4f7d-a892-d39469a25e5e,38.69680925547995,-9.21669051037984
0a9ea3db-c92d-44f8-bf00-946ee59d703f,38.694025999999994,-9.2242437
20ee5950-c40f-4fba-b4c6-fd73aa6a3a99,38.69895441412131,-9.199073680479177
a552cf80-e1a2-4e8b-b886-ab1cbcbe6973,38.7008840481738,-9.210254779318198
a266cf1d-eb5b-4406-ad99-178cb4e5aeda,38.69697656236376,-9.20201853420839
2cd68778-eca3-4add-9862-6f2383fcbcd8,38.698707716344984,-9.215170879591062
948dbe49-0dc9-4f58-9714-007ea1966632,38.69755091472618,-9.212067012713867
edcf666b-3bcd-40a5-b6b0-c11dc1c425ab,38.69980593949353,-9.196086105500328
3d6face0-0c28-4ae3-b41e-729210f01de4,38.69671968776341,-9.216728579590733
dd0416ff-db46-4a76-99d5-e14c7bd2ec42,38.699719,-9.215437199999998
dabedbd8-32b4-44ea-9f4c-ef04ff22cf14,38.696409312452005,-9.216503046386237
e8354067-a727-4660-b2a6-19d6de95fd64,38.69994799607618,-9.217368917100575
46dc0f63-b5a3-4354-a55e-8da4327bb9d8,38.7008137,-9.215593049999999
a5088892-d6f1-4a4c-9d00-69b3397c9a0f,38.70074695959116,-9.200174168325946
70d71cb8-647e-450f-84b1-6d61eb79e5a5,38.69824836982367,-9.220135701548756
bc6e7373-459a-475f-840f-37c38ae0cc37,38.698818080809296,-9.211135216802296
a75788bc-f9be-4572-84f8-3035474afafc,38.69962890959516,-9.196163190691847
7903984f-8dcb-4a4f-9e0c-c264ba103e66,38.69687479486262,-9.217855437111147
e1509447-6a57-4681-ada6-96499717b025,38.69788449582793,-9.217013590723646
e9468f63-ac6d-4c1a-b1f6-176b5c7129e9,38.69928545758965,-9.205061603295803
d887e8ca-d932-4cda-b636-4746628d6576,38.697652491308496,-9.190393553219112
fcc9818f-a22a-42cb-ab70-3d6988642fb4,38.70300499317259,-9.218208146429435
447930ce-a8d8-4f44-ae22-b79eff5647f9,38.69730355407518,-9.19750029106419
5a74a135-c5a0-4dac-b867-ada05b0fab77,38.697724987963674,-9.19315412514007
f761731c-0239-4df4-bf50-bdf46c686cdb,38.70038987201588,-9.225411550930712
e121c18b-57cd-4b39-9cfc-a9ff4ef13ca1,38.70388520530444,-9.202590869213592
a4b308d4-b219-4a5c-8eab-dbe240cd5870,38.70326215000001,-9.20978435
d1b561e3-58a9-4e3e-a913-830847917772,38.69854060994888,-9.225826544758315
0f4dd12f-b847-4c72-b949-f16978954c09,38.70288651890899,-9.203606363048303
ca9a7b26-e5f1-412d-9c54-e5b4505334a0,38.69940056720063,-9.22069538908043
541524fb-b427-4025-a6cf-ce4c206f3954,38.694454664975616,-9.21931625588515
70c6a7ca-5ebf-47a5-b75e-eff83b023434,38.6984550344894,-9.215147776306676
0dd160cd-d698-4674-b19c-575f2e9c87c4,38.69912138017597,-9.219153982153735
b935fadf-50f6-4ab7-8a5e-2e239e9be3ad,38.696912049999995,-9.216981749999999
be95806d-4fa5-45fe-bbfc-6b750d7beb7d,38.70277029166088,-9.208017510693136
3886d89c-afa3-4992-871c-55617533797e,38.69733114218656,-9.19269769590147
29a0efc2-d5aa-4a75-8bf5-ddbcd5ad5582,38.697073496564364,-9.219117274976526
75f50840-8ace-48e1-ba7b-663c9a05d571,38.69982185402256,-9.220151428996417
24e28e79-7d07-46a5-a645-e21c01c323aa,38.69877839295039,-9.21868109353168
ebddeaa1-712a-4206-9343-e2ccbd687985,38.69890637882003,-9.225677024461696
e0d83ad3-8d42-4a95-bf2d-38fb02a3f739,38.700353500000006,-9.223927600000001
483ff37c-9973-4649-89a3-cc4deeeaf489,38.697096406961776,-9.22446771620738
3f24a9b8-d113-4998-88db-88fe0eafba86,38.700380349999996,-9.2004606
df799794-7c67-474e-b7c0-0f779adfbd49,38.6952801,-9.215815800000001
49d37877-37ce-4442-8911-5069765bd4f7,38.701979598697584,-9.220050764740161
54b06ea7-c7d8-4c10-b8d8-339f2b8886ff,38.69362079066089,-9.205701359579555
a7f3eee4-706b-491e-aaf3-8a22f8f54e75,38.70331314952734,-9.204581000269329
dd0601dc-5c49-424e-ab04-9f69399bc16f,38.697575673445364,-9.20392449610903
b80d8b40-4e96-422f-b4fd-25a0bdd79964,38.69647246686212,-9.216458656556771
579dfd1f-41da-4607-9ffd-2cda95f1b9ee,38.70135706960281,-9.22109590525062
ebbaf639-7669-4372-8e92-8cd76916def6,38.69686675312502,-9.202964774267564
abd9ab41-b13a-4951-9d79-ff9ad16885f1,38.69745579642815,-9.21664454136426
55e53a1a-dba7-4d9a-b57b-aa5103a0a27d,38.70056995007409,-9.22588632348529
9f6a6de3-6680-47be-8198-24d616b007ce,38.69616675,-9.216222049999999
e48e1399-a57f-4db5-877d-45f1bd841105,38.69973461348531,-9.220560717784046
bae2f9d2-780d-49e7-9914-26cc3e43d209,38.69883919595928,-9.192581846953624
4401b241-6f4e-491b-992f-7ded78acab18,38.69426418661773,-9.217187499876037
683b8ca9-b8c9-42ed-8908-9001a1e33a72,38.697881235395954,-9.194481794697058
7f2c507c-43ef-46eb-82dd-f6b40b15f0c7,38.70113786438609,-9.204350022246912
8e66cbeb-cc24-4a57-b9ba-092fefc85a4b,38.70067305189094,-9.20018809610046
204e68cc-52f1-4402-af1b-ac9c29d562d5,38.69949461091307,-9.225497480062426
c668c66b-a6f8-4d10-9918-6fc701ba4882,38.69865774057564,-9.219894778375734
2d1a26c1-1c04-45c1-a855-e19d335b072b,38.69761842362158,-9.21218331604606
f9d57bd1-6c57-42fd-bee1-1fc08e7c3cda,38.69235178255809,-9.217494055919085
d8669d0f-bb89-44b2-9b97-7d22a1ac7327,38.696845475467846,-9.215896820403554
653d760a-08bd-4ff3-a3ed-4387b450d109,38.69980445734009,-9.218966040049313
19e0200c-01e8-4fef-b260-d8a717e5bdb3,38.70284078916141,-9.204039830142019
cb8a2170-80ee-4020-a93f-c67ef414801b,38.70003919999999,-9.201054849999997
5af680ec-5186-4615-b99d-dfae86eac0be,38.703749587436306,-9.203534478042112
868c0501-b953-453a-b5eb-5719228705a6,38.70053938134814,-9.200654660421662
3862f58c-ff12-44cc-83b8-6fb050386cac,38.70196479999999,-9.220281749999998
7540d834-bfa6-4fdf-8d71-2dfc62da2ed6,38.70124196758336,-9.206603011652177
8b36730b-f3d1-44ce-aae1-e0798ab423ca,38.70117525,-9.205298450000004
37cab627-1c28-4c5c-b7b3-86a5f01a53d6,38.70003421006822,-9.203855761736431
e338460e-3a4a-408d-8250-6708924fff3e,38.70186856832827,-9.206218106570585
55af095d-89c7-4142-980c-cdee3f92a745,38.704094069455095,-9.2025719439371
b420bc9a-23bb-43f5-af96-998f5de434cd,38.69503508181296,-9.21810490868041
741e3765-4433-4d55-a5bc-56c7dca51418,38.701337623895704,-9.208597631081675
f1ec794a-76ea-4adf-80ba-b7f028e3665c,38.70204976668662,-9.204592242933476
c50e4811-b81f-4042-8d1d-02fc12d0c54e,38.701856864367635,-9.218409194095209
bcc7c2c3-0965-41d1-82a0-4fcc28b1e63f,38.696360901653776,-9.215379671288817
e3650f2a-cd72-4083-b91a-98fff5b6e55c,38.70005051132877,-9.21831919166732
71ac5dc8-87b7-4e3e-94ea-582a8e3dd007,38.70145025000001,-9.21002815
8b0b6c84-29c7-40ee-ad5b-0d081337ecf4,38.69697363055259,-9.194115568676965
d3254489-4c48-4b69-ac48-4f44a3f3b643,38.697539789810044,-9.218574480523733
63a593bb-b2bd-4ea3-9c9a-543454f4378e,38.69879749999999,-9.220607699999999
04c05868-f2c8-434b-9cf4-d16ebffbac9c,38.69950648169592,-9.207477033589297
06121b8a-1ba7-4298-a5a2-2d18a6fea230,38.701178928409384,-9.204484800937527
8bdc0a02-bb02-4669-abce-c99e3bb69738,38.69780882919855,-9.217313502948937
c57fc5bf-6733-4d5d-8d02-579493543a97,38.69819594923055,-9.20966921800938
f059c994-92ca-45f1-99fa-f7e5794adfc7,38.70041226019718,-9.21983217944482
51aa1037-8cae-43ab-85c2-ebe1f911650e,38.69768223402823,-9.194630239130236
aa2d980f-feb4-4dca-a86b-a5fc8cce4557,38.70218573165444,-9.204131347522369
e44f0fa8-1362-435e-9425-c4c066c0b2f5,38.69948211251264,-9.219585826132121
048dd538-7429-4f60-85fe-7148dff709db,38.70246302089154,-9.204722114174935
71e8bc2d-3598-4e91-a8cf-9d2cbb29a9a5,38.698831901922105,-9.219093633665791
68d2e5c0-fb75-43c4-82af-7d9fffd6cb2f,38.699967431761834,-9.212713119845933
07fe994b-de50-420a-9689-e2eb01ecdaf4,38.696440388230556,-9.216085408464329
9015eb6b-8dc6-41df-a3be-857ac47ee634,38.70203124430513,-9.217536530927323
6b6f4519-220b-4284-84a8-9a2ca9de4a3e,38.70035748932887,-9.221064159430757
333859bb-57b3-4ffe-8190-cf403f21567e,38.695611681344,-9.21464480489717
2900af71-b922-427a-92d3-5f883bbc01a7,38.70078238200136,-9.209820545184204
38bf5bd5-6f1d-4de1-a32a-573fadc6b9e1,38.695190434584596,-9.211687517729763
4027f66a-f5de-4081-a6db-e2e99044f750,38.696510081662595,-9.218179875741328
40fabd6f-fe28-4a44-8906-d84271b49206,38.697726604795,-9.202204559143327
4ad79eca-4be6-4ed6-8c70-a1179fe5fe49,38.69929277841289,-9.204811791453919
2eacc364-7562-492e-b6b1-d97baeb3aa3a,38.700315435100656,-9.224696525107207
e5b6e8aa-984d-442f-adce-be53df64f733,38.69612893618845,-9.216446940417562
6be0a4ea-d919-4021-8959-c45ba8ecea6b,38.69812296390478,-9.215147631918681
0c60c549-5d3c-4b03-b490-643e698f932c,38.70020081955769,-9.218824279319884
370a8e84-d465-4094-8943-11badb29d466,38.699108048706094,-9.204943337211182
44eaa54e-907b-4efd-aaeb-52f328526960,38.69752158872574,-9.212776701055962
4f24497a-042c-4726-90b3-cc418f58b964,38.70181275283133,-9.221123413442696
27ddf756-5f53-4d0b-8621-40e6ebdef6e3,38.69706707984296,-9.196139664303901
18720a11-1fc7-4f00-851c-bf3c862a59a2,38.69942099999999,-9.200851049999997
9416180c-095e-4b5b-922a-2906510cf779,38.695576321958576,-9.220444415521833
80d5c150-c4a3-44fc-acf9-d31edaeb9c70,38.7006551,-9.21132695
f669f028-c97f-4c37-83aa-3c265a88f7a9,38.70033721989913,-9.205815487257922
866c5a36-63ce-4582-9341-6f27dd40bdca,38.7005357674196,-9.205093863368377
e0e75b5a-77e3-4f77-9128-be1254c070b3,38.697639121281135,-9.203212221358386
8d70e51a-5940-4fa1-8b35-5d3c64d0cdd5,38.69850049475334,-9.204220010945303
0cbf0727-0bcc-48b8-8554-dbeec00658e7,38.69809310967576,-9.192802423339728
6b180c87-fa15-4912-b4f3-cd590465dec1,38.700360823592696,-9.21933932454857
4f0d6310-ceff-4760-8973-d9405e3858e4,38.69623475998706,-9.216189792164958
e5c9849a-9d82-4a96-ad1e-adab325e6f57,38.700956541266194,-9.222121311367156
3f78b98c-e38d-4483-94e3-ac79af1b6f32,38.6998279550585,-9.220989438788818
34b085a9-4092-4267-a8a0-b0d748a1ac27,38.69963225592734,-9.195995457286797
d9eaa527-04e9-4a70-adc2-53ff4a47c6d5,38.69858196737321,-9.22099180110583
ee3d4e6e-d0bc-41ae-982b-9d716fb0a726,38.69733485022571,-9.224961633484863
806855e2-8976-4368-bb28-1bf7d56ad874,38.698806142889765,-9.220292802574
bab8de56-2791-451b-abf3-e0eef4b1fce1,38.692695413191565,-9.221460620088823
85ddf4cb-44b7-47db-87db-1825774a0e03,38.69978304999999,-9.216351049999998
dc098a5a-8181-4c79-8f17-65802a1541d9,38.70147034743557,-9.204002883090705
1c8f5143-76c5-4a63-81bf-64f9432f68c7,38.696192399999994,-9.212433149999999
25fe119e-950e-4d27-80d8-7ba0398635e4,38.704588459827846,-9.202481753340722
e09a429a-759b-4aae-a8f8-574ecf15f123,38.70083419292434,-9.216642184635237
97c8f12a-6c6d-4987-8f98-6f7c7bb639a1,38.70472680531013,-9.202776261965164
157496b7-b7fe-4143-94f8-806a04b115fe,38.703459083950335,-9.2032333029926
861cfe41-b680-4a95-bfcc-43b660059da8,38.699608749252185,-9.2208429375463
e02fe6c9-2c49-41b9-adb4-392ec068e51b,38.69879175162031,-9.204694104748922
3cbee9b3-fd0e-4c1b-ae7b-fce09793abeb,38.697709425578296,-9.193288651345497
5067f433-7f52-41d5-8eee-e83e899ead4f,38.69816623224183,-9.195496483227647
5f9c12d9-e0a3-40d9-96e1-5e1a95525d1c,38.698050684173744,-9.206490014983903
047b59c8-d13d-4228-8159-b0df578705a9,38.70488281613362,-9.219833833845241
5b0446e0-6b3d-4c30-aabb-690411d268d5,38.69764168964537,-9.195557819389892
c3c2edc2-6fe8-472e-ab7b-98d12dd13a1b,38.69939288722406,-9.213428838894874
94dc46e0-f30d-4dc3-acc5-daa8e5febd06,38.6968365073995,-9.223974205085938
968d8dc4-ea2b-4817-9a2f-b323b7e56b8e,38.700469189240394,-9.219717916655949
ddd87b5c-0249-4c8f-b2e6-7524e2811fef,38.69964652695229,-9.22123122494235
6386d405-b273-4a85-90c1-ec2af20905d7,38.69672632346223,-9.218936740277472
6319ae3c-9cfa-4696-b445-8ef023171a2a,38.70138969232969,-9.204443953145223
dc4b774c-bddd-441b-9f58-b638a8ef3c3c,38.70360285241318,-9.20380285471853
6e53e2dd-d55e-4936-9f1f-1e6379dec45e,38.70166376798326,-9.21848833865691
ad1b92ec-8c9c-4b41-ab32-228442233fc8,38.69788058823986,-9.217391690213352
5618f2c0-3799-4be3-b0fc-72a8704f34a3,38.69506834578871,-9.216832780974041
89e8fd56-db1a-43cf-8b64-9c31bb3b500b,38.70112157449941,-9.204281058380808
f512827b-bc05-4a0a-a0b0-d2152940a65e,38.698158899999996,-9.2107372
87bf91a8-15ac-4b25-8eb5-9223908cc0c0,38.6940662197448,-9.222149087679913
18e44e25-3b05-4cd9-a55b-9091b1248e5d,38.69822760221833,-9.213616541198721
1bbbd91d-a838-4d8b-a411-a40c09321b59,38.697187856539045,-9.222497039228433
fbdb814a-95fb-4aa7-9b32-1d871b8b2cf9,38.70107978041805,-9.203647888785554
ee51d705-2b15-47fb-9344-9944c7f82b7a,38.69637275344283,-9.216120012063543
0ae9b3b7-c231-4b1c-95e2-8387c9618b8b,38.69768107127971,-9.195443730554814
479fda3b-1b58-4ba6-8472-aed0d7ed6072,38.70032268767323,-9.201519691905002
78bca8f3-c139-4992-b50b-79e307a7b890,38.702140549999996,-9.203169749999997
25d35671-f253-44ba-b632-e5f2d0a4a689,38.69817049619203,-9.219521073256136
90085391-34e4-458e-8cba-593bc8c63a5e,38.700009528749874,-9.222364480746865
90957a29-7353-4f03-a0ff-b627b11c2af8,38.70055830333295,-9.21729863272443
0e178119-684d-4d30-a241-386dc8be2990,38.6961051,-9.21812365
26befb51-6ed4-40fa-a0a5-13d2ca9bf594,38.69977415,-9.20088805
f73e6ae9-d29f-4c94-b59d-22cd78a40582,38.69516974158117,-9.215676239519846
e2a5ae6b-bd14-4e97-8aea-8616f7b8e0ed,38.70034173907897,-9.193694854339725
e220d427-3ee4-44b5-b3e9-71ceaab43d94,38.69924788427099,-9.216992605659332
82cec158-20e0-4730-a265-8f588f5036f5,38.69881412850219,-9.199416567329536
4d8076a1-192b-430a-90eb-ec2a3064819d,38.70406963499514,-9.20324864696636
ce1e081b-a5e1-442b-bdcd-7e4124b26cef,38.70210004999999,-9.205884250000002
bcee9f1c-c648-4cd1-8688-135b242ac6f6,38.694852131897186,-9.220348801718078
764fc78b-f96d-4a6a-b7a5-4ace12ccf834,38.69743643134313,-9.201893728377524
5e9166c1-dffe-46a1-967e-136874284ddd,38.69662200598931,-9.218560956711036
cc83fa4d-8c4e-4ec2-9360-5cfea86a42d7,38.70069437335517,-9.219180137469133
626524c8-73b4-4437-aa19-a09e0b0868ff,38.69782968875697,-9.208772453541458
fa0a10a3-f33d-4dd3-ad23-48da4f526977,38.70394926344594,-9.203041631073582
6c2fef0c-8ef1-4d6a-bd54-c6af2f0dcb58,38.69585972846005,-9.210221241839864
9231e8da-7913-44d6-9a14-70461faa221d,38.70017073604926,-9.216987943290189
1d680b46-95d7-4d3f-b829-3b6fa7f388f7,38.69829140330582,-9.210928228233843
6411701a-c2d2-400d-9a3b-1469d7ea3eb8,38.69941039651912,-9.219750901773285
680c91cc-aeea-4377-9940-4741d70d32a8,38.696574899999995,-9.21117035
551c13c9-18ec-455a-b11a-e213fc4ff72c,38.69546599999999,-9.21841585
ae0da51b-37b7-47b9-9cd2-f58ba56e17c1,38.697517146381124,-9.217347082335417
da3cca82-1047-4b38-99d6-382bfcc2646d,38.69597858476885,-9.215890862127074
dcfbb933-16b4-451d-9079-1d1e0c4ece96,38.6961939477945,-9.21846791905842
9f66237a-ace2-4ec5-80e9-3ee9d89f4d7f,38.70025097319574,-9.221327838320638
1a473ea7-4d91-495b-baf8-fe1975e69da3,38.697237917289584,-9.195467972697875
ee0d1b46-6dc0-40a3-a215-edfebdb957a9,38.699260899629145,-9.218909701844318
9536b471-357c-4586-8355-f217588e788d,38.7049728136881,-9.202697367309963
074a80ff-9a6c-4dc9-8c9f-cbb6e58b7795,38.699517480295064,-9.217810319169704
526f97aa-9cca-4d97-ace4-942b4fa5d364,38.69667985165152,-9.218451816599238
6085fcb4-4bc8-486a-9e01-13f12e4df594,38.7008915972672,-9.218899323306523
0b6a22a3-9174-4c8f-a55b-f50aebc102db,38.69598870150293,-9.217776185688907
1802cd66-0611-456d-8569-319c3360addc,38.700883274395714,-9.200448656021285
3389338d-f3cf-40e1-a5f0-ce41709072d6,38.69810547973411,-9.215479208790219
d3d2470a-a5fe-46c8-9e99-94f01f9780b3,38.69832829999999,-9.22385915
220d76d3-4fab-4ddc-94aa-59a30adff904,38.696428976263626,-9.21799545653798
2fa82e72-e0fa-4c77-9499-8c9b8feea658,38.697446050965745,-9.217417099745703
90021f8e-6c6c-44eb-9cb3-9e34e78b35e3,38.69622704999999,-9.2179465
08fb8f95-4e7d-409f-ae8a-8f58b07448fb,38.69873179358356,-9.211951547460457
e2cd7676-a2be-42ae-9978-062783b6a09c,38.69934104284204,-9.226356823239078
4115afb3-c32e-4dc3-9550-fd79ec9affb5,38.69835903468356,-9.222067707383667
b8967deb-c743-472f-86ad-3481d9c9bf3d,38.70313594065521,-9.209513799120712
34308959-7f12-4c47-af41-8aabecd920db,38.702711291894225,-9.216731910309306
060214b1-0999-47ba-8183-73ab36075b46,38.69758658211616,-9.209637226594989
b5ba88a3-0bb4-4f22-aedc-1532ba3f55b1,38.69965087407428,-9.204919141101568
12cd2c2a-9303-476d-aa9a-d5f10d86304c,38.69731338164783,-9.193092178786461
9f23d153-1043-421c-88d3-3697104612f2,38.69558964660807,-9.22147016192711
89c33b64-ce3e-438f-854a-a0eaab6832f0,38.70022674610974,-9.207593030202093
a93285f2-ee8a-4216-aff5-8ccb29200055,38.70268377712165,-9.21886566285922
7e26d126-06d6-46c4-8ee1-4701f4afb35c,38.69705503331771,-9.217292192317124
bb4602f7-135a-4c5e-a068-5268dcee3c74,38.69639793196629,-9.220908167766313
8dbc1262-b406-4ee6-a2a9-99d213351c2d,38.69682698207694,-9.202235370851364
ad6d47c2-35ff-4960-8bcc-5a0e282e6bae,38.699272000527316,-9.195483814850377
34d1e1c2-d3d6-4ab1-978a-1c6f1cd441e2,38.70150765,-9.202939149999997
39cda2d8-556d-41e7-bb51-89b574bb6ec5,38.70090177681593,-9.222509662869294
1f05cea2-5a90-4e72-9d34-908e70eb04a4,38.697419648918476,-9.201659136220831
55dbcbc9-4cea-4913-a6bd-8ffc86e0d876,38.699072360574135,-9.217829655157836
159dfd7c-f4e4-49da-b114-bde8afd2a796,38.69745716471725,-9.202748522091424
42a6d552-ab47-482c-b822-87e7ac50d3f3,38.69640035,-9.2215007
46e70a83-b876-45a8-b7ac-236a3ef0b8fb,38.7023078915919,-9.219874860079923
46c55548-0a0d-4ea1-84af-40b913be7233,38.69678779999999,-9.2143818
53e063c2-1cd0-44ab-a1ce-5da89e6060ca,38.70008059653698,-9.203513502541611
30f42875-c80c-4e4d-8abf-9c1a49c7f1ba,38.69999462729459,-9.221891274207344
1d91d891-dc6e-434d-af18-44057bb09848,38.69700950947229,-9.202584588158578
adbe450d-47ee-4465-b970-8fe38f5a132b,38.703074702496394,-9.217604652209806
20b6e163-0fdd-4b8a-997b-f606440453b9,38.70240235,-9.203842199999997
1f584130-fe7c-46d2-aa85-99fae68868e9,38.69475682286475,-9.214609984210192
8787833c-e5df-4672-a895-b607152841c5,38.70186951717489,-9.220952601123397
6a921b02-1eb0-4489-928a-a575b6be15de,38.705315579939175,-9.202742142583434
6159a8c1-247a-4181-b31d-f137a81dc29f,38.696380651521714,-9.21692789849058
8d8dea71-139e-4565-beed-8ba3da208380,38.69758709174389,-9.196244504304001
a0578834-9118-4603-88ae-1a26df55c4cd,38.69687729233229,-9.196877489548228
aadb9832-b70d-41b8-9aba-5cd12e358b20,38.699314718587274,-9.207395616585773
56b2cafc-c07a-497a-bbdb-7093a29a9a53,38.70348251050787,-9.205301527465302
92c915df-6dd4-43fa-aee4-28e7bf8812e7,38.70037447993425,-9.217675164970965
65a54272-580b-4d89-8585-f96728bfb6b3,38.69928575806895,-9.199984024019814
fac1bfb2-30bf-48f0-ab9c-03ff665394cb,38.702624036406974,-9.204631691151102
e130f638-a987-4f13-8854-2d0145c0d5c0,38.69688904266681,-9.218293425286612
f9ca09e2-c7ba-461d-8bb4-834582f95da8,38.69761024345833,-9.196009826877718
32a25dd3-355f-4c96-b53a-79edab6bc6e3,38.696516975607544,-9.216844329442544
7a8af931-8ad6-4b61-a7b8-b6ced193683f,38.70244871542912,-9.204585292544566
292a5403-9736-4e59-addd-a5cb0fbbf476,38.69725050635007,-9.216772197013965
e012839c-63bb-4aa9-a8d5-4733191c0e73,38.69748286948912,-9.192916049523774
cb53435f-aa7c-4c47-8951-21e9f9504d50,38.69770581295973,-9.21161503002937
8972d5c0-1b8f-4916-be40-8df92cb60cc4,38.70208744459109,-9.217504107519604
b197919e-5db7-4c75-b949-72f203036882,38.69999155868206,-9.222902766927639
4146e0a3-49ff-40d0-9343-5970d54d680e,38.70384124776413,-9.202888397839196
2a69a635-e123-4a77-b3be-434600ea4049,38.694973479239074,-9.218997688660183
51fef978-943f-4f12-b338-85762d7b4dda,38.7016125168409,-9.221576526196232
5ef1ba05-30a6-4d21-ae37-83ae860f2c51,38.70203979646503,-9.20599177306683
0ec28a4e-17b6-42f9-97ab-88976cdf08e6,38.69765362326995,-9.209373489030341
0fa9a573-6d77-4e1a-a240-a8aa86078971,38.69767509999999,-9.215704449999997
c80cb2eb-c112-44d9-b28d-909cd94f6cdf,38.69430987555149,-9.202268655713917
bbf929d0-73f1-4382-a83c-41f774b73620,38.69464555243504,-9.213750529082137
7aec4241-c8ff-4dda-aae4-276774b379d7,38.697817124057245,-9.19714906381846
3a8ba2ce-b5fe-4036-be14-61a5c9d17094,38.69517734974314,-9.218826573278102
0362c73c-7923-4a24-9046-a885606a29b7,38.69946054584663,-9.215205481956367
85526c3b-a85a-420c-9fc9-6c0b2ca1d27e,38.69975223199085,-9.220101570841434
64f7e3e1-56d6-4059-86d9-80c8e3a92a8a,38.695826834670406,-9.219189487538102
c322de76-960a-466a-a844-fc9afae3a16b,38.6997982576608,-9.222406578849231
d942a4ab-4c31-4083-aa9d-b827342f4695,38.69801534488723,-9.219736463714737
49345fa7-8af7-4790-912e-8cc528818ac0,38.7014607904628,-9.217834506406524
46d05384-28c4-43c6-8c9c-3674bf790431,38.702551518859856,-9.203574590594705
57aa23cf-9d76-45c2-a185-af54ad3bbe16,38.69804921083731,-9.224630122327305
96c6029c-60d2-466f-bd4f-de45b6c9a3ec,38.69615565365746,-9.214214638263465
54177f5d-aa79-4846-bf18-f9b12cc1a5db,38.70041398874832,-9.216260084731879
1a1e6b90-89c6-4536-8609-ac55c480bfca,38.70129037467512,-9.204729549260954
4aa9cbb4-8396-4364-999f-2426827d0f3d,38.70224146897996,-9.205634387788173
8a989a49-da1a-4398-a882-b4bdc41e2dfd,38.70007529056244,-9.21912854043549
d1a97d7e-0fc9-40ec-9b85-4989b196343b,38.70125059999999,-9.205787700000002
7d8cd750-b278-4bc6-b0c3-027f7e931c31,38.69606833155732,-9.210810096287515
0d9c6c1e-38bd-4493-8285-f91483550582,38.696242491875786,-9.212639178844652
50bd75e2-8711-41fe-8a84-29fb0b5806f4,38.700779815218645,-9.204285839479875
60b95b2f-c3a0-4061-a312-c0d340984a2a,38.6994145,-9.220978800000001
4f4a579e-d401-4b00-a6f7-7be32323fc0a,38.693802707089354,-9.206794669408945
c56b1928-9b7f-41ee-a2cd-612e12a53ee4,38.696584227594656,-9.217216809261854
a4086218-d18e-4ed5-8529-55261132eb91,38.69770274999999,-9.215796600000001
525bc3c1-240e-4639-b2bb-ebcc3ac84397,38.69763266674932,-9.217235596998385
17808509-0a8a-4359-865e-67829de362b7,38.695573222327006,-9.215887659241462
de3bb4c2-bd62-419b-90e7-3ef5c2ca3796,38.69797857278516,-9.197810689092833
9b610bdb-302c-48d5-a75c-cdbbcc47036c,38.69940630000001,-9.204291949999998
13abdaf8-ea4b-4f37-9bd3-61c6d93d68d8,38.6988001,-9.213421199999999
0b8e5441-bdde-420f-a1ea-7449c643e11a,38.70164711711432,-9.205081974144834
2bf734b6-16b9-4d98-840e-66ce5147866e,38.697820999222486,-9.197053650615313
85ca2971-e3ed-4b40-bb47-bdf4c251a4be,38.70200913252735,-9.20573432469316
956338d2-b5db-437b-9e14-b3864bc6deb9,38.69235863146904,-9.213200938205924
2cee1119-a126-46ee-8694-f7b7f7460bdb,38.69394045,-9.217989
6ec8268b-8f7a-485c-bcdf-9f8f78cb1b7d,38.701320567403386,-9.20217092907628
4ea916dd-a894-462c-b062-a436f71040f9,38.697758400000005,-9.211726400000002
f4dfccdd-7fe4-4319-9abe-622437d5e68f,38.69980477043055,-9.218294614655644
b244bf21-955d-444d-9d3c-89c308455271,38.70026339413457,-9.217878327035558
d85396a8-a6c9-4f7e-bd24-9e51c39efd02,38.70088908848124,-9.22325074482378
820fec67-772b-49f8-8644-3ae5e42815be,38.69908010271745,-9.218711412672619
400e3c83-de7c-48b4-abb9-70e92d227de5,38.69596588206738,-9.219615058803422
55a968ae-74f4-4cdb-9343-02e12c88bd0a,38.69951595988497,-9.220421280478625
b4ab88dc-6322-4a77-b68f-ac05fe953ff7,38.69518126532159,-9.214012954336276
f5b5f44e-b67e-47c9-ad01-b7b186ad29ca,38.698680741183075,-9.217814211250346
824b0798-4397-439a-bbfa-d88151bb2b91,38.70408732934998,-9.203499504238925
386ecec0-0173-40ff-954b-568f70100fbd,38.69732059538939,-9.218835386503384
1b11b992-7be1-4e26-81e4-55a107fd5a87,38.7001161,-9.218506550000003
0e7791fb-d532-49ed-8526-6ad6859344da,38.70049531057557,-9.200320748203945
85c7d6b5-922b-4efa-9860-16d9db337498,38.69878218121815,-9.210862035155685
8eb89881-5a78-4e23-98ee-ff9ff03a2324,38.69785755087852,-9.195119895479529
4cdbe995-bec5-4334-92a9-ffa31d5a7588,38.69864659653954,-9.196744824252235
ac10ef47-2991-40a7-b21f-7dd40efe1dd0,38.701384124117816,-9.199372742189647
554dedf3-dcb2-4116-abe0-2f0285919d69,38.700031608066695,-9.222503720846364
e34ddcc7-d1d3-4b96-aaa5-4f1e9a2d1f00,38.6994609711592,-9.212862125488082
aba0a57d-8b26-452c-982e-c6b7d5013abf,38.69424816740753,-9.224079300678614
abaf6ed9-6ca3-4e9f-abf4-2d3cdc3793e0,38.69582757386233,-9.219681707152375
f7785f69-3014-48d4-a179-2f6cb037bcfb,38.700998202922314,-9.223058651043532
ae367d91-fa9a-45e5-89cc-5570a0e94453,38.698534443185,-9.220141764737823
100062eb-b8ac-4b02-a97b-8e33bb1d420a,38.70063786178604,-9.200363861119735
c40b84cb-b577-4f03-8580-9a7cacf82761,38.69815289122969,-9.215270334730965
233d25e1-b8f5-47aa-bf5c-77f045337b1c,38.696844700234074,-9.21744510926808
ced17960-66b8-4940-89f7-38abb82ff735,38.697311548128106,-9.192947943740648
9ce0f36c-5a73-43af-92db-3f44ba1394dd,38.69722969212714,-9.195296554093813
aa6206d4-1bea-40b8-87c0-f2d9f1e32518,38.70046877043032,-9.217492097992356
9e660d01-f232-4235-a217-4acda42fb65a,38.70178191095497,-9.206207728537583
e830926a-cb25-415a-af26-16f687548795,38.699049640602055,-9.213548415990237
3a61518f-68a9-45f4-8326-3ceb2bb13bf7,38.70185316290321,-9.203904384701277
7463a1ab-9ef5-41a2-b4c9-1c3e9e39680c,38.701361942874804,-9.216240717479321
d8bd8a0f-b9f8-4111-8d9f-1953720e5330,38.697246556759914,-9.21720020546479
735f9ef8-6831-4da3-be0b-c87813622c84,38.698578282532054,-9.217657341039347
3c21c5af-6bd5-41b2-985e-8414d9bdd5af,38.69928075000001,-9.2214864
038c49e6-253e-4d6d-b9ab-9a8fdf4fd8dc,38.695331362366,-9.209167340549975
95b350fc-0eb7-4659-b564-7b5ad40bb240,38.694591166764326,-9.212677008844807
793207a6-9e29-4969-9488-a5592f02c881,38.70074752872595,-9.223672959711239
7f1d840b-f0e4-4e06-982e-5b40907a6a27,38.7042968647651,-9.224408170289204
78f1c379-5a60-40b7-b56a-ca8005870e4f,38.69888490299429,-9.21700336812771
914558ae-e9b3-4228-a518-73f71db43b81,38.695145182656155,-9.214544765838257
3b52a7d9-6161-463e-ba2d-4f62d00a5419,38.70041235,-9.212838749999998
984c16c3-89f7-4f8b-9286-975c4ffeaadd,38.69551338240592,-9.21118543511506
f6506552-ccd3-4f06-9298-7cd59ccc49a8,38.69905184263907,-9.22048868751021
c09160d8-4466-4320-af35-8da1ace39b02,38.69510319662865,-9.21915922923142
952c254b-6c1a-4796-9747-ce4e3c637709,38.69886551595711,-9.217564143856544
a9e530df-be00-48f9-a9ae-2d94598ce3d5,38.701319942798484,-9.222384584180078
6d4bf0a8-5a84-4056-ba76-c29b3f24e7e5,38.70183503610384,-9.218082462266747
0a444c10-9a9b-4df3-bb5f-162b3f83db57,38.69579932546196,-9.217986036354986
89a167d9-cc30-422f-b184-475d01ccfab4,38.6969146807736,-9.220975461813122
3a70bc87-ae98-4df0-b155-2fc082cdd779,38.69853176486501,-9.207513971161218
54ded649-2398-4860-94f9-cf1168ddf225,38.70134897399624,-9.217109454819289
11fce1b9-4a0b-4529-9498-3f3b7aae0dfd,38.696887611453654,-9.198704946643165
0290e3cf-cace-4638-a3c4-b74a4d323bef,38.70034112176207,-9.223621916652384
3effe03c-6322-424e-b8d9-2272367a1c26,38.70153438102462,-9.215832007675646
bb9c08ac-1a6f-412b-8870-fc6c055859bc,38.696559822176376,-9.218608527287572
b9e0c8b7-350c-4e28-9ef5-56d416bc4c1c,38.699820227202544,-9.220588237326282
69d3942b-74cc-4943-a9ff-848cdc3b0b12,38.6978238429789,-9.217091712206532
2158d1ad-8a4a-4d0e-8085-c9a81d9ac3b0,38.70232355,-9.219383249999998
406f3042-a929-4c38-ac4c-c638ae496fa3,38.69755586876823,-9.201309487036728
728d0a0f-82c4-45ce-9144-0d10947845ea,38.70327188579266,-9.217374741243411
5a61b164-a873-430f-8c00-42128eb14eb1,38.69830339375772,-9.191825758255634
31725539-13f7-478f-bbc7-a16aca391386,38.69438222166424,-9.2065251954525
20b74022-cb2d-48b8-897c-f172ee3e009c,38.6992029862429,-9.192826075409387
9514f283-cd53-482c-83f7-f6bd80aca839,38.70011134300657,-9.202140577882426
ccdd32cd-d898-4dc5-b735-40b68523b094,38.700135454903474,-9.225607108985534
ca1a2f3b-a684-4671-919a-999f65af2d3a,38.70064663688334,-9.219519708282428
0ac295ac-250d-4724-a7f5-d0ade9af3a50,38.698503450000004,-9.21196195
6c095b7e-3710-4081-a6f2-c0b6a80a2e35,38.697076886343645,-9.213930072625322
d2d89f86-dec0-47d3-a507-9ff3a3f50123,38.695935500000004,-9.21123685
a7818209-ba32-47fe-93d9-8a513e69d77e,38.69560461771147,-9.217385219726006
f5991c6f-f4bf-497f-81c5-54194b7277f2,38.69570708045767,-9.217196309830516
b5c5f336-fc26-4821-88b4-3ac9d6d54ffb,38.69921604999999,-9.213034749999998
d66cda53-77ba-488f-b4ff-b1ee873e6aae,38.69927139901957,-9.21647341556794
00c5707a-e71a-458d-9105-3cf91caa730e,38.70317511519861,-9.203698117745493
0dd56940-6922-425e-8318-f0de89923034,38.69930767615596,-9.217534181014605
9be0b4d6-a3f9-4cc1-9b55-4dd68fc082e0,38.70042470214879,-9.203831414315749
7c3c2aff-efd6-4561-8800-90519b46b5ff,38.699249011816164,-9.22368687763114
c9ae3fae-4cc9-4b54-924a-c49020ac9628,38.69911877398777,-9.204633295146792
b0022dd8-df50-415e-af4d-035130a7107e,38.700611900000006,-9.211957199999999
a0a88897-6f2c-4a4d-af9f-1eda92c713d8,38.700563911433434,-9.207373480460262
0761e01d-a11e-4567-963e-10231b368a05,38.69946105400775,-9.21909718743578
c07c1547-e3f6-4155-a625-d9ceb329da34,38.69711711650994,-9.202077024440829
27f2d644-c864-4992-88c0-d86bb7308fe4,38.70049364170634,-9.221694142102944
77bb3896-efeb-4a9e-8e4c-4d94cc4494e9,38.70170824444907,-9.203705415810838
b078187b-f91e-4189-9939-e7c4adeccd59,38.704501445270346,-9.203668876556597
87493549-76fe-42f0-a345-8946d280e832,38.69371435548876,-9.222962086826824
4e59ecf9-611a-4f6b-b28f-bc941d76789d,38.69818540782364,-9.220070863379116
05f3d46a-6d52-47db-b491-325dd03f119f,38.7024649790235,-9.2027404251793
f8666b25-cfd2-4b80-a6d1-1d91188e80c3,38.69658831959777,-9.216810440666759
726db497-7cfd-4f6e-b59a-dc2fb1669fa9,38.69613408889602,-9.219985530145145
0660b3a4-480f-4e7a-8835-a6b61736b09d,38.70146020486831,-9.22196383201436
4f876937-5718-450c-ba16-a04c45c5f6d7,38.70207207904174,-9.199148236543287
c1da0354-96d4-48cc-aad6-b570c437745d,38.700534580100665,-9.204593284632855
cbd962a7-62ec-42ba-81f0-8739abd0839f,38.7017721298118,-9.205414377658766
ceac5a67-2e1f-455f-bbdb-a2e2f5d30105,38.70108859906337,-9.20171816813721
1412365a-82a3-4858-b4a7-bd0065b3da29,38.69820404533416,-9.218321078044653
40f7a88c-bc44-441d-81e6-7d710c3f8220,38.69977110189885,-9.216070678515544
770c9be9-0e13-4695-ba8c-0be2b9af0020,38.6978077401811,-9.193972528839078
c3d01141-cc31-42ca-aab2-e71608481969,38.6975549,-9.203761600000002
062cae59-75f5-4324-a950-e03852e382e1,38.69614222571318,-9.215831145556121
fcbc6c34-3b16-47ea-832e-6a2abe14fd3e,38.70030471895451,-9.209489263166455
45902c81-ac1e-4f5d-8cc6-a5149d8e67d3,38.695261700234646,-9.21528165300667
42d8a4fc-3112-4613-b35a-9d552660e434,38.70023803142034,-9.225816158130248
7763f2b9-9713-40f7-a94b-e8004cca4a52,38.69949941583202,-9.21445275890103
56583e3f-aa86-4c30-9b2c-21b0b10c7a37,38.69648436384737,-9.218678139847363
08e9a8a2-ff21-4690-b1ae-fb9d03630144,38.69599010929677,-9.218602085635125
a4f56371-4a97-4e26-9c58-d34c3fd95be1,38.702172764023246,-9.216558690179106
37d0dcd5-0ac9-48cc-8e79-24e7a7af8250,38.69863678030409,-9.218884928610374
29693c96-e05d-4f14-87ff-7aa075276713,38.696979053568164,-9.217177667862485
d2ce7617-cd31-4288-81da-4bb4ccfb1def,38.70003922530993,-9.222071441131513
0bb6a1bc-5d81-4dff-9444-86a6b6055dcf,38.698734192929194,-9.218746865876343
cdead3c2-1060-4474-8761-b991ecdb2227,38.69535231121401,-9.216721168119811
0e85394e-f3c6-43f8-8273-73db27fb9550,38.70329152529439,-9.216720247916946
5dd0e4d7-3a7f-45fd-8e01-14caae0825b9,38.697194763060075,-9.211799617278531
a5c381de-e3be-4a4d-85b3-a94ec784e2ba,38.70122958945418,-9.204611145394724
b157e6e2-901d-4bfb-a40f-7f5802c1f934,38.701912468927134,-9.215941265452868
4fe54cc5-05d4-4daf-b910-c4c1bfe74a25,38.696799596337506,-9.21913553402188
9b3c805f-3e03-41f8-bf48-8d9e08c808bb,38.69260650532832,-9.213177275908228
763e3569-327d-4c4f-a301-9bc84914a5e0,38.69810690676699,-9.193119227102578
8bfe1e23-5ca0-4803-9fc1-5bb4adf544a8,38.69909166092163,-9.213801705374841
88a67031-ef24-4c25-9aff-702882a12fa6,38.69734198210031,-9.225643376853087
70ed046a-96f1-4ccc-a3d6-922cbce2f9be,38.70289102431758,-9.202626118755065
7842358b-beee-4236-bef0-11b88dafe04b,38.70219992994992,-9.205706357006164
f866ae0a-6e40-4102-9712-0e578f8f169f,38.7002907644813,-9.221617053748124
a40ee2b5-91d6-4511-88c2-edba5882d3bd,38.699076777476165,-9.21923064079276
c56b9920-592d-4127-94ea-935a7b009458,38.699331370195516,-9.220629193754318
e1e97622-0a4c-44d8-9e94-baff5d824ec9,38.699156866903,-9.203828003895975
e98ac0c6-3f4a-4011-b685-fb4a917625d5,38.69677460489141,-9.217074475474563
92b61d63-bbfd-4a19-973a-a42429d8c2e1,38.69683954315076,-9.217028788293218
339a48dd-028a-4349-95dc-81bfcdcf79fd,38.702454591222214,-9.216218973609786
b4c51520-880b-4f7e-91a4-af74969b50e5,38.69921044292015,-9.193256154619958
ed2668b8-898b-4d40-a061-fb420477418f,38.7016364,-9.204172049999997
a7f9ec57-fbcb-4315-841c-0f9edce672ba,38.70063091693959,-9.205912370189768
7fdf84b1-bc2e-4a8d-aff7-b8a725d927de,38.69754603791911,-9.21763129632032
0a42b465-d3c3-499c-9e76-298dd9d1d2e0,38.69713981224298,-9.215412046904792
012a5891-cfa7-4daa-be6f-b9af46f3cf32,38.697706738798935,-9.203337460335545
f117054d-c43f-4792-a23b-0ebbdb7f4a8d,38.701415845393804,-9.218559701954385
d810422a-686d-466b-8c08-0ff17f0e8237,38.69874279742057,-9.194993258352676
8c1f3d8b-28a2-4675-85a5-8a1b47d88e91,38.697609322994154,-9.218531085203361
67d9790e-c9ff-41e0-a066-ddecccd66afc,38.70167925442274,-9.203955879195462
b77e2ad9-20b2-454c-8479-004bfc6f32d9,38.69760889815626,-9.196464402357348
ee22567a-e919-44cb-b545-7446a0488e48,38.701825031935996,-9.220342196509867
1456682e-0bbe-476e-8a40-f056f6a5cd88,38.69692394872209,-9.215849765215014
379a90c8-e628-4be8-a322-2207f81518a8,38.69896745,-9.2182031
1b12e259-9684-499c-8d35-3d5ee626f508,38.69406260234073,-9.222891660062762
1decd7cf-4508-4238-a3d0-472cd89d0b29,38.69958216776419,-9.208655300000416
b41bd66b-26e9-4e92-9f5f-a5ba065dfcb2,38.69788355624041,-9.21822462172296
ca08524c-7b55-43ef-8282-815aff587466,38.69971796186438,-9.219728526328142
905c89aa-2de0-4b47-be9a-8872798c475c,38.69766581177408,-9.195159593092017
25338741-5f2e-452a-8dd8-a5611b77d4fa,38.69951545634454,-9.21472967219873
789a52b8-ebc9-44a8-9711-78b2ee3b8c4d,38.700341900000005,-9.21920355
e402c518-bff7-4581-a9ac-28201e6df47b,38.69550532546196,-9.217075536354992
233091b0-b897-4acd-bc03-88e57e91a6c1,38.700128649999996,-9.204701950000002
39b7ee7b-c78b-45e7-bd66-93742cd3b30b,38.698684507125584,-9.193006003132078
5a6f899d-4e0a-4ec7-8b32-f8a881db1762,38.70147189171791,-9.20612587155125
55844241-8168-4eec-b60c-204119727266,38.69930182888834,-9.198904407782848
b147ac30-398a-4fb9-8396-a8eaa12f2e64,38.69959062120553,-9.215839027479424
8b692632-7733-4941-8a0e-c15bb78628ce,38.7021620252154,-9.203926678963368
ee3cb9d7-1356-4ca3-ab52-402d3af22eea,38.693902621854605,-9.206941985128596
3956d41b-64bf-45ba-a79d-73c7eaa48707,38.69946330622384,-9.218666963671943
b168557c-0e9d-4068-886c-2c7ea6191822,38.703975942411276,-9.204010219403852
b5d63d2d-2b11-47a1-9754-10c469f40718,38.69682463352874,-9.21995073704564
2fee9f99-3b36-45c5-ba28-6cb5ba2e7102,38.696950313081956,-9.219798345375803
0432f934-f698-4b68-b15c-e87452c927b4,38.69518107577457,-9.22131020978854
8c4da682-4f6f-4646-b775-cb4e5f046b51,38.69867560134547,-9.22055998446055
c412b3a3-a871-47ed-b743-2f40d5f4450d,38.70229507926811,-9.202693551632793
3bad89fe-e71f-4754-bcce-ee865183782c,38.69834682605678,-9.195967551174268
4121b332-4baa-4bd0-9a03-9fe8d2d3e8d0,38.69932483849956,-9.200295581104175
e569fc5e-bd08-49b5-a367-7f8082d53ec2,38.697560936812174,-9.216910925036954
f656036d-acd8-4cef-9303-c5130b23556a,38.6987107935447,-9.216678064593946
490e66ad-a2db-4d14-9b93-221477471aa6,38.69902760338888,-9.207645095344207
118f17f9-b99a-42e3-8613-cab9f181f279,38.70267464878266,-9.202796698768868
2477541f-0572-4c8e-a78d-66553b8f5f98,38.69837771028926,-9.217362875170464
5cd59ba5-a9c3-4d94-af93-c2835a0081c1,38.69604495,-9.22261515
fcffa6c0-496a-4966-a023-68920c476883,38.69909779911096,-9.217278277299625
78d5ec54-9e4c-4681-b077-003e805e2eee,38.699013816289145,-9.220562202879407
0470c244-ceae-4d40-abe4-d25f2ee58d30,38.69862037970795,-9.219988252905967
6eccbb39-7406-42b3-b8ce-e8dba899abe2,38.694141567116525,-9.215754193999166
5d113951-6662-4b3b-88c8-5e322a2f9b24,38.700182705390965,-9.220396965299328
b5788077-9d88-48fd-a70d-ddc16dbdbcf8,38.7007433411678,-9.215334776147962
3a1a6627-d782-4362-8bbb-35454959280c,38.697909065077184,-9.202666880248236
9717fae1-d086-43c2-ab04-5f6567ab9270,38.696708392658216,-9.217119318523956
9cf45399-8da5-4789-ae75-940941a578fa,38.700407039005654,-9.226327849480821
3e9759ae-8a91-4eee-967c-e0f6551201fb,38.70170327849605,-9.206186935786102
4c68e67b-419f-4c68-b444-c71bf5ec76f8,38.697944047565905,-9.21526453071056
4970e136-98a5-4396-9459-ced656ba2f64,38.70225806652076,-9.202934085682678
1a0091ef-9fa9-400d-99ef-e05911e8c81d,38.69621582165453,-9.213168811085387
72f3e165-97a1-4b2d-b4c5-fe5f21807705,38.69903340723255,-9.21930505822159
d280822c-6c07-4e0d-b34d-88340c173d23,38.70150179999999,-9.205191149999996
04d206b8-8b32-4e49-b790-07edb89e8018,38.70385424058629,-9.203385072411312
15a18186-b23e-43a4-91ab-208529c5571d,38.69981461154248,-9.204486565849024
bea153a4-dd08-4136-af6b-3b584b83c4ae,38.704061266818194,-9.203342883382534
315509e5-f24c-4b9a-9589-4553dc8673b8,38.698230081144516,-9.217078699034259
1e3c982c-550c-4b17-829e-2fb04b2b9da3,38.69898814701246,-9.219383046733705
177e0ec7-61c7-4e37-8bc1-eeaece884eb1,38.69684614999999,-9.20251255
c7da5978-e786-4751-ae35-77f2397f5afc,38.701452119651236,-9.219333252227438
ac473212-86dc-42fc-ad6a-e9b0ac739ef3,38.69722445121954,-9.203150221594111
8f669578-0221-438e-a05d-b2823f5e6ffc,38.69702553426586,-9.202843948976875
4a8360ac-fcb0-4377-aa58-59ae150d3dd1,38.69748002203355,-9.202895815057207
034026cf-17b4-4a8f-aec5-c88e111646dc,38.69891607766555,-9.221354655563717
79c79b9a-ae93-46cc-9aec-a06c87e306e2,38.70368774625408,-9.203449369272391
d71fd22a-65f3-4fb5-b6d8-e396fcec34a6,38.69962217309985,-9.193327845901642
92932a20-a0db-4a3d-ba28-565152c8f0e5,38.703555317389316,-9.202603008692735
57ffd170-4e68-4da5-8ca9-5685ce569804,38.69777350251784,-9.210798581687278
3a692527-4fb4-4983-b9ef-b99b2d368ce2,38.700137749999996,-9.2040925
ed06c4a0-ccfd-4d97-b543-89e2566a1a70,38.700573867800266,-9.218112359041635
8f111035-1d30-4731-a7e6-73b4c2bc7bd2,38.697455950000005,-9.2138028
40d39a2a-c0c4-4150-ac22-3086a3bbf269,38.702998958272445,-9.216768702758982
a7bd0858-a292-4a25-ae8a-e36c793ae49f,38.70284125,-9.217751
eb5ca2fc-e023-4ee8-b334-dc69e3a0ff31,38.70082182701664,-9.205425870460497
9ebb7428-c0e1-46d9-aba5-1361aeb41057,38.69634096735297,-9.216538161639246
bb6829c4-de9e-407e-99e4-60aeab2500ac,38.69965906802789,-9.20553494234245
83d7ed0e-0f7e-4870-a60c-e0e19792f90e,38.70416760317279,-9.20298074533288
8c4e8bd3-e508-4592-9352-40382d6035ab,38.694633325021826,-9.218562970085497
b50fffc9-732e-496d-bf5f-553419aaa10e,38.695978965932554,-9.211512106905943
56820bc5-111c-4d42-957f-757922ad1347,38.69950178264453,-9.221130524432013
b3a0bbd6-d056-4b3b-9ff6-80a4d16d6eea,38.698169364792946,-9.20131254183076
80940b54-c4df-44cd-9908-5eacccc44759,38.693784799999996,-9.212186050000003
ba8ae25d-fd47-40d2-b2f3-d439640686cd,38.69782495088222,-9.217455885292372
dfabb045-a925-47b6-8c8f-0867663ed1e3,38.69895727554986,-9.19357273922651
713ea998-dcf7-468b-b21a-9515d4801135,38.69708122919812,-9.218620816747501
3f275ef1-5a6d-4ea2-a298-3fc6271a5dbd,38.70043124338769,-9.219375854195523
9a55cc97-251e-46f7-89a8-db9d8a396578,38.69949408585015,-9.207866117262903
72727b50-cb3b-4edd-9363-b80ef50658fe,38.70277047794723,-9.205749111959255
311b02b2-a6d9-4ce4-ad48-8d89d39a8123,38.69589015,-9.2208486
d5307a7e-cb22-47e8-a98d-2a485e26fb0c,38.69846961562955,-9.220212604925043
7f0ab995-8bb1-437e-bf95-ff9409e8c1c3,38.70525512144882,-9.202925755018532
c9ff9df6-9b9e-4216-83b0-668db37d9620,38.697946560123924,-9.214832321253079
e6cf4253-8d32-4add-872c-377f99896457,38.70247375270062,-9.218458040104338
1965194f-86c4-4288-88ce-cea130a2988a,38.69626711889827,-9.217783780542518
a2064d01-7986-4bb4-9f0b-03d38be2f4f6,38.70045000993417,-9.216599990708009
2ef292e6-00a5-4585-a3a3-e2672cb86b5b,38.69921077484863,-9.218996753466717
8460691b-890b-499e-86ac-dda1a7e8cddc,38.7006928584621,-9.226322050509244
c2a95cf2-6e4a-4884-8f2e-b92f3222500c,38.699800192789894,-9.219757128058157
6b0e543a-c4be-4a5a-b016-abb47627bf2a,38.69702067793689,-9.202788615827458
87709f06-f67d-4b67-bd89-c1d011a60348,38.70146311526742,-9.205848515955886
2ca7b51b-2735-4b3e-9242-44b51befb3f1,38.6987567207912,-9.194346599986812
db42c912-bdec-4f5a-8fca-86ad8bfbaeb9,38.698846859772445,-9.213854097282935
3e530ce1-f715-45c2-8022-2d5bdf965dca,38.69928137232535,-9.219416325720799
2c7edf9f-5dc0-4c75-9851-3e2620fba227,38.70105358411912,-9.20344128086943
30804dd6-95db-477d-abe8-c9304561853c,38.700026179398414,-9.20442559006024
244b01e0-8bc1-4da1-b611-1b7ec3d90239,38.69477427227496,-9.21756398649556
2d368b1a-b1d8-4a6f-bbd9-0956467a2c47,38.69963909133832,-9.193852213186908
de297f3f-51ce-4fd4-ada4-ecf5e52348a6,38.69539213610053,-9.220186908005665
fdeecf4d-583f-4a95-a45d-053f3aded45c,38.699753699999995,-9.204139200000002
8efeaf5d-d9fe-4e41-ad26-279dd3b4f93d,38.70051971223261,-9.214623586370793
9cf6cad3-9b8a-47fe-90dc-7a9437636f49,38.69775442105502,-9.217134234177324
f1589be4-f937-420a-b345-9821c2a9fadb,38.699499100000004,-9.21668715
20e998a9-1af3-48c8-9d69-756ff46e39e6,38.696863176640235,-9.21555527049263
2f93ebf1-5f45-4b05-8ca9-b98d0e888860,38.69639310232725,-9.216780768698506
e4baae98-072c-4989-b6da-da1e79de8c09,38.697213767268586,-9.215395440638765
abcae787-82f9-4abc-b082-70422095321f,38.69781283294395,-9.19696818132317
b9f3997b-17be-4477-be0d-faa846e0bb3f,38.700344016761754,-9.219768923041409
cb0a1326-1347-4a66-bb81-0be09e078b97,38.69740318072135,-9.216318808050746
1066c1cb-903e-480d-b5ae-d37916d01564,38.69715024997573,-9.202441654415795
6d72bd78-5f11-4a44-9762-6d8265d900a1,38.7005282475149,-9.199644872269658
d0a4ca6e-6165-4910-bd95-29d1e723076c,38.70120285560686,-9.204548695948626
5a0ca746-dac1-4232-8094-d2fe7ced26a4,38.69945027783993,-9.22618292142629
87a2c17a-0195-4aa2-b85a-f5b5ae484760,38.69764812815317,-9.195327232331532
b17e51d1-9cac-4e1c-96ee-6fdc9f006c3a,38.694491000000006,-9.217245999999996
ef656442-eaae-4f0e-8267-8a6cca982db0,38.692847805006956,-9.210462144307973
3d8d4193-28dd-4537-85eb-554a14b64690,38.69815687417047,-9.20072234686745
2f55cb9c-7ea8-4e01-984c-e10881836340,38.702725250686264,-9.21843618255817
e0ca9a4d-c3cd-4115-9596-698bf16b3ff6,38.698186354377064,-9.197865531686682
97ffb3f2-0531-4723-bc5f-1591406530f0,38.70140840574891,-9.196784908680707
c336ee4d-4ebc-4487-a076-0f52f6a56322,38.6976798249817,-9.21844455803766
8dc4d274-4ca5-4437-933a-c5e04269eba7,38.704448530641955,-9.203333719897508
66ffda56-8e16-48af-87bd-5eaf36ac4600,38.699501087617264,-9.204149831627257
aa018fad-9ea8-44b4-bb08-349dc174589b,38.698295294273706,-9.219903870938184
2113b7ce-7b99-44ce-9797-59120f9eeaec,38.698761498544,-9.20069338945267
06cfb241-df86-400a-acf4-631d28ed63ea,38.697071420446704,-9.215798528325614
0f55fb95-73a2-458a-8e46-e1bd7ddb192d,38.69616409672946,-9.214423767883043
f4aa7a71-d91a-4d58-a91b-5653e7c67473,38.69731556005098,-9.19282478053169
4a518992-ddc2-4018-aec8-7c19e4bf8a68,38.70143575020302,-9.205575905527656
99cec44f-ce78-4a85-9071-c4201138b387,38.701090829073856,-9.20407335757552
e519ac26-5273-465f-b1ab-dba54d0402a1,38.69679131308195,-9.218867145375809
549bfd2b-3251-477d-a8fd-1e0e08ddc732,38.69779820595082,-9.19971717322002
1b033fc1-99bd-48bb-afc2-0fd5fe7a9ec5,38.701366432428,-9.221686333477917
602d2d2a-1033-4aec-a8e7-54962a7b5387,38.70048984011301,-9.22326719768097
2b7ecaac-a2e4-4a38-9016-59c5d6a92491,38.69870546591564,-9.219830611378107
13dd93ca-4cce-46b7-80ca-b2e80a52cf5c,38.6949766690257,-9.198533966349732
e553e812-505a-4f49-9a08-a519d39462f8,38.70077402139493,-9.203461146132456
b22616d3-814e-446a-bb2e-19a2e5122a50,38.69780269631244,-9.193516530817005
3f6521e1-03b8-4a33-a4ff-ac9ff7e68e8a,38.69516526994328,-9.215525929583734
2324a7c8-3a0b-4d02-af18-f82b7cfcb19c,38.69789446883873,-9.21028865365771
3d3766a9-c3ed-4c0e-afbb-2a22d3e5bad7,38.6965734,-9.214012599999998
d50a4513-8021-4f76-be83-16e29f4c24ac,38.69954369134862,-9.220792764956505
1c10b14e-39b9-4413-8e67-892a18e601a1,38.69996281256482,-9.220257387435513
0191886f-a6ef-4cf3-aee2-acf62f2a460f,38.70419813446646,-9.202567554191344
2f3471b5-32b3-414b-8b37-5ab3eb4075f1,38.69723670513898,-9.216061953812916
950c3e2a-5964-404d-aba3-6ab7d79df71f,38.70170938171487,-9.220705690476342
cbc408d8-c7bd-4790-bea6-e90e343ba954,38.69759544034195,-9.196093473041126
175dd709-4fa2-44b6-a9d8-706a7995c597,38.70129223335881,-9.219837348731607
0931a845-3904-4fa3-9336-012f82617bf2,38.69856849320802,-9.201269604797835
9f0ccb93-55d8-4270-a35f-93e2769704f2,38.69314310418512,-9.220840679502592
12a9e6a4-5308-4677-b6b2-0a3b48e23666,38.69958486250387,-9.2180026636017
993e40f3-e1cd-4972-9045-32a65656d789,38.69491138647821,-9.219298578618291
87e277b7-1792-4d49-9e6d-90eeee476357,38.6998521756466,-9.221379933466547
2d3c8e13-96b5-40f8-b59c-1fb003c3f8a3,38.69757173680524,-9.196382326203151
11e0ca73-dfa9-4714-9482-ec796dd8b6da,38.69942247345902,-9.221952125791905
cd835cd5-8f0c-4b53-a692-fb5640705552,38.70069675422538,-9.217032112110024
eb53dd90-a2bc-4db8-95d8-6cdd851398a4,38.69870144617648,-9.203949364453878
f5084450-bcf6-4451-ba19-3379e3f0a461,38.69474957904475,-9.223767886619317
4a00f9fd-4118-42d5-aede-b8b13ae75313,38.70256024350387,-9.205950733304785
f462c0b7-34b6-4963-9d30-be61537bb6e1,38.700284103674186,-9.20477652856714
2e17652c-6ac7-4290-a430-290b377173c1,38.69946953183679,-9.204386651803352
640ed4f1-d643-4bac-9019-6a718685c651,38.699263155235236,-9.200248035601549
38b98699-5872-47c3-b6ac-5c6061b9a60a,38.70174160265218,-9.207556013932997
36c48fc1-5483-466e-b73e-916b4f56f640,38.7005604605545,-9.216825419101244
ead6e6c8-fe9e-459b-b8e0-1bb42a6092f8,38.70106227097658,-9.216818525184422
ffbdec13-a299-4a27-ba12-6d7c8fdb27c0,38.70155479514501,-9.20388997011103
d9454d6f-685f-46e1-bcc5-a4b26abd3739,38.69883187894601,-9.201588258249355
420ffeb2-aaaf-4fb3-94e8-914b481caf77,38.70010187123102,-9.220805362762913
cbf29557-0411-4a7f-b0e0-8d0af774262d,38.70032155975588,-9.204092274136567
6431d15a-28e1-4127-a2fc-a6ba2a247458,38.70078124403617,-9.220044864353275
d3c6b378-9401-4eab-9a5d-a5655f0d141f,38.70085515,-9.209984699999998
9bf35bbe-95d9-470e-9bae-c022d9de2eec,38.697643280876086,-9.19483120706753
e9627097-3e7a-4547-a872-708c4889c5e8,38.70128895,-9.203974699999998
8fbfcf2d-9679-4ca3-a5e4-58cebc03b94d,38.7005679,-9.224085650000001
0bab7af0-9257-404b-86e8-c32c84c3de5e,38.69927173043414,-9.210821670309826
957330a0-9b21-4e77-a351-4c57d78ae301,38.695183042124846,-9.219311597396088
4e1be860-8cd6-432b-8b0b-1eb765bbc54a,38.69720581660719,-9.219515302042481
7d98484c-b60d-49bb-984b-d1789d70b7fe,38.69749349999999,-9.21067555
bd22ed81-efeb-49f1-a8ea-c74cbe319bf6,38.69951044359689,-9.20473500127762
25b63851-033d-437f-8bb0-84c4c34adbb2,38.69940817206027,-9.219169036254506
fd726bfd-40a0-4ad1-bb3e-3ad46595d5bc,38.69842132324534,-9.194273945585358
9ceeb35c-33a2-4a99-8483-0cf9a51aabeb,38.696916070608275,-9.208862043303762
27801b92-b45b-4615-999c-dab08b041b5e,38.70316796298829,-9.203285963987579
39adf789-0b3b-4c55-b314-cbe84807c79d,38.698765839879464,-9.214792377582599
af91066c-6001-4e58-b962-1bf3bc8f31ae,38.697261080389715,-9.218420436331385
1c6e1f83-d77a-4c05-8d33-25db9d17a81e,38.69713569784198,-9.216477050685546
2a72cb83-27a5-4b85-a098-474fba3d20f9,38.70198513281983,-9.220700101350323
1dee0b57-ed18-41bc-94cb-cb9503827f6a,38.70088784505418,-9.2197691840376
93ecb463-e270-40bc-b733-259bf79ef7f8,38.703512926967385,-9.205822292430312
a0bc3b3f-ef5f-4a6c-81fa-1e52cec1a6a7,38.696133849999995,-9.217371499999999
5028eca3-5b2e-40ce-8eb3-5c1a9a0e6255,38.697400123614656,-9.195565216085678
a3e9f489-10c3-47d8-a662-14222fde9fd0,38.6942943277382,-9.21319602190558
14bd130d-dad5-4a3e-aa9c-5c23383768a5,38.6969237,-9.211881749999998
ab946902-a93b-43a8-8bf7-24d959ff05c5,38.69693280003133,-9.215504796577216
9c34900d-1eed-42fa-a76f-a0097074500e,38.69936721230856,-9.223443849619379
2183280f-916b-4880-a186-83c5bd8959ca,38.69843964314541,-9.219688243990822
1f898052-2409-4fbf-a77c-aedf887c7184,38.70053914619987,-9.203194248572403
047c8d89-6b52-4d20-8372-f6f55977bfea,38.70002087592398,-9.22074412480195
7b4c10b6-e61d-4e37-90ce-3fe1ac1e60bc,38.698394144462085,-9.219757471427178
928b32dd-cafc-45fd-a354-48b04c68be8f,38.697614182002624,-9.19593041367447
40c0c2d9-0a49-42a6-a0ad-ad06f6a26f37,38.69819635038461,-9.204454607167131
c1c16f53-d733-4dde-a07f-3338e39163f9,38.69703164450841,-9.203094683225283
2e3a2adb-6692-468f-a0c7-36f659de1f3a,38.69892738603976,-9.21895752205868
fc3f724a-fe87-4aab-80bc-97caba69910e,38.70118690249006,-9.203136444068228
5a0357ce-d8e7-4a29-a193-b865a4a6feec,38.698779849999994,-9.193174349999998
8d10b97b-c256-42ae-8f83-5fe19d0f53f8,38.701111600000004,-9.206030799999997
b9f98fde-b62c-459e-95f4-e819604495b5,38.69751533948352,-9.218163259161708
64d032fc-bfbc-40f7-b1ba-a184558a9fb8,38.69700063831535,-9.215473421030088
8ca3b739-a8b0-4c96-af3c-799273cc26de,38.69893473706739,-9.220043604839441
3ba83142-e480-49ac-88d5-ad6e1133e656,38.69744038582675,-9.200490778410373
20857358-b685-4c7e-8d82-527e9538d5b2,38.703406199999996,-9.2029855
30ff5b24-53de-4f5c-a08f-dfd473ca4d2b,38.6993655961228,-9.219844080242732
e4310533-aba4-4143-b1e2-d1a749ea928b,38.6989921988261,-9.212023644674572
e9f0b20d-a86b-4527-a4e4-ff1ad0f88708,38.698463040539686,-9.192065833337672
3f9daa5d-3712-4f71-accd-70c6f568c7ca,38.70008869263404,-9.212065967092308
69a73ab5-14f0-47c2-bc15-4655b91f1068,38.69737864838379,-9.215981747730316
59da2a60-763a-4026-8886-3672a3878cda,38.701584684067825,-9.218419790014934
fcec89a5-93c4-42a2-a677-6a69dec614f3,38.6984673971053,-9.211699674314577
57f55564-8796-45e5-a1c8-7ea129dae2b6,38.699852808481594,-9.205429048518006
6e749c88-3fb9-4f8e-995d-b4a20141eb8b,38.69682195,-9.202085800000003
861c742e-ead4-4df5-9992-d57498cea8c0,38.69550809951418,-9.196241648518466
6126a2a6-2503-484c-b368-484859432a1a,38.69692389157861,-9.196037556225807
79e48c96-36e0-4d78-80d3-ee90fc5753eb,38.69682445198778,-9.215042694255837
e2fd9b82-d806-4eb8-b488-3213ea9acecf,38.69578909543694,-9.219075880978052
4e43855d-6245-41ba-921d-7898683761ac,38.69867802841063,-9.204299747891778
a7e09a1d-9367-47bc-8933-3e5f9a41b6bb,38.697101464564334,-9.214302845648794
d3e15d30-9ff8-49c7-a305-d177fce18a5f,38.70016,-9.2085604
ebd39c10-7787-4c86-852d-2beceb3f2d98,38.69759948415848,-9.19422005726962
44d09661-a9bb-4924-bca1-a747e47bc8ac,38.69693552502045,-9.21781540142236
1ab3c66d-9ff5-418b-9ee1-1590ddfca065,38.69971133193507,-9.221282899279066
319fd3eb-1abe-40db-b553-3c00756489e0,38.699604917789436,-9.211582002272737
a8e7d74e-6068-4b2c-a235-3d264e5ab969,38.69814546861594,-9.210972759347259
cbf160cc-1139-4ade-8aa5-f92d7c1afdff,38.7021165343357,-9.205492664012546
6387f5b3-75c2-4fba-85bf-042af52dc26d,38.69629967437928,-9.197298457200544
7c683556-aeb9-46c6-8c94-1c5f3a4af7d1,38.69734371064999,-9.193727810222098
4048e400-9eb8-4da8-80ec-737e97d5eef9,38.70108108673462,-9.220117874126618
de060a17-147b-4b81-8de6-2c727b435c56,38.69566080193116,-9.219435652688988
c4bccd05-e344-43b0-9078-0f8fbe88a9f5,38.699077030498465,-9.221993244108978
f383558d-aa94-4905-a89f-90a7d18d7f87,38.7011623154947,-9.222664715998754
9f1932f3-17bf-4e2d-88f9-6ca3001ea334,38.6952117975702,-9.213739730016945
3122a39e-ad2b-4d51-8974-654e6d6af91a,38.69518609852099,-9.211695509995108
9cb2dc6d-a62a-4711-b3dc-8c28958e259e,38.699240367659925,-9.199485378016973
dc058a52-6eef-4db6-b13b-aa277cd773e6,38.697196274762874,-9.223853904604564
f1f475ef-9bfc-490d-b472-64940a25b4e6,38.696917858531094,-9.2152221073838
8bae7f2f-c3e9-4ff9-8209-d6de90543863,38.7020247996574,-9.20486779201089
f87eb41a-bed4-4afe-9c5f-0ed21d7336c2,38.69826989663356,-9.217163732433905
0771b862-7226-442a-a3ca-d08d357f24fd,38.70047766036503,-9.219037231114141
259ec925-15e0-46fe-b474-09fa8110d04c,38.69740670963723,-9.19332176269031
ad190dc6-1799-4a2c-a2c3-273590377311,38.69994196534201,-9.205169020379081
6d3f3563-0a99-4bd4-a422-8ec2e95af5a0,38.70021387811438,-9.204224731430239
2f00efa4-7e35-4884-b929-188cfc6bf056,38.695266484004875,-9.212886923017903
266cacfe-ff8c-40c9-94a7-3241a13834e4,38.703223449999996,-9.202670450000001
d81b0788-910a-4722-9552-57ff41da8e38,38.701108837588244,-9.204212273875733
2d2d8cb1-065b-4dd8-9a69-84da9b8fbbce,38.70044373150463,-9.220808349621798
4eb9fb0c-f4c4-4f0f-820a-e320c6fec6c4,38.69936294215575,-9.193003374314186
b4a44872-3996-4715-902b-5d167baa6c95,38.698034188452496,-9.192780529848458
779a832c-7b21-4e79-8f1d-b2efac5af9fc,38.70204009758913,-9.220446281804984
d1e77a40-5f53-4166-aaff-c3093d12906f,38.70446559729068,-9.202754238641287
7d2ade9d-f806-4d5d-a199-5c354bb31d71,38.69965714174575,-9.217462167495142
0a4407a3-d028-4190-8793-9fc165bf8cf3,38.69849368512401,-9.219618450477945
6d87d8aa-eee7-4c8d-8069-90a5e4080d18,38.69706832484063,-9.211018645020237
192f8d63-5c23-43f1-9418-7222f74a0b96,38.70445914064397,-9.20260348091782
7fe3d613-f747-4ea6-bb02-ca6e0e094119,38.698514898063486,-9.225546975039796
42f40418-c6aa-45bd-bd83-14cf8a2d01f4,38.698258990319715,-9.191587691582631
bd0c915d-9fbc-4312-8586-2166fc455405,38.701747814311695,-9.204481585881915
618b89e9-8b9a-427a-817e-37100ca364c4,38.69938415074072,-9.213214803875422
656d9a75-07a9-40ef-b057-59b86da3d15a,38.69716868166479,-9.209330817760987
7fd34377-ada5-4a97-9757-2065ec1d1be1,38.69728637302666,-9.21571481247819
76ecd171-aa6c-4da2-8549-92b081e7f1df,38.696038393853165,-9.2211461183152
fa89e052-9c79-4f14-886b-632faadb5001,38.69716164752463,-9.215616180191342
3d6845b0-5130-4de2-b847-db5a216e9d0c,38.699526923793854,-9.212510436029431
f04e5563-62b4-490e-aeeb-794b9513a087,38.69625968253965,-9.191938040672408
844df370-782b-42fd-9987-99657434c0cf,38.69718112298923,-9.203008415133542
40fdf415-bc56-4349-888b-b4c7dc05cae1,38.69661725614203,-9.221566196813626
f7783016-2387-42ff-b3f9-a08614dc423e,38.69973510025744,-9.215152425654225
74e70937-d013-451a-b5aa-c67864b67b4e,38.69672420188006,-9.21071834427981
b334e0f5-35ca-4dec-b5f7-d7a33a230c35,38.69844471917121,-9.192680581171729
be91eb4c-ff4d-47d6-b257-51f3b2cf8c43,38.70113434999999,-9.19666285
85065ac3-7e56-4078-8dd6-02b08e6b40c8,38.6955798029327,-9.2201249305562
a923bcbf-4754-4d4f-b4e0-619c759b856a,38.70298489999999,-9.210440499999995
4e3b9565-a39e-4c9c-aaed-0bec90e29df5,38.70188945,-9.21102735
9732eefe-1981-4ce0-a861-aef16b849e78,38.6975764616796,-9.194767409394858
1bb51dc7-3653-42ce-b68c-a8a910b9a2bc,38.6953208800848,-9.219158798907824
7f6c3812-b7cc-44b1-9ea9-ba09e23aad39,38.70358760900466,-9.202808881227698
5dbb4f87-3815-49bc-b1c9-c1ba67ebcac9,38.69819787036084,-9.192551366878403
e973a2f2-e047-4614-b7a4-9ee440669ced,38.69771189808242,-9.217945403900131
248f7570-5d13-490a-8992-59a249906919,38.69714432376872,-9.215771318520792
00db0d4b-ce16-453d-9f2a-0ea2493a5071,38.700371002814755,-9.204528723125026
bce40785-8306-4517-b85b-64164835bde5,38.698012459110934,-9.21920081361406
8099b749-b5ea-4119-bdbb-9a87207e4657,38.70430371746924,-9.202758745677206
7edc5832-e374-4a1f-a53e-c6ec1948d09a,38.698356592610665,-9.219315389542063
d15477bf-05c6-4ba4-83bf-801bf8f4e161,38.70068185,-9.223157799999997
52389743-d1f6-4d00-a472-448298fbad7a,38.69924730638887,-9.217625324329774
6bcf3478-8add-4ed0-99f0-540dafc7695b,38.69891592416015,-9.215097314584037
27d72efc-d8eb-4065-ba6e-5b9d17699169,38.69642313585809,-9.2238119209062
915c0945-0d5f-4dcd-ad34-3a4b6623ef0b,38.69635659485381,-9.215174066749322
e3e720c5-bbfb-4a53-8b4c-85828def55f1,38.69984369333391,-9.224718243813518
773c17a1-19bd-4515-9b93-89daed85eeae,38.69909145852327,-9.205083881528504
88339d63-1e33-48e2-9b67-47e543ad28b7,38.69991135027324,-9.226141483766773
b8e81574-8bc7-482c-ac3e-a430aab95017,38.69693905744855,-9.194656521367078
fc990f1e-65f8-4ef1-a10b-2e11a3e56a5b,38.696985531669355,-9.217355478242165
79c3b142-ad38-490b-a89d-4691bfacd819,38.69435952055712,-9.202018268392647
896c55cc-7953-4f8b-9cf7-7f7aba68755b,38.69716323239966,-9.202578433693931
a9dafc34-07a5-44ad-aeb9-f13663fee8bb,38.696099363406404,-9.220778627649107
90f9d5aa-79ba-4d53-a2a1-09a06965e51e,38.697544873871585,-9.215247417109424
f297c591-43a6-4c2f-aced-f605a377a50f,38.69722486491025,-9.215167069063705
d212cde7-af20-4314-88bf-c24260a42b1f,38.69723123531732,-9.215231457899124
f0b2327b-46af-4615-ba3a-d41cce2dd504,38.69436551142645,-9.211888359240065
a1a6cc95-7273-4f30-8071-647a7f27fbb4,38.69160260766935,-9.21591836236203
4d5845aa-b8b7-4dc4-8f2f-21abeed8bba0,38.70039454825696,-9.217998339750888
8e659df5-e8ff-40ab-99b3-7a80d1683298,38.69994591546963,-9.220712511227298
b80345fa-4a91-478a-a566-1c112ee064f8,38.70352483214159,-9.203447527520602
a39c3de9-f269-4db6-8387-5ea0a4d67a57,38.69384905,-9.2234273
02845b71-fd48-4d58-aef4-c5bf1822df21,38.7043463494371,-9.203465135752062
c6b7393c-1713-4cfb-8092-b0df93d0a1e5,38.695370899999986,-9.221089779265089
52407189-266f-4d43-b03c-e16c3ec77e28,38.7037791369652,-9.202567839208971
32612070-ac79-4173-8ed2-d6aa4144ed7a,38.69308408289877,-9.218504298041175
b98d67a4-e62c-48b8-85cc-011c53e9c5d6,38.69982747406457,-9.205608084300774
843f2201-a42b-4ed4-aeac-c0adfad243c6,38.69448609437722,-9.216046468626764
63cbdf32-591c-4795-a479-15ba1de614f4,38.697491448852304,-9.218650173100809
fd99eced-0af0-4c17-8b7f-e8aa4c2ebad2,38.69651221565796,-9.214458068583617
0c5b9f15-fb31-4186-ae4a-e8d5a9b7b365,38.700012985232966,-9.199583650680117
140cef34-f5d1-48aa-886c-cfe7e074b660,38.70533003202428,-9.202522301789214
f21f42d0-4756-4242-bcff-cde4630daa16,38.70062363886985,-9.222891861656796
df5b6f5d-3c87-430a-8eb8-d5439082ba00,38.69931683854611,-9.220905889414583
a6bb0c2c-5228-4b18-8c1c-fbb89d9567dd,38.69438542294813,-9.216821715445853
117b2fa5-3c69-4086-8953-e49c662c6ae4,38.693819000000005,-9.217663450000012
0862aed2-d897-46fb-b81b-a9813ac6850f,38.69569691511543,-9.22173722933701
b480b497-8d88-4086-a0aa-4e0d5975c6df,38.69695171022055,-9.224099582482001
a78b681c-497c-483b-b1cd-ccf91b7cf7ec,38.70278995,-9.2028669
0d656444-840b-4ea5-a766-0fecf74d6f81,38.69987296683208,-9.216991564328088
7b7e9f9d-30f8-4fde-b2b0-ef4d0b227bb5,38.699099802123726,-9.199087780053324
4bf3d3c0-8e90-470e-9c6e-752325c272f9,38.697566462977846,-9.202668659497295
5e802dc4-5fea-4faf-a543-97a5db0b5d65,38.70163896365323,-9.21891590895795
8e7418a3-5903-43b9-ae42-c9ef43f4ee74,38.70021634645868,-9.204439556523724
b62f393d-5056-4892-a409-7f8e767b4755,38.6958162313936,-9.22103480748404
6c2b607b-b0cd-4638-bb83-da8c83537245,38.69936629519526,-9.218602866818724
0eb444f8-6c95-4cfb-a9dc-82c2f58c21b9,38.696284236681535,-9.215769468594056
7afd9380-5b23-4033-9e50-dfa16e19c1b7,38.70189700000001,-9.205906800000001
1bd76f1e-76bc-493c-b2dd-ce9abe28a4d6,38.701581481402066,-9.20291616693279
fd5ea1fd-9134-43b1-a1eb-d26ce4488fbd,38.70142764367943,-9.204535740937228
022f1cfe-fe5e-4c22-8df7-36f0f842379e,38.69935789154389,-9.194097673081464
64786283-66ae-4783-81bf-066d9b9933a9,38.70012115000001,-9.19936345
dadf04bb-14bd-48a8-9307-f018d7063d5e,38.69583404296233,-9.211693115576798
7969faf8-e2cf-4c38-9524-0e3c107344db,38.69852095111235,-9.219050653508951
1c50e1e3-e485-4aaf-bee5-21ce0b3556cf,38.69566993044006,-9.218806544095923
902131e4-477d-4b80-b4f7-477276484312,38.69720780332126,-9.216444145693037
31fa8115-7271-41b8-ba65-4184c1218aba,38.696272,-9.220354149999997
e70f6988-f7ac-4136-9017-f5c6aeb3705e,38.70090346134199,-9.203718991787003
d4d35b72-b930-46a0-91c8-2e343915d0f8,38.700386804607646,-9.202899433029714
7af84bc8-bf8a-4d8b-8ec2-d325731f19a2,38.69976553480141,-9.211427089657438
1c025884-540f-4b59-b4c6-318ae9f481cb,38.699933448076756,-9.204661693094632
359bc86e-f93d-43f4-93a5-b90db6403198,38.700816582615424,-9.204001690667297
a2aeba79-b6a8-496f-8112-d296fc5fe105,38.695163088794665,-9.202064794300691
5106b199-be1a-4746-b373-ecb279ddf0e1,38.70360609930197,-9.207768845507895
63d7153b-3db9-4682-b486-5a9096db3d3e,38.70133095,-9.204258150000001
e4c1459f-2e71-44da-8ae3-e51f5fff03c3,38.69644323919336,-9.219044519877418
d78a45ca-d628-400a-87b8-44c7b922e16e,38.70020547221937,-9.219671518339062
06d4678b-f586-4292-8f7a-93e1a51e67bb,38.69808257544044,-9.194532470823967
b5875868-1fc2-41fc-90fc-c367bdf8bec0,38.70387064017593,-9.203633062294127
913b6346-a187-4b86-8969-eb489d3a7905,38.69546336292162,-9.198071475854922
832f00de-3adc-4823-93bc-91176ade406d,38.699658537611555,-9.211835437279293
7cb78777-bc97-4205-be31-5b35b8baa4ad,38.69896124970332,-9.22026940453751
e4d3111c-ad06-457a-9b46-c193bf267ef9,38.699907602047,-9.2012016974189
1938d39b-10cc-409e-874b-440c5080e1ac,38.70084606760221,-9.220882960023191
9e3cb65e-1608-4467-b518-cfa56f595588,38.69709435,-9.21810685
caba7f5f-ce6d-4ffd-b091-37251168f8a5,38.69845997901815,-9.208147023840189
57dbb616-5caa-4ff6-b06b-5397a8dc9612,38.694559625768505,-9.202436748545084
47df1539-72c2-4fc3-960d-5b6fe98b9118,38.69744515006904,-9.202022740991344
799560e4-246d-4e5b-a876-56c1cba1b8f7,38.70002034761118,-9.216766921638408
d956efd1-e8d6-45f4-9526-a67d2b0d3a07,38.695707025789694,-9.21692515775766
a0858e2b-b2a2-405d-b66f-c9b6a1d30e58,38.699751395098666,-9.197885786647817
c9a41bca-2066-4617-9b7f-ef05ca75b178,38.70123216920913,-9.20553448037014
3abedaf7-e6f0-45dc-864a-6db654f6d81a,38.69968543212058,-9.199276703471451
996e5c0b-4afc-4953-8c29-f89b4d28e943,38.69766304194766,-9.202456178528493
9bafcb52-ff5f-4e0c-9942-01454d5dbf4d,38.70356996318493,-9.203670621300168
6cd83618-4b23-4999-be43-bdfa6c8f1e8b,38.70079895371514,-9.211193773462591
24966b94-7102-4b91-a987-785978af8339,38.69518979073597,-9.213872293976724
91eef2a3-d5b1-4dbb-9a98-b3a3ba0ea295,38.69652558215425,-9.223640007877306
9b4d8ed6-8a45-4d84-931d-3eeaf1083a66,38.69766264773461,-9.194763058428656
8f9cb784-2761-45da-8cc9-fe914b1338c6,38.70452469901237,-9.202478746945888
2c30b646-3466-485d-b183-92e0a1fc0d1e,38.70018002784572,-9.205749900782179
d6c38b9d-50c1-44e1-b301-192a93d8d15a,38.696467924789566,-9.218096754618784
e0b06268-f4c3-4980-a34e-72025b711b24,38.69751572014072,-9.203006940620163
2821b936-35b1-4818-9f3d-bc3814e3276b,38.694868117459585,-9.19821410899779
715bfe89-ff39-4618-a5bb-6f7e57cd4876,38.698407707665424,-9.192869124234655
72d6e229-6d13-4b59-a43a-3d9483c79779,38.69642734370844,-9.215713316324507
22cca58d-4a40-4655-8df4-316c77aee758,38.6977489851026,-9.215973917119985
e5a01223-2ff1-4dcf-8034-0dcbb41283ad,38.70026464212203,-9.218874005215195
77f5ca37-12dd-4317-8fe9-4789a7f078a4,38.69324165,-9.2135756
d8ae6f56-ce95-438f-b47e-5cb9e90a08b9,38.69653455579003,-9.223359163278182
731b66b6-0739-4a3a-b0b2-de363fed8273,38.7019994,-9.2060653
ff026ff1-3156-4cf0-8772-0b494aee47fd,38.69452153719909,-9.201845572383734
a60a8dac-2cd2-4995-aa6a-c3a3ad1fb16e,38.70021678275169,-9.21922285146116
06ff0de2-527a-4ece-ae6b-2a176c01fb26,38.6982556,-9.19386275
12e7b966-9ca7-41a9-9658-a9ab968c6995,38.69698920295973,-9.202650341752701
d00de75d-b3ce-4f36-a173-ce0200184d02,38.700519202782196,-9.202113747284127
93afd0a5-5f30-4fad-8c18-7b0e6d3e8c6a,38.70092189285509,-9.203369916132754
41b47716-847c-4663-b2d0-c815096e8ee9,38.69892435843197,-9.207210195787415
5cd72b7d-4c46-4023-a9ec-d6d29b447149,38.697356938911796,-9.193602445426324
97e2e0cf-1fdf-472d-974c-4f1f990ba699,38.698439800354215,-9.220345401007926
e3c7433c-100f-4543-afc0-7d87888e743b,38.700097089528576,-9.2033132700639
2362c076-fd8a-4405-8578-efd5fda6966d,38.69764140463786,-9.194649765642447
d5bb1d6f-91ac-4732-8f03-6d1ad7d4a721,38.69661408994719,-9.216391507556683
388d4f25-1c26-4d64-9603-e6a4616e5d8f,38.70148206918545,-9.204093426346102
5962ddb2-b3ce-426a-ba8c-a2ed7bc00e7e,38.700082950901766,-9.20527043909141
1fcc095b-a22a-42eb-87c7-f059129b973e,38.6997909599932,-9.225902616404984
96d87e14-5e0e-432c-b560-d788629ef2e5,38.70242683806048,-9.219529805226799
0a2be59b-2f81-43f7-91bd-9f4838808b5f,38.695343060832215,-9.217652663444621
f09a9986-8e51-4e35-9079-9e927ae65131,38.70218184086435,-9.204993385760295
ae066d2f-ab08-432a-a949-713836e6a526,38.69886939999999,-9.217323249999998
6815392e-6f66-4ef0-94b8-345519f181fa,38.70015217265891,-9.201666962550574
d3b23b3b-9f06-46f4-9be7-be14aa01f50e,38.7008415658096,-9.203526468041414
4e086859-1206-4154-bf7b-ac1dfc536b67,38.699225399999996,-9.212140799999998
60acf474-2e36-4dd3-aa31-a72ba384462c,38.6992321,-9.212948749999997
3d59ac31-ceb1-44b3-80ef-f6e853707cc0,38.69715089369975,-9.202512167174334
6809aafa-e6d8-412d-86d1-301e854f81d9,38.699577303555586,-9.219425151861566
b330709a-a1e5-48ad-8acd-29229f97ee2b,38.70218215,-9.203284349999999
89ffba4c-3a38-4c5f-b1d3-980626deaac0,38.69527106145786,-9.2164070323885
14364aab-f242-4cae-becc-4b5914b65d01,38.70176634463257,-9.21759214762923
5c87ddfc-8bf7-4c9e-8b88-e4aec25dbc5b,38.70421459497049,-9.204983743406174
d75b613c-4288-4767-8a86-78e1350242e2,38.6992104027982,-9.213564621506046
06d7684c-6a8e-4f1f-8b46-3b172d31ab07,38.69961462503356,-9.204507107612837
2e9ec9be-b190-4f07-be24-dfc4a98d10a2,38.69709925820355,-9.216133620521653
268b0930-b663-494a-b362-26fde4d7b6b6,38.7006998389612,-9.217647899134954
9d76b925-8bb0-4be2-97a1-0b1de0159ea2,38.696209783731696,-9.215797868647655
ebc221c1-5577-4e14-9e9a-0abee2351b43,38.70230739999999,-9.204896549999999
f8cd9936-68b9-4145-b9da-85a6f54512a7,38.7030420034202,-9.202739212997542
caa2bb51-eb24-4fa5-9a18-ba714d2be857,38.69509133144924,-9.220989952735874
cb8a0377-b778-4c30-93ed-54173eaa5594,38.69802846547975,-9.21156297724185
489625de-5fd2-4e25-afe0-1a014edca393,38.699934677044894,-9.219874743132962
07ab51a0-9944-46fd-9753-966bef2b28bd,38.69823925,-9.215540350000001
57a51433-d63a-4496-85bf-3d827f71c168,38.70448422919119,-9.203552719723518
185d482a-193d-4942-a4d1-e9323af1e222,38.70407395747499,-9.20342050274977
9233098a-a7f4-4034-bd4a-caa0fee86035,38.699592509733726,-9.218502983271343
accc2b85-06a3-403e-aafb-73e67a031c9e,38.70503928524672,-9.219497820480562
4980b284-3689-4af0-8347-b87b66b21909,38.69702975,-9.2161867
64e61228-c91c-462c-bf1e-58073d7fdc8a,38.69673818089802,-9.213840944234809
29147d90-6ded-44e9-8762-1ee22efcb199,38.695662726492216,-9.217611603456747
400d1d0d-41f0-4477-bd74-e9d15fa5312d,38.69889180644599,-9.218533813838466
afbd33c6-6559-4a85-a478-3d9a14061235,38.69842572281928,-9.209824451216626
b8072834-82e0-4cad-8b6b-bee5f5756992,38.696455543431526,-9.216888605140328
e8af54be-c93f-4c38-8919-ff5c27bcf1ea,38.6981123909405,-9.215905020690407
81dce2bc-4062-429e-97bc-e8a7173313bc,38.69988428109889,-9.211037484137231
b120eeef-09a0-48f3-8b00-36442e85b1a2,38.69855582131184,-9.197864897628243
392a752b-4a9a-4d16-b356-30bd7636f03e,38.70140169999999,-9.204210749999993
544587bd-7498-4bb5-b43a-a703e4444ad1,38.70194084081136,-9.216284666462977
e3ee8ba9-701c-4db8-805f-03ff51510450,38.69936497063702,-9.21618106883831
bcc056b9-5856-43cf-9826-e33701c20e6a,38.69877335,-9.211347649999999
0c6a7797-fb64-40ea-9577-b9a39653959c,38.701258643031345,-9.22140480187128
5f7e3005-01f2-4d5b-acd6-1ef8740c8af6,38.701932649999996,-9.202778750000002
e7c167f2-9893-4234-9e23-3cb3ec1f5cd0,38.70011942906015,-9.206599810627225
a5a16b0a-e6e2-410e-a049-476c45971622,38.70197143217497,-9.224258452356711
32e1c7ec-199b-421e-9731-285ba14da097,38.69701836669289,-9.22430300422802
5922ea74-8f36-4085-a6d7-c1c62d223229,38.699840904449644,-9.195581819623984
116eb91c-ffb8-4b63-8e83-19778e83e830,38.69761237538928,-9.213921760665503
fcdb7531-2668-4689-998c-14289e320c69,38.69915235221872,-9.197889929985317
c3972871-87d2-48c5-a8e8-354626076680,38.69695399559384,-9.201836321625205
898b7e35-9bca-4c55-afdf-2cfb2256ba7a,38.69906112692058,-9.200813606390248
857684d6-d537-44e1-8f75-78549eb333ac,38.69821994190256,-9.219455947533836
a80c37dd-b60f-444a-9743-b932eef95380,38.697931570193205,-9.212299861988415
ec790a3f-8724-446b-b2ca-2547b8c958b1,38.698549312114515,-9.216326799633565
72ecc656-06b4-4229-909e-0b16e5b1e1e3,38.69764319966314,-9.217617227186418
8a33d4f9-33d6-4721-9fb3-cad93bb5a640,38.6956129503396,-9.21857309641182
dbc6fdd1-e21d-41a8-a3a2-fcbd043faa19,38.698262296340936,-9.219372177259627
7abc91e2-dc39-4e97-8214-b295f64d64e1,38.69793312217121,-9.215070642360466
235f2fae-05be-4f23-8bbc-0d11c6a2cd3c,38.698317149999994,-9.2140195
7e23bb46-7cda-4953-b30e-92332d13a3e0,38.698917550000004,-9.204758949999993
b0c9feb0-da60-43dc-852a-7e58ccca6886,38.697523065314265,-9.220429851082823
1d94aeda-c161-467e-8d29-ced2116d0984,38.70248005924879,-9.209996711625008
ba9f7e89-d9f1-4d04-b1c6-3b77cd874820,38.69856101376284,-9.192964024380213
330541c5-1fbb-4d5f-a88a-f12b7ff8794d,38.69560945206786,-9.212094866509217
1dfd730a-881e-410f-87ce-372d0ad722ad,38.70303610963817,-9.206307446348639
80db320a-0f36-470f-b29d-f31d17c86dd9,38.69808264999999,-9.194027000000007
ad5c53df-ea68-468f-8e01-4430a80e0ded,38.6969436,-9.222726049999997
08324a8d-450b-4d35-8100-906c95d5e17e,38.694011323374255,-9.223226929427915
cfb11f92-cdf6-4200-9394-fb76c456e94a,38.69728578693401,-9.217962152353865
8b881968-1726-49f5-8ffd-2f67a0d0dddf,38.70446069390626,-9.202954175942352
e8515ed2-37d9-4244-b572-a60a1734823a,38.70024983320619,-9.200565344495459
7d46e5bf-b3d6-483b-b176-48e0bd092ff5,38.70014242372476,-9.19910372982554
ce8a51f2-6a36-46cf-82f0-8d09884257eb,38.696805923462236,-9.219395140277468
13e58e0f-d9d7-456e-8904-f552c8f7f99a,38.69651508607804,-9.224055469999607
4d96019f-e774-44c2-b7e6-24d59fa11258,38.69705932073894,-9.21770163869961
5c15dcb1-3941-4ec8-bfcc-28b534cb56e7,38.695941399999995,-9.210738599999999
9ed3eda0-2247-420c-a3e6-9c4526df3637,38.699650512179325,-9.225696607340762
e94fbd03-cd40-4afe-a1f6-0a8bd7750863,38.698373399647714,-9.21596976629912
0a73e383-364b-4b57-b743-0de3a3ab54b7,38.70134794087021,-9.205108866046782
b1d4d08e-3164-400e-86d0-675a8318b4ff,38.70328387937553,-9.206302981810255
064272b3-51d5-4f1e-b90d-3a33b4f79425,38.70014978791518,-9.202615666865857
c5ea7901-9d62-49b6-b85f-2382a2a6c1a9,38.69515198815653,-9.214301098835906
9087e548-9cf7-493f-af9c-01f7233fa0ec,38.700639589753415,-9.225227718032585
e99ef021-8573-4611-92c2-38d59092e8c8,38.70052645663672,-9.205884541925975
c09fbbfb-f805-4a0a-a517-d9b9293e031b,38.69737213133502,-9.223526384519973
a088a539-19cf-4c05-a87f-7a419b2a5746,38.69777327991455,-9.205424285590274
ab5ef7b4-098e-4697-9a62-50c4835fc13b,38.698946298098804,-9.200103097724536
c616cab5-ddc6-402f-bed4-fa22858d4b96,38.69698958588892,-9.201915823046987
2979ac6d-8b41-4af7-b303-f4be1afe0dd4,38.69613115451702,-9.212243033311053
ae40e012-f5ec-4fe0-b96a-cc6ad88c14b7,38.69492304438912,-9.22584438073786
aeba2b3e-2869-4515-864a-e6554bdb1d4a,38.69704269862613,-9.216504060514206
74262c50-fb74-42af-a9d9-206d8dcfe8a4,38.70024155,-9.202289
42c747bb-fa6b-4c32-aa51-ccba16563bfa,38.69536890885875,-9.208932533550056
d8d637ff-0639-4d6b-ba59-8383f47fa118,38.69544823938666,-9.216303166016
42493c5e-cd7e-4ac6-ace0-c300fa98cf59,38.70121293509637,-9.209637852392518
1ec44f9c-35d4-41e8-b4db-9bcaf5210d09,38.69694403097385,-9.208731767539412
050fe409-3705-47da-be5c-7ba67e5abfcb,38.70210369999999,-9.226137649999998
471ae737-8bb7-467d-af98-bd5cd2061743,38.69627060922595,-9.216572963125303
4af8e252-f0f5-45f9-9a73-4629b3e7f1c2,38.70178891607024,-9.217287513109984
0422d5bd-d802-43f6-a1f6-d86339f5588e,38.698592493045595,-9.204617015020082
9d69dfb7-a756-4ef0-8d57-6a11a0d6464f,38.697390657992166,-9.220113510285888
52409cc0-b731-4b36-bf76-03161fa70e04,38.69586707369092,-9.216737762875544
00bdb5fd-9444-440f-944f-a2b3b5f68d4d,38.69755871087085,-9.202584943151283
eb493c66-bac9-48cf-aac8-0f14aaf7734b,38.699415931375036,-9.218092500943685
8e68f7ba-7e77-4ffb-b606-d6097a1adeae,38.699688721317315,-9.220047892166047
1ae83021-a754-4f5b-abf4-62ffa48c658b,38.697302864819356,-9.215354129682822
20e4a401-2145-452d-89aa-0b70334a1ea8,38.69799738322716,-9.215461793182612
05432d68-304f-4969-b557-a58ea501f2ec,38.701394298630646,-9.209082086066648
c05e69cb-12f8-4eb5-94c8-4baa68996ecf,38.69778211013243,-9.221534527281008
b6c51299-288f-4f58-b9d8-825c0e4f70e3,38.6951898890056,-9.220574668339246
3e946395-b835-4265-a57b-b2f30f03bddd,38.696511029915165,-9.219426711963596
1ad1b2a1-aa7b-45a3-9175-9708f1825312,38.695049595941796,-9.220810022320105
e4c5e986-0d03-429f-952c-3288b33749ad,38.701105899999995,-9.219284149999998
8ec4d269-8a36-4780-a757-2fc537a3f001,38.695938244030536,-9.215701323090927
5187d330-7d23-4f57-b661-ac5803f2df33,38.69285906751081,-9.213321298701688
35481d63-25d4-4f69-8621-c0f3349b1888,38.6971802824134,-9.216830218120725
83854336-42f9-4b9b-a0d9-3b6394a3a06b,38.701170499999996,-9.219083049999998
d9bb186f-c304-4972-bf0e-e5ced379eb04,38.694731550261935,-9.216061656836953
cdf7c6ac-f6cb-4b5e-97ab-b067a03b58cf,38.7003002618733,-9.220096201848442
d7186bf6-2050-48f6-a41a-b24bdb2bba39,38.69772935731706,-9.215885969171609
a6da8618-7455-4cf0-93c8-283c0519234b,38.697526060273624,-9.211674004525635
e16bb7ea-5bcf-4bc0-83dd-f0dfe996194a,38.69895532202334,-9.204486825261732
184c7156-dd44-423b-89bf-852cbf0f93c1,38.700363965310125,-9.224470576857602
c0e9bc8e-18a9-426e-8e90-70d13956e977,38.69788145283552,-9.193647493992355
498b3eb1-03dc-4d0d-b7af-9546b77ff039,38.697377689561115,-9.21829932564464
11e0fc1d-dcf3-4962-b457-e6f2ce86968f,38.69757934108749,-9.194626867134396
30bd1844-40d3-4858-af05-efec251bfdc1,38.702864100527506,-9.202904874453775
30ee24af-324a-474f-ae9a-94b7cd841481,38.70259520727413,-9.204962085306045
4c0ba54c-aa70-45b1-8c53-a8ca54a73d3c,38.70015577360376,-9.198745425878998
5b726095-fa6b-4989-bc39-132f2d48a5c6,38.700142034010184,-9.22255755265901
b60d9799-2f63-42c4-ae6c-62819df3c317,38.698958112708304,-9.218869941555484
4dd9df9f-0718-4c65-b12b-dec38043f94d,38.70011702911905,-9.218782246170356
a7816d4a-1020-4edd-8595-0ca0870422d7,38.70066683347624,-9.215650177406339
cd4f501b-034e-411d-9017-e027f2939b11,38.69880013897956,-9.192894671811702
afd77c07-18f9-4e75-aeb3-2d0494c3af44,38.69809194917136,-9.217261316142867
906ab68d-f3b9-4e7e-bcce-8df43d41d9de,38.69682030622374,-9.212079844863618
c024ecc8-4960-4ce2-80bc-7dba6fe12814,38.69480828627596,-9.218783437736194
a4f1d0af-568e-4a3a-aa10-4398a39da60f,38.69925439820382,-9.20771888184678
2eafb5ba-a8d9-479e-a727-c0c9d54e94b6,38.700758269209445,-9.205171830359491
0dfd34c3-0dbc-4dd9-9643-c2b8ddc85b5d,38.698874626346516,-9.21902569924337
304517d2-44e4-46e8-a54b-c0e135ecd4e8,38.7006299810161,-9.226110632787336
416c3b88-3989-4389-949d-1f5dcc4f6bde,38.69764736998257,-9.216481966448324
54ca0cd6-6316-407b-91b4-f2c6b8aaf18d,38.695044978071316,-9.207249047914848
db4cb247-afb1-46a2-b86b-a9413c28909f,38.70156206920914,-9.205455080370141
a1348ab6-d893-4b21-993d-a97b438b46f4,38.69857553275947,-9.218950059620157
16c530e9-9693-4805-be49-2c02c8f28bf1,38.697910403957984,-9.194782975772346
191a5107-7969-44be-a1f8-1b91ed058998,38.697074217324044,-9.215445857950094
a88bfdac-7c5c-4ed1-810d-315f324cb4b3,38.698856299999996,-9.20403915
2d73c517-35e6-4afb-8bc0-a20e84a2c44b,38.695002125504445,-9.19992891814962
de0ecef3-7912-40df-a78a-6d84a0a72fea,38.6997082623128,-9.225082501979369
594186d3-64aa-4131-93d3-59e5be0989b5,38.700975464393785,-9.215227464857536
d39d5319-2957-40b0-ab42-aeddb2f279a7,38.698991856994546,-9.212985624958973
fdcd21ef-c50b-4767-af04-1d20d325d3b3,38.697746230609425,-9.19636442449962
1bb8555d-1ee5-4d5a-b322-bef4707372ca,38.69717005467075,-9.216099193130894
5d859b06-7aec-4926-9376-cf0b04bb5c2c,38.700992362489046,-9.206000872577095
cfdb8596-bb67-43ad-9bef-f71bcf147e6e,38.70113140021545,-9.219599683161112
6a304e19-ab9f-4d57-aeb3-aa5d6f00b47a,38.69998878737356,-9.219068512198623
fe3717b7-7daf-40da-823d-1de9708d4d30,38.69418850832352,-9.21865736411628
485a7eb5-68f3-41c8-8296-14ea36dda09a,38.69934191952516,-9.20633296655287
403e60c5-c020-4ba5-916c-51d0025b599e,38.694436772450416,-9.210684808585206
39bae435-8fd1-4407-b3ff-b610c738c87c,38.69700578333501,-9.215832894733522
36a8e1ad-44e8-491f-b3c3-e08c3368873b,38.69956550079142,-9.221200095338824
6318d2d2-9f0e-44c6-848b-1b3762016735,38.6970018692919,-9.202721298724406
a3719fcf-54fa-40d9-93e3-b2a1644904ee,38.6994775832757,-9.22319330939567
8d16ba80-bce8-46dc-86b7-80594f87b46d,38.69876072393551,-9.219751187043256
0ec1f535-7dc6-4bdf-8a3e-f47edd574111,38.69734358778365,-9.224152299375952
7965156c-0425-4a2b-9148-0ca49df0843b,38.69982031920462,-9.218092529465132
3a1602ff-cf47-4889-8161-6f842204b4fc,38.69772914029424,-9.223759854455036
91785d9d-e051-400b-b2cb-5467dd960154,38.69702892287212,-9.223496128096839
e4336799-39a3-431c-a036-e4dd7ce14250,38.69711969999999,-9.212185249999997
aec0ac61-c92b-42e9-9425-531578c59382,38.701226549999994,-9.20606115
ae2731b6-ef12-4348-9315-249d5313356c,38.69785669999999,-9.21200205
9c16b0a8-a211-4779-ab17-909515b4a023,38.70187347318262,-9.204852272427793
0f097d94-5755-42af-86a6-2c28918db58d,38.69764756539576,-9.1937149805109
9e1509c0-f9c9-41d3-beea-a39f38202285,38.70241996550316,-9.20431044283007
8b27020d-d5f8-40af-9a82-3f2d9a2667ec,38.7017238038282,-9.210763155672202
d6e865c8-8e3d-49ab-a647-032f61bb16b5,38.69869182304337,-9.201077220725406
c04097f3-6c65-4097-8ceb-ddc090b9ce20,38.69694366585385,-9.195106517787195
84dd8275-52cd-4524-ad8c-35bf45927e04,38.6945978696789,-9.217210844119863
f05b1789-6dee-426d-8af5-7c5e4ae29c54,38.69954047888784,-9.219499283092134
a646d77e-ce9e-4b3e-aefd-afdb0ed25b3e,38.69892266715901,-9.204904500430088
c825b926-29d9-4e75-bc01-025cc29d7480,38.69967931153941,-9.204339090958138
0bb01caf-b0dc-4e19-9b1c-6b8c150a9242,38.69795381113676,-9.217353181191784
af5c2ee9-64b1-4e48-805a-4169b186ff1f,38.697642070666674,-9.201999294086614
fea3877a-061e-49bc-92e3-7f0b2e0529fe,38.697558172764005,-9.223932456501482
2f71e18e-f22a-4547-a9ea-77d330d3e9f4,38.70224528810932,-9.203535116486389
2b2d9622-c220-4ec5-ba6e-83a34243ea11,38.69868494733597,-9.21882106068031
9857507c-9cb8-4a0f-aa10-2ed31878afc4,38.70045820866775,-9.196374420504819
7523c8f7-beaa-4af8-ac5c-8a5440e16ea7,38.7000481458198,-9.217178466398364
9285f683-1611-4732-9a9b-629aa0d8b459,38.70041775979861,-9.224268192266523
989646fc-33d6-4e34-a85d-0721551fadff,38.7000356944617,-9.220305429811942
369c569c-8e7c-434d-86d0-11b8d1b7e347,38.69635235027202,-9.215741554164811
52f76e1e-cc3a-40ba-a626-c7ebf0141d01,38.699004003516556,-9.217915244450868
a1c57dbb-d469-4da0-9865-6d94b7fbf1fd,38.69865566458354,-9.193802341550327
6187736a-26aa-43ca-90dc-32433842ee51,38.69565049999999,-9.226490099999998
59f5012f-7658-40b1-8e85-a135c4b34057,38.700017100000004,-9.202339100000001
8fdd52c0-7835-45ab-b67f-548ca3cd18e9,38.70214445739236,-9.2202454497866
0c2dba7a-d665-4194-a5f4-40b1a1c82046,38.70016687556899,-9.226651625323361
117a65a2-4901-4a20-906a-0de18a3a44eb,38.69826934629718,-9.192789218582039
8a793e1c-ffd4-4555-81d7-475d97f682ca,38.69948680732668,-9.193560178451932
6db173de-1ab7-47a7-9818-55a236aa36b6,38.700327481720585,-9.216774439583338
7546cc0d-b906-4b35-b8f9-e7e9e8a5a633,38.70317244328398,-9.203554825525135
36fa6ff9-0f5d-4716-84bd-b567ecc79ecc,38.70054417424176,-9.220539161746903
40bfd196-5500-4c5d-a191-5135beebc2fc,38.698855668858684,-9.224904669181804
58adc331-c871-47e2-8414-e3b51e2a7208,38.697119004819484,-9.195855714225894
564f1e1d-dce6-4045-9c6a-8f79ae5fde8b,38.70291653003269,-9.204575694570913
915d9ba7-5ed1-4699-bc9f-553cf18d2f30,38.695835614991736,-9.220566932788914
e93a49b7-a430-4def-bc73-a68b46eea6b3,38.69732552962697,-9.19389681280086
e84ed3e8-8c7c-47dd-9f42-a20e037817b4,38.70029243820227,-9.22215012206642
7fb132b6-5e83-4c34-a7d8-9e73d3e24545,38.700581873657804,-9.205326408912693
72800573-fac4-48a2-a30d-164ee3b65ecf,38.70000326377677,-9.218945321232395
31f22fb4-bdcf-4816-9853-fae588b2f306,38.700366599999995,-9.202096150000006
5bbe4811-511f-4d7e-827a-ac99a4dd4ece,38.69471620417808,-9.216869213489302
cb1fa786-549d-465f-adbf-228b0b783778,38.701167486829725,-9.222294517485562
cf122739-7b44-413b-8f00-6058197b060f,38.698719341001116,-9.205687349824448
f2f7656b-6ad5-4bf7-82c9-2d66cc4e8357,38.70035755121816,-9.209080834722371
bd61ebea-a637-42ae-a9f3-8a55ce5f936e,38.69952463517119,-9.198800284644673
cedeff77-b651-4228-8109-c21141aeb63c,38.70380604553828,-9.203040833816297
8901217f-fc0d-4039-938f-e8730124e1c5,38.696028023000686,-9.193632549086962
c2ac4126-c227-4128-8373-a6503ce7f089,38.69655018305908,-9.217465275176467
1efaaa25-95aa-4cbe-9835-4dab8c15e5c8,38.69825399751036,-9.204385843863697
e17b90f7-825d-434e-816b-cd6ac7f15676,38.69824883997837,-9.192915333048822
b05ad8cf-c820-4007-ba99-67669fce7869,38.6954526625121,-9.195546475946658
d7a84a7a-3ae5-46e0-b55a-f6391b8ba573,38.69687078509434,-9.211717226318848
a39c2542-416a-4b6f-98cd-ea43b905105f,38.69712209927094,-9.2019758307944
a5c86285-6d96-4da3-b61b-20131a1790a3,38.69481633303536,-9.20995924733334
f6754f26-edd6-4c16-8b7d-acfed05f51e8,38.69704434483698,-9.202372263551766
d9a183b7-7cd0-449e-8842-86b575486e42,38.702660502593986,-9.204159727026145
ba792847-c2cb-4d21-8fab-328d172b5f30,38.69544141468949,-9.221676795939917
ea8241ba-75a0-4698-898d-61cc508835ad,38.70416516125801,-9.203747311747835
acd12f95-07f1-4aba-8e32-7809d70f2ea6,38.699029743058475,-9.217355912697565
c0c90f3e-7c1c-4b23-8d6d-e914db788fee,38.69586538052118,-9.212563509475803
13614fe2-29cd-4e55-b9ee-c11bc7a3f69d,38.70160045698208,-9.199560790353408
93964f44-bd99-41ee-8ded-5de5968e8101,38.69743374167132,-9.193114415373016
e2974b4b-10aa-4ead-82d0-bfa31a7816ce,38.69810229277273,-9.198588279075443
a2389c53-952c-4ed0-901c-b7c25e36c788,38.70178086994628,-9.204265415203292
a8842848-b02c-46f2-86bb-974ff8b3dc46,38.701085342838546,-9.203932546848959
bdb93a40-0e40-4f28-b992-a7ec75d7d33a,38.69719167256867,-9.224660218061985
872cbf55-0572-43bf-a530-e48993503276,38.69428456910514,-9.202431043850288
fbf21a37-ac41-4883-990a-a6350406b55e,38.70155374999999,-9.2031067
a78c06a3-c1bb-4ddc-b2df-4612e235a8bf,38.700655890444715,-9.222670418782139
476091d6-3ede-4eaa-b3f7-dbd470bc3147,38.697818387175275,-9.192717849346886
cb60614f-4819-46da-af9e-20b42b2d7611,38.69700046940021,-9.203212787174778
4bfa4184-3f65-4ddd-9405-d5b0ff0ea507,38.70130652181413,-9.2040748264071
39040625-fad6-4a5c-99fa-c16c1f05b3fa,38.697666747332725,-9.195015663629272
dbf142ba-52f4-4474-8971-3ded04046852,38.700401764739766,-9.210957124421942
a335edb1-617f-4da7-a28e-e5c3dbc94576,38.69881505000001,-9.2205608
51425ddf-d3d0-4249-b59e-116cefff4789,38.699404725434356,-9.215458422568654
31b3c53e-e5b8-4c00-a7ca-5cce1383c9be,38.6920282,-9.2168875
bddd161a-9290-4935-a541-014325c2529d,38.70101113079055,-9.205465869640507
f856dcbd-d0bb-400d-9a38-9b3bcbae0be6,38.69846359618755,-9.196711427689872
1c860127-f520-4330-b1f4-58bab9b78283,38.70108445503388,-9.206546663650615
caaff78f-ad77-496d-966b-0759daa9d610,38.69866011395267,-9.214588069507208
1565bab0-696b-4ee9-b906-0d1605fa4fbb,38.700281621315696,-9.200132714646909
c29a4110-b9b9-46c9-8085-4afb28f0f086,38.701521790874935,-9.221746706467036
a9f4d2f8-13f9-4015-ac54-8d38e395a25d,38.69789587081265,-9.193258326136853
e4b5cdb7-56e4-4256-97ef-e3605c6628eb,38.704262119897756,-9.203244521845772
6118bbbd-5473-4299-aa9e-7158991861ce,38.69591826658344,-9.215586911903014
4b8111d3-2589-4db4-a7dc-76235b820053,38.70094916738113,-9.205210461150388
dc6efd5c-592d-469c-96e3-857422d0420b,38.69392328647527,-9.223189394024589
8b666e89-c4c2-46ab-86d3-f692b166c936,38.69560610741775,-9.210874553423379
9fd6fd08-b3df-41be-b583-e10232c84d54,38.69795762607264,-9.200620635824187
f62301c5-aa3b-44c8-a6e6-4d645098751f,38.69671845,-9.217808600000001
f737b0fb-8a3f-4814-95fd-2fc8f2ad811b,38.69765220724853,-9.201492392691328
4863a359-60b6-4e55-bd81-03802559fecb,38.69850568871916,-9.193474496706106
68d0be54-feba-4375-853b-80a7a4bca041,38.701344157659165,-9.20609217838244
a30e58a6-9de1-49db-91e9-0063f7a0155f,38.70334083249151,-9.21775259196031
d6a8fcba-dcd4-4bfd-9029-7b84dcd6f8ac,38.69688532346225,-9.219867940277473
ae4da8af-0117-4d49-88c6-ac98377a051c,38.69197194258667,-9.213814620314116
b13a098e-7681-4937-8ff1-3f6fd15779fd,38.69527505548414,-9.219006314918504
9149ff6e-b168-4b1a-b100-eaf08751065b,38.700281609491086,-9.21928943180164
bd04dab2-279c-461f-8020-5ab8b4046fd1,38.69827129327112,-9.19802202592215
99609df8-ef2d-4e79-bbc2-3f72c0d2f1f2,38.69551495483455,-9.210674635615728
94edee77-6917-45dd-a195-92f372586f5b,38.69187724809384,-9.213882155507958
4955c082-18c1-4a93-9145-e162b3eaae11,38.69709878599519,-9.204614972689033
30ccd49f-6762-406f-929e-73c4898fc74a,38.70003247189238,-9.224385841553907
13888510-bc98-4355-b42f-9bf6a6f1bfb9,38.695021052529505,-9.221395154595426
cad2c505-dd93-4fac-a286-347a6aa773a5,38.70015384999999,-9.212637399999998
066c94c9-04f7-4065-86fd-d858fe80e616,38.69561435,-9.21916045
68bdce74-746f-45c5-888a-e5b1f7660a57,38.695231100214144,-9.212259635772204
31faf3ab-ee01-47a3-83cd-fd174a6de350,38.69969485,-9.214881949999999
d9767223-c091-49ea-bb67-61be7c27f1de,38.69896266031278,-9.220641863652501
09910b55-9cb5-4c64-a925-eeb04026c036,38.70494967447423,-9.202493796400846
bc267985-dab3-46fe-b498-62422c495667,38.701131759750226,-9.215459590630381
30fa8626-2ab9-4893-921b-0189ce3f4c22,38.69590134797158,-9.220013221386264
631b4f11-7862-4e19-8c4d-45e224957dbb,38.70203723340748,-9.219729507136904
c09234b6-d814-4712-b7ac-247ea49a04b8,38.70066402254128,-9.20346990682508
9d40fedc-48c3-4dbb-b6b5-b1fc79638f04,38.69968103457648,-9.222661365766584
3dd10e17-9ff9-4312-98fd-7e415750583a,38.69926312483394,-9.204305319599307
9f921df7-754d-4bcd-84b2-27cb424447be,38.70083513503438,-9.205682938010272
24ebc93a-cdbe-425c-9bd9-f21a5a490f41,38.697810908179754,-9.20303974082264
022f6c7e-3489-4114-822d-bf234d6061b4,38.69961663195208,-9.219342152591668
12259a24-3f50-4337-acf1-25bcc96e7ffa,38.69838128615463,-9.21652078490088
5ede4b21-dfff-489f-bcf5-9dfaec1a5f0d,38.69998112627258,-9.219539231883552
616373c8-f5e4-4bcf-959c-24c2a9dda299,38.69694291967246,-9.194435677723343
525d2326-2844-42ae-86ea-a3e7d6489855,38.697384210277995,-9.21669728756494
4caed7c0-5002-4f8a-beaf-aa8ad98b614d,38.697810064209385,-9.217891399245431
b4f70011-14d1-4b85-b0fb-9ab411cb0269,38.69776184967094,-9.202422097666721
bc74fbbd-33d7-44f4-8a80-eb4a42f87a63,38.69699801984765,-9.215268862261864
ceea344a-8896-44f5-a2cf-807da888ab45,38.69742689479981,-9.218704778324007
7e0a06d7-3839-40a2-8491-db1c676b5dc9,38.70071030507345,-9.196987423638062
7f27b269-de42-4b8a-b11e-719da42527a5,38.69716518201952,-9.20285722102892
82ebe0a4-6085-43b5-aa28-274902a05889,38.69982064222004,-9.204957599249983
59d54dd8-19a1-4a11-8a76-5200da114699,38.69899329599681,-9.193006253803212
bb771e56-84ac-4a17-a88d-dae6fa3adffd,38.700022597863416,-9.215830997206892
4db6ae8f-f447-4460-9265-bdfc458e735b,38.697279269283285,-9.219443506048558
65715fd2-7b01-44e1-bf8a-9dbbd9bc30c6,38.69801713907419,-9.215070651936136
2b0db5c5-055a-4e04-a520-67ef516ea532,38.70431091849427,-9.202610037252912
17c8ecf7-ecfc-4b3f-a1d0-f8118eebc91c,38.69759400047882,-9.196318890627106
a51b134c-1922-4a02-ae8e-11c678403d7a,38.70209873137327,-9.203054556791939
c0ca9fa1-2338-476a-8a2c-0dcdef0d7255,38.699069369549704,-9.193103866403439
338b87bf-ed19-4822-b328-560375096930,38.697370197278126,-9.215665076307872
f0cf4a87-e3e7-4e4d-bec8-52aac5cd14d8,38.6989237,-9.2105715
06c98a54-e1f0-47e4-b616-f075c9cef6ae,38.69551556817467,-9.2154832692461
4c076705-c911-4b47-a98c-6b1aa1136d48,38.70351655015709,-9.221329882276633
a07d7684-58de-45e5-8a59-a6f5d1951ebe,38.69886338071013,-9.213628279848384
a8129ca2-d29d-4751-b6c0-e5dff0ea1550,38.69967658908954,-9.200018590861658
73199c4f-21da-40d7-af9c-63a91add6c8c,38.70054822377401,-9.203612970803702
c66997ec-ad03-40c3-8388-21e2ed98a668,38.699191773674215,-9.217692888916664
f0a069ea-44ec-4fae-ac3f-4e7fe6b8e7fd,38.70288229999999,-9.203446449999998
6fd901a7-0edb-4daa-9a1a-24cc799138d2,38.70180856013622,-9.205699364173494
4d112e99-c7d2-40cb-ba02-fc8088c7d8cc,38.69570402016151,-9.217739822468552
dda283e6-5663-45c9-9367-14dce3c029e0,38.70102697611518,-9.20083243947358
e25a2c22-b6e2-445c-8df6-eb2d604bcbc6,38.69893620223174,-9.219485147852572
d04cb49f-c28f-4097-9c4a-b7354249442b,38.69609982335202,-9.21132935196104
661a18cf-384c-4cbc-8413-04b2f3fc9158,38.6979868312935,-9.21770616530365
61408583-446a-4357-928c-1cfcf17ecfb0,38.69749965654392,-9.192839863763986
a633d75a-5f4d-40c7-9f3b-02419b4030bf,38.69644950505918,-9.221064719012356
72102cb9-d4b8-4f9b-b89e-e08a5935613d,38.69987824917551,-9.220664278032865
575c65ba-9dc2-41bb-ac7c-d408f28fb881,38.69703190698634,-9.2018285586141
618ab09e-3074-4c4b-af43-c8c399d89c9f,38.70153050999467,-9.220767367339104
12519463-aed0-4197-971c-fdd289e2cfa3,38.69428560254251,-9.202594081213073
904c04be-57bd-43c9-b397-4bd947c9c5ce,38.69838135867676,-9.225968788225567
cb202929-ada4-4c6b-bdab-9287410c884e,38.69757975936839,-9.201983064423166
c93c57f2-5ff1-40ce-8f30-75fb26bbd02e,38.6980253620643,-9.218091224072262
d8a18e14-84dc-4378-ab4c-3bc9a42538f6,38.70185615015918,-9.203743613490351
ad3c2fe4-b62f-443c-b703-3e7047734ab4,38.696341948739445,-9.219842995938688
a3f7d691-7f18-4d0b-9611-d75fc184527e,38.70163727469609,-9.217580305785907
5e3057c1-a3fd-4742-aa8a-25f1605efcab,38.697696797179006,-9.217187355730534
221e76de-a030-4e78-ad4d-69b948a50c21,38.699164301480195,-9.220234809465223
e33cba1a-8fcf-43f3-b596-1146fb4a142b,38.70021292657739,-9.214921239329824
4b470147-ad41-4f94-b146-fb796a26699a,38.696745932600926,-9.194232853941404
85a00265-fb9c-4fee-a0f1-eeacc7e6e41c,38.69935435,-9.214626650000001
80723017-d06a-48c0-a656-3cd118be178d,38.69721019999999,-9.2188423
56d11d62-873b-4698-9484-b4a69d0ae02a,38.69805545261164,-9.19168471354037
bdef95b5-e89d-4aa0-8235-209f6a36b4f2,38.69727356048483,-9.198221667308387
5834c715-2465-4b64-9aba-683ee94a3a4b,38.70176895448786,-9.22074701102593
7ac22471-716b-4d43-82cf-66a330e7fb13,38.701660671653016,-9.21719712501653
2b8f1723-aac0-4f19-87bb-52185511a8b3,38.70019889951822,-9.211717829443925
65cf79c7-d27f-4fe3-9787-44e9bf343101,38.7000441,-9.218633
4845f409-81de-42a4-b93e-694bfad87027,38.70199639999999,-9.199517749999998
e9ce1f9a-57f1-43b3-a88a-2b2b3cbca347,38.696745233528745,-9.219477937045637
7064d032-e8f5-46c0-a192-b87c84fc4f7e,38.69546485,-9.195369549999999
03ec8866-3107-4c13-8e34-e5c8ec38b81b,38.7002121724214,-9.225064838667471
5ab82f6e-bc86-4858-b6b7-011a2455db06,38.69265863639478,-9.22179137872322
d5b6fa48-d554-4909-b563-7d5b31e1a078,38.69844536644669,-9.198753695544415
9da78d54-145b-4d8d-a055-59ee3a4cc866,38.70168222743073,-9.220415553482031
39e62663-9b8f-413a-828f-ee62e44229ce,38.699385096357304,-9.20365170257991
6116ac2c-7602-41db-affb-e204e9490d67,38.7008767007458,-9.210593558636283
20cb98b9-cb04-46ac-adce-55bf7f811108,38.69796059687911,-9.219816534097749
b9a6f310-329b-414e-bc57-567bc2688989,38.69626740525673,-9.197606269526736
3577466d-db94-4e68-8d27-7101f665d910,38.698943671410014,-9.205161520398699
9499518d-4f02-4c4e-9cbc-54bb55603ade,38.697190931029205,-9.21757693153625
cf650e2b-ca25-4044-9f5d-64d1385c00d4,38.69861163817619,-9.21348459979135
54cc0520-fea7-4f3d-b646-c77297208fd6,38.69886440577608,-9.218063676705253
abc514cc-c966-4a6e-8d7c-a17124f1d93d,38.696068499999996,-9.215876199999999
64e19c59-20c3-4362-a82b-343e45233203,38.700945655765494,-9.20495649617689
2f34cbb8-a28a-44cb-b174-c51fd8ad2f33,38.70048695638884,-9.22567426892565
e2bc2e14-d0f8-47ad-ac2f-063add1d5c70,38.69990971542999,-9.208585384362538
f94d1d0a-a658-4b5e-a87a-c45741f7a84e,38.69791751082639,-9.216400359298484
2a22d7ad-f3f9-407a-a020-100f7a96a450,38.692827449999996,-9.21351125
fa59cfce-de3d-4faf-872a-f87d79c3d290,38.70079048834189,-9.204989700884456
abb794d8-ca05-486c-b568-ee2b7bb16743,38.69951563709442,-9.224015927170024
77e1fe9d-b3bf-49ed-834a-1fb1a3209632,38.696954948543116,-9.21136477518044
d7317196-79ca-41a8-a526-884d5649173c,38.700718430861265,-9.201526221022814
4bf9f488-7b15-4bf8-91df-05e6a401a7cc,38.69702362107918,-9.202928643983872
c97a4926-1cc3-40c8-841c-f73808bcbbb2,38.69880329539868,-9.217637136978283
1cfb2552-bdd9-47df-a786-6df0c7908473,38.69668131031779,-9.212853444741272
e3d02752-bb20-400a-82bb-9b80ff5f050b,38.69503176134977,-9.217202762100646
dc074a0f-e8d3-45c0-a06e-5013549edaa5,38.69934629691407,-9.221050525532334
c8bba19d-b9d2-4723-8b0f-479393fb2c4a,38.69665362200677,-9.21759772546393
c02c2309-7636-4773-90f0-f15b2d606e97,38.69815689412002,-9.217529610431042
05c918f0-8ecb-4758-8562-4934b0c15cf3,38.69874675671545,-9.19894455120291
e8c5a0de-3741-42c0-a1f9-0cf8650eeffc,38.69854344876019,-9.199306189928441
c37f502d-b1dc-4684-9e10-3f79c4fcd1e3,38.698052735169505,-9.193707526016482
fa83bcab-eaf3-4b63-b2aa-468a937ab41a,38.69872490000001,-9.2136256
b4c8edba-6f76-4004-9090-8c93a4abb50d,38.70030865369795,-9.211312330189442
3e22cd02-a841-4ef6-a83d-425d3de0beaa,38.699401349533595,-9.2137174341426
c43bf173-d5e4-4471-9e87-8e33da71b83f,38.69699736653129,-9.196731404450723
92ba674c-2c2d-49f3-9dab-cc6e5a330ab7,38.69489021150725,-9.204192623476908
48cc6fc1-d47a-4a0e-9573-461c885ca403,38.69540457020196,-9.222022164368642
f83ecf48-be45-4d71-a5c9-c3575f8ad143,38.69956860664403,-9.225258946029768
2b8b2f5c-4221-489c-92dc-53524fac004d,38.69717535409077,-9.202933732140416
86690f7c-e99b-4f1a-b7d4-a8a2dfea1919,38.69460332478749,-9.219769948651134
7989c2cb-6061-46cc-aaff-7f6533f857a8,38.702269039843664,-9.216184493003986
f530a3c2-f7dd-44c1-bf42-054643946617,38.69668503793359,-9.216588511213274
513680c5-3475-4252-8a3e-20d3345f2ab0,38.69684060994806,-9.214193271186394
17c32211-8eeb-4c72-ae64-5c0a62ec3d77,38.69715477360464,-9.21805276860887
82de647f-8e01-4332-9bd0-69c40ede24ed,38.6959144213686,-9.214568237848905
bcd9e22c-9713-4016-8f76-23dbf78a9bc1,38.69883547819465,-9.204478538498511
d7302100-6a12-46fa-a1ce-0f188c9fd7ae,38.70410516145169,-9.203602132144834
df36bc6f-572b-4f74-baa5-2a41274ff787,38.699311858854884,-9.211629889537097
01931eda-dbd9-4605-9ac3-00d5792e69c1,38.69696846008996,-9.202529734393092
ebd7dd4e-52f4-4984-83f9-0bb9cc553985,38.69623300625133,-9.210902881325634
d1a7d7c8-87ed-428f-9ce0-37da88a1c71c,38.69897468579787,-9.211489582916117
b74a4df6-56eb-4dc6-978a-ee10d154afa7,38.69698221151068,-9.20196805777761
40cb77dd-ebab-4709-9a76-bdb96edd07e5,38.70120275075752,-9.203244711563666
97330150-b2a9-4dc9-b190-9ef40ee1d778,38.69740935683531,-9.213487587267583
327d668d-e09b-4d62-aaf3-70dc6d296ad9,38.69602483666554,-9.215265117832615
bfdefc35-4412-4b1a-9752-98fee75f6a1a,38.697155209433745,-9.20271452940447
14ff69e9-361c-44d4-adc2-924cf5391a74,38.69949711242409,-9.199357080300388
1fe50892-54d7-4c8a-a560-1747ca74069c,38.698913074426,-9.214538259044593
d87d755d-c92a-4818-90a2-a4ecc72e6844,38.70054848403645,-9.219067062630932
1284bff2-a49c-4fde-8d77-d69f30280dbb,38.700153613162946,-9.220008424909935
187c4714-5ac6-484d-bacf-98e787a2dc36,38.7022832,-9.2055627
d088407f-2e6a-4e97-b021-1af4c1ba5ca8,38.69986933140258,-9.210400848523268
17ca23d2-0f47-4f63-8103-868c3900cc80,38.70023215119754,-9.197927428146379
d10709b7-af0a-4ca6-8539-3487c7cc355a,38.703675219587794,-9.203050493039752
3e55f379-bd5d-4829-9728-c00c48272abc,38.70041411737716,-9.218962475506443
982c15c2-6c4e-4479-b52b-3c00e52c7d70,38.69873043562832,-9.199174644588947
207dff42-81e5-40cf-807d-1dba71e8954f,38.70350380079892,-9.20336665810866
ecf781ed-4740-4421-8f9b-155326105445,38.69680134999999,-9.21532405
c2ce2a19-7da3-498f-b5a6-593a65f48a98,38.69305570026373,-9.22091941798371
8ec0cc5b-d5e5-4ed9-9a39-216aea533f0d,38.69683323680168,-9.226842687396882
f3630d9f-2782-483d-945c-29b779522965,38.69585543616361,-9.21932157592912
22b5a3aa-5262-4862-8879-481963e83223,38.70082024223066,-9.223455816876394
edb24336-a860-47f7-a774-aeca49681740,38.70064745,-9.211207299999998
c89f651b-0936-41b4-8055-2a5e229dc564,38.69643656601004,-9.217311206042671
b6279462-6262-481a-ad64-89750f0414ac,38.697152896564376,-9.219590074976526
201abe1c-a9fc-45ef-88e2-0549e1f475ca,38.697517788903234,-9.21660338684556
a42064b8-3417-4895-bc7b-b1b6ee25bced,38.70151811844677,-9.204221045464443
dc94b825-4a02-4ce2-9cc2-d202c981824d,38.698106482293014,-9.217599002050706
6efe1593-87d7-4499-b9ed-55e8f4c2c208,38.698885757597935,-9.220129640473624
00aab9e4-22ee-4f74-afa3-fd4d6cb48217,38.70243589684405,-9.216715627105117
d53ca489-9dfd-4266-b533-ebfcb4d4c64c,38.69819138614381,-9.21699227059301
65671867-f47f-4ec8-9d83-92e5c01ba702,38.699716618642164,-9.20474367694979
17e4390b-8325-4fc0-b655-d0c2ceb0d157,38.70043473510793,-9.205388778528285
630dc333-d60e-4343-a922-b42eba523866,38.69655957744482,-9.21763060400445
c6d14307-e917-44b9-accd-389a4a79565f,38.70135504999999,-9.2156253
b42c4496-5991-413b-814c-d8d2f27ed1f1,38.697552846580834,-9.20360529033221
ef0399a2-c9b8-4584-8b68-094892b5e277,38.69732016276637,-9.216727687972412
82af3557-4ad8-4979-a485-ace6a05c21fd,38.70181875011944,-9.220480216545962
e85ac2da-adbd-4cb1-81c9-26316a130628,38.69749677004652,-9.192764221689139
f53613a5-85ed-4fcd-812c-380a8db69362,38.70193929816443,-9.203779800027734
847b3afa-31fe-4447-b141-93798846bb4f,38.69619496256353,-9.22009387004538
f726929f-6ab6-473b-b602-ce89b7618b04,38.698254946829586,-9.198566836889313
29f77325-4781-4496-9937-1c4cb038b6b8,38.69699293512915,-9.202189501588645
c77e04e2-29e5-44eb-9bbc-c84253c9d53e,38.699218462393105,-9.220158580686693
aff39e68-34fa-4c46-b597-84a8e072f433,38.697818618258424,-9.202061410326856
43c6e7a1-7138-4456-b2b1-a490faebd1e7,38.70136668022416,-9.199593135464845
6238b319-d6c9-4452-81bb-6b787ab119bd,38.701256263757585,-9.203361417548882
e12ace9e-4a4d-44fb-bd09-05805ddb4dcd,38.69853000289339,-9.206399528057208
e2445d86-27e5-4126-898b-14a0b1596227,38.70361256881289,-9.208135189848853
d449e40e-dd60-4ce1-9a0a-001c3d7e4687,38.697013517755735,-9.219728674586104
8bd170b5-7540-4a8c-b564-16257a656f2f,38.69779582371965,-9.203152869719782
60f91412-2f96-4f31-b268-19cf1d804be3,38.700189943924244,-9.223968593469976
c9f08b08-bd65-4cd8-81c3-127a82b3d1d7,38.69747281687501,-9.216270397285523
1a7320ba-d345-4fb9-a891-3b67f9f4e20e,38.69521915859469,-9.213628857881748
565e30e5-7337-4802-b0a1-973c965eb6f3,38.70003180938952,-9.212402718942394
050c7514-2ec3-465f-a317-7da09de9cf3c,38.698337269053695,-9.219835613104552
c5b25cbe-f186-45cb-a727-44feaef9e1f4,38.69736691724783,-9.193446988836358
3dda4a34-af1e-47ce-b267-1685b1000fcc,38.70162486920945,-9.20568253035949
468d2264-3790-49fd-8681-f24240a0d021,38.69751425248558,-9.214212219463068
02e9e987-901a-42e9-b4ce-90a0ce08d7d7,38.69742066462994,-9.20143658766326
a044aebc-3acd-4d05-a2be-20ecd998c42e,38.701549099999994,-9.203638349999999
c4848501-300a-4aa0-a177-2c893a10bb46,38.6936487501624,-9.223589716695594
a55839df-2274-4320-85dd-c24c8c5d78d3,38.69490535,-9.21169935
4ffbb766-04dd-4a36-8820-2f98da865689,38.698209619471264,-9.188132278290887
cdafe31c-0488-4e3b-a202-0ca925b0de37,38.70037099457209,-9.220142705474537
d63a8ddd-4f70-459a-843c-18fe18b88fb3,38.695245943386794,-9.214804240705448
16aa59e2-bf9f-4a1a-98e5-66a2dc9f7180,38.701361305109465,-9.218799992996301
7a6dbc1a-b961-47aa-94f5-2b3b8819d066,38.70027495951976,-9.20551143888049
20f3eb75-482a-408d-8e93-86ed6ce8a0ca,38.700639497012496,-9.21870931177639
081bcf04-2b83-4e3a-8391-9bdf078cc4ba,38.6999220596656,-9.203399218099099
95b1d0dd-6bf9-476b-9cf3-b81fa8a5d1b2,38.69959336464928,-9.219990220913827
42720797-bad4-4ece-ac85-5129fa64b6b8,38.70183901096787,-9.220063181376382
7d8a7132-bc62-47df-9520-98fc17ded804,38.70368376938984,-9.202564680832127
57cd9be4-0608-418c-ba10-e4eaa00456d9,38.69937271520059,-9.216848044600088
87736654-39a3-4f86-809f-d53376d2520b,38.697481920438555,-9.202276099625957
783affb4-4c7f-447d-8491-fd21587246d0,38.69824126724163,-9.219987840351541
2c359097-dff1-4763-8946-dad2320eef69,38.69610522248798,-9.21901187399832
727541e1-39af-4a3a-bdcf-011846d5f9ac,38.704428199999995,-9.2212481
41940b5c-dab6-4ea4-9481-feee1665f8c8,38.69872206783265,-9.220454093791652
78d0ae8e-d4bf-4108-9a81-e7170ac39dac,38.693055787110154,-9.213482766896243
eac529cc-a350-4304-aaa2-54fcda9b2f61,38.70273364999999,-9.2095717
7d0dc822-4e8a-42e3-af6f-c67385a62737,38.6980167706168,-9.219369929704841
00b9378c-0234-4356-a996-3ff5f984571d,38.70096865,-9.222699050000001
ea7f53f6-c17b-4e90-b9f2-1d6ad2f10830,38.69776851903753,-9.217517279017262
ea4645ea-2d1f-4d23-be35-167ee629ff78,38.694969273427375,-9.216451417765072
38af523f-ffb4-45a6-b7c2-a47c47f8aa2f,38.697741677469196,-9.202706709461681
376fd863-6a60-4146-880f-0202f0a60109,38.69725188906867,-9.21785128348634
47739109-5765-464a-b17b-9f5e6915526d,38.70020093147109,-9.193849082511912
279d773e-081b-492b-b2da-0e0f28df1fd7,38.69839,-9.193697100000001
ac01bb84-1690-4342-b6db-3725365070f3,38.70433935006553,-9.203706947179379
34b8523a-7060-46ec-99d7-c0e0c5106506,38.701468319515364,-9.207588970218477
cd8837b5-b27b-42f4-b2aa-5822f67e2e57,38.6978163,-9.202616849999998
774444b4-10f3-4d43-aef4-3a601f99e7a5,38.697696007529615,-9.198020444204182
3ff659f8-e91f-457d-a2ae-f0915ef3a5a8,38.70076384692796,-9.219233009555312
c7759349-4474-4617-ba86-410e7c2d4b16,38.7001852960882,-9.205053177449033
a904ed96-23c1-400a-be71-fd230645bc1d,38.69661930244402,-9.219875947188358
919464f2-cf41-429c-8b9e-c53cfb059ee8,38.70138997150983,-9.22216497302051
0f84be64-8664-4cc9-a897-b8eac14935e3,38.697749408090154,-9.218858488567975
ede65337-506f-4d90-9a02-896577580c5d,38.69993968106723,-9.199466390789865
4b7adc73-483a-40ee-a661-649ec85a1b98,38.69793889403529,-9.210622581502191
cc632eeb-7151-4689-a0d9-9ab504ae71b1,38.69700163694275,-9.217752018754002
7dff13fc-bc56-4ae0-9843-74dd4ab32bcf,38.696085461858736,-9.203645935377729
39a84373-4e63-47b4-97d2-a32df724b288,38.69837982063461,-9.19255241730262
e8f1227f-52a6-4e1b-9c0c-93e01b0c39f5,38.69795647189949,-9.201674336228928
2564b0fd-cbf0-4a9f-bfd1-d8207c4ff04f,38.69865244873475,-9.201457890388888
c3dda194-cf49-40c9-b605-3727ae256874,38.6973569,-9.211126799999999
44909c39-d174-40ec-9d96-73823d13aefe,38.69669079976562,-9.22199219446343
fb71deec-c991-437b-8102-7d1093fbc671,38.69864209302395,-9.192813580092231
547f2606-844f-47d5-83b5-01fed307dc7c,38.70182617209787,-9.22617424468777
b8403876-ac09-48bd-834f-e633773be0b2,38.698136836291646,-9.20814780820534
7186bf0f-6b39-4e19-b65e-f66178132d96,38.69749527845104,-9.216959991121737
8cfe7817-6e8c-40bb-80f8-54008e272d48,38.69685451775574,-9.218797474586104
22209ec5-288a-4d06-88d7-66481224b02e,38.69374434142634,-9.206970025525415
c224805d-cf7e-410b-bbdd-752dcd2942f0,38.699137519163976,-9.193160303768307
c4bf5677-fd75-4814-88ba-b7b0b068dedb,38.697925801762715,-9.212697855464516
bbf04593-1885-479b-b814-6057936d86b6,38.70234524652272,-9.205374221770478
18015a02-3772-41b3-8869-4edabbed6650,38.697927506734366,-9.194039505420182
51c43f18-19a9-47d3-8d2f-fb8b9f36bde2,38.69765773477851,-9.202831126324662
4db1ae45-ab98-48e7-b506-7e51abe3b5d4,38.70074156967677,-9.203203041042476
9207f948-a45f-4392-920e-a379c366bc86,38.701009799999994,-9.205033749999998
1b8441cd-43c7-4031-932d-71bdaab6cd21,38.698921127795785,-9.218126376910739
7d14a91c-0cbd-4f60-a199-54dd6cf20be4,38.70222803495643,-9.20340697620377
c9a430f7-be7a-4734-ac52-5f8756e0de6f,38.70154508233856,-9.204309968186424
32adf238-ef07-4379-8d5d-97a8551f0134,38.700711250000005,-9.211511199999997
b0234450-82e2-4f5c-a06a-40a7ecac2615,38.69752381780774,-9.224550537108167
85f957bd-f43b-4766-91f9-9c9ec14d93a3,38.69580795551105,-9.211164981220122
ec0b0c58-fe23-4633-a35f-071c3225b207,38.697465458567954,-9.215911488505862
b7c1e3cc-c397-4ba4-a312-51f0a7877a21,38.69687091308196,-9.219325545375803
1b11b00e-cd0b-432c-8111-514a68ee5120,38.698130913166196,-9.199102163834096
4488b4a5-8628-4ad8-90ba-9feebfb40dc7,38.696934520103696,-9.2248500571864
0f07a438-c3c9-44ea-b191-1fc472585164,38.698551186664275,-9.211274171941739
f48b6fb0-e279-4230-a2cf-4355f1009e1c,38.703772399025304,-9.22131300488597
48150f14-17fc-4fc3-8b27-03f06a17ac6d,38.696162682683614,-9.21830168194896
dbd571c9-2e22-473a-a7b9-66430a03f398,38.69961634966181,-9.216482614483283
159e598a-f4d4-4216-8182-3605670f8730,38.696897304445066,-9.212930891136415
cb222a83-bbc6-4fbd-96e5-6c3a968c8a44,38.6995034,-9.2051889
ed1b4ae4-d5cd-459b-bf76-87e9aea57f51,38.697549262786325,-9.201699883538415
25b354f1-ad22-45ce-8107-b090d291116a,38.700657838491246,-9.223872751262247
f4f07eed-64db-4618-9dcc-9dfc94641fe2,38.701809730883745,-9.198046521359592
5e471948-c7a7-44ee-a1db-69c8dc28a73b,38.69482712505355,-9.21825613879421
331c240a-386d-4606-b5e7-44e52ab9343f,38.697644605350945,-9.203008806121117
3cce7b27-671d-49fc-82e2-64164015a112,38.69970225000001,-9.223643599999997
dff24336-29d1-4c6a-ace8-1d12f422fbc9,38.6990490547282,-9.220744885845292
e2836a07-5612-439d-8e47-065327459762,38.69991350834794,-9.219478067837384
263ff2af-5281-4d9d-9de8-7cc274b0a989,38.704365926936745,-9.202953966603772
4d5c27ee-bccc-492e-8783-6bd79fc3635f,38.70316380916705,-9.217975051378975
13b54c5e-e634-42b2-95e4-a5286a6d3e4a,38.699693853456914,-9.225329033013761
35f46f09-1557-42ff-8f19-e14608b4078c,38.70298944987321,-9.203196432868076
9a26f72b-49e6-40ac-9dab-fee89f624438,38.69735554999999,-9.225219049999998
f4a2c0cc-5d5a-4187-a48d-f2180d2aadb5,38.69988417014192,-9.200450353748183
c5e3b59f-c00f-4288-b418-bd224439915e,38.6997516966072,-9.210651568785893
f48420d8-725b-4987-8266-da39926b23f7,38.70010644290135,-9.220350298480795
6f32a2ca-c7ea-4ff9-8100-c9c7c49bb43f,38.69900298822347,-9.219953276568079
23ad815b-c033-40fa-ac5c-235d0948b5c8,38.697251829198116,-9.218909716747499
4e3bd51a-eb77-43c9-8c93-7309b4173be5,38.69599060866413,-9.22110071604262
769f3817-8ad4-4678-bb59-c6e0bfa07411,38.700439513015425,-9.205856064509831
3417a1c7-64f6-4876-acd3-09149cd066d5,38.6996091078862,-9.223224903854499
4eff61e6-3b15-4683-a69b-2b3978dbbc03,38.69855363320301,-9.219533197534146
4803d48d-9e07-451d-b1d5-7d95d7848958,38.695302540941206,-9.212680308012946
a10a7d7a-cb01-46ff-b9ef-bcf2c86311ca,38.702501009736984,-9.219334269550911
78162391-ffb1-4424-b417-f2badd2865d5,38.701896649999995,-9.204537149999998
e51f56a1-ff4f-4f30-a3e3-b61374102962,38.69430762141145,-9.21785850989558
aa581a2c-f215-44d5-8584-4b6e89894edd,38.6999234840849,-9.222511479016292
86c05514-e811-44ec-86df-8ea7dab8f70a,38.700145612623594,-9.21918094494492
0809362f-ed2d-49c5-a17b-cae447b14b43,38.69478016635371,-9.21701651789445
177c5a3e-0f0e-416c-bb40-edd5d1f1085c,38.700711106266596,-9.210351425765472
50d66626-9326-408c-85aa-723796a7f67d,38.69745306754911,-9.202590642359175
fc0deb59-a031-4aea-bf47-5c6a58db9096,38.69557534848219,-9.216527231695114
ab59553f-5cc9-4bbf-a476-1a3c68d8a110,38.70065955419657,-9.203922924700782
1985f91f-5364-435e-a595-d03cc383829b,38.69516218896858,-9.21537572107161
7bf2b414-4a4d-4fe4-8484-42425a942a75,38.69494583728911,-9.221130197319466
77c1bc3a-d067-4862-955e-2b48b4c96147,38.70125902887416,-9.20467154986805
67f11823-1b4f-48ea-82cf-38436aabaea4,38.702213443245924,-9.204595916334458
c254ef77-9ff1-4c73-83b0-5be63a803b0e,38.69938124115683,-9.203913544025657
c4822bbb-3425-4fc6-81cd-075b743b9ab0,38.69924136837726,-9.203713868559895
53433247-10d8-4131-8cf3-504d5464d2b0,38.69990921042187,-9.222151777276915
95597597-0cc1-4980-a7e6-c518f669dc0e,38.698799774252755,-9.199807820249886
3ae2c0b9-1899-4be3-b31e-b8f6b6e3fa65,38.69831543824306,-9.21777175588517
b529c381-1687-47d5-85f5-e570f20cb631,38.70449362712534,-9.203110326449245
b97c8df6-6977-4df3-9f38-8bb184dd3ef1,38.69752167882064,-9.192683235237162
c59601c5-8b2e-4415-8870-62663b31d7e7,38.696509649234635,-9.217254000394528
5d4a1e08-34ea-410e-a4a8-34b5631add28,38.69622017568977,-9.208974238376511
fe5504ca-e199-43a5-b9c2-e9b248990257,38.69825552555463,-9.204616440006559
6e5886c0-d339-4be1-b54e-62b502d0d9b5,38.69730500631167,-9.21602182091356
890e64f2-de99-4495-8444-91de82ddfdd1,38.6971740413973,-9.20307496304929
bfedd28c-161c-4e83-87bd-151c40f23a8a,38.69770374390296,-9.217569228698752
996784ec-1fbf-4f31-a245-2fb8f1078128,38.69506427103154,-9.203423315452419
66722426-6f5d-48be-a243-8d79259dd243,38.69760018564423,-9.194489416779142
780e9df3-50c7-4721-8a3c-ac7d12894783,38.69547142558071,-9.213455162930241
9d770273-48e5-484f-8176-64c7a02ade5b,38.70075310306969,-9.205943119263404
b1c4f5dd-257e-4362-bcdc-36719aecd002,38.69939755,-9.22377155
c38b9c8e-de6d-47c4-9abf-d0bec86705a2,38.69931040195557,-9.218519485836822
c5bffd2b-9b69-4074-ba9b-ab915f4d7d95,38.69931712612233,-9.219327535283849
cb447f32-3c91-47ed-b506-fd2d0ded685a,38.69983085640789,-9.218474030404163
3684da88-4057-462a-bc05-bd322bfea8bf,38.697208045853415,-9.215737403356222
d166f275-9bef-456a-aa0c-fa19ea05bff0,38.69796802747509,-9.218158897427825
bfa71e23-c052-46d0-ac37-2576a71afbb9,38.70059647538488,-9.210091960538815
1a4a89e8-29ae-41b8-a4e2-d8294c8370aa,38.69467473669921,-9.21242409579663
c05a573a-87aa-4a75-a023-b8b901befcfc,38.70398911507181,-9.20257711070223
01e6c66c-f089-43d7-9a98-1f59dabb8843,38.70216020400763,-9.205778029562282
ae263f07-4d77-4d31-8530-91c30762f3e1,38.696776103218816,-9.215539659364927
d99c0d42-b7fc-418c-880d-23ff1972f031,38.694412123780346,-9.217144962403756
b6620de4-8ff1-4d69-a966-a80e0023ca91,38.69461322138595,-9.212955610763487
0ee7e394-da9a-45cb-a928-61202064824c,38.69673714609916,-9.217969309934185
3b46a57c-b468-40ef-bb3b-a07b0f6e5138,38.69598827385813,-9.22138996646172
c45dfac7-9c5a-49c1-b85c-298bd3527c87,38.69901785202575,-9.21880594765486
5877f08d-7f46-4e00-8762-e9d494e49cda,38.69904065091001,-9.218245601155079
d9ff2ab0-1489-4d9f-b8c2-244b55d601c5,38.69976364999098,-9.220934844618576
8d69511d-edd2-4f46-a5d6-b7a6d1c7dacb,38.703586194908524,-9.20460962405828
5c01d45d-1e51-4f97-9784-cbcb1c668273,38.697208263098275,-9.218485059373663
beb18c7b-69c8-4820-b665-9180cec8b4dd,38.70132486359027,-9.20478539013212
55870cff-a2a1-405e-8975-891266c73924,38.69998861359753,-9.210673369476073
785dc906-b76a-49cf-a44b-e32953bea209,38.7000325795205,-9.195681406848236
bdf539ae-c7ed-4913-a107-0b1afe948b20,38.69759407520536,-9.223321302303654
ff495bb0-af2f-4628-80d3-c23afd3aae11,38.70361967593077,-9.202939530262418
ab7b1ff4-289d-401f-84f6-a22721682a08,38.70163543309095,-9.203119177661293
9b5b0e60-5647-4483-b30f-aa404997a595,38.70330905078999,-9.217491892153365
b68cb333-1bfc-4e2d-8ac2-bd7d524ce340,38.70021183171662,-9.216551008808038
62b6751d-696b-4d41-85f9-cba86f701865,38.70337549999999,-9.202863099999998
da3f8fae-a917-4747-bf96-6d46f01f2625,38.69698350755286,-9.20209059622802
0b4fa3da-032c-45d6-97db-f98ffd00421f,38.70343345644022,-9.20309417845639
56a41f9c-4ae7-4314-ae29-c606c1cb308c,38.69605300339838,-9.219830411483741
a10fff93-78e1-4083-965b-c0809a83ac97,38.69783817031354,-9.196104996822532
0d7aca04-f9d1-4314-a405-d46f1aed8855,38.69775854014041,-9.203731691840291
9ad669a7-277c-40dd-a5bc-15b739882432,38.69398162452917,-9.218173142575228
0bd9aaa0-c82b-4b44-910f-801a29eafc4e,38.69924821296648,-9.19861870528521
3538be43-514c-4c91-808a-88ad578311ce,38.69731997290689,-9.217859282122095
7ed91b34-b02a-4521-92f6-572f616d0ee2,38.69675929819711,-9.195508434373936
f6e6cb06-e7ad-4a93-a2b3-b8e9711c61c0,38.70160352156574,-9.206160607054315
f78b8871-f46a-4abd-a18a-9f07abb9a80a,38.70243810674782,-9.203250056566798
2badc765-0760-4a46-b1f4-9ba4cbef87b2,38.70233108466246,-9.205187536933371
f28e0df0-d357-4048-982d-41aa415efbcb,38.70037315401592,-9.199612897060518
a3aae78b-430f-43ac-a856-a0b7b749b038,38.696593404478826,-9.218871236784107
9ba8bf48-c7f7-4101-9b86-58fc96a28ff9,38.70463549862457,-9.202540204350353
187b5cf1-ee3c-425a-bb90-afa1454d0960,38.70333360818833,-9.20270184579506
2ca76fa8-de6b-4804-9e5b-d4919dec83e0,38.699689560672965,-9.203153061550456
b7207423-95e2-49da-8caa-ac99a1aadf66,38.69660108191759,-9.2160116564574
0c1b1efc-9bdf-4a51-8b9d-f32c39a32996,38.69806376013758,-9.192467586753759
7986a894-0413-464f-91d9-ae48e4865408,38.695668085079504,-9.208051206246077
fb73b4d0-f02f-4fe9-add4-b797e502f7e4,38.701282530622244,-9.19962648137747
a2e855e6-887d-4b3c-8fb2-30ba56c9a2b3,38.70052437968375,-9.2164623895103
21c948db-03c6-4d24-ad2f-b3c9d5deb177,38.696665633528745,-9.21901953704564
2b2bc083-ca94-41e6-96bb-979b5a962861,38.702227063582605,-9.205480762204068
03e5a065-01dd-41ad-98c6-d427cc57c6a9,38.69751946325893,-9.203246605224265
c6356299-01bb-4263-8ec5-1a9a283952bc,38.69716074452318,-9.202642720346883
19d9dc18-0c9c-43cc-a73a-7c3952d86d01,38.69757610092585,-9.217288834680517
b820484b-c2a7-4c81-a3ea-34fe937e039b,38.69808150685899,-9.218033459328572
814b6a25-9819-40ce-96fd-df193cd09f6c,38.700012457481954,-9.21990147468496
468509d8-b0d3-46cf-8321-3a3fbc7bc6a7,38.70064828062258,-9.2178447324488
998e9df6-d770-4219-87e0-786fc06569fe,38.70202882841885,-9.217984231689409
13355ebd-c518-40da-bfab-99c32585e850,38.69695282194582,-9.195516627766553
3688b26e-a29c-445e-b7e6-e7180677c1a8,38.69334608381962,-9.222147688350418
21b554b4-222b-4525-9b55-e1e881ca59bc,38.700988470065624,-9.197552747245677
0ef6c8b2-7ef3-41b7-a1c9-9ca05db91327,38.70007400944562,-9.193450543050304
9a419f8e-a633-4709-a524-01fa467d25e6,38.701371169209146,-9.205328480370143
ff724819-94be-49ae-a535-06aef7b10a65,38.70050109810107,-9.219419902653422
c2685e26-2291-42fe-847c-e660bbffe3a2,38.70241435195336,-9.204137690977815
b4d6b8d7-9403-43ef-88d6-435400773d5f,38.696936815365625,-9.219002803606775
9c77bcd0-f736-41bc-b6a5-b93c019446f3,38.7039111836559,-9.203817766900842
4ebdea48-dbb4-4824-a962-1e5a9677fb5b,38.70366207522607,-9.205138756548006
9548d93e-deef-4558-b2a9-af1e0176c56f,38.70373853420472,-9.202705251918024
e797f1f2-0272-4f5e-98d8-25a3b3973ba6,38.69618154239165,-9.216615737578078
6bcef05f-a793-468f-9871-99f3176756d5,38.69909436972799,-9.220399942329356
4e302fd3-3c78-4567-9685-440b61fe4100,38.69512283932878,-9.22564884765874
c61aab84-1c4a-40b1-b120-948b81c8a455,38.69851640395974,-9.220264584312096
99566164-7ad2-49a2-bf38-e9537ffb98ac,38.702597208606775,-9.219070857589086
23d435d6-be66-499e-9767-d653c04b427a,38.69495001411282,-9.2160881712695
4a70a54d-92bf-4549-af32-8bbef16664c5,38.699724840134806,-9.199012032589339
2718a466-f0a0-4f36-854f-df8f301f5984,38.69693411775574,-9.219255874586104
a20f15f0-ade7-4d15-842d-dc226f7c80f8,38.70152309999999,-9.221193100000004
11a5a685-1f41-444d-be27-d6a07d8dc8eb,38.69212920474172,-9.21723526620013
3b30e20d-5f28-4ef3-b6a5-9c144b5ad2a9,38.69855811184765,-9.220046578485135
b98eae78-60fa-4175-b7a4-b2be0861bda2,38.697953743520955,-9.215558086478437
41abfc2b-4fe1-4bef-8599-dd394ce83ab8,38.69432449999999,-9.214880299999999
a3cecd9a-b80e-45cb-ae04-33a542b4b735,38.69672479781726,-9.22372143642036
bd344804-048c-4aee-a3b8-08e0ab6f1f43,38.70228060009583,-9.218758374043373
70715775-f864-42b6-88aa-095bd7b52442,38.70243436538078,-9.204448242297726
ddab928b-d870-4d9b-b931-5372fcb68c73,38.69952039311148,-9.20033595277059
723d002b-3c98-4c0b-95bc-6609970f5e48,38.700072417817886,-9.21013813018484
5496ba52-7c01-43bf-aaa0-bfb867a5dd4f,38.69927403813574,-9.205217549378736
62c0e98c-2eb3-4a2b-ad16-54daf8e77584,38.70109915,-9.22285705
a5de781e-a366-452c-81c6-c76f5fec9b09,38.69729931593979,-9.194709680790524
bea8d871-0526-4cfe-8160-df1450ec85c2,38.696725840605,-9.217545267728129
3718dee0-5929-4d06-b7ad-8ac45ef7db65,38.697032514714074,-9.203028656085683
89569093-8618-407c-83d6-ff61ada8b1b1,38.699599800987265,-9.220447572900861
688e6312-7963-482c-9c0b-380068b6975f,38.702469902245,-9.216503876611483
153a1209-86bd-436b-86ac-e2407d03af86,38.700718074282705,-9.204905797711952
fcd491ca-d67d-428f-9072-afc263a647f4,38.698919902603585,-9.217500273176363
29c23ce7-1ab5-4a60-bf57-3f11e89494e6,38.701549744942554,-9.199350016855199
b32b29fa-2b67-47a8-b3a9-2965ad7efcad,38.697598209064466,-9.194353178246342
42f677be-86e6-4ba4-b647-bbed9d02e5e9,38.70454442274018,-9.203214043016382
b4c9cec3-a7da-4f05-987d-fe1860a6395f,38.69941964889827,-9.221102540176647
b162d4ef-116b-45bb-8e15-1cb2fcf3b7c8,38.69895945,-9.218614100000002
b65291c0-4a0b-4133-9c58-44c7965bb2ef,38.70062162762193,-9.219103916282124
518870a2-13a6-4479-84f0-42589732a86c,38.700997675583565,-9.198854619598386
b293e562-710e-49e4-b722-47e76d2e8051,38.698067596938124,-9.21966447877508
4f24ebbf-6f2e-40cf-8d8d-ddacefefc7d2,38.699993588337364,-9.205680336788497
ee71749e-ab73-4b48-95b9-8dbdb596b09d,38.70325785312862,-9.20383144231992
fcf607f0-2e30-4b5b-b9fa-246042c4221b,38.69199485,-9.216990849999998
32ad57a9-5079-423d-99a2-e8b6d1fd3740,38.6969239969648,-9.222435398883265
218225f7-265b-40a4-9d77-c7f17477be7f,38.69788106143618,-9.195235744212415
f15099af-9178-44af-b35e-cf1120aac562,38.69424667759604,-9.212499021425707
571d2824-def0-4da3-a06a-5b2ca0782ff5,38.69870608628421,-9.225553982132132
2d29e22d-3395-445c-91aa-faf70d909181,38.69913286807664,-9.223968483734687
2bfb7472-be4c-4aea-832f-dab0888c73fe,38.69814250735257,-9.208920297048177
35e375e9-dfbf-4fb1-b11f-1cd0a276063a,38.700336459502594,-9.218923053415041
556df093-a7c4-4cfc-8160-5a4f2ed883c8,38.69755198461786,-9.216207536473405
8c3bff04-34a5-4a8b-bdf6-de3a1204f629,38.69655265762873,-9.21826184364358
3157407d-50ac-40de-a81b-ff6149490da4,38.70104962387093,-9.201169129929413
aa30a2a8-d5d4-4498-8ef5-8f72e24a5e87,38.69652494999999,-9.215878649999999
0d81d40e-6080-49c3-8576-19d3de948fc9,38.69813797325108,-9.217968449848374
eb28d4d3-ef0e-4875-85a6-2a651769a46e,38.6988336825428,-9.218605672234963
385fbeaf-a7ab-4d06-b22e-8af4daeba6e6,38.699472389172406,-9.1926606616777
a3b2d880-aca8-4513-a87e-01804c7c6b25,38.69893732100422,-9.204272266666665
e0743412-2a9b-4033-940d-6924d556aa89,38.69759362625909,-9.19617519935378
41307d24-8081-44de-aeeb-be7ca8a31007,38.69749383891648,-9.203082803370123
3cee1563-06f3-465f-ac90-41ffb02d9dea,38.69680825942587,-9.217911341203328
cc13402c-085b-4256-b526-c99853709f7d,38.697944395068994,-9.2036041689863
513339a2-b751-4315-8f3b-42854ce24b1c,38.69914705463535,-9.21965988239074
ac710228-ae29-4cdd-9da6-c48770b5779a,38.70181106437526,-9.20514062297639
1cd1565e-623e-4784-89de-0a5ea999a6a5,38.705156457846414,-9.202487275360177
53a59486-23c9-4169-bf88-d3c98f1bdb3f,38.70192664601394,-9.205493709299937
a4d30498-6c34-4af8-843a-d144b9ade0f9,38.69490402953296,-9.198922486837729
59fb8793-b83e-4b2c-8104-3f61ae188e09,38.69453810074918,-9.215670513425286
b95245f1-d468-4690-9d4b-1f55b4c44bbd,38.6949679,-9.211806900000001
a6b39c88-5a3c-459b-a04a-52825d1da44e,38.7000790471437,-9.21996671196561
c68ad728-1ea6-4313-83be-012b08e07f76,38.70170464121118,-9.221320766755767
c0f5da3a-441b-4757-a13e-10f45c4bffb1,38.69792471375047,-9.217775854317223
e74eb264-27e6-42aa-a7a5-171b4d41464d,38.70274224999999,-9.203439899999998
e67effb4-4719-4a58-8628-dd3ffe076b52,38.69664919845946,-9.216757862803643
ab35cbfc-446a-4cf1-aad2-ba3d930a9bea,38.69651097452618,-9.216052692820591
1f6a1b88-4caa-4d90-8547-96a41444ed44,38.698447154424116,-9.21864217399828
dfd63ea4-9413-40f8-b121-375756b19d3f,38.69832573528278,-9.21722565203711
837f81c3-b515-4b6d-86ef-d97e8d2d8f51,38.70109776281268,-9.204143196624331
5f0e75a4-82f5-4cb9-8212-7ac38ba19275,38.69653612117036,-9.216415627245146
6f348d15-2ae7-4a74-9f7d-4083a91cf6b1,38.69783521997647,-9.213930390893768
