id,latitude,longitude,country,city,material,llrs,code_level,n_stories,occupancy,block_position,epoch_construction,roof_shape,roof_material,image_quality,taxonomy,image filename or link
1.0,38.70108733348184,-9.20400349081912,Portugal,Lisbon,CR,LFM,CDM,3.0,RES,BP2,Select Epoch of Construction,RSH1,RMN,,CR/LFM/CDM/H:3/BP2/RSH1+RMN/RES,"https://www.google.com/maps/@?api=1&map_action=pano&viewpoint=38.70108733,-9.20400349&heading=334.90461712373497&pitch=5&fov=120"
2.0,38.695850822936215,-9.217359531249553,Portugal,Lisbon,MUR,LWAL,CDL,2.0,RES,BP2,Select Epoch of Construction,RSH2,RMT1,,MUR/LWAL/CDL/H:2/BP2/RSH2+RMT1/RES,"https://www.google.com/maps/@?api=1&map_action=pano&viewpoint=38.69585082,-9.21735953&heading=170.85758478688405&pitch=5&fov=120"
3.0,38.69992013263461,-9.209315523207216,Portugal,Lisbon,,,,,,,Select Epoch of Construction,,,,H:Select Number of Stories,"https://www.google.com/maps/@?api=1&map_action=pano&viewpoint=38.69992013,-9.20931552&heading=344.12753870926167&pitch=5&fov=120"
4.0,38.69931408611263,-9.215036956672206,Portugal,Lisbon,,,,,,,Select Epoch of Construction,,,,H:Select Number of Stories,"https://www.google.com/maps/@?api=1&map_action=pano&viewpoint=38.69931409,-9.21503696&heading=21.8666906867702&pitch=5&fov=120"
5.0,38.70022449109836,-9.220065804436544,Portugal,Lisbon,MR,LWAL,CDL,3.0,RES,BP2,Select Epoch of Construction,RSH3,RMT1,,MR/LWAL/CDL/H:3/BP2/RSH3+RMT1/RES,"https://www.google.com/maps/@?api=1&map_action=pano&viewpoint=38.70022449,-9.2200658&heading=32.011325933409466&pitch=5&fov=120"
6.0,38.704730000000005,-9.2201779,Portugal,Lisbon,,,,,,,Select Epoch of Construction,,,,H:Select Number of Stories,"https://www.google.com/maps/@?api=1&map_action=pano&viewpoint=38.70473,-9.2201779&heading=119.57329145763805&pitch=5&fov=120"
7.0,38.70116316116378,-9.206827738299664,Portugal,Lisbon,,,,,,,Select Epoch of Construction,,,,H:Select Number of Stories,"https://www.google.com/maps/@?api=1&map_action=pano&viewpoint=38.70116316,-9.20682774&heading=199.06715717193936&pitch=5&fov=120"
8.0,38.698511858200014,-9.201578706823735,Portugal,Lisbon,,,,,,,Select Epoch of Construction,,,,H:Select Number of Stories,"https://www.google.com/maps/@?api=1&map_action=pano&viewpoint=38.69851186,-9.20157871&heading=150&pitch=5&fov=120"
9.0,38.70446486396804,-9.202483128805303,Portugal,Lisbon,MUR,LWAL,CDN,1.0,RES,BP2,Select Epoch of Construction,RSH1,RMN,,MUR/LWAL/CDN/H:1/BP2/RSH1+RMN/RES,"https://www.google.com/maps/@?api=1&map_action=pano&viewpoint=38.70446486,-9.20248313&heading=328.94915257036155&pitch=5&fov=120"
10.0,38.70018102956806,-9.203855985982404,Portugal,Lisbon,MUR,LWAL,CDL,2.0,RES,BPD,Select Epoch of Construction,RSH2,RMT1,,MUR/LWAL/CDL/H:2/BPD/RSH2+RMT1/RES,"https://www.google.com/maps/@?api=1&map_action=pano&viewpoint=38.70018103,-9.20385599&heading=62.98080371621347&pitch=5&fov=120"
11.0,38.69802038415644,-9.217282822333544,Portugal,Lisbon,MCF,LWAL,CDL,2.0,RES,BP1,Select Epoch of Construction,RSH3,RMT1,,MCF/LWAL/CDL/H:2/BP1/RSH3+RMT1/RES,"https://www.google.com/maps/@?api=1&map_action=pano&viewpoint=38.69802038,-9.21728282&heading=96.35156670524225&pitch=5&fov=120"
12.0,38.696971067505295,-9.218222111659712,Portugal,Lisbon,MCF,LWAL,CDL,2.0,RES,BP2,Select Epoch of Construction,RSH2,RMT1,,MCF/LWAL/CDL/H:2/BP2/RSH2+RMT1/RES,"https://www.google.com/maps/@?api=1&map_action=pano&viewpoint=38.69697107,-9.21822211&heading=96.18695743905926&pitch=5&fov=120"
13.0,38.69678183143055,-9.217493005215248,Portugal,Lisbon,MCF,LWAL,CDL,2.0,RES,BP2,Select Epoch of Construction,RSH2,RMT1,,MCF/LWAL/CDL/H:2/BP2/RSH2+RMT1/RES,"https://www.google.com/maps/@?api=1&map_action=pano&viewpoint=38.69678183,-9.21749301&heading=90.52225418086334&pitch=5&fov=120"
14.0,38.69730575137777,-9.194598456590583,Portugal,Lisbon,CR,LFM,CDL,3.0,MIX(RES;COM),BP2,Select Epoch of Construction,RSH1,RMN,,CR/LFM/CDL/H:3/BP2/RSH1+RMN/MIX(RES;COM),"https://www.google.com/maps/@?api=1&map_action=pano&viewpoint=38.69730575,-9.19459846&heading=153.21894299346445&pitch=5&fov=120"
15.0,38.69711406545196,-9.201848555594196,Portugal,Lisbon,CR,LFM,CDL,4.0,MIX(RES;COM),BP1,Select Epoch of Construction,RSH1,RMN,,CR/LFM/CDL/H:4/BP1/RSH1+RMN/MIX(RES;COM),"https://www.google.com/maps/@?api=1&map_action=pano&viewpoint=38.69711407,-9.20184856&heading=151.68601023298294&pitch=5&fov=120"
16.0,38.69956694712085,-9.222920698955186,Portugal,Lisbon,MCF,LWAL,CDM,2.0,RES,BP1,Select Epoch of Construction,RSH3,RMT1,,MCF/LWAL/CDM/H:2/BP1/RSH3+RMT1/RES,"https://www.google.com/maps/@?api=1&map_action=pano&viewpoint=38.69956695,-9.2229207&heading=302.5966113449633&pitch=5&fov=120"
17.0,38.699750252979854,-9.203481202076448,Portugal,Lisbon,MCF,LWAL,CDL,2.0,RES,BP2,Select Epoch of Construction,RSH2,RMT1,,MCF/LWAL/CDL/H:2/BP2/RSH2+RMT1/RES,"https://www.google.com/maps/@?api=1&map_action=pano&viewpoint=38.69975025,-9.2034812&heading=260.14023177888066&pitch=5&fov=120"
18.0,38.70022802838023,-9.199722536225114,Portugal,Lisbon,CR,LFINF,CDL,4.0,EDU,BP1,Select Epoch of Construction,RSH2,RMT1,,CR/LFINF/CDL/H:4/BP1/RSH2+RMT1/EDU,"https://www.google.com/maps/@?api=1&map_action=pano&viewpoint=38.70022803,-9.19972254&heading=56.89493333456454&pitch=5&fov=120"
19.0,38.700236680146034,-9.20223180121008,Portugal,Lisbon,MUR,LWAL,CDN,1.0,COM,BPD,Select Epoch of Construction,RSH3,RMT1,,MUR/LWAL/CDN/H:1/BPD/RSH3+RMT1/COM,"https://www.google.com/maps/@?api=1&map_action=pano&viewpoint=38.70023668,-9.2022318&heading=150&pitch=5&fov=120"
20.0,38.69448237944838,-9.21357223457414,Portugal,Lisbon,MCF,LWAL,CDL,2.0,RES,BP2,Select Epoch of Construction,RSH2,RMT1,,MCF/LWAL/CDL/H:2/BP2/RSH2+RMT1/RES,"https://www.google.com/maps/@?api=1&map_action=pano&viewpoint=38.69448238,-9.21357223&heading=149.09848740950804&pitch=5&fov=120"
21.0,38.70114562009992,-9.22176332863178,Portugal,Lisbon,,,,,,,Select Epoch of Construction,,,,H:Select Number of Stories,"https://www.google.com/maps/@?api=1&map_action=pano&viewpoint=38.70114562,-9.22176333&heading=301.86376089251183&pitch=5&fov=120"
22.0,38.70278350242106,-9.218653182187891,Portugal,Lisbon,CR,LFM,CDM,2.0,RES,BPD,Select Epoch of Construction,RSH3,RMT1,,CR/LFM/CDM/H:2/BPD/RSH3+RMT1/RES,"https://www.google.com/maps/@?api=1&map_action=pano&viewpoint=38.7027835,-9.21865318&heading=121.02598080047153&pitch=5&fov=120"
23.0,38.70308849999999,-9.2163602,Portugal,Lisbon,CR,LFM,CDM,3.0,RES,BPD,Select Epoch of Construction,RSH3,RMT1,,CR/LFM/CDM/H:3/BPD/RSH3+RMT1/RES,"https://www.google.com/maps/@?api=1&map_action=pano&viewpoint=38.7030885,-9.2163602&heading=206.01406544707316&pitch=5&fov=120"
24.0,38.69726854688537,-9.2104726381583,Portugal,Lisbon,CR,LFM,CDH,2.0,RES,BPD,Select Epoch of Construction,RSH1,RMN,,CR/LFM/CDH/H:2/BPD/RSH1+RMN/RES,"https://www.google.com/maps/@?api=1&map_action=pano&viewpoint=38.69726855,-9.21047264&heading=307.3724428345927&pitch=5&fov=120"
25.0,38.7023202,-9.205058899999996,Portugal,Lisbon,MUR,LWAL,CDN,1.0,RES,BP2,Select Epoch of Construction,RSH2,RMT1,,MUR/LWAL/CDN/H:1/BP2/RSH2+RMT1/RES,"https://www.google.com/maps/@?api=1&map_action=pano&viewpoint=38.7023202,-9.2050589&heading=156.1975105957905&pitch=5&fov=120"
26.0,38.70255142900255,-9.202734449736202,Portugal,Lisbon,CR,LFM,CDL,4.0,MIX(RES;COM),BP1,Select Epoch of Construction,RSH1,RMN,,CR/LFM/CDL/H:4/BP1/RSH1+RMN/MIX(RES;COM),"https://www.google.com/maps/@?api=1&map_action=pano&viewpoint=38.70255143,-9.20273445&heading=153.8117516136855&pitch=5&fov=120"
27.0,38.69998608620813,-9.221066441738596,Portugal,Lisbon,MCF,LWAL,CDL,2.0,RES,BP1,Select Epoch of Construction,RSH3,RMT1,,MCF/LWAL/CDL/H:2/BP1/RSH3+RMT1/RES,"https://www.google.com/maps/@?api=1&map_action=pano&viewpoint=38.69998609,-9.22106644&heading=213.5181407556713&pitch=5&fov=120"
28.0,38.7023166514245,-9.203498103464137,Portugal,Lisbon,MCF,LWAL,CDM,3.0,RES,BP1,Select Epoch of Construction,RSH1,RMN,,MCF/LWAL/CDM/H:3/BP1/RSH1+RMN/RES,"https://www.google.com/maps/@?api=1&map_action=pano&viewpoint=38.70231665,-9.2034981&heading=174.20288944066442&pitch=5&fov=120"
29.0,38.69672739313155,-9.217399183322412,Portugal,Lisbon,MUR,LWAL,CDL,1.0,RES,BP1,Select Epoch of Construction,RSH2,RMT1,,MUR/LWAL/CDL/H:1/BP1/RSH2+RMT1/RES,"https://www.google.com/maps/@?api=1&map_action=pano&viewpoint=38.69672739,-9.21739918&heading=269.37849443940064&pitch=5&fov=120"
30.0,38.69462958184965,-9.21658993659638,Portugal,Lisbon,MUR,LWAL,CDN,2.0,RES,BP1,Select Epoch of Construction,RSH3,RMT1,,MUR/LWAL/CDN/H:2/BP1/RSH3+RMT1/RES,"https://www.google.com/maps/@?api=1&map_action=pano&viewpoint=38.69462958,-9.21658994&heading=239.6965234482887&pitch=5&fov=120"
31.0,38.69703530322479,-9.19869342783656,Portugal,Lisbon,,,,,,,Select Epoch of Construction,,,,H:Select Number of Stories,"https://www.google.com/maps/@?api=1&map_action=pano&viewpoint=38.6970353,-9.19869343&heading=150.55379832417105&pitch=5&fov=120"
32.0,38.69786890612866,-9.213069434294937,Portugal,Lisbon,MCF,LWAL,CDN,2.0,GOV,BPD,Select Epoch of Construction,RSH3,RMT1,,MCF/LWAL/CDN/H:2/BPD/RSH3+RMT1/GOV,"https://www.google.com/maps/@?api=1&map_action=pano&viewpoint=38.69786891,-9.21306943&heading=145.80314962641728&pitch=5&fov=120"
33.0,38.700341348342256,-9.205241770417414,Portugal,Lisbon,MUR,LWAL,CDL,2.0,RES,BP1,Select Epoch of Construction,RSH3,RMT1,,MUR/LWAL/CDL/H:2/BP1/RSH3+RMT1/RES,"https://www.google.com/maps/@?api=1&map_action=pano&viewpoint=38.70034135,-9.20524177&heading=301.32676554061885&pitch=5&fov=120"
34.0,38.705100258509695,-9.204209479977656,Portugal,Lisbon,,,,,,,Select Epoch of Construction,,,,H:Select Number of Stories,"https://www.google.com/maps/@?api=1&map_action=pano&viewpoint=38.70510026,-9.20420948&heading=146.84575584564965&pitch=5&fov=120"
35.0,38.69664369836077,-9.21716558239932,Portugal,Lisbon,MCF,LWAL,CDL,2.0,RES,BP2,Select Epoch of Construction,RSH2,RMT1,,MCF/LWAL/CDL/H:2/BP2/RSH2+RMT1/RES,"https://www.google.com/maps/@?api=1&map_action=pano&viewpoint=38.6966437,-9.21716558&heading=85.76211526578629&pitch=5&fov=120"
36.0,38.69499760228475,-9.218651070665311,Portugal,Lisbon,CR,LFINF,CDL,1.0,COM,BP1,Select Epoch of Construction,RSH2,RMT6,,CR/LFINF/CDL/H:1/BP1/RSH2+RMT6/COM,"https://www.google.com/maps/@?api=1&map_action=pano&viewpoint=38.6949976,-9.21865107&heading=16.135192171151118&pitch=5&fov=120"
37.0,38.698366042306205,-9.214661727486478,Portugal,Lisbon,,,,,,,Select Epoch of Construction,,,,H:Select Number of Stories,"https://www.google.com/maps/@?api=1&map_action=pano&viewpoint=38.69836604,-9.21466173&heading=344.50724703297675&pitch=5&fov=120"
38.0,38.69935553322399,-9.204686184841064,Portugal,Lisbon,MUR,LWAL,CDN,1.0,RES,BP2,Select Epoch of Construction,RSH2,RMT1,,MUR/LWAL/CDN/H:1/BP2/RSH2+RMT1/RES,"https://www.google.com/maps/@?api=1&map_action=pano&viewpoint=38.69935553,-9.20468618&heading=122.0849357452413&pitch=5&fov=120"
39.0,38.69782351591746,-9.201793083731582,Portugal,Lisbon,MCF,LWAL,CDL,3.0,RES,BP2,Select Epoch of Construction,RSH2,RMT1,,MCF/LWAL/CDL/H:3/BP2/RSH2+RMT1/RES,"https://www.google.com/maps/@?api=1&map_action=pano&viewpoint=38.69782352,-9.20179308&heading=42.10751299286244&pitch=5&fov=120"
40.0,38.69714480584669,-9.203243904438327,Portugal,Lisbon,CR,LFM,CDL,2.0,COM,BP2,Select Epoch of Construction,RSH2,RMT1,,CR/LFM/CDL/H:2/BP2/RSH2+RMT1/COM,"https://www.google.com/maps/@?api=1&map_action=pano&viewpoint=38.69714481,-9.2032439&heading=67.50057856966839&pitch=5&fov=120"
41.0,38.697006116977306,-9.217991948692406,Portugal,Lisbon,CR,LFM,CDM,2.0,RES,BP2,Select Epoch of Construction,RSH2,RMT1,,CR/LFM/CDM/H:2/BP2/RSH2+RMT1/RES,"https://www.google.com/maps/@?api=1&map_action=pano&viewpoint=38.69700612,-9.21799195&heading=272.7869554726753&pitch=5&fov=120"
42.0,38.700589,-9.22492685,Portugal,Lisbon,CR,LFINF,CDL,4.0,RES,BPD,Select Epoch of Construction,RSH1,RMN,,CR/LFINF/CDL/H:4/BPD/RSH1+RMN/RES,"https://www.google.com/maps/@?api=1&map_action=pano&viewpoint=38.700589,-9.22492685&heading=302.9470706236541&pitch=5&fov=120"
43.0,38.70215447019559,-9.203567023283192,Portugal,Lisbon,CR,LFM,CDL,4.0,MIX(RES;COM),BP2,Select Epoch of Construction,RSH3,RMT1,,CR/LFM/CDL/H:4/BP2/RSH3+RMT1/MIX(RES;COM),"https://www.google.com/maps/@?api=1&map_action=pano&viewpoint=38.70215447,-9.20356702&heading=44.10614514211977&pitch=5&fov=120"
44.0,38.70492861551282,-9.20260071395759,Portugal,Lisbon,MCF,LWAL,CDL,3.0,RES,BP1,Select Epoch of Construction,RSH2,RMT1,,MCF/LWAL/CDL/H:3/BP1/RSH2+RMT1/RES,"https://www.google.com/maps/@?api=1&map_action=pano&viewpoint=38.70492862,-9.20260071&heading=239.3256199548889&pitch=5&fov=120"
45.0,38.69676581856951,-9.216596407748918,Portugal,Lisbon,,,,,,,Select Epoch of Construction,,,,H:Select Number of Stories,"https://www.google.com/maps/@?api=1&map_action=pano&viewpoint=38.69676582,-9.21659641&heading=262.5076083498263&pitch=5&fov=120"
46.0,38.701037098121255,-9.20572867037196,Portugal,Lisbon,MCF,LWAL,CDL,2.0,RES,BP1,Select Epoch of Construction,RSH2,RMT1,,MCF/LWAL/CDL/H:2/BP1/RSH2+RMT1/RES,"https://www.google.com/maps/@?api=1&map_action=pano&viewpoint=38.7010371,-9.20572867&heading=318.0777335855515&pitch=5&fov=120"
47.0,38.69978146236226,-9.207579351714566,Portugal,Lisbon,,,,,,,Select Epoch of Construction,,,,H:Select Number of Stories,
48.0,38.69360489035517,-9.205695088118349,Portugal,Lisbon,,,,,,,Select Epoch of Construction,,,,H:Select Number of Stories,"https://www.google.com/maps/@?api=1&map_action=pano&viewpoint=38.69360489,-9.20569509&heading=219.64205063131328&pitch=5&fov=120"
49.0,38.69492600567238,-9.213237962713071,Portugal,Lisbon,MCF,LWAL,CDL,3.0,RES,BP2,Select Epoch of Construction,RSH2,RMT1,,MCF/LWAL/CDL/H:3/BP2/RSH2+RMT1/RES,"https://www.google.com/maps/@?api=1&map_action=pano&viewpoint=38.69492601,-9.21323796&heading=53.584551240010796&pitch=5&fov=120"
50.0,38.698364628872646,-9.200101168970296,Portugal,Lisbon,,,,,,,Select Epoch of Construction,,,,H:Select Number of Stories,"https://www.google.com/maps/@?api=1&map_action=pano&viewpoint=38.69836463,-9.20010117&heading=231.05254013894103&pitch=5&fov=120"
51.0,38.69498415514412,-9.211180779906226,Portugal,Lisbon,,,,,,,Select Epoch of Construction,,,,H:Select Number of Stories,
52.0,38.70114569705875,-9.20502932134388,Portugal,Lisbon,MCF,LWAL,CDL,2.0,RES,BPD,Select Epoch of Construction,RSH3,RMT1,,MCF/LWAL/CDL/H:2/BPD/RSH3+RMT1/RES,"https://www.google.com/maps/@?api=1&map_action=pano&viewpoint=38.7011457,-9.20502932&heading=318.2687434792016&pitch=5&fov=120"
53.0,38.70197070154632,-9.205186780360808,Portugal,Lisbon,MUR,LWAL,CDL,1.0,RES,BP2,Select Epoch of Construction,RSH2,RMT1,,MUR/LWAL/CDL/H:1/BP2/RSH2+RMT1/RES,"https://www.google.com/maps/@?api=1&map_action=pano&viewpoint=38.7019707,-9.20518678&heading=319.68704542392345&pitch=5&fov=120"
54.0,38.6993693,-9.2126602,Portugal,Lisbon,CR,LFM,CDL,3.0,EDU,BPD,Select Epoch of Construction,RSH3,RMT1,,CR/LFM/CDL/H:3/BPD/RSH3+RMT1/EDU,"https://www.google.com/maps/@?api=1&map_action=pano&viewpoint=38.6993693,-9.2126602&heading=137.2048634788381&pitch=5&fov=120"
55.0,38.69794894533022,-9.192761131603728,Portugal,Lisbon,CR,LFINF,CDL,4.0,MIX(RES;COM),BP1,Select Epoch of Construction,RSH2,RMT1,,CR/LFINF/CDL/H:4/BP1/RSH2+RMT1/MIX(RES;COM),"https://www.google.com/maps/@?api=1&map_action=pano&viewpoint=38.69794895,-9.19276113&heading=225.17351541016808&pitch=5&fov=120"
56.0,38.69695062143491,-9.216211555010556,Portugal,Lisbon,MCF,LWAL,CDL,2.0,RES,BP1,Select Epoch of Construction,RSH2,RMT1,,MCF/LWAL/CDL/H:2/BP1/RSH2+RMT1/RES,"https://www.google.com/maps/@?api=1&map_action=pano&viewpoint=38.69695062,-9.21621156&heading=83.6521022906827&pitch=5&fov=120"
57.0,38.693382730933806,-9.210654657981232,Portugal,Lisbon,,,,,,,Select Epoch of Construction,,,,H:Select Number of Stories,"https://www.google.com/maps/@?api=1&map_action=pano&viewpoint=38.69338273,-9.21065466&heading=245.60414014137103&pitch=5&fov=120"
58.0,38.69985953881687,-9.203862280032803,Portugal,Lisbon,MCF,LWAL,CDL,2.0,RES,BPD,Select Epoch of Construction,RSH3,RMT1,,MCF/LWAL/CDL/H:2/BPD/RSH3+RMT1/RES,"https://www.google.com/maps/@?api=1&map_action=pano&viewpoint=38.69985954,-9.20386228&heading=60.82985460865888&pitch=5&fov=120"
59.0,38.70035029237256,-9.21851711709863,Portugal,Lisbon,MCF,LWAL,CDL,2.0,RES,BPD,Select Epoch of Construction,RSH3,RMT1,,MCF/LWAL/CDL/H:2/BPD/RSH3+RMT1/RES,"https://www.google.com/maps/@?api=1&map_action=pano&viewpoint=38.70035029,-9.21851712&heading=211.26403632559038&pitch=5&fov=120"
60.0,38.69741660224516,-9.193217209196504,Portugal,Lisbon,MCF,LWAL,CDL,2.0,RES,BP1,Select Epoch of Construction,RSH3,RMT1,,MCF/LWAL/CDL/H:2/BP1/RSH3+RMT1/RES,"https://www.google.com/maps/@?api=1&map_action=pano&viewpoint=38.6974166,-9.19321721&heading=230.217265067913&pitch=5&fov=120"
61.0,38.70013099999999,-9.2009036,Portugal,Lisbon,,,,,,,Select Epoch of Construction,,,,H:Select Number of Stories,
62.0,38.6981497563305,-9.192836121035691,Portugal,Lisbon,MUR,LWAL,CDN,1.0,RES,BP1,Select Epoch of Construction,RSH2,RMT1,,MUR/LWAL/CDN/H:1/BP1/RSH2+RMT1/RES,"https://www.google.com/maps/@?api=1&map_action=pano&viewpoint=38.69814976,-9.19283612&heading=186.19637539446558&pitch=5&fov=120"
63.0,38.69890802120347,-9.193894399224002,Portugal,Lisbon,,,,,,,Select Epoch of Construction,,,,H:Select Number of Stories,
64.0,38.69954505,-9.21730195,Portugal,Lisbon,CR,LFM,CDM,2.0,RES,BPD,Select Epoch of Construction,RSH3,RMT1,,CR/LFM/CDM/H:2/BPD/RSH3+RMT1/RES,"https://www.google.com/maps/@?api=1&map_action=pano&viewpoint=38.69954505,-9.21730195&heading=283.787582285436&pitch=5&fov=120"
65.0,38.69582576704259,-9.213491723386632,Portugal,Lisbon,CR,LFINF,CDL,3.0,RES,BP2,Select Epoch of Construction,RSH1,RMN,,CR/LFINF/CDL/H:3/BP2/RSH1+RMN/RES,"https://www.google.com/maps/@?api=1&map_action=pano&viewpoint=38.69582577,-9.21349172&heading=39.06850446664566&pitch=5&fov=120"
66.0,38.69721034871607,-9.194823509936198,Portugal,Lisbon,CR,LFM,CDM,3.0,COM,BPD,Select Epoch of Construction,RSH2,RMT1,,CR/LFM/CDM/H:3/BPD/RSH2+RMT1/COM,"https://www.google.com/maps/@?api=1&map_action=pano&viewpoint=38.69721035,-9.19482351&heading=65.9997946492607&pitch=5&fov=120"
67.0,38.6987182,-9.2110552,Portugal,Lisbon,,,,,,,Select Epoch of Construction,,,,H:Select Number of Stories,"https://www.google.com/maps/@?api=1&map_action=pano&viewpoint=38.6987182,-9.2110552&heading=310.6976896270361&pitch=5&fov=120"
68.0,38.69580386433265,-9.222555681076246,Portugal,Lisbon,CR,LFM,CDL,3.0,RES,BP2,Select Epoch of Construction,RSH2,RMT1,,CR/LFM/CDL/H:3/BP2/RSH2+RMT1/RES,"https://www.google.com/maps/@?api=1&map_action=pano&viewpoint=38.69580386,-9.22255568&heading=181.9193409017014&pitch=5&fov=120"
69.0,38.69879286916908,-9.192071818202551,Portugal,Lisbon,CR,LFM,CDL,3.0,RES,BP3,Select Epoch of Construction,RSH1,RMN,,CR/LFM/CDL/H:3/BP3/RSH1+RMN/RES,"https://www.google.com/maps/@?api=1&map_action=pano&viewpoint=38.69879287,-9.19207182&heading=209.7987140209475&pitch=5&fov=120"
70.0,38.69743943404753,-9.217019517105948,Portugal,Lisbon,MCF,LWAL,CDL,2.0,RES,BP2,Select Epoch of Construction,RSH2,RMT1,,MCF/LWAL/CDL/H:2/BP2/RSH2+RMT1/RES,"https://www.google.com/maps/@?api=1&map_action=pano&viewpoint=38.69743943,-9.21701952&heading=90.32627664476485&pitch=5&fov=120"
71.0,38.6966631060934,-9.196906757160248,Portugal,Lisbon,,,,,,,Select Epoch of Construction,,,,H:Select Number of Stories,"https://www.google.com/maps/@?api=1&map_action=pano&viewpoint=38.69666311,-9.19690676&heading=63.36304424857519&pitch=5&fov=120"
72.0,38.69989049018992,-9.220212866344609,Portugal,Lisbon,,,,,,,Select Epoch of Construction,,,,H:Select Number of Stories,"https://www.google.com/maps/@?api=1&map_action=pano&viewpoint=38.69989049,-9.22021287&heading=212.01123398160547&pitch=5&fov=120"
73.0,38.69983427254752,-9.219431527665485,Portugal,Lisbon,MUR,LWAL,CDN,2.0,RES,BPD,Select Epoch of Construction,RSH1,RMN,,MUR/LWAL/CDN/H:2/BPD/RSH1+RMN/RES,"https://www.google.com/maps/@?api=1&map_action=pano&viewpoint=38.69983427,-9.21943153&heading=302.4787773133165&pitch=5&fov=120"
74.0,38.69958558692864,-9.215576307627114,Portugal,Lisbon,CR,LFM,CDM,2.0,RES,BPD,Select Epoch of Construction,RSH3,RMT1,,CR/LFM/CDM/H:2/BPD/RSH3+RMT1/RES,"https://www.google.com/maps/@?api=1&map_action=pano&viewpoint=38.69958559,-9.21557631&heading=350.607985092018&pitch=5&fov=120"
75.0,38.69944291207787,-9.219659679009071,Portugal,Lisbon,MCF,LWAL,CDL,2.0,RES,BP2,Select Epoch of Construction,RSH2,RMT1,,MCF/LWAL/CDL/H:2/BP2/RSH2+RMT1/RES,"https://www.google.com/maps/@?api=1&map_action=pano&viewpoint=38.69944291,-9.21965968&heading=296.16165803689034&pitch=5&fov=120"
76.0,38.70349381294763,-9.204058214542702,Portugal,Lisbon,MCF,LWAL,CDN,1.0,RES,BP2,Select Epoch of Construction,RSH2,RMT1,,MCF/LWAL/CDN/H:1/BP2/RSH2+RMT1/RES,"https://www.google.com/maps/@?api=1&map_action=pano&viewpoint=38.70349381,-9.20405821&heading=93.03709521240575&pitch=5&fov=120"
77.0,38.7047555986117,-9.202684802151158,Portugal,Lisbon,MCF,LWAL,CDL,2.0,RES,BP2,Select Epoch of Construction,RSH2,RMT1,,MCF/LWAL/CDL/H:2/BP2/RSH2+RMT1/RES,"https://www.google.com/maps/@?api=1&map_action=pano&viewpoint=38.7047556,-9.2026848&heading=310.6127075858444&pitch=5&fov=120"
78.0,38.69471913333333,-9.218922789267014,Portugal,Lisbon,CR,LFM,CDM,3.0,RES,BPD,Select Epoch of Construction,RSH1,RMN,,CR/LFM/CDM/H:3/BPD/RSH1+RMN/RES,"https://www.google.com/maps/@?api=1&map_action=pano&viewpoint=38.69471913,-9.21892279&heading=1.6750908854401132&pitch=5&fov=120"
79.0,38.69630168058337,-9.216156622125707,Portugal,Lisbon,MCF,LWAL,CDL,2.0,RES,BP2,Select Epoch of Construction,RSH2,RMT1,,MCF/LWAL/CDL/H:2/BP2/RSH2+RMT1/RES,"https://www.google.com/maps/@?api=1&map_action=pano&viewpoint=38.69630168,-9.21615662&heading=80.27298872810638&pitch=5&fov=120"
80.0,38.69779885265357,-9.216961453272477,Portugal,Lisbon,MCF,LWAL,CDL,2.0,RES,BP2,Select Epoch of Construction,RSH2,RMT1,,MCF/LWAL/CDL/H:2/BP2/RSH2+RMT1/RES,"https://www.google.com/maps/@?api=1&map_action=pano&viewpoint=38.69779885,-9.21696145&heading=270.3263129499336&pitch=5&fov=120"
81.0,38.699630146364576,-9.204681819642785,Portugal,Lisbon,CR,LFINF,CDM,2.0,RES,BPD,Select Epoch of Construction,RSH3,RMT1,,CR/LFINF/CDM/H:2/BPD/RSH3+RMT1/RES,"https://www.google.com/maps/@?api=1&map_action=pano&viewpoint=38.69963015,-9.20468182&heading=303.58273557248367&pitch=5&fov=120"
82.0,38.70068229855864,-9.220307520281814,Portugal,Lisbon,CR,LFINF,CDM,2.0,RES,BPD,Select Epoch of Construction,RSH3,RMT1,,CR/LFINF/CDM/H:2/BPD/RSH3+RMT1/RES,"https://www.google.com/maps/@?api=1&map_action=pano&viewpoint=38.7006823,-9.22030752&heading=301.72877609602097&pitch=5&fov=120"
83.0,38.69799976943134,-9.2166055360905,Portugal,Lisbon,MCF,LWAL,CDL,3.0,RES,BP2,Select Epoch of Construction,RSH2,RMT1,,MCF/LWAL/CDL/H:3/BP2/RSH2+RMT1/RES,"https://www.google.com/maps/@?api=1&map_action=pano&viewpoint=38.69799977,-9.21660554&heading=359.20867977319983&pitch=5&fov=120"
84.0,38.70051044818657,-9.20485002176484,Portugal,Lisbon,MCF,LWAL,CDL,2.0,RES,BP1,Select Epoch of Construction,RSH3,RMT1,,MCF/LWAL/CDL/H:2/BP1/RSH3+RMT1/RES,"https://www.google.com/maps/@?api=1&map_action=pano&viewpoint=38.70051045,-9.20485002&heading=314.78326437093745&pitch=5&fov=120"
85.0,38.69804028987396,-9.217649542929887,Portugal,Lisbon,MCF,LWAL,CDL,2.0,RES,BP2,Select Epoch of Construction,RSH2,RMT1,,MCF/LWAL/CDL/H:2/BP2/RSH2+RMT1/RES,"https://www.google.com/maps/@?api=1&map_action=pano&viewpoint=38.69804029,-9.21764954&heading=99.44946409405577&pitch=5&fov=120"
86.0,38.70010051518693,-9.20138610580726,Portugal,Lisbon,,,,,,,Select Epoch of Construction,,,,H:Select Number of Stories,"https://www.google.com/maps/@?api=1&map_action=pano&viewpoint=38.70010052,-9.20138611&heading=203.4945643920239&pitch=5&fov=120"
87.0,38.69876883132579,-9.22037051224439,Portugal,Lisbon,MCF,LWAL,CDL,2.0,RES,BP2,Select Epoch of Construction,RSH2,RMT1,,MCF/LWAL/CDL/H:2/BP2/RSH2+RMT1/RES,"https://www.google.com/maps/@?api=1&map_action=pano&viewpoint=38.69876883,-9.22037051&heading=295.26421298868286&pitch=5&fov=120"
88.0,38.69724170326404,-9.194198475933808,Portugal,Lisbon,CR,LFM,CDL,2.0,COM,BP2,Select Epoch of Construction,RSH3,RMT6,,CR/LFM/CDL/H:2/BP2/RSH3+RMT6/COM,"https://www.google.com/maps/@?api=1&map_action=pano&viewpoint=38.6972417,-9.19419848&heading=60.09757351687881&pitch=5&fov=120"
89.0,38.69734174898132,-9.2163584974634,Portugal,Lisbon,CR,LFM,CDL,2.0,RES,BP1,Select Epoch of Construction,RSH2,RMT1,,CR/LFM/CDL/H:2/BP1/RSH2+RMT1/RES,"https://www.google.com/maps/@?api=1&map_action=pano&viewpoint=38.69734175,-9.2163585&heading=85.41018875841752&pitch=5&fov=120"
90.0,38.7021565,-9.205230050000004,Portugal,Lisbon,MUR,LWAL,CDN,1.0,RES,BP1,Select Epoch of Construction,RSH2,RMT1,,MUR/LWAL/CDN/H:1/BP1/RSH2+RMT1/RES,"https://www.google.com/maps/@?api=1&map_action=pano&viewpoint=38.7021565,-9.20523005&heading=318.1386634157002&pitch=5&fov=120"
91.0,38.69784620223532,-9.224543864579989,Portugal,Lisbon,,,,,,,Select Epoch of Construction,,,,H:Select Number of Stories,"https://www.google.com/maps/@?api=1&map_action=pano&viewpoint=38.6978462,-9.22454386&heading=75.00721955071145&pitch=5&fov=120"
92.0,38.69488564329895,-9.22322131673676,Portugal,Lisbon,CR,LFM,CDH,1.0,COM,BPD,Select Epoch of Construction,RSH1,RMN,,CR/LFM/CDH/H:1/BPD/RSH1+RMN/COM,"https://www.google.com/maps/@?api=1&map_action=pano&viewpoint=38.69488564,-9.22322132&heading=186.25497691825888&pitch=5&fov=120"
93.0,38.69601891884303,-9.217299745684151,Portugal,Lisbon,,,,,,,Select Epoch of Construction,,,,H:Select Number of Stories,"https://www.google.com/maps/@?api=1&map_action=pano&viewpoint=38.69601892,-9.21729975&heading=350.85762215884176&pitch=5&fov=120"
94.0,38.70405537944945,-9.203044645843628,Portugal,Lisbon,CR,LFINF,CDL,3.0,RES,BP2,Select Epoch of Construction,RSH1,RMN,,CR/LFINF/CDL/H:3/BP2/RSH1+RMN/RES,"https://www.google.com/maps/@?api=1&map_action=pano&viewpoint=38.70405538,-9.20304465&heading=67.74431376235032&pitch=5&fov=120"
95.0,38.6973208488523,-9.21836127310081,Portugal,Lisbon,MCF,LWAL,CDL,2.0,RES,BP2,Select Epoch of Construction,RSH2,RMT1,,MCF/LWAL/CDL/H:2/BP2/RSH2+RMT1/RES,"https://www.google.com/maps/@?api=1&map_action=pano&viewpoint=38.69732085,-9.21836127&heading=97.86842467783686&pitch=5&fov=120"
96.0,38.70099925,-9.220523749999996,Portugal,Lisbon,,,,,,,Select Epoch of Construction,,,,H:Select Number of Stories,"https://www.google.com/maps/@?api=1&map_action=pano&viewpoint=38.70099925,-9.22052375&heading=121.93472176708411&pitch=5&fov=120"
97.0,38.69949621754705,-9.212315840812916,Portugal,Lisbon,,,,,,,Select Epoch of Construction,,,,H:Select Number of Stories,"https://www.google.com/maps/@?api=1&map_action=pano&viewpoint=38.69949622,-9.21231584&heading=216.06851963694288&pitch=5&fov=120"
98.0,38.70031515,-9.202426949999998,Portugal,Lisbon,,,,,,,Select Epoch of Construction,,,,H:Select Number of Stories,"https://www.google.com/maps/@?api=1&map_action=pano&viewpoint=38.70031515,-9.20242695&heading=76.38961106290367&pitch=5&fov=120"
99.0,38.69986936731408,-9.215533946029971,Portugal,Lisbon,CR,LFM,CDM,2.0,RES,BPD,Select Epoch of Construction,RSH3,RMT1,,CR/LFM/CDM/H:2/BPD/RSH3+RMT1/RES,"https://www.google.com/maps/@?api=1&map_action=pano&viewpoint=38.69986937,-9.21553395&heading=182.7432728130384&pitch=5&fov=120"
100.0,38.69827305416188,-9.215644219086538,Portugal,Lisbon,MCF,LWAL,CDL,2.0,RES,BP1,Select Epoch of Construction,RSH2,RMT1,,MCF/LWAL/CDL/H:2/BP1/RSH2+RMT1/RES,"https://www.google.com/maps/@?api=1&map_action=pano&viewpoint=38.69827305,-9.21564422&heading=173.03944335369744&pitch=5&fov=120"
101.0,38.69762959742722,-9.216859782326132,Portugal,Lisbon,MCF,LWAL,CDL,2.0,RES,BP2,Select Epoch of Construction,RSH2,RMT1,,MCF/LWAL/CDL/H:2/BP2/RSH2+RMT1/RES,"https://www.google.com/maps/@?api=1&map_action=pano&viewpoint=38.6976296,-9.21685978&heading=90.32637651805612&pitch=5&fov=120"
102.0,38.69591229185109,-9.220351917682692,Portugal,Lisbon,MUR,LWAL,CDN,1.0,RES,BP1,Select Epoch of Construction,RSH3,RMT1,,MUR/LWAL/CDN/H:1/BP1/RSH3+RMT1/RES,"https://www.google.com/maps/@?api=1&map_action=pano&viewpoint=38.69591229,-9.22035192&heading=202.74232602207383&pitch=5&fov=120"
103.0,38.69661988443405,-9.216216564640469,Portugal,Lisbon,CR,LFINF,CDL,2.0,RES,BP1,Select Epoch of Construction,RSH3,RMT1,,CR/LFINF/CDL/H:2/BP1/RSH3+RMT1/RES,"https://www.google.com/maps/@?api=1&map_action=pano&viewpoint=38.69661988,-9.21621656&heading=260.27295125485637&pitch=5&fov=120"
104.0,38.70058958779688,-9.200481897319428,Portugal,Lisbon,,,,,,,Select Epoch of Construction,,,,H:Select Number of Stories,"https://www.google.com/maps/@?api=1&map_action=pano&viewpoint=38.70058959,-9.2004819&heading=286.88624262836737&pitch=5&fov=120"
105.0,38.69868031607093,-9.21712849095672,Portugal,Lisbon,,,,,,,Select Epoch of Construction,,,,H:Select Number of Stories,"https://www.google.com/maps/@?api=1&map_action=pano&viewpoint=38.69868032,-9.21712849&heading=42.97048555986595&pitch=5&fov=120"
106.0,38.6950768611074,-9.218845002050118,Portugal,Lisbon,MUR,LWAL,CDL,2.0,RES,BP3,Select Epoch of Construction,RSH2,RMT1,,MUR/LWAL/CDL/H:2/BP3/RSH2+RMT1/RES,"https://www.google.com/maps/@?api=1&map_action=pano&viewpoint=38.69507686,-9.218845&heading=15.626065383068749&pitch=5&fov=120"
107.0,38.69448287823842,-9.202011852509,Portugal,Lisbon,,,,,,,Select Epoch of Construction,,,,H:Select Number of Stories,
108.0,38.69718826676469,-9.214949816311396,Portugal,Lisbon,CR,LFINF,CDL,2.0,RES,BPD,Select Epoch of Construction,RSH3,RMT1,,CR/LFINF/CDL/H:2/BPD/RSH3+RMT1/RES,"https://www.google.com/maps/@?api=1&map_action=pano&viewpoint=38.69718827,-9.21494982&heading=162.4801354506851&pitch=5&fov=120"
109.0,38.70163649516271,-9.218563835276576,Portugal,Lisbon,MUR,LWAL,CDL,1.0,RES,BPD,Select Epoch of Construction,RSH1,RMN,,MUR/LWAL/CDL/H:1/BPD/RSH1+RMN/RES,"https://www.google.com/maps/@?api=1&map_action=pano&viewpoint=38.7016365,-9.21856384&heading=301.88738680250185&pitch=5&fov=120"
110.0,38.69712657849235,-9.20218184438196,Portugal,Lisbon,CR,LFM,CDL,3.0,MIX(RES;COM),BP2,Select Epoch of Construction,RSH3,RMT1,,CR/LFM/CDL/H:3/BP2/RSH3+RMT1/MIX(RES;COM),"https://www.google.com/maps/@?api=1&map_action=pano&viewpoint=38.69712658,-9.20218184&heading=154.9984316286767&pitch=5&fov=120"
111.0,38.69768662119113,-9.21132663423618,Portugal,Lisbon,,,,,,,Select Epoch of Construction,,,,H:Select Number of Stories,"https://www.google.com/maps/@?api=1&map_action=pano&viewpoint=38.69768662,-9.21132663&heading=310.5906190466294&pitch=5&fov=120"
112.0,38.69970575,-9.203859799999998,Portugal,Lisbon,MCF,LWAL,CDL,2.0,RES,BP1,Select Epoch of Construction,RSH3,RMT1,,MCF/LWAL/CDL/H:2/BP1/RSH3+RMT1/RES,"https://www.google.com/maps/@?api=1&map_action=pano&viewpoint=38.69970575,-9.2038598&heading=61.75134180574673&pitch=5&fov=120"
113.0,38.69897785795023,-9.217431365685602,Portugal,Lisbon,MCF,LWAL,CDL,2.0,RES,BP2,Select Epoch of Construction,RSH3,RMT1,,MCF/LWAL/CDL/H:2/BP2/RSH3+RMT1/RES,"https://www.google.com/maps/@?api=1&map_action=pano&viewpoint=38.69897786,-9.21743137&heading=103.84209760020144&pitch=5&fov=120"
114.0,38.70013272062569,-9.219625943500716,Portugal,Lisbon,MCF,LWAL,CDM,2.0,RES,BP2,Select Epoch of Construction,RSH3,RMT1,,MCF/LWAL/CDM/H:2/BP2/RSH3+RMT1/RES,"https://www.google.com/maps/@?api=1&map_action=pano&viewpoint=38.70013272,-9.21962594&heading=31.958132300503053&pitch=5&fov=120"
115.0,38.69729691211767,-9.194289948526215,Portugal,Lisbon,MUR,LWAL,CDN,1.0,RES,BP2,Select Epoch of Construction,RSH2,RMT1,,MUR/LWAL/CDN/H:1/BP2/RSH2+RMT1/RES,"https://www.google.com/maps/@?api=1&map_action=pano&viewpoint=38.69729691,-9.19428995&heading=60.09751635276211&pitch=5&fov=120"
116.0,38.69950829999999,-9.226630750000002,Portugal,Oeiras,CR,LWAL,CDM,4.0,RES,BPD,Select Epoch of Construction,RSH2,RMT1,,CR/LWAL/CDM/H:4/BPD/RSH2+RMT1/RES,"https://www.google.com/maps/@?api=1&map_action=pano&viewpoint=38.6995083,-9.22663075&heading=50.542670225568486&pitch=5&fov=120"
117.0,38.69765017735863,-9.20266931326056,Portugal,Lisbon,MCF,LWAL,CDN,2.0,IND,BP2,Select Epoch of Construction,RSH2,RMT1,,MCF/LWAL/CDN/H:2/BP2/RSH2+RMT1/IND,"https://www.google.com/maps/@?api=1&map_action=pano&viewpoint=38.69765018,-9.20266931&heading=333.193394600478&pitch=5&fov=120"
118.0,38.70057744168279,-9.21946673595231,Portugal,Lisbon,MCF,LWAL,CDL,2.0,RES,BP2,Select Epoch of Construction,RSH3,RMT1,,MCF/LWAL/CDL/H:2/BP2/RSH3+RMT1/RES,"https://www.google.com/maps/@?api=1&map_action=pano&viewpoint=38.70057744,-9.21946674&heading=212.12448305589749&pitch=5&fov=120"
119.0,38.70002972057878,-9.206663190944475,Portugal,Lisbon,CR,LFINF,CDL,4.0,MIX(RES;COM),BP2,Select Epoch of Construction,RSH2,RMT1,,CR/LFINF/CDL/H:4/BP2/RSH2+RMT1/MIX(RES;COM),"https://www.google.com/maps/@?api=1&map_action=pano&viewpoint=38.70002972,-9.20666319&heading=326.1109150604317&pitch=5&fov=120"
120.0,38.70339770873596,-9.208746496354609,Portugal,Lisbon,,,,,,,Select Epoch of Construction,,,,H:Select Number of Stories,"https://www.google.com/maps/@?api=1&map_action=pano&viewpoint=38.70339771,-9.2087465&heading=90.60335183871621&pitch=5&fov=120"
121.0,38.70011485538432,-9.221577092943154,Portugal,Lisbon,MUR,LWAL,CDN,1.0,RES,BPD,Select Epoch of Construction,RSH3,RMT1,,MUR/LWAL/CDN/H:1/BPD/RSH3+RMT1/RES,"https://www.google.com/maps/@?api=1&map_action=pano&viewpoint=38.70011486,-9.22157709&heading=32.05482522270859&pitch=5&fov=120"
122.0,38.703540200000006,-9.2055184,Portugal,Lisbon,,,,,,,Select Epoch of Construction,,,,H:Select Number of Stories,"https://www.google.com/maps/@?api=1&map_action=pano&viewpoint=38.7035402,-9.2055184&heading=323.73153850550136&pitch=5&fov=120"
123.0,38.6971454991113,-9.202368747933871,Portugal,Lisbon,CR,LFM,CDL,3.0,MIX(RES;COM),BP2,Select Epoch of Construction,RSH2,RMT1,,CR/LFM/CDL/H:3/BP2/RSH2+RMT1/MIX(RES;COM),"https://www.google.com/maps/@?api=1&map_action=pano&viewpoint=38.6971455,-9.20236875&heading=155.1392284811746&pitch=5&fov=120"
124.0,38.69707876959824,-9.21965991294678,Portugal,Lisbon,CR,LFINF,CDL,2.0,RES,BPD,Select Epoch of Construction,RSH3,RMT1,,CR/LFINF/CDL/H:2/BPD/RSH3+RMT1/RES,"https://www.google.com/maps/@?api=1&map_action=pano&viewpoint=38.69707877,-9.21965991&heading=101.91914368867396&pitch=5&fov=120"
125.0,38.69461595444815,-9.218005635849812,Portugal,Lisbon,MUR,LWAL,CDL,1.0,COM,BP1,Select Epoch of Construction,RSH2,RMT1,,MUR/LWAL/CDL/H:1/BP1/RSH2+RMT1/COM,"https://www.google.com/maps/@?api=1&map_action=pano&viewpoint=38.69461595,-9.21800564&heading=99.80485701527482&pitch=5&fov=120"
126.0,38.69787638016287,-9.203288560195878,Portugal,Lisbon,,,,,,,Select Epoch of Construction,,,,H:Select Number of Stories,"https://www.google.com/maps/@?api=1&map_action=pano&viewpoint=38.69787638,-9.20328856&heading=155.05232964532632&pitch=5&fov=120"
127.0,38.69486315,-9.219909599999998,Portugal,Lisbon,S,LWAL,CDL,1.0,COM,BP1,Select Epoch of Construction,RSH2,RMT6,,S/LWAL/CDL/H:1/BP1/RSH2+RMT6/COM,"https://www.google.com/maps/@?api=1&map_action=pano&viewpoint=38.69486315,-9.2199096&heading=359.8959835411455&pitch=5&fov=120"
128.0,38.69793776736472,-9.193447614925148,Portugal,Lisbon,MUR,LWAL,CDN,1.0,RES,BP1,Select Epoch of Construction,RSH2,RMT1,,MUR/LWAL/CDN/H:1/BP1/RSH2+RMT1/RES,"https://www.google.com/maps/@?api=1&map_action=pano&viewpoint=38.69793777,-9.19344761&heading=54.763860200257454&pitch=5&fov=120"
129.0,38.69612490494149,-9.215504424691003,Portugal,Lisbon,MCF,LWAL,CDL,2.0,RES,BP2,Select Epoch of Construction,RSH2,RMT1,,MCF/LWAL/CDL/H:2/BP2/RSH2+RMT1/RES,"https://www.google.com/maps/@?api=1&map_action=pano&viewpoint=38.6961249,-9.21550442&heading=78.08505324282191&pitch=5&fov=120"
130.0,38.70169823186741,-9.2059375621715,Portugal,Lisbon,CR,LFINF,CDL,3.0,RES,BP1,Select Epoch of Construction,RSH3,RMT1,,CR/LFINF/CDL/H:3/BP1/RSH3+RMT1/RES,"https://www.google.com/maps/@?api=1&map_action=pano&viewpoint=38.70169823,-9.20593756&heading=176.9104061278805&pitch=5&fov=120"
131.0,38.6992324,-9.219485900000002,Portugal,Lisbon,MCF,LWAL,CDL,2.0,RES,BP2,Select Epoch of Construction,RSH2,RMT1,,MCF/LWAL/CDL/H:2/BP2/RSH2+RMT1/RES,"https://www.google.com/maps/@?api=1&map_action=pano&viewpoint=38.6992324,-9.2194859&heading=295.42096387223245&pitch=5&fov=120"
132.0,38.69832469173758,-9.212129766183102,Portugal,Lisbon,CR,LFINF,CDL,2.0,RES,BPD,Select Epoch of Construction,RSH3,RMT1,,CR/LFINF/CDL/H:2/BPD/RSH3+RMT1/RES,"https://www.google.com/maps/@?api=1&map_action=pano&viewpoint=38.69832469,-9.21212977&heading=317.5212420957532&pitch=5&fov=120"
133.0,38.69267026250847,-9.217947236385944,Portugal,Lisbon,,,,,,,Select Epoch of Construction,,,,H:Select Number of Stories,
134.0,38.69607714810894,-9.22239684213516,Portugal,Lisbon,MCF,LWAL,CDL,2.0,RES,BPD,Select Epoch of Construction,RSH3,RMT1,,MCF/LWAL/CDL/H:2/BPD/RSH3+RMT1/RES,"https://www.google.com/maps/@?api=1&map_action=pano&viewpoint=38.69607715,-9.22239684&heading=183.02149830140888&pitch=5&fov=120"
135.0,38.703896453745536,-9.204219820954842,Portugal,Lisbon,MCF,LWAL,CDL,2.0,RES,BP1,Select Epoch of Construction,RSH2,RMT1,,MCF/LWAL/CDL/H:2/BP1/RSH2+RMT1/RES,"https://www.google.com/maps/@?api=1&map_action=pano&viewpoint=38.70389645,-9.20421982&heading=289.28570954180617&pitch=5&fov=120"
136.0,38.69977063302319,-9.217412306227574,Portugal,Lisbon,CR,LFINF,CDL,2.0,RES,BPD,Select Epoch of Construction,RSH3,RMT1,,CR/LFINF/CDL/H:2/BPD/RSH3+RMT1/RES,"https://www.google.com/maps/@?api=1&map_action=pano&viewpoint=38.69977063,-9.21741231&heading=19.26369371792157&pitch=5&fov=120"
137.0,38.70383765207213,-9.20598307826911,Portugal,Lisbon,,,,,,,Select Epoch of Construction,,,,H:Select Number of Stories,"https://www.google.com/maps/@?api=1&map_action=pano&viewpoint=38.70383765,-9.20598308&heading=72.72320808965196&pitch=5&fov=120"
138.0,38.70046365,-9.2251352,Portugal,Lisbon,CR,LFINF,CDL,3.0,MIX(RES;COM),BP1,Select Epoch of Construction,RSH3,RMT1,,CR/LFINF/CDL/H:3/BP1/RSH3+RMT1/MIX(RES;COM),"https://www.google.com/maps/@?api=1&map_action=pano&viewpoint=38.70046365,-9.2251352&heading=299.6331888732816&pitch=5&fov=120"
139.0,38.70231906811581,-9.205495745009172,Portugal,Lisbon,MUR,LWAL,CDL,1.0,RES,BP1,Select Epoch of Construction,RSH2,RMT1,,MUR/LWAL/CDL/H:1/BP1/RSH2+RMT1/RES,"https://www.google.com/maps/@?api=1&map_action=pano&viewpoint=38.70231907,-9.20549575&heading=226.2298034963394&pitch=5&fov=120"
140.0,38.70292276435227,-9.20308105770315,Portugal,Lisbon,CR,LFM,CDL,5.0,MIX(RES;COM),BP1,Select Epoch of Construction,RSH1,RMN,,CR/LFM/CDL/H:5/BP1/RSH1+RMN/MIX(RES;COM),"https://www.google.com/maps/@?api=1&map_action=pano&viewpoint=38.70292276,-9.20308106&heading=167.79861182195424&pitch=5&fov=120"
141.0,38.69920560865662,-9.219583147113765,Portugal,Lisbon,MCF,LWAL,CDL,2.0,RES,BP2,Select Epoch of Construction,RSH2,RMT1,,MCF/LWAL/CDL/H:2/BP2/RSH2+RMT1/RES,"https://www.google.com/maps/@?api=1&map_action=pano&viewpoint=38.69920561,-9.21958315&heading=295.42090307017395&pitch=5&fov=120"
142.0,38.70028606182649,-9.20675945832942,Portugal,Lisbon,CR,LFINF,CDL,5.0,RES,BP2,Select Epoch of Construction,RSH2,RMT1,,CR/LFINF/CDL/H:5/BP2/RSH2+RMT1/RES,"https://www.google.com/maps/@?api=1&map_action=pano&viewpoint=38.70028606,-9.20675946&heading=65.8712111904673&pitch=5&fov=120"
143.0,38.69623889886602,-9.225338416300175,Portugal,Lisbon,CR,LFM,CDM,3.0,COM,BP1,Select Epoch of Construction,RSH1,RMN,,CR/LFM/CDM/H:3/BP1/RSH1+RMN/COM,"https://www.google.com/maps/@?api=1&map_action=pano&viewpoint=38.6962389,-9.22533842&heading=251.56530664751642&pitch=5&fov=120"
144.0,38.70002808572276,-9.204924605410136,Portugal,Lisbon,MUR,LWAL,CDL,1.0,RES,BP2,Select Epoch of Construction,RSH2,RMT1,,MUR/LWAL/CDL/H:1/BP2/RSH2+RMT1/RES,"https://www.google.com/maps/@?api=1&map_action=pano&viewpoint=38.70002809,-9.20492461&heading=122.42198801591945&pitch=5&fov=120"
145.0,38.70202187267182,-9.20282995082467,Portugal,Lisbon,CR,LFINF,CDL,3.0,RES,BP1,Select Epoch of Construction,RSH2,RMT1,,CR/LFINF/CDL/H:3/BP1/RSH2+RMT1/RES,"https://www.google.com/maps/@?api=1&map_action=pano&viewpoint=38.70202187,-9.20282995&heading=188.16094299559296&pitch=5&fov=120"
146.0,38.70087760324397,-9.21762482533302,Portugal,Lisbon,MCF,LWAL,CDL,2.0,COM,BPD,Select Epoch of Construction,RSH3,RMT1,,MCF/LWAL/CDL/H:2/BPD/RSH3+RMT1/COM,"https://www.google.com/maps/@?api=1&map_action=pano&viewpoint=38.7008776,-9.21762483&heading=71.7127274591329&pitch=5&fov=120"
147.0,38.69937080141632,-9.21926481373575,Portugal,Lisbon,MCF,LWAL,CDL,2.0,RES,BP2,Select Epoch of Construction,RSH2,RMT1,,MCF/LWAL/CDL/H:2/BP2/RSH2+RMT1/RES,"https://www.google.com/maps/@?api=1&map_action=pano&viewpoint=38.6993708,-9.21926481&heading=295.42110210584474&pitch=5&fov=120"
148.0,38.69532164145274,-9.218160116680414,Portugal,Lisbon,CR,LFM,CDM,4.0,MIX(RES;COM),BP1,Select Epoch of Construction,RSH3,RMT1,,CR/LFM/CDM/H:4/BP1/RSH3+RMT1/MIX(RES;COM),"https://www.google.com/maps/@?api=1&map_action=pano&viewpoint=38.69532164,-9.21816012&heading=171.3279350364221&pitch=5&fov=120"
149.0,38.698983601257176,-9.194266459755294,Portugal,Lisbon,,,,,,,Select Epoch of Construction,,,,H:Select Number of Stories,
150.0,38.70034026474953,-9.200291566044728,Portugal,Lisbon,,,,,,,Select Epoch of Construction,,,,H:Select Number of Stories,"https://www.google.com/maps/@?api=1&map_action=pano&viewpoint=38.70034026,-9.20029157&heading=47.54045310044904&pitch=5&fov=120"
151.0,38.7004286833478,-9.20083481669892,Portugal,Lisbon,,,,,,,Select Epoch of Construction,,,,H:Select Number of Stories,
152.0,38.696909897012986,-9.217406133940594,Portugal,Lisbon,MCF,LWAL,CDL,2.0,RES,BP2,Select Epoch of Construction,RSH2,RMT1,,MCF/LWAL/CDL/H:2/BP2/RSH2+RMT1/RES,"https://www.google.com/maps/@?api=1&map_action=pano&viewpoint=38.6969099,-9.21740613&heading=90.5223085060178&pitch=5&fov=120"
153.0,38.69998580000001,-9.201973,Portugal,Lisbon,,,,,,,Select Epoch of Construction,,,,H:Select Number of Stories,"https://www.google.com/maps/@?api=1&map_action=pano&viewpoint=38.6999858,-9.201973&heading=150&pitch=5&fov=120"
154.0,38.69713892553541,-9.225235677598162,Portugal,Lisbon,CR,LFM,CDM,4.0,MIX(RES;COM),BPD,Select Epoch of Construction,RSH1,RMN,,CR/LFM/CDM/H:4/BPD/RSH1+RMN/MIX(RES;COM),"https://www.google.com/maps/@?api=1&map_action=pano&viewpoint=38.69713893,-9.22523568&heading=182.97349637722425&pitch=5&fov=120"
155.0,38.70065055,-9.197368400000002,Portugal,Lisbon,,,,,,,Select Epoch of Construction,,,,H:Select Number of Stories,
156.0,38.69939927530365,-9.20454661848558,Portugal,Lisbon,MCF,LWAL,CDL,2.0,RES,BPD,Select Epoch of Construction,RSH3,RMT1,,MCF/LWAL/CDL/H:2/BPD/RSH3+RMT1/RES,"https://www.google.com/maps/@?api=1&map_action=pano&viewpoint=38.69939928,-9.20454662&heading=123.5828201079151&pitch=5&fov=120"
157.0,38.69606485306236,-9.216254916014735,Portugal,Lisbon,CR,LFINF,CDL,2.0,RES,BP1,Select Epoch of Construction,RSH3,RMT1,,CR/LFINF/CDL/H:2/BP1/RSH3+RMT1/RES,"https://www.google.com/maps/@?api=1&map_action=pano&viewpoint=38.69606485,-9.21625492&heading=79.40594049029863&pitch=5&fov=120"
158.0,38.70005328422026,-9.219593059514878,Portugal,Lisbon,,,,,,,Select Epoch of Construction,,,,H:Select Number of Stories,"https://www.google.com/maps/@?api=1&map_action=pano&viewpoint=38.70005328,-9.21959306&heading=31.958152843862536&pitch=5&fov=120"
159.0,38.70151482892247,-9.205721967478045,Portugal,Lisbon,MUR,LWAL,CDL,1,RES,BP1,Select Epoch of Construction,RSH2,RMT1,,MUR/LWAL/CDL/H:1/BP1/RSH2+RMT1/RES,"https://www.google.com/maps/@?api=1&map_action=pano&viewpoint=38.70151483,-9.20572197&heading=332.6949671908136&pitch=5&fov=120"
160.0,38.69601991773751,-9.217063443731243,Portugal,Lisbon,CR,LFINF,CDM,3,RES,BPD,Select Epoch of Construction,RSH1,RMN,,CR/LFINF/CDM/H:3/BPD/RSH1+RMN/RES,"https://www.google.com/maps/@?api=1&map_action=pano&viewpoint=38.69601992,-9.21706344&heading=259.8985469090109&pitch=5&fov=120"
161.0,38.70063239999999,-9.22352125,Portugal,Lisbon,,,,,,,Select Epoch of Construction,,,,H:Select Number of Stories,"https://www.google.com/maps/@?api=1&map_action=pano&viewpoint=38.7006324,-9.22352125&heading=122.85486407661244&pitch=5&fov=120"
162.0,38.70196955,-9.22634245,Portugal,Oeiras,,,,,,,Select Epoch of Construction,,,,H:Select Number of Stories,"https://www.google.com/maps/@?api=1&map_action=pano&viewpoint=38.70196955,-9.22634245&heading=74.97390014451202&pitch=5&fov=120"
163.0,38.70027550549923,-9.219725501612343,Portugal,Lisbon,MCF,LWAL,CDL,2,RES,BP2,Select Epoch of Construction,RSH2,RMT1,,MCF/LWAL/CDL/H:2/BP2/RSH2+RMT1/RES,"https://www.google.com/maps/@?api=1&map_action=pano&viewpoint=38.70027551,-9.2197255&heading=31.95807004060663&pitch=5&fov=120"
164.0,38.69866174650673,-9.196175274353374,Portugal,Lisbon,,,,,,,Select Epoch of Construction,,,,H:Select Number of Stories,
165.0,38.697591604470425,-9.216569839780732,Portugal,Lisbon,MCF,LWAL,CDL,2,RES,BP2,Select Epoch of Construction,RSH2,RMT1,,MCF/LWAL/CDL/H:2/BP2/RSH2+RMT1/RES,"https://www.google.com/maps/@?api=1&map_action=pano&viewpoint=38.6975916,-9.21656984&heading=87.36979390445788&pitch=5&fov=120"
166.0,38.69998381894624,-9.22639585136274,Portugal,Lisbon,CR,LFINF,CDL,4,RES,BP2,Select Epoch of Construction,RSH2,RMT1,,CR/LFINF/CDL/H:4/BP2/RSH2+RMT1/RES,"https://www.google.com/maps/@?api=1&map_action=pano&viewpoint=38.69998382,-9.22639585&heading=348.504615787112&pitch=5&fov=120"
167.0,38.69730477716291,-9.194075153703768,Portugal,Lisbon,MCF,LWAL,CDL,3,RES,BP2,Select Epoch of Construction,RSH1,RMN,,MCF/LWAL/CDL/H:3/BP2/RSH1+RMN/RES,"https://www.google.com/maps/@?api=1&map_action=pano&viewpoint=38.69730478,-9.19407515&heading=143.78976110013878&pitch=5&fov=120"
168.0,38.697676837514486,-9.202598079965895,Portugal,Lisbon,MUR,LWAL,CDL,2,RES,BP2,Select Epoch of Construction,RSH2,RMT1,,MUR/LWAL/CDL/H:2/BP2/RSH2+RMT1/RES,"https://www.google.com/maps/@?api=1&map_action=pano&viewpoint=38.69767684,-9.20259808&heading=154.5264265448704&pitch=5&fov=120"
169.0,38.70431679627527,-9.20248979965724,Portugal,Lisbon,MCF,LWAL,CDL,3,RES,BP1,Select Epoch of Construction,RSH2,RMT1,,MCF/LWAL/CDL/H:3/BP1/RSH2+RMT1/RES,"https://www.google.com/maps/@?api=1&map_action=pano&viewpoint=38.7043168,-9.2024898&heading=148.94914839751124&pitch=5&fov=120"
170.0,38.70260274295053,-9.218073792617638,Portugal,Lisbon,,,,,,,Select Epoch of Construction,,,,H:Select Number of Stories,"https://www.google.com/maps/@?api=1&map_action=pano&viewpoint=38.70260274,-9.21807379&heading=290.4781287390897&pitch=5&fov=120"
171.0,38.69638926928008,-9.22077147482782,Portugal,Lisbon,CR,LFINF,CDL,4,RES,BP2,Select Epoch of Construction,RSH2,RMT1,,CR/LFINF/CDL/H:4/BP2/RSH2+RMT1/RES,"https://www.google.com/maps/@?api=1&map_action=pano&viewpoint=38.69638927,-9.22077147&heading=175.38859578187123&pitch=5&fov=120"
172.0,38.697926991725474,-9.203005748716825,Portugal,Lisbon,MCF,LWAL,CDL,2,RES,BP1,Select Epoch of Construction,RSH2,RMT1,,MCF/LWAL/CDL/H:2/BP1/RSH2+RMT1/RES,"https://www.google.com/maps/@?api=1&map_action=pano&viewpoint=38.69792699,-9.20300575&heading=155.81352191513554&pitch=5&fov=120"
173.0,38.700544718739735,-9.212267281486952,Portugal,Lisbon,,,,,,,Select Epoch of Construction,,,,H:Select Number of Stories,"https://www.google.com/maps/@?api=1&map_action=pano&viewpoint=38.70054472,-9.21226728&heading=130.22465068838164&pitch=5&fov=120"
174.0,38.6977824,-9.22412215,Portugal,Lisbon,MUR,LWAL,CDN,2,RES,BP1,Select Epoch of Construction,RSH2,RMT1,,MUR/LWAL/CDN/H:2/BP1/RSH2+RMT1/RES,"https://www.google.com/maps/@?api=1&map_action=pano&viewpoint=38.6977824,-9.22412215&heading=171.97792682617688&pitch=5&fov=120"
175.0,38.69913137548217,-9.220325528970903,Portugal,Lisbon,MCF,LWAL,CDL,2,RES,BP2,Select Epoch of Construction,RSH2,RMT1,,MCF/LWAL/CDL/H:2/BP2/RSH2+RMT1/RES,"https://www.google.com/maps/@?api=1&map_action=pano&viewpoint=38.69913138,-9.22032553&heading=296.5261410278083&pitch=5&fov=120"
176.0,38.6963267,-9.21199085,Portugal,Lisbon,CR,LFINF,CDM,6.0-7.0,RES,BPD,Select Epoch of Construction,RSH1,RMN,,CR/LFINF/CDM/H:6-7/BPD/RSH1+RMN/RES,"https://www.google.com/maps/@?api=1&map_action=pano&viewpoint=38.6963267,-9.21199085&heading=36.55000369738218&pitch=5&fov=120"
177.0,38.70347930073081,-9.220655568906292,Portugal,Lisbon,CR,LFM,CDH,1,COM,BPD,Select Epoch of Construction,RSH1,RMN,,CR/LFM/CDH/H:1/BPD/RSH1+RMN/COM,"https://www.google.com/maps/@?api=1&map_action=pano&viewpoint=38.7034793,-9.22065557&heading=204.65718248747402&pitch=5&fov=120"
178.0,38.70056317520336,-9.20346063819927,Portugal,Lisbon,MUR,LWAL,CDN,1,RES,BPD,Select Epoch of Construction,RSH2,RMT1,,MUR/LWAL/CDN/H:1/BPD/RSH2+RMT1/RES,"https://www.google.com/maps/@?api=1&map_action=pano&viewpoint=38.70056318,-9.20346064&heading=81.4699628701805&pitch=5&fov=120"
179.0,38.70453758348985,-9.202903205839569,Portugal,Lisbon,CR,LFM,CDL,3,MIX(RES;COM),BP1,Select Epoch of Construction,RSH3,RMT1,,CR/LFM/CDL/H:3/BP1/RSH3+RMT1/MIX(RES;COM),"https://www.google.com/maps/@?api=1&map_action=pano&viewpoint=38.70453758,-9.20290321&heading=135.43398444900976&pitch=5&fov=120"
180.0,38.696999369598245,-9.219187112946774,Portugal,Lisbon,MCF,LWAL,CDL,2,RES,BP2,Select Epoch of Construction,RSH2,RMT1,,MCF/LWAL/CDL/H:2/BP2/RSH2+RMT1/RES,"https://www.google.com/maps/@?api=1&map_action=pano&viewpoint=38.69699937,-9.21918711&heading=100.09104385428128&pitch=5&fov=120"
181.0,38.69769397918752,-9.202010980359832,Portugal,Lisbon,MCF,LWAL,CDL,2,RES,BP2,Select Epoch of Construction,RSH2,RMT1,,MCF/LWAL/CDL/H:2/BP2/RSH2+RMT1/RES,"https://www.google.com/maps/@?api=1&map_action=pano&viewpoint=38.69769398,-9.20201098&heading=222.10737676625922&pitch=5&fov=120"
182.0,38.6996748048365,-9.219273722378272,Portugal,Lisbon,,,,,,,Select Epoch of Construction,,,,H:Select Number of Stories,"https://www.google.com/maps/@?api=1&map_action=pano&viewpoint=38.6996748,-9.21927372&heading=122.47887598061317&pitch=5&fov=120"
183.0,38.69744107638463,-9.192978689262096,Portugal,Lisbon,CR,LFINF,CDL,3,MIX(RES;COM),BP2,Select Epoch of Construction,RSH2,RMT1,,CR/LFINF/CDL/H:3/BP2/RSH2+RMT1/MIX(RES;COM),"https://www.google.com/maps/@?api=1&map_action=pano&viewpoint=38.69744108,-9.19297869&heading=50.217414196675236&pitch=5&fov=120"
184.0,38.6969666425596,-9.202376730593254,Portugal,Lisbon,MCF,LWAL,CDL,3,MIX(RES;COM),BP1,Select Epoch of Construction,RSH2,RMT1,,MCF/LWAL/CDL/H:3/BP1/RSH2+RMT1/MIX(RES;COM),"https://www.google.com/maps/@?api=1&map_action=pano&viewpoint=38.69696664,-9.20237673&heading=155.13922349252175&pitch=5&fov=120"
185.0,38.70203709005129,-9.20382233576074,Portugal,Lisbon,CR,LFM,CDL,4,RES,BP2,Select Epoch of Construction,RSH3,RMT1,,CR/LFM/CDL/H:4/BP2/RSH3+RMT1/RES,"https://www.google.com/maps/@?api=1&map_action=pano&viewpoint=38.70203709,-9.20382234&heading=220.99369747715707&pitch=5&fov=120"
186.0,38.6997801479572,-9.221329868182416,Portugal,Lisbon,,,,,,,Select Epoch of Construction,,,,H:Select Number of Stories,"https://www.google.com/maps/@?api=1&map_action=pano&viewpoint=38.69978015,-9.22132987&heading=212.07244420966322&pitch=5&fov=120"
187.0,38.702057587497166,-9.202938588412463,Portugal,Lisbon,MCF,LWAL,CDL,3,MIX(RES;COM),BP2,Select Epoch of Construction,RSH3,RMT1,,MCF/LWAL/CDL/H:3/BP2/RSH3+RMT1/MIX(RES;COM),"https://www.google.com/maps/@?api=1&map_action=pano&viewpoint=38.70205759,-9.20293859&heading=184.5639060659371&pitch=5&fov=120"
188.0,38.69974229727283,-9.217103383591484,Portugal,Lisbon,,,,,,,Select Epoch of Construction,,,,H:Select Number of Stories,"https://www.google.com/maps/@?api=1&map_action=pano&viewpoint=38.6997423,-9.21710338&heading=283.56587138646273&pitch=5&fov=120"
189.0,38.69872398978363,-9.219267200385618,Portugal,Lisbon,MCF,LWAL,CDL,2,RES,BP2,Select Epoch of Construction,RSH2,RMT1,,MCF/LWAL/CDL/H:2/BP2/RSH2+RMT1/RES,"https://www.google.com/maps/@?api=1&map_action=pano&viewpoint=38.69872399,-9.2192672&heading=290.8050189226477&pitch=5&fov=120"
190.0,38.69767054160877,-9.193497501177983,Portugal,Lisbon,CR,LFM,CDL,3,RES,BP2,Select Epoch of Construction,RSH2,RMT1,,CR/LFM/CDL/H:3/BP2/RSH2+RMT1/RES,"https://www.google.com/maps/@?api=1&map_action=pano&viewpoint=38.69767054,-9.1934975&heading=316.5580074173064&pitch=5&fov=120"
191.0,38.70030071258019,-9.208715623633196,Portugal,Lisbon,,,,,,,Select Epoch of Construction,,,,H:Select Number of Stories,"https://www.google.com/maps/@?api=1&map_action=pano&viewpoint=38.70030071,-9.20871562&heading=220.70715479814675&pitch=5&fov=120"
192.0,38.7042659442318,-9.20296832638516,Portugal,Lisbon,MCF,LWAL,CDL,3,RES,BP2,Select Epoch of Construction,RSH2,RMT1,,MCF/LWAL/CDL/H:3/BP2/RSH2+RMT1/RES,"https://www.google.com/maps/@?api=1&map_action=pano&viewpoint=38.70426594,-9.20296833&heading=67.74436148694895&pitch=5&fov=120"
193.0,38.69913440691064,-9.200048274639178,Portugal,Lisbon,,,,,,,Select Epoch of Construction,,,,H:Select Number of Stories,"https://www.google.com/maps/@?api=1&map_action=pano&viewpoint=38.69913441,-9.20004827&heading=140.5689174803719&pitch=5&fov=120"
194.0,38.69900182476809,-9.214848118414016,Portugal,Lisbon,CR,LFM,CDL,2,RES,BPD,Select Epoch of Construction,RSH3,RMT1,,CR/LFM/CDL/H:2/BPD/RSH3+RMT1/RES,"https://www.google.com/maps/@?api=1&map_action=pano&viewpoint=38.69900182,-9.21484812&heading=63.1921017172333&pitch=5&fov=120"
195.0,38.6975873312784,-9.196876530428185,Portugal,Lisbon,MCF,LWAL,CDN,3,RES,BP2,Select Epoch of Construction,RSH2,RMT1,,MCF/LWAL/CDN/H:3/BP2/RSH2+RMT1/RES,"https://www.google.com/maps/@?api=1&map_action=pano&viewpoint=38.69758733,-9.19687653&heading=329.25954294919006&pitch=5&fov=120"
196.0,38.69448458144555,-9.218380527460925,Portugal,Lisbon,MUR,LWAL,CDN,1,COM,BP1,Select Epoch of Construction,RSH1,RMN,,MUR/LWAL/CDN/H:1/BP1/RSH1+RMN/COM,"https://www.google.com/maps/@?api=1&map_action=pano&viewpoint=38.69448458,-9.21838053&heading=187.70767624575274&pitch=5&fov=120"
197.0,38.69518661243683,-9.215946476272045,Portugal,Lisbon,CR,LFM,CDL,3,RES,BPD,Select Epoch of Construction,RSH3,RMT1,,CR/LFM/CDL/H:3/BPD/RSH3+RMT1/RES,"https://www.google.com/maps/@?api=1&map_action=pano&viewpoint=38.69518661,-9.21594648&heading=333.0130406797784&pitch=5&fov=120"
198.0,38.69362709883456,-9.208459691599629,Portugal,Lisbon,CR,LFM,CDH,1,COM,BPD,Select Epoch of Construction,RSH3,RMT1,,CR/LFM/CDH/H:1/BPD/RSH3+RMT1/COM,"https://www.google.com/maps/@?api=1&map_action=pano&viewpoint=38.6936271,-9.20845969&heading=226.96224780024158&pitch=5&fov=120"
199.0,38.69847884166792,-9.199725933247205,Portugal,Lisbon,,,,,,,Select Epoch of Construction,,,,H:Select Number of Stories,"https://www.google.com/maps/@?api=1&map_action=pano&viewpoint=38.69847884,-9.19972593&heading=231.05277474218929&pitch=5&fov=120"
200.0,38.6973994052417,-9.22287438348621,Portugal,Lisbon,MCF,LWAL,CDN,2,RES,BP2,Select Epoch of Construction,RSH1,RMN,,MCF/LWAL/CDN/H:2/BP2/RSH1+RMN/RES,"https://www.google.com/maps/@?api=1&map_action=pano&viewpoint=38.69739941,-9.22287438&heading=184.35978663098854&pitch=5&fov=120"
201.0,38.69877265456011,-9.219165989115782,Portugal,Lisbon,MCF,LWAL,CDN,2,RES,BP2,Select Epoch of Construction,RSH2,RMT1,,MCF/LWAL/CDN/H:2/BP2/RSH2+RMT1/RES,"https://www.google.com/maps/@?api=1&map_action=pano&viewpoint=38.69877265,-9.21916599&heading=290.8050822053409&pitch=5&fov=120"
202.0,38.700485129760025,-9.219875564606603,Portugal,Lisbon,MCF,LWAL,CDM,2,RES,BP2,Select Epoch of Construction,RSH3,RMT1,,MCF/LWAL/CDM/H:2/BP2/RSH3+RMT1/RES,"https://www.google.com/maps/@?api=1&map_action=pano&viewpoint=38.70048513,-9.21987556&heading=32.36185963584438&pitch=5&fov=120"
203.0,38.69611136856204,-9.221608836642972,Portugal,Lisbon,CR,LFM,CDM,2,RES,BPD,Select Epoch of Construction,RSH3,RMT1,,CR/LFM/CDM/H:2/BPD/RSH3+RMT1/RES,"https://www.google.com/maps/@?api=1&map_action=pano&viewpoint=38.69611137,-9.22160884&heading=3.675604586925772&pitch=5&fov=120"
204.0,38.694043116769016,-9.21832279992097,Portugal,Lisbon,CR,LFM,CDH,4,RES,BPD,Select Epoch of Construction,RSH1,RMN,,CR/LFM/CDH/H:4/BPD/RSH1+RMN/RES,"https://www.google.com/maps/@?api=1&map_action=pano&viewpoint=38.69404312,-9.2183228&heading=182.4367249222433&pitch=5&fov=120"
205.0,38.69764123425703,-9.195671477049313,Portugal,Lisbon,MCF,LWAL,CDN,3,RES,BP2,Select Epoch of Construction,RSH2,RMT1,,MCF/LWAL/CDN/H:3/BP2/RSH2+RMT1/RES,"https://www.google.com/maps/@?api=1&map_action=pano&viewpoint=38.69764123,-9.19567148&heading=324.872924664322&pitch=5&fov=120"
206.0,38.69913018282726,-9.217761791368126,Portugal,Lisbon,MCF,LWAL,CDN,2,RES,BP2,Select Epoch of Construction,RSH2,RMT1,,MCF/LWAL/CDN/H:2/BP2/RSH2+RMT1/RES,"https://www.google.com/maps/@?api=1&map_action=pano&viewpoint=38.69913018,-9.21776179&heading=283.8418910056026&pitch=5&fov=120"
207.0,38.70013389748637,-9.21278137119586,Portugal,Lisbon,,,,,,,Select Epoch of Construction,,,,H:Select Number of Stories,"https://www.google.com/maps/@?api=1&map_action=pano&viewpoint=38.7001339,-9.21278137&heading=317.2047877187017&pitch=5&fov=120"
208.0,38.69704466767885,-9.22463694423058,Portugal,Lisbon,CR,LFM,CDM,2,RES,BPD,Select Epoch of Construction,RSH3,RMT1,,CR/LFM/CDM/H:2/BPD/RSH3+RMT1/RES,"https://www.google.com/maps/@?api=1&map_action=pano&viewpoint=38.69704467,-9.22463694&heading=3.9226464223108337&pitch=5&fov=120"
209.0,38.6996551,-9.20085685,Portugal,Lisbon,,,,,,,Select Epoch of Construction,,,,H:Select Number of Stories,
210.0,38.6986251,-9.213730200000002,Portugal,Lisbon,CR,LFINF,CDL,3,RES,BPD,Select Epoch of Construction,RSH3,RMT1,,CR/LFINF/CDL/H:3/BPD/RSH3+RMT1/RES,"https://www.google.com/maps/@?api=1&map_action=pano&viewpoint=38.6986251,-9.2137302&heading=250.24631957582085&pitch=5&fov=120"
211.0,38.696369804594895,-9.223003384678035,Portugal,Lisbon,CR,LFINF,CDH,2,RES,BPD,Select Epoch of Construction,RSH1,RMN,,CR/LFINF/CDH/H:2/BPD/RSH1+RMN/RES,"https://www.google.com/maps/@?api=1&map_action=pano&viewpoint=38.6963698,-9.22300338&heading=181.77770957660937&pitch=5&fov=120"
212.0,38.7018862,-9.203443050000002,Portugal,Lisbon,CR,LFM,CDM,4,RES,BP2,Select Epoch of Construction,RSH2,RMT1,,CR/LFM/CDM/H:4/BP2/RSH2+RMT1/RES,"https://www.google.com/maps/@?api=1&map_action=pano&viewpoint=38.7018862,-9.20344305&heading=41.828351742761015&pitch=5&fov=120"
213.0,38.700873,-9.220299499999998,Portugal,Lisbon,MCF,LWAL,CDL,2,RES,BP1,Select Epoch of Construction,RSH2,RMT1,,MCF/LWAL/CDL/H:2/BP1/RSH2+RMT1/RES,"https://www.google.com/maps/@?api=1&map_action=pano&viewpoint=38.700873,-9.2202995&heading=302.3701442678971&pitch=5&fov=120"
214.0,38.69483292861002,-9.223271410903632,Portugal,Lisbon,CR,LFM,CDH,1,COM,BPD,Select Epoch of Construction,RSH1,RMN,,CR/LFM/CDH/H:1/BPD/RSH1+RMN/COM,"https://www.google.com/maps/@?api=1&map_action=pano&viewpoint=38.69483293,-9.22327141&heading=186.25494560331884&pitch=5&fov=120"
215.0,38.70372699258422,-9.22209220348868,Portugal,Lisbon,,,,,,,Select Epoch of Construction,,,,H:Select Number of Stories,
216.0,38.70078703973756,-9.2108937789295,Portugal,Lisbon,CR,LFM,CDH,2,RES,BPD,Select Epoch of Construction,RSH1,RMN,,CR/LFM/CDH/H:2/BPD/RSH1+RMN/RES,"https://www.google.com/maps/@?api=1&map_action=pano&viewpoint=38.70078704,-9.21089378&heading=144.18694929150234&pitch=5&fov=120"
217.0,38.70055784311785,-9.223716033303358,Portugal,Lisbon,,,,,,,Select Epoch of Construction,,,,H:Select Number of Stories,"https://www.google.com/maps/@?api=1&map_action=pano&viewpoint=38.70055784,-9.22371603&heading=122.8547422884103&pitch=5&fov=120"
218.0,38.7006231,-9.21639725,Portugal,Lisbon,,,,,,,Select Epoch of Construction,,,,H:Select Number of Stories,"https://www.google.com/maps/@?api=1&map_action=pano&viewpoint=38.7006231,-9.21639725&heading=272.3790702650863&pitch=5&fov=120"
219.0,38.696813595046976,-9.201945125845118,Portugal,Lisbon,MCF,LWAL,CDL,3,MIX(RES;COM),BP1,Select Epoch of Construction,RSH3,RMT1,,MCF/LWAL/CDL/H:3/BP1/RSH3+RMT1/MIX(RES;COM),"https://www.google.com/maps/@?api=1&map_action=pano&viewpoint=38.6968136,-9.20194513&heading=219.84100600864855&pitch=5&fov=120"
220.0,38.697306409371926,-9.19447765786266,Portugal,Lisbon,MCF,LWAL,CDL,4,RES,BP2,Select Epoch of Construction,RSH3,RMT1,,MCF/LWAL/CDL/H:4/BP2/RSH3+RMT1/RES,"https://www.google.com/maps/@?api=1&map_action=pano&viewpoint=38.69730641,-9.19447766&heading=153.21901852020443&pitch=5&fov=120"
221.0,38.6972303858882,-9.197087624068557,Portugal,Lisbon,CR,LFM,CDH,2,COM,BPD,Select Epoch of Construction,RSH1,RMN,,CR/LFM/CDH/H:2/BPD/RSH1+RMN/COM,"https://www.google.com/maps/@?api=1&map_action=pano&viewpoint=38.69723039,-9.19708762&heading=149.25941097315928&pitch=5&fov=120"
222.0,38.6971499953894,-9.218546486503389,Portugal,Lisbon,MCF,LWAL,CDL,2,RES,BP2,Select Epoch of Construction,RSH2,RMT1,,MCF/LWAL/CDL/H:2/BP2/RSH2+RMT1/RES,"https://www.google.com/maps/@?api=1&map_action=pano&viewpoint=38.69715,-9.21854649&heading=97.95726921007713&pitch=5&fov=120"
223.0,38.703373283680975,-9.217386321593503,Portugal,Lisbon,,,,,,,Select Epoch of Construction,,,,H:Select Number of Stories,"https://www.google.com/maps/@?api=1&map_action=pano&viewpoint=38.70337328,-9.21738632&heading=259.7832528700389&pitch=5&fov=120"
224.0,38.694300884744166,-9.206500638615427,Portugal,Lisbon,S,LFM,CDH,1,COM,BPD,Select Epoch of Construction,RSH1,RMT6,,S/LFM/CDH/H:1/BPD/RSH1+RMT6/COM,"https://www.google.com/maps/@?api=1&map_action=pano&viewpoint=38.69430088,-9.20650064&heading=136.9460530742448&pitch=5&fov=120"
225.0,38.69825417439068,-9.217847423055243,Portugal,Lisbon,MCF,LWAL,CDN,2,RES,BP2,Select Epoch of Construction,RSH2,RMT1,,MCF/LWAL/CDN/H:2/BP2/RSH2+RMT1/RES,"https://www.google.com/maps/@?api=1&map_action=pano&viewpoint=38.69825417,-9.21784742&heading=100.14875112501335&pitch=5&fov=120"
226.0,38.69520912953109,-9.213517487627676,Portugal,Lisbon,CR,LFINF,CDL,4,RES,BP2,Select Epoch of Construction,RSH2,RMT1,,CR/LFINF/CDL/H:4/BP2/RSH2+RMT1/RES,"https://www.google.com/maps/@?api=1&map_action=pano&viewpoint=38.69520913,-9.21351749&heading=326.04924767475575&pitch=5&fov=120"
227.0,38.69724360500349,-9.19671941096666,Portugal,Lisbon,MCF,LWAL,CDL,3,RES,BP2,Select Epoch of Construction,RSH2,RMT1,,MCF/LWAL/CDL/H:3/BP2/RSH2+RMT1/RES,"https://www.google.com/maps/@?api=1&map_action=pano&viewpoint=38.69724361,-9.19671941&heading=62.00646641776291&pitch=5&fov=120"
228.0,38.69693659173627,-9.223149329645963,Portugal,Lisbon,,,,,,,Select Epoch of Construction,,,,H:Select Number of Stories,"https://www.google.com/maps/@?api=1&map_action=pano&viewpoint=38.69693659,-9.22314933&heading=1.7776183335689666&pitch=5&fov=120"
229.0,38.70316915735257,-9.203420020559888,Portugal,Lisbon,CR,LFINF,CDL,4,RES,BP1,Select Epoch of Construction,RSH3,RMT1,,CR/LFINF/CDL/H:4/BP1/RSH3+RMT1/RES,"https://www.google.com/maps/@?api=1&map_action=pano&viewpoint=38.70316916,-9.20342002&heading=301.51242442093417&pitch=5&fov=120"
230.0,38.69806844706161,-9.198472155466074,Portugal,Lisbon,MCF,LWAL,CDN,2,RES,BP2,Select Epoch of Construction,RSH2,RMT1,,MCF/LWAL/CDN/H:2/BP2/RSH2+RMT1/RES,"https://www.google.com/maps/@?api=1&map_action=pano&viewpoint=38.69806845,-9.19847216&heading=194.53780183025634&pitch=5&fov=120"
231.0,38.699034745165584,-9.199351671903946,Portugal,Lisbon,,,,,,,Select Epoch of Construction,,,,H:Select Number of Stories,"https://www.google.com/maps/@?api=1&map_action=pano&viewpoint=38.69903475,-9.19935167&heading=50.76946170195373&pitch=5&fov=120"
232.0,38.70354858364025,-9.203553995078272,Portugal,Lisbon,CR,LFINF,CDL,4,RES,BP2,Select Epoch of Construction,RSH2,RMT1,,CR/LFINF/CDL/H:4/BP2/RSH2+RMT1/RES,"https://www.google.com/maps/@?api=1&map_action=pano&viewpoint=38.70354858,-9.203554&heading=168.77411354540573&pitch=5&fov=120"
233.0,38.70068276749674,-9.221265391011803,Portugal,Lisbon,,,,,,,Select Epoch of Construction,,,,H:Select Number of Stories,"https://www.google.com/maps/@?api=1&map_action=pano&viewpoint=38.70068277,-9.22126539&heading=121.71036517323432&pitch=5&fov=120"
234.0,38.69756187116416,-9.194053091031856,Portugal,Lisbon,MCF,LWAL,CDN,3,RES,BP2,Select Epoch of Construction,RSH2,RMT1,,MCF/LWAL/CDN/H:3/BP2/RSH2+RMT1/RES,"https://www.google.com/maps/@?api=1&map_action=pano&viewpoint=38.69756187,-9.19405309&heading=323.78977489191254&pitch=5&fov=120"
235.0,38.69581954776914,-9.19521270452788,Portugal,Lisbon,CR,LFINF,CDL,3,COM,BPD,Select Epoch of Construction,RSH1,RMN,,CR/LFINF/CDL/H:3/BPD/RSH1+RMN/COM,"https://www.google.com/maps/@?api=1&map_action=pano&viewpoint=38.69581955,-9.1952127&heading=142.8474605884026&pitch=5&fov=120"
236.0,38.69480927777261,-9.213591842594838,Portugal,Lisbon,MUR,LWAL,CDL,2,RES,BP2,Select Epoch of Construction,RSH2,RMT1,,MUR/LWAL/CDL/H:2/BP2/RSH2+RMT1/RES,"https://www.google.com/maps/@?api=1&map_action=pano&viewpoint=38.69480928,-9.21359184&heading=329.0984751499976&pitch=5&fov=120"
237.0,38.69532205791639,-9.22002474353536,Portugal,Lisbon,MCF,LWAL,CDL,2,RES,BPD,Select Epoch of Construction,RSH3,RMT1,,MCF/LWAL/CDL/H:2/BPD/RSH3+RMT1/RES,"https://www.google.com/maps/@?api=1&map_action=pano&viewpoint=38.69532206,-9.22002474&heading=1.703448565483484&pitch=5&fov=120"
238.0,38.69524177965479,-9.213098729668756,Portugal,Lisbon,CR,LFINF,CDN,4,RES,BP2,Select Epoch of Construction,RSH2,RMT1,,CR/LFINF/CDN/H:4/BP2/RSH2+RMT1/RES,"https://www.google.com/maps/@?api=1&map_action=pano&viewpoint=38.69524178,-9.21309873&heading=323.7721827575091&pitch=5&fov=120"
239.0,38.70155578511301,-9.20480638667663,Portugal,Lisbon,MCF,LWAL,CDL,2,RES,BP1,Select Epoch of Construction,RSH2,RMT1,,MCF/LWAL/CDL/H:2/BP1/RSH2+RMT1/RES,"https://www.google.com/maps/@?api=1&map_action=pano&viewpoint=38.70155579,-9.20480639&heading=354.1154451939734&pitch=5&fov=120"
240.0,38.69769710145336,-9.216808799446085,Portugal,Lisbon,MUR,LWAL,CDN,2,RES,BP1,Select Epoch of Construction,RSH2,RMT1,,MUR/LWAL/CDN/H:2/BP1/RSH2+RMT1/RES,"https://www.google.com/maps/@?api=1&map_action=pano&viewpoint=38.6976971,-9.2168088&heading=90.32640838710012&pitch=5&fov=120"
241.0,38.69784353506201,-9.20231414798254,Portugal,Lisbon,,,,,,,Select Epoch of Construction,,,,H:Select Number of Stories,"https://www.google.com/maps/@?api=1&map_action=pano&viewpoint=38.69784354,-9.20231415&heading=154.52660406100392&pitch=5&fov=120"
242.0,38.694516858504905,-9.217882266620787,Portugal,Lisbon,MCF,LWAL,CDN,1,RES,BPD,Select Epoch of Construction,RSH2,RMT1,,MCF/LWAL/CDN/H:1/BPD/RSH2+RMT1/RES,"https://www.google.com/maps/@?api=1&map_action=pano&viewpoint=38.69451686,-9.21788227&heading=341.5251387785687&pitch=5&fov=120"
243.0,38.70085419422907,-9.21582219442845,Portugal,Lisbon,CR,LFM,CDM,2,GOV,BPD,Select Epoch of Construction,RSH3,RMT1,,CR/LFM/CDM/H:2/BPD/RSH3+RMT1/GOV,"https://www.google.com/maps/@?api=1&map_action=pano&viewpoint=38.70085419,-9.21582219&heading=20.785015966650917&pitch=5&fov=120"
244.0,38.69773969056107,-9.202039575344765,Portugal,Lisbon,MCF,LWAL,CDL,3,RES,BP2,Select Epoch of Construction,RSH2,RMT1,,MCF/LWAL/CDL/H:3/BP2/RSH2+RMT1/RES,"https://www.google.com/maps/@?api=1&map_action=pano&viewpoint=38.69773969,-9.20203958&heading=222.107358882943&pitch=5&fov=120"
245.0,38.69775819412166,-9.203443770476214,Portugal,Lisbon,MCF,LWAL,CDN,2,RES,BP1,Select Epoch of Construction,RSH2,RMT1,,MCF/LWAL/CDN/H:2/BP1/RSH2+RMT1/RES,"https://www.google.com/maps/@?api=1&map_action=pano&viewpoint=38.69775819,-9.20344377&heading=55.658089994454144&pitch=5&fov=120"
246.0,38.69632897283304,-9.2205713394497,Portugal,Lisbon,CR,LFINF,CDL,4,MIX(RES;COM),BP2,Select Epoch of Construction,RSH2,RMT1,,CR/LFINF/CDL/H:4/BP2/RSH2+RMT1/MIX(RES;COM),"https://www.google.com/maps/@?api=1&map_action=pano&viewpoint=38.69632897,-9.22057134&heading=173.7578384438636&pitch=5&fov=120"
247.0,38.697592399999984,-9.214923899999995,Portugal,Lisbon,MCF,LWAL,CDL,2,RES,BPD,Select Epoch of Construction,RSH3,RMT1,,MCF/LWAL/CDL/H:2/BPD/RSH3+RMT1/RES,"https://www.google.com/maps/@?api=1&map_action=pano&viewpoint=38.6975924,-9.2149239&heading=81.52028551663426&pitch=5&fov=120"
248.0,38.70328474534767,-9.216477459714794,Portugal,Lisbon,CR,LFM,CDM,2,RES,BPD,Select Epoch of Construction,RSH1,RMN,,CR/LFM/CDM/H:2/BPD/RSH1+RMN/RES,"https://www.google.com/maps/@?api=1&map_action=pano&viewpoint=38.70328475,-9.21647746&heading=182.44087214934234&pitch=5&fov=120"
249.0,38.70405989999999,-9.2051505,Portugal,Lisbon,CR,LDUAL,CDM,6.0-7.0,GOV,BPD,Select Epoch of Construction,RSH1,RMN,,CR/LDUAL/CDM/H:6-7/BPD/RSH1+RMN/GOV,"https://www.google.com/maps/@?api=1&map_action=pano&viewpoint=38.7040599,-9.2051505&heading=197.51076800618773&pitch=5&fov=120"
250.0,38.69717405592657,-9.202783539148667,Portugal,Lisbon,MCF,LWAL,CDN,3,RES,BP2,Select Epoch of Construction,RSH2,RMT1,,MCF/LWAL/CDN/H:3/BP2/RSH2+RMT1/RES,"https://www.google.com/maps/@?api=1&map_action=pano&viewpoint=38.69717406,-9.20278354&heading=154.87496653775958&pitch=5&fov=120"
251.0,38.69991585688401,-9.204112499804484,Portugal,Lisbon,MUR,LWAL,CDL,2,RES,BP1,Select Epoch of Construction,RSH3,RMT1,,MUR/LWAL/CDL/H:2/BP1/RSH3+RMT1/RES,"https://www.google.com/maps/@?api=1&map_action=pano&viewpoint=38.69991586,-9.2041125&heading=240.8296981674004&pitch=5&fov=120"
252.0,38.69293742966431,-9.209907027449216,Portugal,Lisbon,S,LFM,CDH,1,COM,BPD,Select Epoch of Construction,RSH1,RMT6,,S/LFM/CDH/H:1/BPD/RSH1+RMT6/COM,"https://www.google.com/maps/@?api=1&map_action=pano&viewpoint=38.69293743,-9.20990703&heading=134.93922886875623&pitch=5&fov=120"
253.0,38.70001602906928,-9.224922670562467,Portugal,Lisbon,MCF,LWAL,CDL,3,RES,BP2,Select Epoch of Construction,RSH2,RMT1,,MCF/LWAL/CDL/H:3/BP2/RSH2+RMT1/RES,"https://www.google.com/maps/@?api=1&map_action=pano&viewpoint=38.70001603,-9.22492267&heading=19.2965941636366&pitch=5&fov=120"
254.0,38.6979822178774,-9.192097545607446,Portugal,Lisbon,MCF,LWAL,CDL,1,EDU,BP2,Select Epoch of Construction,RSH3,RMT1,,MCF/LWAL/CDL/H:1/BP2/RSH3+RMT1/EDU,"https://www.google.com/maps/@?api=1&map_action=pano&viewpoint=38.69798222,-9.19209755&heading=316.42073178362284&pitch=5&fov=120"
255.0,38.7004591,-9.21256575,Portugal,Lisbon,MCF,LWAL,CDM,1,GOV,BPD,Select Epoch of Construction,RSH3,RMT1,,MCF/LWAL/CDM/H:1/BPD/RSH3+RMT1/GOV,"https://www.google.com/maps/@?api=1&map_action=pano&viewpoint=38.7004591,-9.21256575&heading=132.56475835797085&pitch=5&fov=120"
256.0,38.69893361666658,-9.22076918113075,Portugal,Lisbon,MCF,LWAL,CDL,3,RES,BP2,Select Epoch of Construction,RSH2,RMT1,,MCF/LWAL/CDL/H:3/BP2/RSH2+RMT1/RES,"https://www.google.com/maps/@?api=1&map_action=pano&viewpoint=38.69893362,-9.22076918&heading=297.6660919181282&pitch=5&fov=120"
257.0,38.69818601454852,-9.21789698333313,Portugal,Lisbon,MCF,LWAL,CDL,2,RES,BP2,Select Epoch of Construction,RSH2,RMT1,,MCF/LWAL/CDL/H:2/BP2/RSH2+RMT1/RES,"https://www.google.com/maps/@?api=1&map_action=pano&viewpoint=38.69818601,-9.21789698&heading=100.1487201386646&pitch=5&fov=120"
258.0,38.7010897058,-9.216046899101988,Portugal,Lisbon,,,,,,,Select Epoch of Construction,,,,H:Select Number of Stories,"https://www.google.com/maps/@?api=1&map_action=pano&viewpoint=38.70108971,-9.2160469&heading=26.181739275697964&pitch=5&fov=120"
259.0,38.69532450331973,-9.214397603355415,Portugal,Lisbon,CR,LFINF,CDL,4,MIX(RES;COM),BP2,Select Epoch of Construction,RSH2,RMT1,,CR/LFINF/CDL/H:4/BP2/RSH2+RMT1/MIX(RES;COM),"https://www.google.com/maps/@?api=1&map_action=pano&viewpoint=38.6953245,-9.2143976&heading=230.75111926043553&pitch=5&fov=120"
260.0,38.697516606713016,-9.20315320708357,Portugal,Lisbon,CR,LFM,CDL,4,MIX(RES;COM),BP2,Select Epoch of Construction,RSH2,RMT1,,CR/LFM/CDL/H:4/BP2/RSH2+RMT1/MIX(RES;COM),"https://www.google.com/maps/@?api=1&map_action=pano&viewpoint=38.69751661,-9.20315321&heading=334.1676595852583&pitch=5&fov=120"
261.0,38.69471761230689,-9.21198746060335,Portugal,Lisbon,CR,LFM,CDM,2,COM,BP2,Select Epoch of Construction,RSH2,RMT6,,CR/LFM/CDM/H:2/BP2/RSH2+RMT6/COM,"https://www.google.com/maps/@?api=1&map_action=pano&viewpoint=38.69471761,-9.21198746&heading=309.8327128376876&pitch=5&fov=120"
262.0,38.69990299021451,-9.225263475597092,Portugal,Lisbon,MCF,LWAL,CDM,3,RES,BP2,Select Epoch of Construction,RSH2,RMT1,,MCF/LWAL/CDM/H:3/BP2/RSH2+RMT1/RES,"https://www.google.com/maps/@?api=1&map_action=pano&viewpoint=38.69990299,-9.22526348&heading=197.14716630382634&pitch=5&fov=120"
263.0,38.69780436324183,-9.202840197560432,Portugal,Lisbon,MCF,LWAL,CDL,2,RES,BP1,Select Epoch of Construction,RSH2,RMT1,,MCF/LWAL/CDL/H:2/BP1/RSH2+RMT1/RES,"https://www.google.com/maps/@?api=1&map_action=pano&viewpoint=38.69780436,-9.2028402&heading=155.81362541901262&pitch=5&fov=120"
264.0,38.699158925339525,-9.21448714485305,Portugal,Lisbon,,,,,,,Select Epoch of Construction,,,,H:Select Number of Stories,"https://www.google.com/maps/@?api=1&map_action=pano&viewpoint=38.69915893,-9.21448714&heading=250.73427685172578&pitch=5&fov=120"
265.0,38.69902272197356,-9.214689878846327,Portugal,Lisbon,,,,,,,Select Epoch of Construction,,,,H:Select Number of Stories,"https://www.google.com/maps/@?api=1&map_action=pano&viewpoint=38.69902272,-9.21468988&heading=250.34721890930552&pitch=5&fov=120"
266.0,38.69235620933097,-9.213159488507976,Portugal,Lisbon,CR,LFINF,CDL,3,COM,BPD,Select Epoch of Construction,RSH1,RMN,,CR/LFINF/CDL/H:3/BPD/RSH1+RMN/COM,"https://www.google.com/maps/@?api=1&map_action=pano&viewpoint=38.69235621,-9.21315949&heading=319.2822649380457&pitch=5&fov=120"
267.0,38.700336366764006,-9.207795099804027,Portugal,Lisbon,,,,,,,Select Epoch of Construction,,,,H:Select Number of Stories,"https://www.google.com/maps/@?api=1&map_action=pano&viewpoint=38.70033637,-9.2077951&heading=82.61600385699938&pitch=5&fov=120"
268.0,38.7017774,-9.2159237,Portugal,Lisbon,CR,LFINF,CDL,2,RES,BPD,Select Epoch of Construction,RSH2,RMT1,,CR/LFINF/CDL/H:2/BPD/RSH2+RMT1/RES,"https://www.google.com/maps/@?api=1&map_action=pano&viewpoint=38.7017774,-9.2159237&heading=218.07653417556168&pitch=5&fov=120"
269.0,38.69695004025335,-9.194059349981025,Portugal,Lisbon,,,,,,,Select Epoch of Construction,,,,H:Select Number of Stories,"https://www.google.com/maps/@?api=1&map_action=pano&viewpoint=38.69695004,-9.19405935&heading=243.7958140470622&pitch=5&fov=120"
270.0,38.69762063126856,-9.19580166855477,Portugal,Lisbon,MUR,LWAL,CDN,3,RES,BP2,Select Epoch of Construction,RSH3,RMT1,,MUR/LWAL/CDN/H:3/BP2/RSH3+RMT1/RES,"https://www.google.com/maps/@?api=1&map_action=pano&viewpoint=38.69762063,-9.19580167&heading=324.87284326825795&pitch=5&fov=120"
271.0,38.69693841598838,-9.194783886358344,Portugal,Lisbon,,,,,,,Select Epoch of Construction,,,,H:Select Number of Stories,"https://www.google.com/maps/@?api=1&map_action=pano&viewpoint=38.69693842,-9.19478389&heading=59.74650147503968&pitch=5&fov=120"
272.0,38.70033563467832,-9.22606648323008,Portugal,Lisbon,MCF,LWAL,CDL,3,RES,BP2,Select Epoch of Construction,RSH2,RMT1,,MCF/LWAL/CDL/H:3/BP2/RSH2+RMT1/RES,"https://www.google.com/maps/@?api=1&map_action=pano&viewpoint=38.70033563,-9.22606648&heading=171.6686169980286&pitch=5&fov=120"
273.0,38.70397134888276,-9.202888360368162,Portugal,Lisbon,MCF,LWAL,CDN,2,RES,BP2,Select Epoch of Construction,RSH3,RMT1,,MCF/LWAL/CDN/H:2/BP2/RSH3+RMT1/RES,"https://www.google.com/maps/@?api=1&map_action=pano&viewpoint=38.70397135,-9.20288836&heading=354.70159299244744&pitch=5&fov=120"
274.0,38.70099255910662,-9.219504761869532,Portugal,Lisbon,CR,LFM,CDM,2,RES,BPD,Select Epoch of Construction,RSH3,RMT1,,CR/LFM/CDM/H:2/BPD/RSH3+RMT1/RES,"https://www.google.com/maps/@?api=1&map_action=pano&viewpoint=38.70099256,-9.21950476&heading=302.0341529604568&pitch=5&fov=120"
275.0,38.70234007307665,-9.205285186987991,Portugal,Lisbon,MUR,LWAL,CDN,1,RES,BP2,Select Epoch of Construction,RSH3,RMT1,,MUR/LWAL/CDN/H:1/BP2/RSH3+RMT1/RES,"https://www.google.com/maps/@?api=1&map_action=pano&viewpoint=38.70234007,-9.20528519&heading=157.92917062301456&pitch=5&fov=120"
276.0,38.701666013178986,-9.203344120868802,Portugal,Lisbon,CR,LFINF,CDL,4,RES,BP1,Select Epoch of Construction,RSH2,RMT1,,CR/LFINF/CDL/H:4/BP1/RSH2+RMT1/RES,"https://www.google.com/maps/@?api=1&map_action=pano&viewpoint=38.70166601,-9.20334412&heading=158.84032869344497&pitch=5&fov=120"
277.0,38.6992798154523,-9.221004771119713,Portugal,Lisbon,,,,,,,Select Epoch of Construction,,,,H:Select Number of Stories,"https://www.google.com/maps/@?api=1&map_action=pano&viewpoint=38.69927982,-9.22100477&heading=30.311573611298854&pitch=5&fov=120"
278.0,38.69795403747644,-9.20372040684132,Portugal,Lisbon,MCF,LWAL,CDN,3,RES,BP2,Select Epoch of Construction,RSH2,RMT1,,MCF/LWAL/CDN/H:3/BP2/RSH2+RMT1/RES,"https://www.google.com/maps/@?api=1&map_action=pano&viewpoint=38.69795404,-9.20372041&heading=335.2101922085613&pitch=5&fov=120"
279.0,38.69986230573498,-9.219821030226973,Portugal,Lisbon,MUR,LWAL,CDN,2,RES,BP2,Select Epoch of Construction,RSH2,RMT1,,MUR/LWAL/CDN/H:2/BP2/RSH2+RMT1/RES,"https://www.google.com/maps/@?api=1&map_action=pano&viewpoint=38.69986231,-9.21982103&heading=32.01147897334499&pitch=5&fov=120"
280.0,38.70161772560252,-9.216398205661635,Portugal,Lisbon,,,,,,,Select Epoch of Construction,,,,H:Select Number of Stories,"https://www.google.com/maps/@?api=1&map_action=pano&viewpoint=38.70161773,-9.21639821&heading=133.73423779906017&pitch=5&fov=120"
281.0,38.69914219271511,-9.201885278829796,Portugal,Lisbon,,,,,,,Select Epoch of Construction,,,,H:Select Number of Stories,"https://www.google.com/maps/@?api=1&map_action=pano&viewpoint=38.69914219,-9.20188528&heading=150&pitch=5&fov=120"
282.0,38.70182944999999,-9.20405535,Portugal,Lisbon,CR,LFM,CDL,5,RES,BP2,Select Epoch of Construction,RSH3,RMT1,,CR/LFM/CDL/H:5/BP2/RSH3+RMT1/RES,"https://www.google.com/maps/@?api=1&map_action=pano&viewpoint=38.70182945,-9.20405535&heading=313.0521368124489&pitch=5&fov=120"
283.0,38.69712352742695,-9.217656656879074,Portugal,Lisbon,MUR,LWAL,CDL,2,RES,BP1,Select Epoch of Construction,RSH2,RMT1,,MUR/LWAL/CDL/H:2/BP1/RSH2+RMT1/RES,"https://www.google.com/maps/@?api=1&map_action=pano&viewpoint=38.69712353,-9.21765666&heading=92.78716509675138&pitch=5&fov=120"
284.0,38.699658657901416,-9.220522616569252,Portugal,Lisbon,,,,,,,Select Epoch of Construction,,,,H:Select Number of Stories,"https://www.google.com/maps/@?api=1&map_action=pano&viewpoint=38.69965866,-9.22052262&heading=31.980219374036267&pitch=5&fov=120"
285.0,38.70087507330791,-9.226544392104742,Portugal,Lisbon,CR,LFINF,CDL,3,RES,BPD,Select Epoch of Construction,RSH2,RMT1,,CR/LFINF/CDL/H:3/BPD/RSH2+RMT1/RES,"https://www.google.com/maps/@?api=1&map_action=pano&viewpoint=38.70087507,-9.22654439&heading=84.36733523576174&pitch=5&fov=120"
286.0,38.69728083944735,-9.21145982131239,Portugal,Lisbon,CR,LFM,CDH,3,RES,BPD,Select Epoch of Construction,RSH1,RMN,,CR/LFM/CDH/H:3/BPD/RSH1+RMN/RES,"https://www.google.com/maps/@?api=1&map_action=pano&viewpoint=38.69728084,-9.21145982&heading=132.49245263373314&pitch=5&fov=120"
287.0,38.69574759469291,-9.22076036179666,Portugal,Lisbon,,,,,,,Select Epoch of Construction,,,,H:Select Number of Stories,"https://www.google.com/maps/@?api=1&map_action=pano&viewpoint=38.69574759,-9.22076036&heading=3.4505336796437405&pitch=5&fov=120"
288.0,38.6995832857108,-9.210512317281832,Portugal,Lisbon,,,,,,,Select Epoch of Construction,,,,H:Select Number of Stories,"https://www.google.com/maps/@?api=1&map_action=pano&viewpoint=38.69958329,-9.21051232&heading=297.87284575020544&pitch=5&fov=120"
289.0,38.69763221705599,-9.20140939708602,Portugal,Lisbon,MUR,LWAL,CDL,1,RES,BP2,Select Epoch of Construction,RSH2,RMT1,,MUR/LWAL/CDL/H:1/BP2/RSH2+RMT1/RES,"https://www.google.com/maps/@?api=1&map_action=pano&viewpoint=38.69763222,-9.2014094&heading=252.30771509657774&pitch=5&fov=120"
290.0,38.6996894127665,-9.220886292804355,Portugal,Lisbon,MCF,LWAL,CDL,2,RES,BP2,Select Epoch of Construction,RSH3,RMT1,,MCF/LWAL/CDL/H:2/BP2/RSH3+RMT1/RES,"https://www.google.com/maps/@?api=1&map_action=pano&viewpoint=38.69968941,-9.22088629&heading=211.97999198570818&pitch=5&fov=120"
291.0,38.696862800000005,-9.218103949999996,Portugal,Lisbon,,,,,,,Select Epoch of Construction,,,,H:Select Number of Stories,"https://www.google.com/maps/@?api=1&map_action=pano&viewpoint=38.6968628,-9.21810395&heading=272.78688544835074&pitch=5&fov=120"
292.0,38.69703386773332,-9.218162747601909,Portugal,Lisbon,MCF,LWAL,CDL,2,RES,BP2,Select Epoch of Construction,RSH2,RMT1,,MCF/LWAL/CDL/H:2/BP2/RSH2+RMT1/RES,"https://www.google.com/maps/@?api=1&map_action=pano&viewpoint=38.69703387,-9.21816275&heading=94.55521673609888&pitch=5&fov=120"
293.0,38.69586716092721,-9.224632333722292,Portugal,Lisbon,CR,LFINF,CDL,3,COM,BPD,Select Epoch of Construction,RSH1,RMN,,CR/LFINF/CDL/H:3/BPD/RSH1+RMN/COM,"https://www.google.com/maps/@?api=1&map_action=pano&viewpoint=38.69586716,-9.22463233&heading=109.44883095284848&pitch=5&fov=120"
294.0,38.69633840268808,-9.22132701896106,Portugal,Lisbon,MCF,LWAL,CDL,2,RES,BPD,Select Epoch of Construction,RSH3,RMT1,,MCF/LWAL/CDL/H:2/BPD/RSH3+RMT1/RES,"https://www.google.com/maps/@?api=1&map_action=pano&viewpoint=38.6963384,-9.22132702&heading=179.62767963481303&pitch=5&fov=120"
295.0,38.697309,-9.21863715,Portugal,Lisbon,MUR,LWAL,CDL,1,RES,BP2,Select Epoch of Construction,RSH1,RMN,,MUR/LWAL/CDL/H:1/BP2/RSH1+RMN/RES,"https://www.google.com/maps/@?api=1&map_action=pano&viewpoint=38.697309,-9.21863715&heading=279.45981589338044&pitch=5&fov=120"
296.0,38.69465840755423,-9.216403209901324,Portugal,Lisbon,MUR,LWAL,CDL,2,RES,BP2,Select Epoch of Construction,RSH2,RMT1,,MUR/LWAL/CDL/H:2/BP2/RSH2+RMT1/RES,"https://www.google.com/maps/@?api=1&map_action=pano&viewpoint=38.69465841,-9.21640321&heading=247.72460075033922&pitch=5&fov=120"
297.0,38.69556248408463,-9.218317985352416,Portugal,Lisbon,CR,LFM,CDL,4,MIX(RES;COM),BP2,Select Epoch of Construction,RSH1,RMN,,CR/LFM/CDL/H:4/BP2/RSH1+RMN/MIX(RES;COM),"https://www.google.com/maps/@?api=1&map_action=pano&viewpoint=38.69556248,-9.21831799&heading=173.20863277705234&pitch=5&fov=120"
298.0,38.69954787576763,-9.203885457062643,Portugal,Lisbon,MUR,LWAL,CDL,2,RES,BP2,Select Epoch of Construction,RSH2,RMT1,,MUR/LWAL/CDL/H:2/BP2/RSH2+RMT1/RES,"https://www.google.com/maps/@?api=1&map_action=pano&viewpoint=38.69954788,-9.20388546&heading=62.90204419078583&pitch=5&fov=120"
299.0,38.69744991936437,-9.218250267452673,Portugal,Lisbon,MUR,LWAL,CDL,2,RES,BP2,Select Epoch of Construction,RSH2,RMT1,,MUR/LWAL/CDL/H:2/BP2/RSH2+RMT1/RES,"https://www.google.com/maps/@?api=1&map_action=pano&viewpoint=38.69744992,-9.21825027&heading=100.09333370426702&pitch=5&fov=120"
300.0,38.697759700000006,-9.21675995,Portugal,Lisbon,MUR,LWAL,CDL,2,RES,BP1,Select Epoch of Construction,RSH2,RMT1,,MUR/LWAL/CDL/H:2/BP1/RSH2+RMT1/RES,"https://www.google.com/maps/@?api=1&map_action=pano&viewpoint=38.6977597,-9.21675995&heading=90.32643892697524&pitch=5&fov=120"
301.0,38.69916762511416,-9.219075066666669,Portugal,Lisbon,,,,,,,Select Epoch of Construction,,,,H:Select Number of Stories,"https://www.google.com/maps/@?api=1&map_action=pano&viewpoint=38.69916763,-9.21907507&heading=291.0032437318986&pitch=5&fov=120"
302.0,38.69766033700046,-9.20309588184125,Portugal,Lisbon,CR,LFM,CDL,4,MIX(RES;COM),BP2,Select Epoch of Construction,RSH2,RMT1,,CR/LFM/CDL/H:4/BP2/RSH2+RMT1/MIX(RES;COM),"https://www.google.com/maps/@?api=1&map_action=pano&viewpoint=38.69766034,-9.20309588&heading=57.250134221747885&pitch=5&fov=120"
303.0,38.69612077930234,-9.211091314242951,Portugal,Lisbon,CR,LFM,CDL,4,RES,BP2,Select Epoch of Construction,RSH1,RMN,,CR/LFM/CDL/H:4/BP2/RSH1+RMN/RES,"https://www.google.com/maps/@?api=1&map_action=pano&viewpoint=38.69612078,-9.21109131&heading=128.6829571408204&pitch=5&fov=120"
304.0,38.70013108055853,-9.200250356943847,Portugal,Lisbon,,,,,,,Select Epoch of Construction,,,,H:Select Number of Stories,"https://www.google.com/maps/@?api=1&map_action=pano&viewpoint=38.70013108,-9.20025036&heading=47.540478865258535&pitch=5&fov=120"
305.0,38.69817556108059,-9.216084632516656,Portugal,Lisbon,,,,,,,Select Epoch of Construction,,,,H:Select Number of Stories,"https://www.google.com/maps/@?api=1&map_action=pano&viewpoint=38.69817556,-9.21608463&heading=314.3973493759505&pitch=5&fov=120"
306.0,38.70157061538942,-9.218555439705456,Portugal,Lisbon,MCF,LWAL,CDM,1,RES,BPD,Select Epoch of Construction,RSH1,RMN,,MCF/LWAL/CDM/H:1/BPD/RSH1+RMN/RES,"https://www.google.com/maps/@?api=1&map_action=pano&viewpoint=38.70157062,-9.21855544&heading=301.88739205463855&pitch=5&fov=120"
307.0,38.69884874516747,-9.220204084160114,Portugal,Lisbon,MCF,LWAL,CDL,2,RES,BP2,Select Epoch of Construction,RSH2,RMT1,,MCF/LWAL/CDL/H:2/BP2/RSH2+RMT1/RES,"https://www.google.com/maps/@?api=1&map_action=pano&viewpoint=38.69884875,-9.22020408&heading=295.26431704362506&pitch=5&fov=120"
308.0,38.69943581311692,-9.220372955233683,Portugal,Lisbon,MUR,LWAL,CDL,2,RES,BPD,Select Epoch of Construction,RSH3,RMT1,,MUR/LWAL/CDL/H:2/BPD/RSH3+RMT1/RES,"https://www.google.com/maps/@?api=1&map_action=pano&viewpoint=38.69943581,-9.22037296&heading=300.88618713894755&pitch=5&fov=120"
309.0,38.70024875177173,-9.220448541510008,Portugal,Lisbon,,,,,,,Select Epoch of Construction,,,,H:Select Number of Stories,"https://www.google.com/maps/@?api=1&map_action=pano&viewpoint=38.70024875,-9.22044854&heading=122.03463409891697&pitch=5&fov=120"
310.0,38.69731278579469,-9.195433289734092,Portugal,Lisbon,MUR,LWAL,CDN,1,COM,BPD,Select Epoch of Construction,RSH3,RMT1,,MUR/LWAL/CDN/H:1/BPD/RSH3+RMT1/COM,"https://www.google.com/maps/@?api=1&map_action=pano&viewpoint=38.69731279,-9.19543329&heading=145.7656548006509&pitch=5&fov=120"
311.0,38.70055165,-9.195341900000004,Portugal,Lisbon,CR,LFM,CDL,3,COM,BPD,Select Epoch of Construction,RSH2,RMT1,,CR/LFM/CDL/H:3/BPD/RSH2+RMT1/COM,"https://www.google.com/maps/@?api=1&map_action=pano&viewpoint=38.70055165,-9.1953419&heading=131.09259570007788&pitch=5&fov=120"
312.0,38.70439860375009,-9.20546803992563,Portugal,Lisbon,MCF,LWAL,CDM,2,GOV,BP2,Select Epoch of Construction,RSH1,RMN,,MCF/LWAL/CDM/H:2/BP2/RSH1+RMN/GOV,"https://www.google.com/maps/@?api=1&map_action=pano&viewpoint=38.7043986,-9.20546804&heading=197.39929824415827&pitch=5&fov=120"
313.0,38.70027295,-9.21232395,Portugal,Lisbon,,,,,,,Select Epoch of Construction,,,,H:Select Number of Stories,"https://www.google.com/maps/@?api=1&map_action=pano&viewpoint=38.70027295,-9.21232395&heading=130.22461525575426&pitch=5&fov=120"
314.0,38.70319778989434,-9.20300105449772,Portugal,Lisbon,CR,LFINF,CDL,5,RES,BP2,Select Epoch of Construction,RSH2,RMT1,,CR/LFINF/CDL/H:5/BP2/RSH2+RMT1/RES,"https://www.google.com/maps/@?api=1&map_action=pano&viewpoint=38.70319779,-9.20300105&heading=74.69297130215591&pitch=5&fov=120"
315.0,38.70023984641559,-9.213138392749764,Portugal,Lisbon,CR,LFINF,CDL,2,RES,BPD,Select Epoch of Construction,RSH3,RMT1,,CR/LFINF/CDL/H:2/BPD/RSH3+RMT1/RES,"https://www.google.com/maps/@?api=1&map_action=pano&viewpoint=38.70023985,-9.21313839&heading=150.31714184409452&pitch=5&fov=120"
316.0,38.69777818796037,-9.195054717276292,Portugal,Lisbon,MUR,LWAL,CDL,2,RES,BP2,Select Epoch of Construction,RSH2,RMT1,,MUR/LWAL/CDL/H:2/BP2/RSH2+RMT1/RES,"https://www.google.com/maps/@?api=1&map_action=pano&viewpoint=38.69777819,-9.19505472&heading=212.46745115783818&pitch=5&fov=120"
317.0,38.70479653051811,-9.202521387523566,Portugal,Lisbon,MUR,LWAL,CDL,2,MIX(RES;COM),BP1,Select Epoch of Construction,RSH2,RMT6,,MUR/LWAL/CDL/H:2/BP1/RSH2+RMT6/MIX(RES;COM),"https://www.google.com/maps/@?api=1&map_action=pano&viewpoint=38.70479653,-9.20252139&heading=310.61280977160914&pitch=5&fov=120"
318.0,38.70248729880671,-9.204890981480842,Portugal,Lisbon,CR,LFINF,CDN,4,RES,BP2,Select Epoch of Construction,RSH1,RMN,,CR/LFINF/CDN/H:4/BP2/RSH1+RMN/RES,"https://www.google.com/maps/@?api=1&map_action=pano&viewpoint=38.7024873,-9.20489098&heading=336.1976155903716&pitch=5&fov=120"
319.0,38.6995125910935,-9.199119423482966,Portugal,Lisbon,,,,,,,Select Epoch of Construction,,,,H:Select Number of Stories,"https://www.google.com/maps/@?api=1&map_action=pano&viewpoint=38.69951259,-9.19911942&heading=230.22022662325332&pitch=5&fov=120"
320.0,38.696218685984825,-9.222690297632033,Portugal,Lisbon,MUR,LWAL,CDL,2,RES,BPD,Select Epoch of Construction,RSH3,RMT1,,MUR/LWAL/CDL/H:2/BPD/RSH3+RMT1/RES,"https://www.google.com/maps/@?api=1&map_action=pano&viewpoint=38.69621869,-9.2226903&heading=181.77790531672213&pitch=5&fov=120"
321.0,38.6963747,-9.191255950000002,Portugal,Lisbon,S,LFINF,CDH,2,COM,BPD,Select Epoch of Construction,RSH1,RMT6,,S/LFINF/CDH/H:2/BPD/RSH1+RMT6/COM,"https://www.google.com/maps/@?api=1&map_action=pano&viewpoint=38.6963747,-9.19125595&heading=137.3370411366655&pitch=5&fov=120"
322.0,38.6985663783897,-9.213938001383744,Portugal,Lisbon,,,,,,,Select Epoch of Construction,,,,H:Select Number of Stories,"https://www.google.com/maps/@?api=1&map_action=pano&viewpoint=38.69856638,-9.213938&heading=70.34768900627836&pitch=5&fov=120"
323.0,38.69705040569665,-9.195905320503543,Portugal,Lisbon,,,,,,,Select Epoch of Construction,,,,H:Select Number of Stories,"https://www.google.com/maps/@?api=1&map_action=pano&viewpoint=38.69705041,-9.19590532&heading=332.2693293719873&pitch=5&fov=120"
324.0,38.70288191659264,-9.216217099206276,Portugal,Lisbon,,,,,,,Select Epoch of Construction,,,,H:Select Number of Stories,"https://www.google.com/maps/@?api=1&map_action=pano&viewpoint=38.70288192,-9.2162171&heading=225.75115432434905&pitch=5&fov=120"
325.0,38.70007663505246,-9.194290967172352,Portugal,Lisbon,,,,,,,Select Epoch of Construction,,,,H:Select Number of Stories,
326.0,38.699835732547065,-9.223281873571835,Portugal,Lisbon,CR,LFINF,CDM,2,GOV,BPD,Select Epoch of Construction,RSH5,RMT1,,CR/LFINF/CDM/H:2/BPD/RSH5+RMT1/GOV,"https://www.google.com/maps/@?api=1&map_action=pano&viewpoint=38.69983573,-9.22328187&heading=122.72905779833388&pitch=5&fov=120"
327.0,38.69699353505434,-9.202449483781566,Portugal,Lisbon,,,,,,,Select Epoch of Construction,,,,H:Select Number of Stories,"https://www.google.com/maps/@?api=1&map_action=pano&viewpoint=38.69699354,-9.20244948&heading=155.13917800949696&pitch=5&fov=120"
328.0,38.69811411069992,-9.219601522315171,Portugal,Lisbon,MCF,LWAL,CDL,2,RES,BP2,Select Epoch of Construction,RSH2,RMT1,,MCF/LWAL/CDL/H:2/BP2/RSH2+RMT1/RES,"https://www.google.com/maps/@?api=1&map_action=pano&viewpoint=38.69811411,-9.21960152&heading=287.57221823155896&pitch=5&fov=120"
329.0,38.70329446857761,-9.21759265304225,Portugal,Lisbon,MCF,LWAL,CDN,2,RES,BPD,Select Epoch of Construction,RSH3,RMT1,,MCF/LWAL/CDN/H:2/BPD/RSH3+RMT1/RES,"https://www.google.com/maps/@?api=1&map_action=pano&viewpoint=38.70329447,-9.21759265&heading=133.08959010731257&pitch=5&fov=120"
330.0,38.70187997429161,-9.203122004604207,Portugal,Lisbon,CR,LFM,CDL,4,RES,BP2,Select Epoch of Construction,RSH1,RMN,,CR/LFM/CDL/H:4/BP2/RSH1+RMN/RES,"https://www.google.com/maps/@?api=1&map_action=pano&viewpoint=38.70187997,-9.203122&heading=350.76214679617783&pitch=5&fov=120"
331.0,38.697718453768736,-9.203144106215232,Portugal,Lisbon,MUR,LWAL,CDL,2,RES,BP1,Select Epoch of Construction,RSH2,RMT1,,MUR/LWAL/CDL/H:2/BP1/RSH2+RMT1/RES,"https://www.google.com/maps/@?api=1&map_action=pano&viewpoint=38.69771845,-9.20314411&heading=45.051057094535906&pitch=5&fov=120"
332.0,38.69371775,-9.2234472,Portugal,Lisbon,,,,,,,Select Epoch of Construction,,,,H:Select Number of Stories,
333.0,38.69762123228996,-9.193877682198266,Portugal,Lisbon,CR,LFINF,CDL,3,MIX(RES;COM),BP2,Select Epoch of Construction,RSH2,RMT1,,CR/LFINF/CDL/H:3/BP2/RSH2+RMT1/MIX(RES;COM),"https://www.google.com/maps/@?api=1&map_action=pano&viewpoint=38.69762123,-9.19387768&heading=316.55776972419255&pitch=5&fov=120"
334.0,38.69993414652394,-9.20783383378246,Portugal,Lisbon,CR,LFM,CDM,1,EDU,BPD,Select Epoch of Construction,RSH3,RMT1,,CR/LFM/CDM/H:1/BPD/RSH3+RMT1/EDU,"https://www.google.com/maps/@?api=1&map_action=pano&viewpoint=38.69993415,-9.20783383&heading=61.51743899265034&pitch=5&fov=120"
335.0,38.6995557850165,-9.199575083532386,Portugal,Lisbon,CR,LFINF,CDL,4,RES,BP2,Select Epoch of Construction,RSH1,RMN,,CR/LFINF/CDL/H:4/BP2/RSH1+RMN/RES,"https://www.google.com/maps/@?api=1&map_action=pano&viewpoint=38.69955579,-9.19957508&heading=51.65977658641356&pitch=5&fov=120"
336.0,38.69981253000524,-9.217646640311168,Portugal,Lisbon,,,,,,,Select Epoch of Construction,,,,H:Select Number of Stories,"https://www.google.com/maps/@?api=1&map_action=pano&viewpoint=38.69981253,-9.21764664&heading=111.74368116240879&pitch=5&fov=120"
337.0,38.69460195760387,-9.202687251942482,Portugal,Lisbon,,,,,,,Select Epoch of Construction,,,,H:Select Number of Stories,"https://www.google.com/maps/@?api=1&map_action=pano&viewpoint=38.69460196,-9.20268725&heading=43.97589814854689&pitch=5&fov=120"
338.0,38.70288885210448,-9.218393101696185,Portugal,Lisbon,,,,,,,Select Epoch of Construction,,,,H:Select Number of Stories,"https://www.google.com/maps/@?api=1&map_action=pano&viewpoint=38.70288885,-9.2183931&heading=121.02614342434833&pitch=5&fov=120"
339.0,38.70464647148517,-9.203354251162414,Portugal,Lisbon,MCF,LWAL,CDL,3,RES,BP1,Select Epoch of Construction,RSH3,RMT1,,MCF/LWAL/CDL/H:3/BP1/RSH3+RMT1/RES,"https://www.google.com/maps/@?api=1&map_action=pano&viewpoint=38.70464647,-9.20335425&heading=98.72274431615244&pitch=5&fov=120"
340.0,38.697558502952525,-9.21837681668352,Portugal,Lisbon,MCF,LWAL,CDL,2,RES,BP2,Select Epoch of Construction,RSH2,RMT1,,MCF/LWAL/CDL/H:2/BP2/RSH2+RMT1/RES,"https://www.google.com/maps/@?api=1&map_action=pano&viewpoint=38.6975585,-9.21837682&heading=280.09325458427566&pitch=5&fov=120"
341.0,38.70062596444252,-9.207596665125092,Portugal,Lisbon,,,,,,,Select Epoch of Construction,,,,H:Select Number of Stories,"https://www.google.com/maps/@?api=1&map_action=pano&viewpoint=38.70062596,-9.20759667&heading=94.2603955834212&pitch=5&fov=120"
342.0,38.695220431564096,-9.21332264994341,Portugal,Lisbon,CR,LFM,CDL,4,MIX(RES;COM),BP2,Select Epoch of Construction,RSH1,RMN,,CR/LFM/CDL/H:4/BP2/RSH1+RMN/MIX(RES;COM),"https://www.google.com/maps/@?api=1&map_action=pano&viewpoint=38.69522043,-9.21332265&heading=326.0493694841225&pitch=5&fov=120"
343.0,38.70174397885764,-9.204747884277376,Portugal,Lisbon,,,,,,,Select Epoch of Construction,,,,H:Select Number of Stories,"https://www.google.com/maps/@?api=1&map_action=pano&viewpoint=38.70174398,-9.20474788&heading=135.70939469895626&pitch=5&fov=120"
344.0,38.70285348697751,-9.202973392648488,Portugal,Lisbon,MCF,LWAL,CDL,3,MIX(RES;COM),BP2,Select Epoch of Construction,RSH2,RMT1,,MCF/LWAL/CDL/H:3/BP2/RSH2+RMT1/MIX(RES;COM),"https://www.google.com/maps/@?api=1&map_action=pano&viewpoint=38.70285349,-9.20297339&heading=211.73453066089024&pitch=5&fov=120"
345.0,38.69757042206162,-9.20387022768196,Portugal,Lisbon,MUR,LWAL,CDN,2,RES,BPD,Select Epoch of Construction,RSH2,RMT1,,MUR/LWAL/CDN/H:2/BPD/RSH2+RMT1/RES,"https://www.google.com/maps/@?api=1&map_action=pano&viewpoint=38.69757042,-9.20387023&heading=334.5786017114416&pitch=5&fov=120"
346.0,38.69811193473842,-9.199898834795256,Portugal,Lisbon,,,,,,,Select Epoch of Construction,,,,H:Select Number of Stories,"https://www.google.com/maps/@?api=1&map_action=pano&viewpoint=38.69811193,-9.19989883&heading=230.9636878370215&pitch=5&fov=120"
347.0,38.69933017961297,-9.2089754316014,Portugal,Lisbon,CR,LFM,CDM,2,RES,BPD,Select Epoch of Construction,RSH2,RMT1,,CR/LFM/CDM/H:2/BPD/RSH2+RMT1/RES,"https://www.google.com/maps/@?api=1&map_action=pano&viewpoint=38.69933018,-9.20897543&heading=30.705059331791233&pitch=5&fov=120"
348.0,38.69724659375856,-9.195937112278536,Portugal,Lisbon,CR,LFINF,CDL,2,COM,BP1,Select Epoch of Construction,RSH1,RMN,,CR/LFINF/CDL/H:2/BP1/RSH1+RMN/COM,"https://www.google.com/maps/@?api=1&map_action=pano&viewpoint=38.69724659,-9.19593711&heading=146.89798436000706&pitch=5&fov=120"
349.0,38.69668972476522,-9.21636686247341,Portugal,Lisbon,,,,,,,Select Epoch of Construction,,,,H:Select Number of Stories,"https://www.google.com/maps/@?api=1&map_action=pano&viewpoint=38.69668972,-9.21636686&heading=82.50775186246591&pitch=5&fov=120"
350.0,38.69756191327141,-9.203361488550476,Portugal,Lisbon,MCF,LWAL,CDL,3,RES,BP1,Select Epoch of Construction,RSH2,RMT1,,MCF/LWAL/CDL/H:3/BP1/RSH2+RMT1/RES,"https://www.google.com/maps/@?api=1&map_action=pano&viewpoint=38.69756191,-9.20336149&heading=67.89823042313185&pitch=5&fov=120"
351.0,38.70267705723882,-9.216219361579062,Portugal,Lisbon,,,,,,,Select Epoch of Construction,,,,H:Select Number of Stories,"https://www.google.com/maps/@?api=1&map_action=pano&viewpoint=38.70267706,-9.21621936&heading=237.1099581203324&pitch=5&fov=120"
352.0,38.70166413071559,-9.209330034649392,Portugal,Lisbon,S,LFM,CDM,1,EDU,BPD,Select Epoch of Construction,RSH2,RMT6,,S/LFM/CDM/H:1/BPD/RSH2+RMT6/EDU,"https://www.google.com/maps/@?api=1&map_action=pano&viewpoint=38.70166413,-9.20933003&heading=309.0319358591116&pitch=5&fov=120"
353.0,38.70337440600875,-9.222203288623223,Portugal,Lisbon,,,,,,,Select Epoch of Construction,,,,H:Select Number of Stories,
354.0,38.69634744288837,-9.221724830198376,Portugal,Lisbon,MUR,LWAL,CDN,1,RES,BP1,Select Epoch of Construction,RSH2,RMT1,,MUR/LWAL/CDN/H:1/BP1/RSH2+RMT1/RES,"https://www.google.com/maps/@?api=1&map_action=pano&viewpoint=38.69634744,-9.22172483&heading=79.50031058327363&pitch=5&fov=120"
355.0,38.700490124441,-9.210533122757642,Portugal,Lisbon,,,,,,,Select Epoch of Construction,,,,H:Select Number of Stories,"https://www.google.com/maps/@?api=1&map_action=pano&viewpoint=38.70049012,-9.21053312&heading=310.11943287915824&pitch=5&fov=120"
356.0,38.69989589390822,-9.217208207504692,Portugal,Lisbon,,,,,,,Select Epoch of Construction,,,,H:Select Number of Stories,"https://www.google.com/maps/@?api=1&map_action=pano&viewpoint=38.69989589,-9.21720821&heading=114.01788341088286&pitch=5&fov=120"
357.0,38.69814904582783,-9.208921182764334,Portugal,Lisbon,,,,,,,Select Epoch of Construction,,,,H:Select Number of Stories,"https://www.google.com/maps/@?api=1&map_action=pano&viewpoint=38.69814905,-9.20892118&heading=132.4760999151548&pitch=5&fov=120"
358.0,38.69628965354651,-9.21690921118877,Portugal,Lisbon,MUR,LWAL,CDN,2,RES,BP1,Select Epoch of Construction,RSH2,RMT1,,MUR/LWAL/CDN/H:2/BP1/RSH2+RMT1/RES,"https://www.google.com/maps/@?api=1&map_action=pano&viewpoint=38.69628965,-9.21690921&heading=85.30217239825618&pitch=5&fov=120"
359.0,38.6995722474932,-9.203564667210877,Portugal,Lisbon,CR,LFINF,CDM,3,RES,BP2,Select Epoch of Construction,RSH1,RMN,,CR/LFINF/CDM/H:3/BP2/RSH1+RMN/RES,"https://www.google.com/maps/@?api=1&map_action=pano&viewpoint=38.69957225,-9.20356467&heading=259.93046191150313&pitch=5&fov=120"
360.0,38.698623880395154,-9.212350690113496,Portugal,Lisbon,CR,LFINF,CDM,2,RES,BPD,Select Epoch of Construction,RSH1,RMN,,CR/LFINF/CDM/H:2/BPD/RSH1+RMN/RES,"https://www.google.com/maps/@?api=1&map_action=pano&viewpoint=38.69862388,-9.21235069&heading=37.1680371287826&pitch=5&fov=120"
361.0,38.69727176897685,-9.216401842439096,Portugal,Lisbon,MCF,LWAL,CDL,2,RES,BP2,Select Epoch of Construction,RSH2,RMT1,,MCF/LWAL/CDL/H:2/BP2/RSH2+RMT1/RES,"https://www.google.com/maps/@?api=1&map_action=pano&viewpoint=38.69727177,-9.21640184&heading=85.41016165783401&pitch=5&fov=120"
362.0,38.69764121814944,-9.198208125666689,Portugal,Lisbon,CR,LFINF,CDL,4,MIX(RES;COM),BP2,Select Epoch of Construction,RSH2,RMT1,,CR/LFINF/CDL/H:4/BP2/RSH2+RMT1/MIX(RES;COM),"https://www.google.com/maps/@?api=1&map_action=pano&viewpoint=38.69764122,-9.19820813&heading=328.4765173202254&pitch=5&fov=120"
363.0,38.698196485014094,-9.191808387774332,Portugal,Lisbon,CR,LFM,CDN,3,RES,BP2,Select Epoch of Construction,RSH1,RMN,,CR/LFM/CDN/H:3/BP2/RSH1+RMN/RES,"https://www.google.com/maps/@?api=1&map_action=pano&viewpoint=38.69819649,-9.19180839&heading=204.2164775478882&pitch=5&fov=120"
364.0,38.69786681395218,-9.2178209820098,Portugal,Lisbon,MCF,LWAL,CDL,2,RES,BP2,Select Epoch of Construction,RSH2,RMT1,,MCF/LWAL/CDL/H:2/BP2/RSH2+RMT1/RES,"https://www.google.com/maps/@?api=1&map_action=pano&viewpoint=38.69786681,-9.21782098&heading=99.02909338190119&pitch=5&fov=120"
365.0,38.69854669802074,-9.217577428693884,Portugal,Lisbon,,,,,,,Select Epoch of Construction,,,,H:Select Number of Stories,"https://www.google.com/maps/@?api=1&map_action=pano&viewpoint=38.6985467,-9.21757743&heading=279.41253911888094&pitch=5&fov=120"
366.0,38.70060087428269,-9.205594597711952,Portugal,Lisbon,MUR,LWAL,CDL,1,RES,BP1,Select Epoch of Construction,RSH2,RMT1,,MUR/LWAL/CDL/H:1/BP1/RSH2+RMT1/RES,"https://www.google.com/maps/@?api=1&map_action=pano&viewpoint=38.70060087,-9.2055946&heading=314.9577142532298&pitch=5&fov=120"
367.0,38.697591135836326,-9.201355737256968,Portugal,Lisbon,CR,LFM,CDM,4,MIX(RES;COM),BP1,Select Epoch of Construction,RSH1,RMN,,CR/LFM/CDM/H:4/BP1/RSH1+RMN/MIX(RES;COM),"https://www.google.com/maps/@?api=1&map_action=pano&viewpoint=38.69759114,-9.20135574&heading=237.36738529407097&pitch=5&fov=120"
368.0,38.69918429064899,-9.214675429090589,Portugal,Lisbon,,,,,,,Select Epoch of Construction,,,,H:Select Number of Stories,"https://www.google.com/maps/@?api=1&map_action=pano&viewpoint=38.69918429,-9.21467543&heading=250.7341591284495&pitch=5&fov=120"
369.0,38.702246722178245,-9.20473309004503,Portugal,Lisbon,CR,LFINF,CDN,4,RES,BP2,Select Epoch of Construction,RSH1,RMN,,CR/LFINF/CDN/H:4/BP2/RSH1+RMN/RES,"https://www.google.com/maps/@?api=1&map_action=pano&viewpoint=38.70224672,-9.20473309&heading=350.8245955305805&pitch=5&fov=120"
370.0,38.70139770001938,-9.22144788331364,Portugal,Lisbon,,,,,,,Select Epoch of Construction,,,,H:Select Number of Stories,"https://www.google.com/maps/@?api=1&map_action=pano&viewpoint=38.7013977,-9.22144788&heading=301.8639581286202&pitch=5&fov=120"
371.0,38.70128376668874,-9.221779582485755,Portugal,Lisbon,,,,,,,Select Epoch of Construction,,,,H:Select Number of Stories,"https://www.google.com/maps/@?api=1&map_action=pano&viewpoint=38.70128377,-9.22177958&heading=121.90221017718517&pitch=5&fov=120"
372.0,38.698300253623984,-9.220891802661702,Portugal,Lisbon,,,,,,,Select Epoch of Construction,,,,H:Select Number of Stories,"https://www.google.com/maps/@?api=1&map_action=pano&viewpoint=38.69830025,-9.2208918&heading=203.44337977944394&pitch=5&fov=120"
373.0,38.70465755,-9.2029907,Portugal,Lisbon,MCF,LWAL,CDL,2,MIX(RES;COM),BPD,Select Epoch of Construction,RSH2,RMT1,,MCF/LWAL/CDL/H:2/BPD/RSH2+RMT1/MIX(RES;COM),"https://www.google.com/maps/@?api=1&map_action=pano&viewpoint=38.70465755,-9.2029907&heading=317.7550512031012&pitch=5&fov=120"
374.0,38.697812444408655,-9.206780103989315,Portugal,Lisbon,,,,,,,Select Epoch of Construction,,,,H:Select Number of Stories,"https://www.google.com/maps/@?api=1&map_action=pano&viewpoint=38.69781244,-9.2067801&heading=173.4836219028926&pitch=5&fov=120"
375.0,38.69641830050677,-9.218726083245292,Portugal,Lisbon,CR,LFINF,CDL,2,RES,BPD,Select Epoch of Construction,RSH3,RMT1,,CR/LFINF/CDL/H:2/BPD/RSH3+RMT1/RES,"https://www.google.com/maps/@?api=1&map_action=pano&viewpoint=38.6964183,-9.21872608&heading=115.39152170463348&pitch=5&fov=120"
376.0,38.69725987138754,-9.194376049858048,Portugal,Lisbon,CR,LFINF,CDM,4,RES,BP2,Select Epoch of Construction,RSH2,RMT1,,CR/LFINF/CDM/H:4/BP2/RSH2+RMT1/RES,"https://www.google.com/maps/@?api=1&map_action=pano&viewpoint=38.69725987,-9.19437605&heading=240.09746248702777&pitch=5&fov=120"
377.0,38.69721609862963,-9.218006027123923,Portugal,Lisbon,MUR,LWAL,CDL,2,RES,BP2,Select Epoch of Construction,RSH2,RMT1,,MUR/LWAL/CDL/H:2/BP2/RSH2+RMT1/RES,"https://www.google.com/maps/@?api=1&map_action=pano&viewpoint=38.6972161,-9.21800603&heading=95.82160495870545&pitch=5&fov=120"
378.0,38.69384238263125,-9.20727338668561,Portugal,Lisbon,,,,,,,Select Epoch of Construction,,,,H:Select Number of Stories,"https://www.google.com/maps/@?api=1&map_action=pano&viewpoint=38.69384238,-9.20727339&heading=46.96298942726406&pitch=5&fov=120"
379.0,38.70174881926292,-9.20288308446955,Portugal,Lisbon,MUR,LWAL,CDL,1,RES,BP2,Select Epoch of Construction,RSH2,RMT1,,MUR/LWAL/CDL/H:1/BP2/RSH2+RMT1/RES,"https://www.google.com/maps/@?api=1&map_action=pano&viewpoint=38.70174882,-9.20288308&heading=351.7023697574849&pitch=5&fov=120"
380.0,38.6964881668164,-9.222454212998414,Portugal,Lisbon,CR,LFM,CDM,3,RES,BPD,Select Epoch of Construction,RSH1,RMN,,CR/LFM/CDM/H:3/BPD/RSH1+RMN/RES,"https://www.google.com/maps/@?api=1&map_action=pano&viewpoint=38.69648817,-9.22245421&heading=1.7780529187270986&pitch=5&fov=120"
381.0,38.701993933427,-9.203478824339944,Portugal,Lisbon,CR,LFM,CDL,4,MIX(RES;COM),BP2,Select Epoch of Construction,RSH2,RMT1,,CR/LFM/CDL/H:4/BP2/RSH2+RMT1/MIX(RES;COM),"https://www.google.com/maps/@?api=1&map_action=pano&viewpoint=38.70199393,-9.20347882&heading=40.7402838809266&pitch=5&fov=120"
382.0,38.6967172,-9.224435949999998,Portugal,Lisbon,CR,LFM,CDM,4,RES,BP1,Select Epoch of Construction,RSH1,RMN,,CR/LFM/CDM/H:4/BP1/RSH1+RMN/RES,"https://www.google.com/maps/@?api=1&map_action=pano&viewpoint=38.6967172,-9.22443595&heading=183.92277208236942&pitch=5&fov=120"
383.0,38.69514722545538,-9.217055673854375,Portugal,Lisbon,CR,LFINF,CDL,4,RES,BP2,Select Epoch of Construction,RSH1,RMN,,CR/LFINF/CDL/H:4/BP2/RSH1+RMN/RES,"https://www.google.com/maps/@?api=1&map_action=pano&viewpoint=38.69514723,-9.21705567&heading=261.8596174331249&pitch=5&fov=120"
384.0,38.696513472730174,-9.21565151879076,Portugal,Lisbon,CR,LFM,CDM,2,RES,BPD,Select Epoch of Construction,RSH3,RMT1,,CR/LFM/CDM/H:2/BPD/RSH3+RMT1/RES,"https://www.google.com/maps/@?api=1&map_action=pano&viewpoint=38.69651347,-9.21565152&heading=78.08496127357927&pitch=5&fov=120"
385.0,38.69729400623383,-9.217101493065552,Portugal,Lisbon,,,,,,,Select Epoch of Construction,,,,H:Select Number of Stories,"https://www.google.com/maps/@?api=1&map_action=pano&viewpoint=38.69729401,-9.21710149&heading=90.32622538972669&pitch=5&fov=120"
386.0,38.69729466025493,-9.196251526481367,Portugal,Lisbon,CR,LFINF,CDL,3,RES,BP2,Select Epoch of Construction,RSH2,RMT1,,CR/LFINF/CDL/H:3/BP2/RSH2+RMT1/RES,"https://www.google.com/maps/@?api=1&map_action=pano&viewpoint=38.69729466,-9.19625153&heading=60.238241986667106&pitch=5&fov=120"
387.0,38.70131945512074,-9.205850428992576,Portugal,Lisbon,CR,LFINF,CDL,4,RES,BP2,Select Epoch of Construction,RSH1,RMN,,CR/LFINF/CDL/H:4/BP2/RSH1+RMN/RES,"https://www.google.com/maps/@?api=1&map_action=pano&viewpoint=38.70131946,-9.20585043&heading=137.5936015995341&pitch=5&fov=120"
388.0,38.69706304621546,-9.203163389562194,Portugal,Lisbon,MCF,LWAL,CDL,3,MIX(RES;COM),BP2,Select Epoch of Construction,RSH2,RMT1,,MCF/LWAL/CDL/H:3/BP2/RSH2+RMT1/MIX(RES;COM),"https://www.google.com/maps/@?api=1&map_action=pano&viewpoint=38.69706305,-9.20316339&heading=74.59434789569451&pitch=5&fov=120"
389.0,38.70225496671177,-9.22007031941316,Portugal,Lisbon,,,,,,,Select Epoch of Construction,,,,H:Select Number of Stories,"https://www.google.com/maps/@?api=1&map_action=pano&viewpoint=38.70225497,-9.22007032&heading=122.02354369808131&pitch=5&fov=120"
390.0,38.69920641544184,-9.220928287534116,Portugal,Lisbon,MCF,LWAL,CDL,2,RES,BPD,Select Epoch of Construction,RSH3,RMT1,,MCF/LWAL/CDL/H:2/BPD/RSH3+RMT1/RES,"https://www.google.com/maps/@?api=1&map_action=pano&viewpoint=38.69920642,-9.22092829&heading=301.71265589584425&pitch=5&fov=120"
391.0,38.699903233775984,-9.221033621074785,Portugal,Lisbon,MCF,LWAL,CDL,2,RES,BP2,Select Epoch of Construction,RSH3,RMT1,,MCF/LWAL/CDL/H:2/BP2/RSH3+RMT1/RES,"https://www.google.com/maps/@?api=1&map_action=pano&viewpoint=38.69990323,-9.22103362&heading=211.408908994204&pitch=5&fov=120"
392.0,38.69799752625775,-9.19264113734499,Portugal,Lisbon,MCF,LWAL,CDL,3,RES,BP1,Select Epoch of Construction,RSH2,RMT1,,MCF/LWAL/CDL/H:3/BP1/RSH2+RMT1/RES,"https://www.google.com/maps/@?api=1&map_action=pano&viewpoint=38.69799753,-9.19264114&heading=225.17359042755652&pitch=5&fov=120"
393.0,38.70387281720249,-9.203481429106,Portugal,Lisbon,MUR,LWAL,CDL,2,RES,BP1,Select Epoch of Construction,RSH2,RMT1,,MUR/LWAL/CDL/H:2/BP1/RSH2+RMT1/RES,"https://www.google.com/maps/@?api=1&map_action=pano&viewpoint=38.70387282,-9.20348143&heading=162.31775974981127&pitch=5&fov=120"
394.0,38.700031290094806,-9.225425206016906,Portugal,Lisbon,,,,,,,Select Epoch of Construction,,,,H:Select Number of Stories,"https://www.google.com/maps/@?api=1&map_action=pano&viewpoint=38.70003129,-9.22542521&heading=193.74342472311474&pitch=5&fov=120"
395.0,38.70210115519027,-9.217386686668693,Portugal,Lisbon,,,,,,,Select Epoch of Construction,,,,H:Select Number of Stories,"https://www.google.com/maps/@?api=1&map_action=pano&viewpoint=38.70210116,-9.21738669&heading=181.74573501271743&pitch=5&fov=120"
396.0,38.70283982867773,-9.20376064513316,Portugal,Lisbon,CR,LFINF,CDL,4,MIX(RES;COM),BP1,Select Epoch of Construction,RSH1,RMN,,CR/LFINF/CDL/H:4/BP1/RSH1+RMN/MIX(RES;COM),"https://www.google.com/maps/@?api=1&map_action=pano&viewpoint=38.70283983,-9.20376065&heading=149.9603377686587&pitch=5&fov=120"
397.0,38.70087271683647,-9.20597227581388,Portugal,Lisbon,CR,LFM,CDL,4,RES,BP2,Select Epoch of Construction,RSH1,RMN,,CR/LFM/CDL/H:4/BP2/RSH1+RMN/RES,"https://www.google.com/maps/@?api=1&map_action=pano&viewpoint=38.70087272,-9.20597228&heading=229.17707524457&pitch=5&fov=120"
398.0,38.69435066715166,-9.214360352710134,Portugal,Lisbon,,,,,,,Select Epoch of Construction,,,,H:Select Number of Stories,"https://www.google.com/maps/@?api=1&map_action=pano&viewpoint=38.69435067,-9.21436035&heading=148.3148333184992&pitch=5&fov=120"
399.0,38.69643883290212,-9.211602049402211,Portugal,Lisbon,CR,LFM,CDM,6.0-7.0,MIX(RES;COM),BP1,Select Epoch of Construction,RSH1,RMN,,CR/LFM/CDM/H:6-7/BP1/RSH1+RMN/MIX(RES;COM),"https://www.google.com/maps/@?api=1&map_action=pano&viewpoint=38.69643883,-9.21160205&heading=308.68263783023224&pitch=5&fov=120"
400.0,38.692443899659125,-9.218249445054044,Portugal,Lisbon,,,,,,,Select Epoch of Construction,,,,H:Select Number of Stories,
401.0,38.69757726840883,-9.213573314593033,Portugal,Lisbon,,,,,,,Select Epoch of Construction,,,,H:Select Number of Stories,"https://www.google.com/maps/@?api=1&map_action=pano&viewpoint=38.69757727,-9.21357331&heading=330.29506434452986&pitch=5&fov=120"
402.0,38.69571544192779,-9.213476260391747,Portugal,Lisbon,CR,LFM,CDM,4,RES,BP2,Select Epoch of Construction,RSH1,RMN,,CR/LFM/CDM/H:4/BP2/RSH1+RMN/RES,"https://www.google.com/maps/@?api=1&map_action=pano&viewpoint=38.69571544,-9.21347626&heading=61.21962605484117&pitch=5&fov=120"
403.0,38.703770814077714,-9.203268651045164,Portugal,Lisbon,MUR,LWAL,CDN,1,RES,BP2,Select Epoch of Construction,RSH2,RMT1,,MUR/LWAL/CDN/H:1/BP2/RSH2+RMT1/RES,"https://www.google.com/maps/@?api=1&map_action=pano&viewpoint=38.70377081,-9.20326865&heading=244.4589713982495&pitch=5&fov=120"
404.0,38.700396075160256,-9.203330749190805,Portugal,Lisbon,MUR,LWAL,CDL,1,GOV,BP1,Select Epoch of Construction,RSH3,RMT1,,MUR/LWAL/CDL/H:1/BP1/RSH3+RMT1/GOV,"https://www.google.com/maps/@?api=1&map_action=pano&viewpoint=38.70039608,-9.20333075&heading=256.3890459650129&pitch=5&fov=120"
405.0,38.692877932349,-9.209888414190118,Portugal,Lisbon,S,LFM,CDN,1,RES,BPD,Select Epoch of Construction,RSH1,RMN,,S/LFM/CDN/H:1/BPD/RSH1+RMN/RES,"https://www.google.com/maps/@?api=1&map_action=pano&viewpoint=38.69287793,-9.20988841&heading=134.93924050865024&pitch=5&fov=120"
406.0,38.697373167556094,-9.217071700215298,Portugal,Lisbon,MUR,LWAL,CDL,2,RES,BP2,Select Epoch of Construction,RSH2,RMT1,,MUR/LWAL/CDL/H:2/BP2/RSH2+RMT1/RES,"https://www.google.com/maps/@?api=1&map_action=pano&viewpoint=38.69737317,-9.2170717&heading=90.32624402000965&pitch=5&fov=120"
407.0,38.701039951056565,-9.217317543303867,Portugal,Lisbon,MCF,LWAL,CDL,2,COM,BPD,Select Epoch of Construction,RSH3,RMT1,,MCF/LWAL/CDL/H:2/BPD/RSH3+RMT1/COM,"https://www.google.com/maps/@?api=1&map_action=pano&viewpoint=38.70103995,-9.21731754&heading=47.28927105171192&pitch=5&fov=120"
408.0,38.69402343034625,-9.222597757726833,Portugal,Lisbon,,,,,,,Select Epoch of Construction,,,,H:Select Number of Stories,
409.0,38.69763729391859,-9.202293026225773,Portugal,Lisbon,,,,,,,Select Epoch of Construction,,,,H:Select Number of Stories,"https://www.google.com/maps/@?api=1&map_action=pano&viewpoint=38.69763729,-9.20229303&heading=222.10720042060183&pitch=5&fov=120"
410.0,38.69574654089493,-9.21896650396468,Portugal,Lisbon,CR,LFINF,CDL,4,RES,BP2,Select Epoch of Construction,RSH2,RMT1,,CR/LFINF/CDL/H:4/BP2/RSH2+RMT1/RES,"https://www.google.com/maps/@?api=1&map_action=pano&viewpoint=38.69574654,-9.2189665&heading=171.32768330869357&pitch=5&fov=120"
411.0,38.6995647,-9.21492775,Portugal,Lisbon,CR,LFM,CDH,3,RES,BPD,Select Epoch of Construction,RSH3,RMT1,,CR/LFM/CDH/H:3/BPD/RSH3+RMT1/RES,"https://www.google.com/maps/@?api=1&map_action=pano&viewpoint=38.6995647,-9.21492775&heading=169.37351978651054&pitch=5&fov=120"
412.0,38.69737886309827,-9.21877395937366,Portugal,Lisbon,MCF,LWAL,CDN,2,RES,BP2,Select Epoch of Construction,RSH2,RMT1,,MCF/LWAL/CDN/H:2/BP2/RSH2+RMT1/RES,"https://www.google.com/maps/@?api=1&map_action=pano&viewpoint=38.69737886,-9.21877396&heading=100.34368894356777&pitch=5&fov=120"
413.0,38.69798874115696,-9.210881454998134,Portugal,Lisbon,,,,,,,Select Epoch of Construction,,,,H:Select Number of Stories,"https://www.google.com/maps/@?api=1&map_action=pano&viewpoint=38.69798874,-9.21088145&heading=217.6529765382706&pitch=5&fov=120"
414.0,38.69863298157519,-9.217735351034497,Portugal,Lisbon,,,,,,,Select Epoch of Construction,,,,H:Select Number of Stories,"https://www.google.com/maps/@?api=1&map_action=pano&viewpoint=38.69863298,-9.21773535&heading=11.75199720236975&pitch=5&fov=120"
415.0,38.69575076628848,-9.21938662680315,Portugal,Lisbon,CR,LFINF,CDN,4,RES,BP2,Select Epoch of Construction,RSH1,RMN,,CR/LFINF/CDN/H:4/BP2/RSH1+RMN/RES,"https://www.google.com/maps/@?api=1&map_action=pano&viewpoint=38.69575077,-9.21938663&heading=81.01167776408619&pitch=5&fov=120"
416.0,38.69680925547995,-9.21669051037984,Portugal,Lisbon,MUR,LWAL,CDN,2,RES,BP1,Select Epoch of Construction,RSH3,RMT1,,MUR/LWAL/CDN/H:2/BP1/RSH3+RMT1/RES,"https://www.google.com/maps/@?api=1&map_action=pano&viewpoint=38.69680926,-9.21669051&heading=84.81064663178671&pitch=5&fov=120"
417.0,38.694026,-9.2242437,Portugal,Lisbon,,,,,,,Select Epoch of Construction,,,,H:Select Number of Stories,
418.0,38.69895441412131,-9.199073680479176,Portugal,Lisbon,CR,LFM,CDL,1,COM,BP2,Select Epoch of Construction,RSH1,RMN,,CR/LFM/CDL/H:1/BP2/RSH1+RMN/COM,"https://www.google.com/maps/@?api=1&map_action=pano&viewpoint=38.69895441,-9.19907368&heading=230.51957020648075&pitch=5&fov=120"
419.0,38.7008840481738,-9.210254779318198,Portugal,Lisbon,CR,LFM,CDM,3,RES,BPD,Select Epoch of Construction,RSH1,RMN,,CR/LFM/CDM/H:3/BPD/RSH1+RMN/RES,"https://www.google.com/maps/@?api=1&map_action=pano&viewpoint=38.70088405,-9.21025478&heading=148.73305602270665&pitch=5&fov=120"
420.0,38.69697656236376,-9.20201853420839,Portugal,Lisbon,,,,,,,Select Epoch of Construction,,,,H:Select Number of Stories,"https://www.google.com/maps/@?api=1&map_action=pano&viewpoint=38.69697656,-9.20201853&heading=154.9985337322783&pitch=5&fov=120"
421.0,38.69870771634498,-9.215170879591062,Portugal,Lisbon,CR,LFM,CDL,3,RES,BPD,Select Epoch of Construction,RSH3,RMT1,,CR/LFM/CDL/H:3/BPD/RSH3+RMT1/RES,"https://www.google.com/maps/@?api=1&map_action=pano&viewpoint=38.69870772,-9.21517088&heading=70.51671149434651&pitch=5&fov=120"
422.0,38.69755091472618,-9.212067012713868,Portugal,Lisbon,,,,,,,Select Epoch of Construction,,,,H:Select Number of Stories,"https://www.google.com/maps/@?api=1&map_action=pano&viewpoint=38.69755091,-9.21206701&heading=316.2048256525841&pitch=5&fov=120"
423.0,38.69980593949353,-9.196086105500328,Portugal,Lisbon,MCF,LWAL,CDL,3,RES,BP2,Select Epoch of Construction,RSH2,RMT1,,MCF/LWAL/CDL/H:3/BP2/RSH2+RMT1/RES,"https://www.google.com/maps/@?api=1&map_action=pano&viewpoint=38.69980594,-9.19608611&heading=222.1009292524111&pitch=5&fov=120"
424.0,38.69671968776341,-9.216728579590733,Portugal,Lisbon,MUR,LWAL,CDL,2,RES,BP2,Select Epoch of Construction,RSH2,RMT1,,MUR/LWAL/CDL/H:2/BP2/RSH2+RMT1/RES,"https://www.google.com/maps/@?api=1&map_action=pano&viewpoint=38.69671969,-9.21672858&heading=84.81062283697048&pitch=5&fov=120"
425.0,38.699719,-9.215437199999998,Portugal,Lisbon,,,,,,,Select Epoch of Construction,,,,H:Select Number of Stories,"https://www.google.com/maps/@?api=1&map_action=pano&viewpoint=38.699719,-9.2154372&heading=180.57098905498304&pitch=5&fov=120"
426.0,38.696409312452005,-9.216503046386237,Portugal,Lisbon,MCF,LWAL,CDL,2,RES,BP2,Select Epoch of Construction,RSH2,RMT1,,MCF/LWAL/CDL/H:2/BP2/RSH2+RMT1/RES,"https://www.google.com/maps/@?api=1&map_action=pano&viewpoint=38.69640931,-9.21650305&heading=83.42179465934908&pitch=5&fov=120"
427.0,38.69994799607618,-9.217368917100575,Portugal,Lisbon,,,,,,,Select Epoch of Construction,,,,H:Select Number of Stories,"https://www.google.com/maps/@?api=1&map_action=pano&viewpoint=38.699948,-9.21736892&heading=114.01778292890623&pitch=5&fov=120"
428.0,38.7008137,-9.21559305,Portugal,Lisbon,CR,LFM,CDM,3,GOV,BPD,Select Epoch of Construction,RSH3,RMT1,,CR/LFM/CDM/H:3/BPD/RSH3+RMT1/GOV,"https://www.google.com/maps/@?api=1&map_action=pano&viewpoint=38.7008137,-9.21559305&heading=20.785159235183755&pitch=5&fov=120"
429.0,38.70074695959116,-9.200174168325946,Portugal,Lisbon,CR,LFM,CDM,4,MIX(RES;COM),BPD,Select Epoch of Construction,RSH1,RMN,,CR/LFM/CDM/H:4/BPD/RSH1+RMN/MIX(RES;COM),"https://www.google.com/maps/@?api=1&map_action=pano&viewpoint=38.70074696,-9.20017417&heading=323.971669804057&pitch=5&fov=120"
430.0,38.69824836982367,-9.220135701548756,Portugal,Lisbon,,,,,,,Select Epoch of Construction,,,,H:Select Number of Stories,"https://www.google.com/maps/@?api=1&map_action=pano&viewpoint=38.69824837,-9.2201357&heading=111.91681885284021&pitch=5&fov=120"
431.0,38.698818080809296,-9.211135216802296,Portugal,Lisbon,CR,LFM,CDM,2,RES,BPD,Select Epoch of Construction,RSH1,RMN,,CR/LFM/CDM/H:2/BPD/RSH1+RMN/RES,"https://www.google.com/maps/@?api=1&map_action=pano&viewpoint=38.69881808,-9.21113522&heading=36.37051905409169&pitch=5&fov=120"
432.0,38.69962890959516,-9.196163190691848,Portugal,Lisbon,MUR,LWAL,CDL,2,RES,BP2,Select Epoch of Construction,RSH2,RMT1,,MUR/LWAL/CDL/H:2/BP2/RSH2+RMT1/RES,"https://www.google.com/maps/@?api=1&map_action=pano&viewpoint=38.69962891,-9.19616319&heading=302.34471859959467&pitch=5&fov=120"
433.0,38.69687479486262,-9.217855437111147,Portugal,Lisbon,MCF,LWAL,CDL,2,RES,BP2,Select Epoch of Construction,RSH2,RMT1,,MCF/LWAL/CDL/H:2/BP2/RSH2+RMT1/RES,"https://www.google.com/maps/@?api=1&map_action=pano&viewpoint=38.69687479,-9.21785544&heading=92.7870408252216&pitch=5&fov=120"
434.0,38.69788449582793,-9.217013590723646,Portugal,Lisbon,,,,,,,Select Epoch of Construction,,,,H:Select Number of Stories,"https://www.google.com/maps/@?api=1&map_action=pano&viewpoint=38.6978845,-9.21701359&heading=92.97834824965855&pitch=5&fov=120"
435.0,38.69928545758965,-9.205061603295803,Portugal,Lisbon,MUR,LWAL,CDL,1,RES,BP2,Select Epoch of Construction,RSH2,RMT1,,MUR/LWAL/CDL/H:1/BP2/RSH2+RMT1/RES,"https://www.google.com/maps/@?api=1&map_action=pano&viewpoint=38.69928546,-9.2050616&heading=213.87604782167557&pitch=5&fov=120"
436.0,38.697652491308496,-9.190393553219112,Portugal,Lisbon,CR,LFINF,CDL,2,GOV,BPD,Select Epoch of Construction,RSH3,RMT1,,CR/LFINF/CDL/H:2/BPD/RSH3+RMT1/GOV,"https://www.google.com/maps/@?api=1&map_action=pano&viewpoint=38.69765249,-9.19039355&heading=137.55310236183578&pitch=5&fov=120"
437.0,38.70300499317259,-9.218208146429436,Portugal,Lisbon,,,,,,,Select Epoch of Construction,,,,H:Select Number of Stories,"https://www.google.com/maps/@?api=1&map_action=pano&viewpoint=38.70300499,-9.21820815&heading=108.28598947139727&pitch=5&fov=120"
438.0,38.69730355407518,-9.19750029106419,Portugal,Lisbon,,,,,,,Select Epoch of Construction,,,,H:Select Number of Stories,"https://www.google.com/maps/@?api=1&map_action=pano&viewpoint=38.69730355,-9.19750029&heading=149.61821611669518&pitch=5&fov=120"
439.0,38.69772498796368,-9.19315412514007,Portugal,Lisbon,MUR,LWAL,CDL,2,RES,BP2,Select Epoch of Construction,RSH2,RMT1,,MUR/LWAL/CDL/H:2/BP2/RSH2+RMT1/RES,"https://www.google.com/maps/@?api=1&map_action=pano&viewpoint=38.69772499,-9.19315413&heading=316.55822209401776&pitch=5&fov=120"
440.0,38.70038987201588,-9.225411550930712,Portugal,Lisbon,CR,LFINF,CDN,4,RES,BP2,Select Epoch of Construction,RSH2,RMT1,,CR/LFINF/CDN/H:4/BP2/RSH2+RMT1/RES,"https://www.google.com/maps/@?api=1&map_action=pano&viewpoint=38.70038987,-9.22541155&heading=299.6330160864705&pitch=5&fov=120"
441.0,38.70388520530444,-9.202590869213592,Portugal,Lisbon,CR,LFM,CDM,4,MIX(RES;COM),BP2,Select Epoch of Construction,RSH2,RMT1,,CR/LFM/CDM/H:4/BP2/RSH2+RMT1/MIX(RES;COM),"https://www.google.com/maps/@?api=1&map_action=pano&viewpoint=38.70388521,-9.20259087&heading=241.9665960713346&pitch=5&fov=120"
442.0,38.70326215000001,-9.20978435,Portugal,Lisbon,,,,,,,Select Epoch of Construction,,,,H:Select Number of Stories,"https://www.google.com/maps/@?api=1&map_action=pano&viewpoint=38.70326215,-9.20978435&heading=142.1920297652817&pitch=5&fov=120"
443.0,38.69854060994888,-9.225826544758316,Portugal,Lisbon,CR,LFINF,CDL,4,MIX(RES;COM),BP2,Select Epoch of Construction,RSH1,RMN,,CR/LFINF/CDL/H:4/BP2/RSH1+RMN/MIX(RES;COM),"https://www.google.com/maps/@?api=1&map_action=pano&viewpoint=38.69854061,-9.22582654&heading=241.09212222526645&pitch=5&fov=120"
444.0,38.70288651890899,-9.203606363048303,Portugal,Lisbon,CR,LFM,CDN,5,MIX(RES;COM),BP2,Select Epoch of Construction,RSH1,RMN,,CR/LFM/CDN/H:5/BP2/RSH1+RMN/MIX(RES;COM),"https://www.google.com/maps/@?api=1&map_action=pano&viewpoint=38.70288652,-9.20360636&heading=149.96043424452859&pitch=5&fov=120"
445.0,38.69940056720063,-9.22069538908043,Portugal,Lisbon,,,,,,,Select Epoch of Construction,,,,H:Select Number of Stories,"https://www.google.com/maps/@?api=1&map_action=pano&viewpoint=38.69940057,-9.22069539&heading=32.46511806249913&pitch=5&fov=120"
446.0,38.694454664975616,-9.21931625588515,Portugal,Lisbon,,,,,,,Select Epoch of Construction,,,,H:Select Number of Stories,"https://www.google.com/maps/@?api=1&map_action=pano&viewpoint=38.69445466,-9.21931626&heading=262.1583252086574&pitch=5&fov=120"
447.0,38.6984550344894,-9.215147776306676,Portugal,Lisbon,CR,LFM,CDM,3,RES,BPD,Select Epoch of Construction,RSH3,RMT1,,CR/LFM/CDM/H:3/BPD/RSH3+RMT1/RES,"https://www.google.com/maps/@?api=1&map_action=pano&viewpoint=38.69845503,-9.21514778&heading=348.460004865707&pitch=5&fov=120"
448.0,38.69912138017597,-9.219153982153736,Portugal,Lisbon,MCF,LWAL,CDL,2,RES,BP2,Select Epoch of Construction,RSH2,RMT1,,MCF/LWAL/CDL/H:2/BP2/RSH2+RMT1/RES,"https://www.google.com/maps/@?api=1&map_action=pano&viewpoint=38.69912138,-9.21915398&heading=291.0031943961574&pitch=5&fov=120"
449.0,38.69691205,-9.21698175,Portugal,Lisbon,,,,,,,Select Epoch of Construction,,,,H:Select Number of Stories,"https://www.google.com/maps/@?api=1&map_action=pano&viewpoint=38.69691205,-9.21698175&heading=86.14626704211724&pitch=5&fov=120"
450.0,38.70277029166088,-9.208017510693136,Portugal,Lisbon,,,,,,,Select Epoch of Construction,,,,H:Select Number of Stories,"https://www.google.com/maps/@?api=1&map_action=pano&viewpoint=38.70277029,-9.20801751&heading=150&pitch=5&fov=120"
451.0,38.69733114218656,-9.19269769590147,Portugal,Lisbon,MUR,LWAL,CDN,1,RES,BP1,Select Epoch of Construction,RSH2,RMT1,,MUR/LWAL/CDN/H:1/BP1/RSH2+RMT1/RES,"https://www.google.com/maps/@?api=1&map_action=pano&viewpoint=38.69733114,-9.1926977&heading=230.70486224825322&pitch=5&fov=120"
452.0,38.69707349656437,-9.219117274976526,Portugal,Lisbon,MCF,LWAL,CDL,2,RES,BP1,Select Epoch of Construction,RSH3,RMT1,,MCF/LWAL/CDL/H:2/BP1/RSH3+RMT1/RES,"https://www.google.com/maps/@?api=1&map_action=pano&viewpoint=38.6970735,-9.21911727&heading=100.09108752180958&pitch=5&fov=120"
453.0,38.69982185402256,-9.220151428996417,Portugal,Lisbon,,,,,,,Select Epoch of Construction,,,,H:Select Number of Stories,"https://www.google.com/maps/@?api=1&map_action=pano&viewpoint=38.69982185,-9.22015143&heading=212.0112723903669&pitch=5&fov=120"
454.0,38.69877839295039,-9.21868109353168,Portugal,Lisbon,MUR,LWAL,CDN,2,RES,BP2,Select Epoch of Construction,RSH2,RMT1,,MUR/LWAL/CDN/H:2/BP2/RSH2+RMT1/RES,"https://www.google.com/maps/@?api=1&map_action=pano&viewpoint=38.69877839,-9.21868109&heading=287.4769823274612&pitch=5&fov=120"
455.0,38.69890637882003,-9.225677024461696,Portugal,Lisbon,CR,LFINF,CDL,4,MIX(RES;COM),BP2,Select Epoch of Construction,RSH2,RMT1,,CR/LFINF/CDL/H:4/BP2/RSH2+RMT1/MIX(RES;COM),"https://www.google.com/maps/@?api=1&map_action=pano&viewpoint=38.69890638,-9.22567702&heading=119.59126150246965&pitch=5&fov=120"
456.0,38.700353500000006,-9.2239276,Portugal,Lisbon,,,,,,,Select Epoch of Construction,,,,H:Select Number of Stories,"https://www.google.com/maps/@?api=1&map_action=pano&viewpoint=38.7003535,-9.2239276&heading=302.31028662102165&pitch=5&fov=120"
457.0,38.697096406961776,-9.22446771620738,Portugal,Lisbon,,,,,,,Select Epoch of Construction,,,,H:Select Number of Stories,"https://www.google.com/maps/@?api=1&map_action=pano&viewpoint=38.69709641,-9.22446772&heading=182.08280354356975&pitch=5&fov=120"
458.0,38.70038035,-9.2004606,Portugal,Lisbon,,,,,,,Select Epoch of Construction,,,,H:Select Number of Stories,
459.0,38.6952801,-9.2158158,Portugal,Lisbon,CR,LFINF,CDL,3,RES,BPD,Select Epoch of Construction,RSH3,RMT1,,CR/LFINF/CDL/H:3/BPD/RSH3+RMT1/RES,"https://www.google.com/maps/@?api=1&map_action=pano&viewpoint=38.6952801,-9.2158158&heading=333.0131223780119&pitch=5&fov=120"
460.0,38.701979598697584,-9.22005076474016,Portugal,Lisbon,,,,,,,Select Epoch of Construction,,,,H:Select Number of Stories,"https://www.google.com/maps/@?api=1&map_action=pano&viewpoint=38.7019796,-9.22005076&heading=301.6360800168143&pitch=5&fov=120"
461.0,38.69362079066089,-9.205701359579557,Portugal,Lisbon,,,,,,,Select Epoch of Construction,,,,H:Select Number of Stories,"https://www.google.com/maps/@?api=1&map_action=pano&viewpoint=38.69362079,-9.20570136&heading=219.64204671437278&pitch=5&fov=120"
462.0,38.70331314952734,-9.204581000269329,Portugal,Lisbon,MCF,LWAL,CDL,2,RES,BP2,Select Epoch of Construction,RSH1,RMN,,MCF/LWAL/CDL/H:2/BP2/RSH1+RMN/RES,"https://www.google.com/maps/@?api=1&map_action=pano&viewpoint=38.70331315,-9.204581&heading=310.4762565059988&pitch=5&fov=120"
463.0,38.69757567344536,-9.20392449610903,Portugal,Lisbon,MUR,LWAL,CDN,1,RES,BPD,Select Epoch of Construction,RSH2,RMT6,,MUR/LWAL/CDN/H:1/BPD/RSH2+RMT6/RES,"https://www.google.com/maps/@?api=1&map_action=pano&viewpoint=38.69757567,-9.2039245&heading=334.5785677800998&pitch=5&fov=120"
464.0,38.69647246686212,-9.216458656556773,Portugal,Lisbon,MCF,LWAL,CDL,2,RES,BP2,Select Epoch of Construction,RSH2,RMT1,,MCF/LWAL/CDL/H:2/BP2/RSH2+RMT1/RES,"https://www.google.com/maps/@?api=1&map_action=pano&viewpoint=38.69647247,-9.21645866&heading=83.42182240380578&pitch=5&fov=120"
465.0,38.70135706960281,-9.22109590525062,Portugal,Lisbon,,,,,,,Select Epoch of Construction,,,,H:Select Number of Stories,"https://www.google.com/maps/@?api=1&map_action=pano&viewpoint=38.70135707,-9.22109591&heading=301.8641781974718&pitch=5&fov=120"
466.0,38.69686675312502,-9.202964774267564,Portugal,Lisbon,,,,,,,Select Epoch of Construction,,,,H:Select Number of Stories,"https://www.google.com/maps/@?api=1&map_action=pano&viewpoint=38.69686675,-9.20296477&heading=155.83395030966318&pitch=5&fov=120"
467.0,38.69745579642815,-9.21664454136426,Portugal,Lisbon,MCF,LWAL,CDN,2,RES,BP2,Select Epoch of Construction,RSH3,RMT1,,MCF/LWAL/CDN/H:2/BP2/RSH3+RMT1/RES,"https://www.google.com/maps/@?api=1&map_action=pano&viewpoint=38.6974558,-9.21664454&heading=88.04293899959907&pitch=5&fov=120"
468.0,38.70056995007409,-9.22588632348529,Portugal,Lisbon,MCF,LWAL,CDM,3,RES,BP2,Select Epoch of Construction,RSH2,RMT1,,MCF/LWAL/CDM/H:3/BP2/RSH2+RMT1/RES,"https://www.google.com/maps/@?api=1&map_action=pano&viewpoint=38.70056995,-9.22588632&heading=351.66872964291895&pitch=5&fov=120"
469.0,38.69616675,-9.21622205,Portugal,Lisbon,MCF,LWAL,CDL,2,RES,BP2,Select Epoch of Construction,RSH2,RMT1,,MCF/LWAL/CDL/H:2/BP2/RSH2+RMT1/RES,"https://www.google.com/maps/@?api=1&map_action=pano&viewpoint=38.69616675,-9.21622205&heading=80.27294781811634&pitch=5&fov=120"
470.0,38.69973461348531,-9.220560717784046,Portugal,Lisbon,MCF,LWAL,CDN,2,RES,BP2,Select Epoch of Construction,RSH3,RMT1,,MCF/LWAL/CDN/H:2/BP2/RSH3+RMT1/RES,"https://www.google.com/maps/@?api=1&map_action=pano&viewpoint=38.69973461,-9.22056072&heading=31.98019554596999&pitch=5&fov=120"
471.0,38.69883919595928,-9.192581846953624,Portugal,Lisbon,CR,LFINF,CDM,3,EDU,BP1,Select Epoch of Construction,RSH1,RMN,,CR/LFINF/CDM/H:3/BP1/RSH1+RMN/EDU,"https://www.google.com/maps/@?api=1&map_action=pano&viewpoint=38.6988392,-9.19258185&heading=199.47080173528292&pitch=5&fov=120"
472.0,38.69426418661773,-9.217187499876037,Portugal,Lisbon,MUR,LWAL,CDL,2,RES,BP1,Select Epoch of Construction,RSH2,RMT1,,MUR/LWAL/CDL/H:2/BP1/RSH2+RMT1/RES,"https://www.google.com/maps/@?api=1&map_action=pano&viewpoint=38.69426419,-9.2171875&heading=154.5507404860727&pitch=5&fov=120"
473.0,38.697881235395954,-9.194481794697058,Portugal,Lisbon,MUR,LWAL,CDL,2,RES,BP1,Select Epoch of Construction,RSH1,RMN,,MUR/LWAL/CDL/H:2/BP1/RSH1+RMN/RES,"https://www.google.com/maps/@?api=1&map_action=pano&viewpoint=38.69788124,-9.19448179&heading=223.44061669125819&pitch=5&fov=120"
474.0,38.70113786438609,-9.204350022246912,Portugal,Lisbon,CR,LFM,CDH,3,RES,BPD,Select Epoch of Construction,RSH1,RMN,,CR/LFM/CDH/H:3/BPD/RSH1+RMN/RES,"https://www.google.com/maps/@?api=1&map_action=pano&viewpoint=38.70113786,-9.20435002&heading=351.40783893171704&pitch=5&fov=120"
475.0,38.70067305189094,-9.20018809610046,Portugal,Lisbon,,,,,,,Select Epoch of Construction,,,,H:Select Number of Stories,"https://www.google.com/maps/@?api=1&map_action=pano&viewpoint=38.70067305,-9.2001881&heading=323.97166109459215&pitch=5&fov=120"
476.0,38.69949461091307,-9.225497480062426,Portugal,Lisbon,CR,LFINF,CDN,4,RES,BP1,Select Epoch of Construction,RSH1,RMN,,CR/LFINF/CDN/H:4/BP1/RSH1+RMN/RES,"https://www.google.com/maps/@?api=1&map_action=pano&viewpoint=38.69949461,-9.22549748&heading=301.42610074399477&pitch=5&fov=120"
477.0,38.69865774057564,-9.219894778375734,Portugal,Lisbon,,,,,,,Select Epoch of Construction,,,,H:Select Number of Stories,"https://www.google.com/maps/@?api=1&map_action=pano&viewpoint=38.69865774,-9.21989478&heading=291.2559418753485&pitch=5&fov=120"
478.0,38.69761842362158,-9.21218331604606,Portugal,Lisbon,,,,,,,Select Epoch of Construction,,,,H:Select Number of Stories,"https://www.google.com/maps/@?api=1&map_action=pano&viewpoint=38.69761842,-9.21218332&heading=319.6581177978394&pitch=5&fov=120"
479.0,38.69235178255809,-9.217494055919085,Portugal,Lisbon,,,,,,,Select Epoch of Construction,,,,H:Select Number of Stories,"https://www.google.com/maps/@?api=1&map_action=pano&viewpoint=38.69235178,-9.21749406&heading=150&pitch=5&fov=120"
480.0,38.696845475467846,-9.215896820403554,Portugal,Lisbon,MUR,LWAL,CDL,2,RES,BP1,Select Epoch of Construction,RSH2,RMT1,,MUR/LWAL/CDL/H:2/BP1/RSH2+RMT1/RES,"https://www.google.com/maps/@?api=1&map_action=pano&viewpoint=38.69684548,-9.21589682&heading=80.41030038495126&pitch=5&fov=120"
481.0,38.69980445734009,-9.218966040049311,Portugal,Lisbon,,,,,,,Select Epoch of Construction,,,,H:Select Number of Stories,"https://www.google.com/maps/@?api=1&map_action=pano&viewpoint=38.69980446,-9.21896604&heading=122.38145832941865&pitch=5&fov=120"
482.0,38.70284078916141,-9.20403983014202,Portugal,Lisbon,CR,LFINF,CDL,4,RES,BP1,Select Epoch of Construction,RSH2,RMT1,,CR/LFINF/CDL/H:4/BP1/RSH2+RMT1/RES,"https://www.google.com/maps/@?api=1&map_action=pano&viewpoint=38.70284079,-9.20403983&heading=4.91861791386691&pitch=5&fov=120"
483.0,38.70003919999999,-9.201054849999997,Portugal,Lisbon,,,,,,,Select Epoch of Construction,,,,H:Select Number of Stories,
484.0,38.70374958743631,-9.203534478042112,Portugal,Lisbon,MUR,LWAL,CDL,2,RES,BP1,Select Epoch of Construction,RSH2,RMT1,,MUR/LWAL/CDL/H:2/BP1/RSH2+RMT1/RES,"https://www.google.com/maps/@?api=1&map_action=pano&viewpoint=38.70374959,-9.20353448&heading=348.7741257480949&pitch=5&fov=120"
485.0,38.70053938134814,-9.200654660421662,Portugal,Lisbon,CR,LFM,CDM,3,RES,BPD,Select Epoch of Construction,RSH1,RMN,,CR/LFM/CDM/H:3/BPD/RSH1+RMN/RES,"https://www.google.com/maps/@?api=1&map_action=pano&viewpoint=38.70053938,-9.20065466&heading=313.99401483169834&pitch=5&fov=120"
486.0,38.70196479999999,-9.220281749999998,Portugal,Lisbon,,,,,,,Select Epoch of Construction,,,,H:Select Number of Stories,"https://www.google.com/maps/@?api=1&map_action=pano&viewpoint=38.7019648,-9.22028175&heading=121.99045865457799&pitch=5&fov=120"
487.0,38.70124196758336,-9.206603011652176,Portugal,Lisbon,S,LFM,CDM,1,COM,BPD,Select Epoch of Construction,RSH1,RMT6,,S/LFM/CDM/H:1/BPD/RSH1+RMT6/COM,"https://www.google.com/maps/@?api=1&map_action=pano&viewpoint=38.70124197,-9.20660301&heading=139.74341503503535&pitch=5&fov=120"
488.0,38.70117525,-9.205298450000004,Portugal,Lisbon,MCF,LWAL,CDL,2,RES,BP2,Select Epoch of Construction,RSH2,RMT1,,MCF/LWAL/CDL/H:2/BP2/RSH2+RMT1/RES,"https://www.google.com/maps/@?api=1&map_action=pano&viewpoint=38.70117525,-9.20529845&heading=346.6543839271332&pitch=5&fov=120"
489.0,38.70003421006822,-9.203855761736431,Portugal,Lisbon,MUR,LWAL,CDL,2,RES,BPD,Select Epoch of Construction,RSH3,RMT1,,MUR/LWAL/CDL/H:2/BPD/RSH3+RMT1/RES,"https://www.google.com/maps/@?api=1&map_action=pano&viewpoint=38.70003421,-9.20385576&heading=62.98080385865387&pitch=5&fov=120"
490.0,38.70186856832827,-9.206218106570583,Portugal,Lisbon,,,,,,,Select Epoch of Construction,,,,H:Select Number of Stories,"https://www.google.com/maps/@?api=1&map_action=pano&viewpoint=38.70186857,-9.20621811&heading=108.41928247387091&pitch=5&fov=120"
491.0,38.704094069455095,-9.2025719439371,Portugal,Lisbon,MCF,LWAL,CDL,3,RES,BP2,Select Epoch of Construction,RSH2,RMT1,,MCF/LWAL/CDL/H:3/BP2/RSH2+RMT1/RES,"https://www.google.com/maps/@?api=1&map_action=pano&viewpoint=38.70409407,-9.20257194&heading=241.96660790844123&pitch=5&fov=120"
492.0,38.69503508181296,-9.21810490868041,Portugal,Lisbon,,,,,,,Select Epoch of Construction,,,,H:Select Number of Stories,"https://www.google.com/maps/@?api=1&map_action=pano&viewpoint=38.69503508,-9.21810491&heading=320.5147155125079&pitch=5&fov=120"
493.0,38.7013376238957,-9.208597631081677,Portugal,Lisbon,,,,,,,Select Epoch of Construction,,,,H:Select Number of Stories,"https://www.google.com/maps/@?api=1&map_action=pano&viewpoint=38.70133762,-9.20859763&heading=141.90588585625505&pitch=5&fov=120"
494.0,38.70204976668662,-9.204592242933476,Portugal,Lisbon,CR,LFINF,CDL,5,RES,BP1,Select Epoch of Construction,RSH2,RMT1,,CR/LFINF/CDL/H:5/BP1/RSH2+RMT1/RES,"https://www.google.com/maps/@?api=1&map_action=pano&viewpoint=38.70204977,-9.20459224&heading=29.020780858050273&pitch=5&fov=120"
495.0,38.70185686436764,-9.218409194095209,Portugal,Lisbon,CR,LFM,CDM,2,RES,BPD,Select Epoch of Construction,RSH3,RMT1,,CR/LFM/CDM/H:2/BPD/RSH3+RMT1/RES,"https://www.google.com/maps/@?api=1&map_action=pano&viewpoint=38.70185686,-9.21840919&heading=120.57896169284152&pitch=5&fov=120"
496.0,38.696360901653776,-9.215379671288815,Portugal,Lisbon,,,,,,,Select Epoch of Construction,,,,H:Select Number of Stories,"https://www.google.com/maps/@?api=1&map_action=pano&viewpoint=38.6963609,-9.21537967&heading=163.94616422724204&pitch=5&fov=120"
497.0,38.70005051132877,-9.21831919166732,Portugal,Lisbon,,,,,,,Select Epoch of Construction,,,,H:Select Number of Stories,"https://www.google.com/maps/@?api=1&map_action=pano&viewpoint=38.70005051,-9.21831919&heading=209.25643019696264&pitch=5&fov=120"
498.0,38.70145025000001,-9.21002815,Portugal,Lisbon,CR,LFM,CDM,1,COM,BPD,Select Epoch of Construction,RSH3,RMT6,,CR/LFM/CDM/H:1/BPD/RSH3+RMT6/COM,"https://www.google.com/maps/@?api=1&map_action=pano&viewpoint=38.70145025,-9.21002815&heading=285.1764816613478&pitch=5&fov=120"
499.0,38.69697363055259,-9.194115568676963,Portugal,Lisbon,,,,,,,Select Epoch of Construction,,,,H:Select Number of Stories,"https://www.google.com/maps/@?api=1&map_action=pano&viewpoint=38.69697363,-9.19411557&heading=243.7957789107374&pitch=5&fov=120"
500.0,38.69753978981005,-9.218574480523731,Portugal,Lisbon,MUR,LWAL,CDN,2,RES,BP2,Select Epoch of Construction,RSH2,RMT1,,MUR/LWAL/CDN/H:2/BP2/RSH2+RMT1/RES,"https://www.google.com/maps/@?api=1&map_action=pano&viewpoint=38.69753979,-9.21857448&heading=100.8063838607817&pitch=5&fov=120"
501.0,38.69879749999999,-9.2206077,Portugal,Lisbon,,,,,,,Select Epoch of Construction,,,,H:Select Number of Stories,"https://www.google.com/maps/@?api=1&map_action=pano&viewpoint=38.6987975,-9.2206077&heading=117.66619287833811&pitch=5&fov=120"
502.0,38.69950648169592,-9.207477033589296,Portugal,Lisbon,,,,,,,Select Epoch of Construction,,,,H:Select Number of Stories,
503.0,38.70117892840938,-9.204484800937529,Portugal,Lisbon,CR,LFM,CDH,3,RES,BP1,Select Epoch of Construction,RSH1,RMN,,CR/LFM/CDH/H:3/BP1/RSH1+RMN/RES,"https://www.google.com/maps/@?api=1&map_action=pano&viewpoint=38.70117893,-9.2044848&heading=351.40775466211426&pitch=5&fov=120"
504.0,38.69780882919855,-9.217313502948937,Portugal,Lisbon,CR,LFINF,CDM,2,RES,BP2,Select Epoch of Construction,RSH3,RMT1,,CR/LFINF/CDM/H:2/BP2/RSH3+RMT1/RES,"https://www.google.com/maps/@?api=1&map_action=pano&viewpoint=38.69780883,-9.2173135&heading=272.97816073608607&pitch=5&fov=120"
505.0,38.69819594923055,-9.20966921800938,Portugal,Lisbon,,,,,,,Select Epoch of Construction,,,,H:Select Number of Stories,"https://www.google.com/maps/@?api=1&map_action=pano&viewpoint=38.69819595,-9.20966922&heading=310.4532581741539&pitch=5&fov=120"
506.0,38.70041226019718,-9.21983217944482,Portugal,Lisbon,,,,,,,Select Epoch of Construction,,,,H:Select Number of Stories,"https://www.google.com/maps/@?api=1&map_action=pano&viewpoint=38.70041226,-9.21983218&heading=31.95800334172924&pitch=5&fov=120"
507.0,38.69768223402823,-9.194630239130236,Portugal,Lisbon,CR,LFM,CDL,4,RES,BP2,Select Epoch of Construction,RSH2,RMT1,,CR/LFM/CDL/H:4/BP2/RSH2+RMT1/RES,"https://www.google.com/maps/@?api=1&map_action=pano&viewpoint=38.69768223,-9.19463024&heading=138.88424054858297&pitch=5&fov=120"
508.0,38.70218573165444,-9.204131347522369,Portugal,Lisbon,CR,LFINF,CDN,4,RES,BP2,Select Epoch of Construction,RSH2,RMT1,,CR/LFINF/CDN/H:4/BP2/RSH2+RMT1/RES,"https://www.google.com/maps/@?api=1&map_action=pano&viewpoint=38.70218573,-9.20413135&heading=153.99609297070538&pitch=5&fov=120"
509.0,38.69948211251264,-9.21958582613212,Portugal,Lisbon,MCF,LWAL,CDN,2,RES,BP2,Select Epoch of Construction,RSH2,RMT1,,MCF/LWAL/CDN/H:2/BP2/RSH2+RMT1/RES,"https://www.google.com/maps/@?api=1&map_action=pano&viewpoint=38.69948211,-9.21958583&heading=296.16170420618994&pitch=5&fov=120"
510.0,38.70246302089154,-9.204722114174936,Portugal,Lisbon,CR,LFM,CDL,4,RES,BP2,Select Epoch of Construction,RSH3,RMT1,,CR/LFM/CDL/H:4/BP2/RSH3+RMT1/RES,"https://www.google.com/maps/@?api=1&map_action=pano&viewpoint=38.70246302,-9.20472211&heading=337.6893523731249&pitch=5&fov=120"
511.0,38.698831901922105,-9.219093633665793,Portugal,Lisbon,MCF,LWAL,CDL,2,RES,BP2,Select Epoch of Construction,RSH2,RMT1,,MCF/LWAL/CDL/H:2/BP2/RSH2+RMT1/RES,"https://www.google.com/maps/@?api=1&map_action=pano&viewpoint=38.6988319,-9.21909363&heading=290.8051274441304&pitch=5&fov=120"
512.0,38.69996743176184,-9.212713119845931,Portugal,Lisbon,,,,,,,Select Epoch of Construction,,,,H:Select Number of Stories,"https://www.google.com/maps/@?api=1&map_action=pano&viewpoint=38.69996743,-9.21271312&heading=317.20483039153&pitch=5&fov=120"
513.0,38.69644038823056,-9.216085408464329,Portugal,Lisbon,MUR,LWAL,CDL,2,RES,BP2,Select Epoch of Construction,RSH2,RMT1,,MUR/LWAL/CDL/H:2/BP2/RSH2+RMT1/RES,"https://www.google.com/maps/@?api=1&map_action=pano&viewpoint=38.69644039,-9.21608541&heading=80.27303324434536&pitch=5&fov=120"
514.0,38.70203124430513,-9.217536530927324,Portugal,Lisbon,CR,LFM,CDM,2,GOV,BPD,Select Epoch of Construction,RSH3,RMT1,,CR/LFM/CDM/H:2/BPD/RSH3+RMT1/GOV,"https://www.google.com/maps/@?api=1&map_action=pano&viewpoint=38.70203124,-9.21753653&heading=181.74564132179472&pitch=5&fov=120"
515.0,38.70035748932887,-9.221064159430757,Portugal,Lisbon,,,,,,,Select Epoch of Construction,,,,H:Select Number of Stories,"https://www.google.com/maps/@?api=1&map_action=pano&viewpoint=38.70035749,-9.22106416&heading=302.50007119490954&pitch=5&fov=120"
516.0,38.695611681344,-9.21464480489717,Portugal,Lisbon,,,,,,,Select Epoch of Construction,,,,H:Select Number of Stories,"https://www.google.com/maps/@?api=1&map_action=pano&viewpoint=38.69561168,-9.2146448&heading=160.98170334082732&pitch=5&fov=120"
517.0,38.70078238200136,-9.209820545184204,Portugal,Lisbon,CR,LFM,CDL,3,RES,BPD,Select Epoch of Construction,RSH3,RMT1,,CR/LFM/CDL/H:3/BPD/RSH3+RMT1/RES,"https://www.google.com/maps/@?api=1&map_action=pano&viewpoint=38.70078238,-9.20982055&heading=208.58810745251338&pitch=5&fov=120"
518.0,38.6951904345846,-9.211687517729764,Portugal,Lisbon,,,,,,,Select Epoch of Construction,,,,H:Select Number of Stories,"https://www.google.com/maps/@?api=1&map_action=pano&viewpoint=38.69519043,-9.21168752&heading=128.99457310172392&pitch=5&fov=120"
519.0,38.6965100816626,-9.218179875741328,Portugal,Lisbon,MCF,LWAL,CDL,2,RES,BP2,Select Epoch of Construction,RSH3,RMT1,,MCF/LWAL/CDL/H:2/BP2/RSH3+RMT1/RES,"https://www.google.com/maps/@?api=1&map_action=pano&viewpoint=38.69651008,-9.21817988&heading=182.03334454415938&pitch=5&fov=120"
520.0,38.697726604795,-9.202204559143327,Portugal,Lisbon,CR,LFINF,CDL,3,RES,BP2,Select Epoch of Construction,RSH2,RMT1,,CR/LFINF/CDL/H:3/BP2/RSH2+RMT1/RES,"https://www.google.com/maps/@?api=1&map_action=pano&viewpoint=38.6977266,-9.20220456&heading=222.1072557308786&pitch=5&fov=120"
521.0,38.69929277841289,-9.20481179145392,Portugal,Lisbon,CR,LFM,CDL,2,RES,BPD,Select Epoch of Construction,RSH3,RMT1,,CR/LFM/CDL/H:2/BPD/RSH3+RMT1/RES,"https://www.google.com/maps/@?api=1&map_action=pano&viewpoint=38.69929278,-9.20481179&heading=124.91976102067832&pitch=5&fov=120"
522.0,38.700315435100656,-9.224696525107207,Portugal,Lisbon,MUR,LWAL,CDL,2,RES,BPD,Select Epoch of Construction,RSH1,RMN,,MUR/LWAL/CDL/H:2/BPD/RSH1+RMN/RES,"https://www.google.com/maps/@?api=1&map_action=pano&viewpoint=38.70031544,-9.22469653&heading=122.9472146326018&pitch=5&fov=120"
523.0,38.69612893618845,-9.216446940417562,Portugal,Lisbon,,,,,,,Select Epoch of Construction,,,,H:Select Number of Stories,"https://www.google.com/maps/@?api=1&map_action=pano&viewpoint=38.69612894,-9.21644694&heading=259.405820438815&pitch=5&fov=120"
524.0,38.69812296390478,-9.21514763191868,Portugal,Lisbon,CR,LFINF,CDM,2,RES,BPD,Select Epoch of Construction,RSH3,RMT1,,CR/LFINF/CDM/H:2/BPD/RSH3+RMT1/RES,"https://www.google.com/maps/@?api=1&map_action=pano&viewpoint=38.69812296,-9.21514763&heading=168.46000495626407&pitch=5&fov=120"
525.0,38.70020081955769,-9.218824279319884,Portugal,Lisbon,,,,,,,Select Epoch of Construction,,,,H:Select Number of Stories,"https://www.google.com/maps/@?api=1&map_action=pano&viewpoint=38.70020082,-9.21882428&heading=197.98214089366462&pitch=5&fov=120"
526.0,38.699108048706094,-9.204943337211182,Portugal,Lisbon,MCF,LWAL,CDL,2,RES,BPD,Select Epoch of Construction,RSH3,RMT1,,MCF/LWAL/CDL/H:2/BPD/RSH3+RMT1/RES,"https://www.google.com/maps/@?api=1&map_action=pano&viewpoint=38.69910805,-9.20494334&heading=213.87612176247023&pitch=5&fov=120"
527.0,38.69752158872574,-9.212776701055962,Portugal,Lisbon,,,,,,,Select Epoch of Construction,,,,H:Select Number of Stories,"https://www.google.com/maps/@?api=1&map_action=pano&viewpoint=38.69752159,-9.2127767&heading=60.86798445916759&pitch=5&fov=120"
528.0,38.70181275283133,-9.221123413442696,Portugal,Lisbon,CR,LFM,CDM,3,RES,BPD,Select Epoch of Construction,RSH3,RMT1,,CR/LFM/CDM/H:3/BPD/RSH3+RMT1/RES,"https://www.google.com/maps/@?api=1&map_action=pano&viewpoint=38.70181275,-9.22112341&heading=121.98993238757043&pitch=5&fov=120"
529.0,38.69706707984296,-9.1961396643039,Portugal,Lisbon,MUR,LWAL,CDL,2,RES,BP1,Select Epoch of Construction,RSH2,RMT1,,MUR/LWAL/CDL/H:2/BP1/RSH2+RMT1/RES,"https://www.google.com/maps/@?api=1&map_action=pano&viewpoint=38.69706708,-9.19613966&heading=5.051119104707254&pitch=5&fov=120"
530.0,38.69942099999999,-9.200851049999995,Portugal,Lisbon,,,,,,,Select Epoch of Construction,,,,H:Select Number of Stories,
531.0,38.695576321958576,-9.220444415521833,Portugal,Lisbon,CR,LFM,CDM,2,RES,BPD,Select Epoch of Construction,RSH3,RMT1,,CR/LFM/CDM/H:2/BPD/RSH3+RMT1/RES,"https://www.google.com/maps/@?api=1&map_action=pano&viewpoint=38.69557632,-9.22044442&heading=1.9245603661970563&pitch=5&fov=120"
532.0,38.7006551,-9.21132695,Portugal,Lisbon,,,,,,,Select Epoch of Construction,,,,H:Select Number of Stories,"https://www.google.com/maps/@?api=1&map_action=pano&viewpoint=38.7006551,-9.21132695&heading=137.0712520954786&pitch=5&fov=120"
533.0,38.70033721989913,-9.205815487257922,Portugal,Lisbon,,,,,,,Select Epoch of Construction,,,,H:Select Number of Stories,"https://www.google.com/maps/@?api=1&map_action=pano&viewpoint=38.70033722,-9.20581549&heading=227.28241336614292&pitch=5&fov=120"
534.0,38.7005357674196,-9.205093863368376,Portugal,Lisbon,MUR,LWAL,CDL,2,RES,BP1,Select Epoch of Construction,RSH2,RMT1,,MUR/LWAL/CDL/H:2/BP1/RSH2+RMT1/RES,"https://www.google.com/maps/@?api=1&map_action=pano&viewpoint=38.70053577,-9.20509386&heading=348.3007921328551&pitch=5&fov=120"
535.0,38.697639121281135,-9.203212221358386,Portugal,Lisbon,MCF,LWAL,CDL,3,RES,BP1,Select Epoch of Construction,RSH2,RMT1,,MCF/LWAL/CDL/H:3/BP1/RSH2+RMT1/RES,"https://www.google.com/maps/@?api=1&map_action=pano&viewpoint=38.69763912,-9.20321222&heading=58.651190285549205&pitch=5&fov=120"
536.0,38.69850049475334,-9.204220010945305,Portugal,Lisbon,,,,,,,Select Epoch of Construction,,,,H:Select Number of Stories,"https://www.google.com/maps/@?api=1&map_action=pano&viewpoint=38.69850049,-9.20422001&heading=259.95444682585315&pitch=5&fov=120"
537.0,38.69809310967576,-9.192802423339728,Portugal,Lisbon,MUR,LWAL,CDL,2,RES,BP1,Select Epoch of Construction,RSH2,RMT1,,MUR/LWAL/CDL/H:2/BP1/RSH2+RMT1/RES,"https://www.google.com/maps/@?api=1&map_action=pano&viewpoint=38.69809311,-9.19280242&heading=186.19639645899815&pitch=5&fov=120"
538.0,38.700360823592696,-9.21933932454857,Portugal,Lisbon,,,,,,,Select Epoch of Construction,,,,H:Select Number of Stories,"https://www.google.com/maps/@?api=1&map_action=pano&viewpoint=38.70036082,-9.21933932&heading=212.12456273115924&pitch=5&fov=120"
539.0,38.69623475998706,-9.216189792164958,Portugal,Lisbon,MUR,LWAL,CDL,2,RES,BP2,Select Epoch of Construction,RSH2,RMT1,,MUR/LWAL/CDL/H:2/BP2/RSH2+RMT1/RES,"https://www.google.com/maps/@?api=1&map_action=pano&viewpoint=38.69623476,-9.21618979&heading=80.27296799710552&pitch=5&fov=120"
540.0,38.700956541266194,-9.222121311367156,Portugal,Lisbon,,,,,,,Select Epoch of Construction,,,,H:Select Number of Stories,"https://www.google.com/maps/@?api=1&map_action=pano&viewpoint=38.70095654,-9.22212131&heading=32.885692330668405&pitch=5&fov=120"
541.0,38.6998279550585,-9.220989438788818,Portugal,Lisbon,MCF,LWAL,CDL,2,RES,BP2,Select Epoch of Construction,RSH3,RMT1,,MCF/LWAL/CDL/H:2/BP2/RSH3+RMT1/RES,"https://www.google.com/maps/@?api=1&map_action=pano&viewpoint=38.69982796,-9.22098944&heading=32.07265706084087&pitch=5&fov=120"
542.0,38.69963225592734,-9.195995457286797,Portugal,Lisbon,MUR,LWAL,CDN,2,RES,BP1,Select Epoch of Construction,RSH2,RMT1,,MUR/LWAL/CDN/H:2/BP1/RSH2+RMT1/RES,"https://www.google.com/maps/@?api=1&map_action=pano&viewpoint=38.69963226,-9.19599546&heading=222.10098592801216&pitch=5&fov=120"
543.0,38.69858196737321,-9.22099180110583,Portugal,Lisbon,,,,,,,Select Epoch of Construction,,,,H:Select Number of Stories,"https://www.google.com/maps/@?api=1&map_action=pano&viewpoint=38.69858197,-9.2209918&heading=206.4209466648232&pitch=5&fov=120"
544.0,38.69733485022571,-9.224961633484863,Portugal,Lisbon,,,,,,,Select Epoch of Construction,,,,H:Select Number of Stories,"https://www.google.com/maps/@?api=1&map_action=pano&viewpoint=38.69733485,-9.22496163&heading=180.63036142995594&pitch=5&fov=120"
545.0,38.698806142889765,-9.220292802574,Portugal,Lisbon,MCF,LWAL,CDL,2,RES,BP2,Select Epoch of Construction,RSH2,RMT1,,MCF/LWAL/CDL/H:2/BP2/RSH2+RMT1/RES,"https://www.google.com/maps/@?api=1&map_action=pano&viewpoint=38.69880614,-9.2202928&heading=295.2642615721864&pitch=5&fov=120"
546.0,38.692695413191565,-9.221460620088823,Portugal,Lisbon,,,,,,,Select Epoch of Construction,,,,H:Select Number of Stories,"https://www.google.com/maps/@?api=1&map_action=pano&viewpoint=38.69269541,-9.22146062&heading=150&pitch=5&fov=120"
547.0,38.69978304999999,-9.216351049999998,Portugal,Lisbon,,,,,,,Select Epoch of Construction,,,,H:Select Number of Stories,"https://www.google.com/maps/@?api=1&map_action=pano&viewpoint=38.69978305,-9.21635105&heading=103.51413297914814&pitch=5&fov=120"
548.0,38.70147034743557,-9.204002883090704,Portugal,Lisbon,MUR,LWAL,CDN,2,RES,BP1,Select Epoch of Construction,RSH2,RMT1,,MUR/LWAL/CDN/H:2/BP1/RSH2+RMT1/RES,"https://www.google.com/maps/@?api=1&map_action=pano&viewpoint=38.70147035,-9.20400288&heading=336.2380888985829&pitch=5&fov=120"
549.0,38.6961924,-9.21243315,Portugal,Lisbon,CR,LFM,CDM,6.0-7.0,RES,BP1,Select Epoch of Construction,RSH1,RMN,,CR/LFM/CDM/H:6-7/BP1/RSH1+RMN/RES,"https://www.google.com/maps/@?api=1&map_action=pano&viewpoint=38.6961924,-9.21243315&heading=20.156376659448938&pitch=5&fov=120"
550.0,38.704588459827846,-9.202481753340722,Portugal,Lisbon,MUR,LWAL,CDN,2,RES,BP2,Select Epoch of Construction,RSH2,RMT1,,MUR/LWAL/CDN/H:2/BP2/RSH2+RMT1/RES,"https://www.google.com/maps/@?api=1&map_action=pano&viewpoint=38.70458846,-9.20248175&heading=238.88015936982782&pitch=5&fov=120"
551.0,38.70083419292434,-9.216642184635235,Portugal,Lisbon,CR,LFM,CDM,2,RES,BPD,Select Epoch of Construction,RSH2,RMT1,,CR/LFM/CDM/H:2/BPD/RSH2+RMT1/RES,"https://www.google.com/maps/@?api=1&map_action=pano&viewpoint=38.70083419,-9.21664218&heading=207.9188969520116&pitch=5&fov=120"
552.0,38.70472680531013,-9.202776261965164,Portugal,Lisbon,MCF,LWAL,CDN,2,RES,BP2,Select Epoch of Construction,RSH2,RMT1,,MCF/LWAL/CDN/H:2/BP2/RSH2+RMT1/RES,"https://www.google.com/maps/@?api=1&map_action=pano&viewpoint=38.70472681,-9.20277626&heading=310.6126503960418&pitch=5&fov=120"
553.0,38.703459083950335,-9.2032333029926,Portugal,Lisbon,CR,LFINF,CDN,4,RES,BP2,Select Epoch of Construction,RSH2,RMT1,,CR/LFINF/CDN/H:4/BP2/RSH2+RMT1/RES,"https://www.google.com/maps/@?api=1&map_action=pano&viewpoint=38.70345908,-9.2032333&heading=164.54180503839007&pitch=5&fov=120"
554.0,38.699608749252185,-9.2208429375463,Portugal,Lisbon,MCF,LWAL,CDN,2,RES,BP2,Select Epoch of Construction,RSH2,RMT1,,MCF/LWAL/CDN/H:2/BP2/RSH2+RMT1/RES,"https://www.google.com/maps/@?api=1&map_action=pano&viewpoint=38.69960875,-9.22084294&heading=31.480481941731796&pitch=5&fov=120"
555.0,38.69879175162031,-9.204694104748922,Portugal,Lisbon,MUR,LWAL,CDL,2,RES,BP1,Select Epoch of Construction,RSH2,RMT1,,MUR/LWAL/CDL/H:2/BP1/RSH2+RMT1/RES,"https://www.google.com/maps/@?api=1&map_action=pano&viewpoint=38.69879175,-9.2046941&heading=265.3427649660281&pitch=5&fov=120"
556.0,38.697709425578296,-9.193288651345496,Portugal,Lisbon,MCF,LWAL,CDL,3,RES,BP2,Select Epoch of Construction,RSH2,RMT1,,MCF/LWAL/CDL/H:3/BP2/RSH2+RMT1/RES,"https://www.google.com/maps/@?api=1&map_action=pano&viewpoint=38.69770943,-9.19328865&heading=316.5581379909038&pitch=5&fov=120"
557.0,38.69816623224183,-9.195496483227648,Portugal,Lisbon,CR,LFINF,CDL,4,RES,BP2,Select Epoch of Construction,RSH3,RMT1,,CR/LFINF/CDL/H:4/BP2/RSH3+RMT1/RES,"https://www.google.com/maps/@?api=1&map_action=pano&viewpoint=38.69816623,-9.19549648&heading=217.7438925475953&pitch=5&fov=120"
558.0,38.698050684173744,-9.206490014983904,Portugal,Lisbon,,,,,,,Select Epoch of Construction,,,,H:Select Number of Stories,"https://www.google.com/maps/@?api=1&map_action=pano&viewpoint=38.69805068,-9.20649001&heading=149.33864451109855&pitch=5&fov=120"
559.0,38.70488281613362,-9.21983383384524,Portugal,Lisbon,,,,,,,Select Epoch of Construction,,,,H:Select Number of Stories,"https://www.google.com/maps/@?api=1&map_action=pano&viewpoint=38.70488282,-9.21983383&heading=120.62215168411296&pitch=5&fov=120"
560.0,38.69764168964537,-9.195557819389892,Portugal,Lisbon,CR,LFM,CDL,4,MIX(RES;COM),BP2,Select Epoch of Construction,RSH2,RMT1,,CR/LFM/CDL/H:4/BP2/RSH2+RMT1/MIX(RES;COM),"https://www.google.com/maps/@?api=1&map_action=pano&viewpoint=38.69764169,-9.19555782&heading=325.7655769436801&pitch=5&fov=120"
561.0,38.69939288722406,-9.213428838894874,Portugal,Lisbon,,,,,,,Select Epoch of Construction,,,,H:Select Number of Stories,"https://www.google.com/maps/@?api=1&map_action=pano&viewpoint=38.69939289,-9.21342884&heading=153.60780737576903&pitch=5&fov=120"
562.0,38.6968365073995,-9.223974205085938,Portugal,Lisbon,CR,LFM,CDM,2,RES,BPD,Select Epoch of Construction,RSH3,RMT1,,CR/LFM/CDM/H:2/BPD/RSH3+RMT1/RES,"https://www.google.com/maps/@?api=1&map_action=pano&viewpoint=38.69683651,-9.22397421&heading=182.08311208758442&pitch=5&fov=120"
563.0,38.7004691892404,-9.219717916655949,Portugal,Lisbon,MCF,LWAL,CDM,2,RES,BP2,Select Epoch of Construction,RSH2,RMT1,,MCF/LWAL/CDM/H:2/BP2/RSH2+RMT1/RES,"https://www.google.com/maps/@?api=1&map_action=pano&viewpoint=38.70046919,-9.21971792&heading=212.0628407698523&pitch=5&fov=120"
564.0,38.69964652695229,-9.22123122494235,Portugal,Lisbon,,,,,,,Select Epoch of Construction,,,,H:Select Number of Stories,"https://www.google.com/maps/@?api=1&map_action=pano&viewpoint=38.69964653,-9.22123122&heading=212.0725058947608&pitch=5&fov=120"
565.0,38.69672632346223,-9.218936740277472,Portugal,Lisbon,MUR,LWAL,CDL,2,RES,BP2,Select Epoch of Construction,RSH2,RMT1,,MUR/LWAL/CDL/H:2/BP2/RSH2+RMT1/RES,"https://www.google.com/maps/@?api=1&map_action=pano&viewpoint=38.69672632,-9.21893674&heading=97.69117267430448&pitch=5&fov=120"
566.0,38.70138969232969,-9.204443953145224,Portugal,Lisbon,MCF,LWAL,CDM,2,RES,BP1,Select Epoch of Construction,RSH3,RMT1,,MCF/LWAL/CDM/H:2/BP1/RSH3+RMT1/RES,"https://www.google.com/maps/@?api=1&map_action=pano&viewpoint=38.70138969,-9.20444395&heading=355.89706766884495&pitch=5&fov=120"
567.0,38.70360285241318,-9.20380285471853,Portugal,Lisbon,CR,LFINF,CDL,4,RES,BP2,Select Epoch of Construction,RSH2,RMT1,,CR/LFINF/CDL/H:4/BP2/RSH2+RMT1/RES,"https://www.google.com/maps/@?api=1&map_action=pano&viewpoint=38.70360285,-9.20380285&heading=167.62218380950685&pitch=5&fov=120"
568.0,38.70166376798326,-9.21848833865691,Portugal,Lisbon,,,,,,,Select Epoch of Construction,,,,H:Select Number of Stories,"https://www.google.com/maps/@?api=1&map_action=pano&viewpoint=38.70166377,-9.21848834&heading=302.19521281824245&pitch=5&fov=120"
569.0,38.69788058823986,-9.217391690213352,Portugal,Lisbon,MCF,LWAL,CDL,2,RES,BP2,Select Epoch of Construction,RSH2,RMT1,,MCF/LWAL/CDL/H:2/BP2/RSH2+RMT1/RES,"https://www.google.com/maps/@?api=1&map_action=pano&viewpoint=38.69788059,-9.21739169&heading=94.42347438921962&pitch=5&fov=120"
570.0,38.69506834578871,-9.21683278097404,Portugal,Lisbon,CR,LFINF,CDM,4,MIX(RES;COM),BP2,Select Epoch of Construction,RSH2,RMT1,,CR/LFINF/CDM/H:4/BP2/RSH2+RMT1/MIX(RES;COM),"https://www.google.com/maps/@?api=1&map_action=pano&viewpoint=38.69506835,-9.21683278&heading=81.8597567834912&pitch=5&fov=120"
571.0,38.70112157449941,-9.204281058380808,Portugal,Lisbon,CR,LFM,CDM,3,RES,BP2,Select Epoch of Construction,RSH1,RMN,,CR/LFM/CDM/H:3/BP2/RSH1+RMN/RES,"https://www.google.com/maps/@?api=1&map_action=pano&viewpoint=38.70112157,-9.20428106&heading=351.40788205294507&pitch=5&fov=120"
572.0,38.6981589,-9.2107372,Portugal,Lisbon,,,,,,,Select Epoch of Construction,,,,H:Select Number of Stories,"https://www.google.com/maps/@?api=1&map_action=pano&viewpoint=38.6981589,-9.2107372&heading=217.65306672273266&pitch=5&fov=120"
573.0,38.6940662197448,-9.222149087679911,Portugal,Lisbon,,,,,,,Select Epoch of Construction,,,,H:Select Number of Stories,
574.0,38.69822760221833,-9.21361654119872,Portugal,Lisbon,,,,,,,Select Epoch of Construction,,,,H:Select Number of Stories,"https://www.google.com/maps/@?api=1&map_action=pano&viewpoint=38.6982276,-9.21361654&heading=331.7604599007126&pitch=5&fov=120"
575.0,38.697187856539045,-9.222497039228433,Portugal,Lisbon,CR,LFM,CDL,2,RES,BP2,Select Epoch of Construction,RSH2,RMT1,,CR/LFM/CDL/H:2/BP2/RSH2+RMT1/RES,"https://www.google.com/maps/@?api=1&map_action=pano&viewpoint=38.69718786,-9.22249704&heading=185.54393983891276&pitch=5&fov=120"
576.0,38.70107978041805,-9.203647888785554,Portugal,Lisbon,MUR,LWAL,CDL,1,RES,BP1,Select Epoch of Construction,RSH2,RMT1,,MUR/LWAL/CDL/H:1/BP1/RSH2+RMT1/RES,"https://www.google.com/maps/@?api=1&map_action=pano&viewpoint=38.70107978,-9.20364789&heading=259.0203445335516&pitch=5&fov=120"
577.0,38.69637275344283,-9.216120012063543,Portugal,Lisbon,MCF,LWAL,CDN,2,RES,BP2,Select Epoch of Construction,RSH2,RMT1,,MCF/LWAL/CDN/H:2/BP2/RSH2+RMT1/RES,"https://www.google.com/maps/@?api=1&map_action=pano&viewpoint=38.69637275,-9.21612001&heading=80.27301161802052&pitch=5&fov=120"
578.0,38.69768107127971,-9.195443730554814,Portugal,Lisbon,CR,LFINF,CDL,3,RES,BP2,Select Epoch of Construction,RSH2,RMT1,,CR/LFINF/CDL/H:3/BP2/RSH2+RMT1/RES,"https://www.google.com/maps/@?api=1&map_action=pano&viewpoint=38.69768107,-9.19544373&heading=325.7656482735158&pitch=5&fov=120"
579.0,38.70032268767323,-9.201519691905002,Portugal,Lisbon,MUR,LWAL,CDL,2,COM,BPD,Select Epoch of Construction,RSH2,RMT1,,MUR/LWAL/CDL/H:2/BPD/RSH2+RMT1/COM,"https://www.google.com/maps/@?api=1&map_action=pano&viewpoint=38.70032269,-9.20151969&heading=150&pitch=5&fov=120"
580.0,38.70214055,-9.203169749999995,Portugal,Lisbon,CR,LFM,CDL,4,RES,BP2,Select Epoch of Construction,RSH2,RMT1,,CR/LFM/CDL/H:4/BP2/RSH2+RMT1/RES,"https://www.google.com/maps/@?api=1&map_action=pano&viewpoint=38.70214055,-9.20316975&heading=179.3328212590489&pitch=5&fov=120"
581.0,38.69817049619203,-9.219521073256136,Portugal,Lisbon,MCF,LWAL,CDL,2,RES,BP2,Select Epoch of Construction,RSH2,RMT1,,MCF/LWAL/CDL/H:2/BP2/RSH2+RMT1/RES,"https://www.google.com/maps/@?api=1&map_action=pano&viewpoint=38.6981705,-9.21952107&heading=287.57226852912953&pitch=5&fov=120"
582.0,38.700009528749874,-9.222364480746863,Portugal,Lisbon,CR,LFINF,CDM,2,RES,BP2,Select Epoch of Construction,RSH3,RMT1,,CR/LFINF/CDM/H:2/BP2/RSH3+RMT1/RES,"https://www.google.com/maps/@?api=1&map_action=pano&viewpoint=38.70000953,-9.22236448&heading=302.1670016289928&pitch=5&fov=120"
583.0,38.70055830333295,-9.21729863272443,Portugal,Lisbon,MCF,LWAL,CDL,2,RES,BPD,Select Epoch of Construction,RSH3,RMT1,,MCF/LWAL/CDL/H:2/BPD/RSH3+RMT1/RES,"https://www.google.com/maps/@?api=1&map_action=pano&viewpoint=38.7005583,-9.21729863&heading=296.3584756976596&pitch=5&fov=120"
584.0,38.6961051,-9.21812365,Portugal,Lisbon,,,,,,,Select Epoch of Construction,,,,H:Select Number of Stories,"https://www.google.com/maps/@?api=1&map_action=pano&viewpoint=38.6961051,-9.21812365&heading=352.06849634808515&pitch=5&fov=120"
585.0,38.69977415,-9.20088805,Portugal,Lisbon,,,,,,,Select Epoch of Construction,,,,H:Select Number of Stories,
586.0,38.69516974158117,-9.215676239519846,Portugal,Lisbon,CR,LFINF,CDL,4,RES,BP2,Select Epoch of Construction,RSH2,RMT1,,CR/LFINF/CDL/H:4/BP2/RSH2+RMT1/RES,"https://www.google.com/maps/@?api=1&map_action=pano&viewpoint=38.69516974,-9.21567624&heading=333.01320962696684&pitch=5&fov=120"
587.0,38.70034173907897,-9.193694854339723,Portugal,Lisbon,MCF,LWAL,CDM,1,EDU,BPD,Select Epoch of Construction,RSH6,RMT1,,MCF/LWAL/CDM/H:1/BPD/RSH6+RMT1/EDU,"https://www.google.com/maps/@?api=1&map_action=pano&viewpoint=38.70034174,-9.19369485&heading=203.9065904460282&pitch=5&fov=120"
588.0,38.69924788427099,-9.216992605659332,Portugal,Lisbon,CR,LFM,CDM,4,RES,BPD,Select Epoch of Construction,RSH3,RMT1,,CR/LFM/CDM/H:4/BPD/RSH3+RMT1/RES,"https://www.google.com/maps/@?api=1&map_action=pano&viewpoint=38.69924788,-9.21699261&heading=11.067547600544913&pitch=5&fov=120"
589.0,38.69881412850219,-9.199416567329536,Portugal,Lisbon,,,,,,,Select Epoch of Construction,,,,H:Select Number of Stories,"https://www.google.com/maps/@?api=1&map_action=pano&viewpoint=38.69881413,-9.19941657&heading=50.76942112567491&pitch=5&fov=120"
590.0,38.70406963499514,-9.20324864696636,Portugal,Lisbon,MCF,LWAL,CDL,3,RES,BP2,Select Epoch of Construction,RSH3,RMT1,,MCF/LWAL/CDL/H:3/BP2/RSH3+RMT1/RES,"https://www.google.com/maps/@?api=1&map_action=pano&viewpoint=38.70406963,-9.20324865&heading=247.74418621295604&pitch=5&fov=120"
591.0,38.70210004999999,-9.205884250000002,Portugal,Lisbon,MUR,LWAL,CDL,1,RES,BP2,Select Epoch of Construction,RSH2,RMT1,,MUR/LWAL/CDL/H:1/BP2/RSH2+RMT1/RES,"https://www.google.com/maps/@?api=1&map_action=pano&viewpoint=38.70210005,-9.20588425&heading=334.1236665573267&pitch=5&fov=120"
592.0,38.69485213189719,-9.220348801718078,Portugal,Lisbon,MUR,LWAL,CDN,1,RES,BP2,Select Epoch of Construction,RSH2,RMT1,,MUR/LWAL/CDN/H:1/BP2/RSH2+RMT1/RES,"https://www.google.com/maps/@?api=1&map_action=pano&viewpoint=38.69485213,-9.2203488&heading=179.60279633904065&pitch=5&fov=120"
593.0,38.69743643134313,-9.201893728377524,Portugal,Lisbon,MCF,LWAL,CDL,2,RES,BP1,Select Epoch of Construction,RSH2,RMT1,,MCF/LWAL/CDL/H:2/BP1/RSH2+RMT1/RES,"https://www.google.com/maps/@?api=1&map_action=pano&viewpoint=38.69743643,-9.20189373&heading=222.1074500648005&pitch=5&fov=120"
594.0,38.69662200598931,-9.218560956711036,Portugal,Lisbon,MCF,LWAL,CDL,2,RES,BP2,Select Epoch of Construction,RSH2,RMT1,,MCF/LWAL/CDL/H:2/BP2/RSH2+RMT1/RES,"https://www.google.com/maps/@?api=1&map_action=pano&viewpoint=38.69662201,-9.21856096&heading=96.80603809266393&pitch=5&fov=120"
595.0,38.70069437335517,-9.219180137469133,Portugal,Lisbon,,,,,,,Select Epoch of Construction,,,,H:Select Number of Stories,"https://www.google.com/maps/@?api=1&map_action=pano&viewpoint=38.70069437,-9.21918014&heading=32.12466225785914&pitch=5&fov=120"
596.0,38.69782968875697,-9.208772453541458,Portugal,Lisbon,,,,,,,Select Epoch of Construction,,,,H:Select Number of Stories,"https://www.google.com/maps/@?api=1&map_action=pano&viewpoint=38.69782969,-9.20877245&heading=175.34029264468364&pitch=5&fov=120"
597.0,38.70394926344594,-9.203041631073582,Portugal,Lisbon,CR,LFINF,CDN,3,RES,BP1,Select Epoch of Construction,RSH1,RMN,,CR/LFINF/CDN/H:3/BP1/RSH1+RMN/RES,"https://www.google.com/maps/@?api=1&map_action=pano&viewpoint=38.70394926,-9.20304163&heading=67.74431565474436&pitch=5&fov=120"
598.0,38.69585972846005,-9.210221241839864,Portugal,Lisbon,MUR,LWAL,CDN,2,RES,BP1,Select Epoch of Construction,RSH2,RMT1,,MUR/LWAL/CDN/H:2/BP1/RSH2+RMT1/RES,"https://www.google.com/maps/@?api=1&map_action=pano&viewpoint=38.69585973,-9.21022124&heading=128.25053189957828&pitch=5&fov=120"
599.0,38.70017073604926,-9.216987943290189,Portugal,Lisbon,,,,,,,Select Epoch of Construction,,,,H:Select Number of Stories,"https://www.google.com/maps/@?api=1&map_action=pano&viewpoint=38.70017074,-9.21698794&heading=114.77316616231684&pitch=5&fov=120"
600.0,38.69829140330582,-9.210928228233843,Portugal,Lisbon,,,,,,,Select Epoch of Construction,,,,H:Select Number of Stories,"https://www.google.com/maps/@?api=1&map_action=pano&viewpoint=38.6982914,-9.21092823&heading=217.6529472907771&pitch=5&fov=120"
601.0,38.69941039651912,-9.219750901773285,Portugal,Lisbon,MUR,LWAL,CDN,2,RES,BP1,Select Epoch of Construction,RSH2,RMT1,,MUR/LWAL/CDN/H:2/BP1/RSH2+RMT1/RES,"https://www.google.com/maps/@?api=1&map_action=pano&viewpoint=38.6994104,-9.2197509&heading=297.847422871576&pitch=5&fov=120"
602.0,38.6965749,-9.21117035,Portugal,Lisbon,CR,LFM,CDH,6.0-7.0,RES,BPD,Select Epoch of Construction,RSH1,RMN,,CR/LFM/CDH/H:6-7/BPD/RSH1+RMN/RES,"https://www.google.com/maps/@?api=1&map_action=pano&viewpoint=38.6965749,-9.21117035&heading=308.68290772577063&pitch=5&fov=120"
603.0,38.69546599999999,-9.21841585,Portugal,Lisbon,CR,LFM,CDM,4,MIX(RES;COM),BP2,Select Epoch of Construction,RSH2,RMT1,,CR/LFM/CDM/H:4/BP2/RSH2+RMT1/MIX(RES;COM),"https://www.google.com/maps/@?api=1&map_action=pano&viewpoint=38.695466,-9.21841585&heading=172.18555035826068&pitch=5&fov=120"
604.0,38.69751714638112,-9.217347082335417,Portugal,Lisbon,MCF,LWAL,CDL,2,RES,BP2,Select Epoch of Construction,RSH2,RMT1,,MCF/LWAL/CDL/H:2/BP2/RSH2+RMT1/RES,"https://www.google.com/maps/@?api=1&map_action=pano&viewpoint=38.69751715,-9.21734708&heading=92.99747572703598&pitch=5&fov=120"
605.0,38.69597858476885,-9.215890862127074,Portugal,Lisbon,MCF,LWAL,CDL,2,RES,BP1,Select Epoch of Construction,RSH2,RMT1,,MCF/LWAL/CDL/H:2/BP1/RSH2+RMT1/RES,"https://www.google.com/maps/@?api=1&map_action=pano&viewpoint=38.69597858,-9.21589086&heading=78.08481164788168&pitch=5&fov=120"
606.0,38.6961939477945,-9.21846791905842,Portugal,Lisbon,CR,LFM,CDL,5,MIX(RES;COM),BP2,Select Epoch of Construction,RSH1,RMN,,CR/LFM/CDL/H:5/BP2/RSH1+RMN/MIX(RES;COM),"https://www.google.com/maps/@?api=1&map_action=pano&viewpoint=38.69619395,-9.21846792&heading=302.8733058373633&pitch=5&fov=120"
607.0,38.70025097319574,-9.221327838320638,Portugal,Lisbon,MCF,LWAL,CDM,2,RES,BP2,Select Epoch of Construction,RSH3,RMT1,,MCF/LWAL/CDM/H:2/BP2/RSH3+RMT1/RES,"https://www.google.com/maps/@?api=1&map_action=pano&viewpoint=38.70025097,-9.22132784&heading=301.9140260225411&pitch=5&fov=120"
608.0,38.697237917289584,-9.195467972697877,Portugal,Lisbon,MUR,LWAL,CDN,1,COM,BPD,Select Epoch of Construction,RSH3,RMT1,,MUR/LWAL/CDN/H:1/BPD/RSH3+RMT1/COM,"https://www.google.com/maps/@?api=1&map_action=pano&viewpoint=38.69723792,-9.19546797&heading=145.7656331180292&pitch=5&fov=120"
609.0,38.699260899629145,-9.218909701844318,Portugal,Lisbon,MCF,LWAL,CDL,2,RES,BP1,Select Epoch of Construction,RSH3,RMT1,,MCF/LWAL/CDL/H:2/BP1/RSH3+RMT1/RES,"https://www.google.com/maps/@?api=1&map_action=pano&viewpoint=38.6992609,-9.2189097&heading=292.85676262283647&pitch=5&fov=120"
610.0,38.7049728136881,-9.202697367309964,Portugal,Lisbon,MUR,LWAL,CDN,2,RES,BP1,Select Epoch of Construction,RSH2,RMT1,,MUR/LWAL/CDN/H:2/BP1/RSH2+RMT1/RES,"https://www.google.com/maps/@?api=1&map_action=pano&viewpoint=38.70497281,-9.20269737&heading=240.75055174820614&pitch=5&fov=120"
611.0,38.69951748029506,-9.217810319169704,Portugal,Lisbon,CR,LFM,CDM,2,RES,BPD,Select Epoch of Construction,RSH3,RMT1,,CR/LFM/CDM/H:2/BPD/RSH3+RMT1/RES,"https://www.google.com/maps/@?api=1&map_action=pano&viewpoint=38.69951748,-9.21781032&heading=199.26344486738856&pitch=5&fov=120"
612.0,38.69667985165152,-9.218451816599238,Portugal,Lisbon,MCF,LWAL,CDL,2,RES,BPD,Select Epoch of Construction,RSH2,RMT1,,MCF/LWAL/CDL/H:2/BPD/RSH2+RMT1/RES,"https://www.google.com/maps/@?api=1&map_action=pano&viewpoint=38.69667985,-9.21845182&heading=183.06902976325193&pitch=5&fov=120"
613.0,38.7008915972672,-9.218899323306523,Portugal,Lisbon,CR,LFM,CDM,3,RES,BPD,Select Epoch of Construction,RSH3,RMT1,,CR/LFM/CDM/H:3/BPD/RSH3+RMT1/RES,"https://www.google.com/maps/@?api=1&map_action=pano&viewpoint=38.7008916,-9.21889932&heading=211.8331779527245&pitch=5&fov=120"
614.0,38.69598870150293,-9.217776185688908,Portugal,Lisbon,MUR,LWAL,CDL,2,RES,BP1,Select Epoch of Construction,RSH3,RMT1,,MUR/LWAL/CDL/H:2/BP1/RSH3+RMT1/RES,"https://www.google.com/maps/@?api=1&map_action=pano&viewpoint=38.6959887,-9.21777619&heading=173.36737853612976&pitch=5&fov=120"
615.0,38.700883274395714,-9.200448656021283,Portugal,Lisbon,CR,LFM,CDM,3,COM,BP1,Select Epoch of Construction,RSH1,RMN,,CR/LFM/CDM/H:3/BP1/RSH1+RMN/COM,"https://www.google.com/maps/@?api=1&map_action=pano&viewpoint=38.70088327,-9.20044866&heading=166.66110566569427&pitch=5&fov=120"
616.0,38.69810547973411,-9.21547920879022,Portugal,Lisbon,MCF,LWAL,CDL,2,RES,BP1,Select Epoch of Construction,RSH2,RMT1,,MCF/LWAL/CDL/H:2/BP1/RSH2+RMT1/RES,"https://www.google.com/maps/@?api=1&map_action=pano&viewpoint=38.69810548,-9.21547921&heading=171.7766569793368&pitch=5&fov=120"
617.0,38.69832829999999,-9.22385915,Portugal,Lisbon,,,,,,,Select Epoch of Construction,,,,H:Select Number of Stories,"https://www.google.com/maps/@?api=1&map_action=pano&viewpoint=38.6983283,-9.22385915&heading=190.63203338072384&pitch=5&fov=120"
618.0,38.696428976263626,-9.21799545653798,Portugal,Lisbon,MCF,LWAL,CDL,2,RES,BP1,Select Epoch of Construction,RSH2,RMT1,,MCF/LWAL/CDL/H:2/BP1/RSH2+RMT1/RES,"https://www.google.com/maps/@?api=1&map_action=pano&viewpoint=38.69642898,-9.21799546&heading=181.58270717882272&pitch=5&fov=120"
619.0,38.69744605096575,-9.217417099745704,Portugal,Lisbon,MUR,LWAL,CDL,2,RES,BP2,Select Epoch of Construction,RSH2,RMT1,,MUR/LWAL/CDL/H:2/BP2/RSH2+RMT1/RES,"https://www.google.com/maps/@?api=1&map_action=pano&viewpoint=38.69744605,-9.2174171&heading=92.99743194575473&pitch=5&fov=120"
620.0,38.69622704999999,-9.2179465,Portugal,Lisbon,,,,,,,Select Epoch of Construction,,,,H:Select Number of Stories,"https://www.google.com/maps/@?api=1&map_action=pano&viewpoint=38.69622705,-9.2179465&heading=319.487367628347&pitch=5&fov=120"
621.0,38.69873179358356,-9.211951547460457,Portugal,Lisbon,CR,LFM,CDM,2,RES,BPD,Select Epoch of Construction,RSH3,RMT1,,CR/LFM/CDM/H:2/BPD/RSH3+RMT1/RES,"https://www.google.com/maps/@?api=1&map_action=pano&viewpoint=38.69873179,-9.21195155&heading=216.37000866360063&pitch=5&fov=120"
622.0,38.69934104284204,-9.226356823239078,Portugal,Lisbon,CR,LFM,CDH,4,MIX(RES;COM),BP1,Select Epoch of Construction,RSH1,RMN,,CR/LFM/CDH/H:4/BP1/RSH1+RMN/MIX(RES;COM),"https://www.google.com/maps/@?api=1&map_action=pano&viewpoint=38.69934104,-9.22635682&heading=21.416312060911878&pitch=5&fov=120"
623.0,38.69835903468356,-9.222067707383667,Portugal,Lisbon,,,,,,,Select Epoch of Construction,,,,H:Select Number of Stories,
624.0,38.70313594065521,-9.209513799120712,Portugal,Lisbon,,,,,,,Select Epoch of Construction,,,,H:Select Number of Stories,"https://www.google.com/maps/@?api=1&map_action=pano&viewpoint=38.70313594,-9.2095138&heading=132.2008035446292&pitch=5&fov=120"
625.0,38.70271129189423,-9.216731910309306,Portugal,Lisbon,CR,LFM,CDH,4,RES,BPD,Select Epoch of Construction,RSH1,RMN,,CR/LFM/CDH/H:4/BPD/RSH1+RMN/RES,"https://www.google.com/maps/@?api=1&map_action=pano&viewpoint=38.70271129,-9.21673191&heading=61.45039175789435&pitch=5&fov=120"
626.0,38.69758658211616,-9.209637226594989,Portugal,Lisbon,,,,,,,Select Epoch of Construction,,,,H:Select Number of Stories,"https://www.google.com/maps/@?api=1&map_action=pano&viewpoint=38.69758658,-9.20963723&heading=57.41275860488406&pitch=5&fov=120"
627.0,38.69965087407428,-9.204919141101568,Portugal,Lisbon,MUR,LWAL,CDL,2,RES,BP2,Select Epoch of Construction,RSH2,RMT1,,MUR/LWAL/CDL/H:2/BP2/RSH2+RMT1/RES,"https://www.google.com/maps/@?api=1&map_action=pano&viewpoint=38.69965087,-9.20491914&heading=122.08438660973638&pitch=5&fov=120"
628.0,38.69731338164783,-9.19309217878646,Portugal,Lisbon,MCF,LWAL,CDN,3,RES,BP2,Select Epoch of Construction,RSH2,RMT1,,MCF/LWAL/CDN/H:3/BP2/RSH2+RMT1/RES,"https://www.google.com/maps/@?api=1&map_action=pano&viewpoint=38.69731338,-9.19309218&heading=239.63543251600083&pitch=5&fov=120"
629.0,38.69558964660807,-9.22147016192711,Portugal,Lisbon,MCF,LWAL,CDL,2,MIX(RES;COM),BP1,Select Epoch of Construction,RSH2,RMT1,,MCF/LWAL/CDL/H:2/BP1/RSH2+RMT1/MIX(RES;COM),"https://www.google.com/maps/@?api=1&map_action=pano&viewpoint=38.69558965,-9.22147016&heading=359.6101561686737&pitch=5&fov=120"
630.0,38.70022674610974,-9.207593030202093,Portugal,Lisbon,,,,,,,Select Epoch of Construction,,,,H:Select Number of Stories,
631.0,38.70268377712165,-9.21886566285922,Portugal,Lisbon,,,,,,,Select Epoch of Construction,,,,H:Select Number of Stories,"https://www.google.com/maps/@?api=1&map_action=pano&viewpoint=38.70268378,-9.21886566&heading=121.02584794094793&pitch=5&fov=120"
632.0,38.69705503331771,-9.217292192317124,Portugal,Lisbon,MCF,LWAL,CDL,2,RES,BPD,Select Epoch of Construction,RSH2,RMT1,,MCF/LWAL/CDL/H:2/BPD/RSH2+RMT1/RES,"https://www.google.com/maps/@?api=1&map_action=pano&viewpoint=38.69705503,-9.21729219&heading=88.84413000327925&pitch=5&fov=120"
633.0,38.69639793196629,-9.220908167766313,Portugal,Lisbon,CR,LFINF,CDN,3,MIX(RES;COM),BP2,Select Epoch of Construction,RSH3,RMT1,,CR/LFINF/CDN/H:3/BP2/RSH3+RMT1/MIX(RES;COM),"https://www.google.com/maps/@?api=1&map_action=pano&viewpoint=38.69639793,-9.22090817&heading=175.3885103155049&pitch=5&fov=120"
634.0,38.69682698207694,-9.202235370851364,Portugal,Lisbon,,,,,,,Select Epoch of Construction,,,,H:Select Number of Stories,"https://www.google.com/maps/@?api=1&map_action=pano&viewpoint=38.69682698,-9.20223537&heading=154.99839816304763&pitch=5&fov=120"
635.0,38.69927200052732,-9.195483814850377,Portugal,Lisbon,MCF,LWAL,CDN,3,RES,BP2,Select Epoch of Construction,RSH2,RMT1,,MCF/LWAL/CDN/H:3/BP2/RSH2+RMT1/RES,"https://www.google.com/maps/@?api=1&map_action=pano&viewpoint=38.699272,-9.19548381&heading=220.1531965039108&pitch=5&fov=120"
636.0,38.70150765,-9.202939149999995,Portugal,Lisbon,,,,,,,Select Epoch of Construction,,,,H:Select Number of Stories,"https://www.google.com/maps/@?api=1&map_action=pano&viewpoint=38.70150765,-9.20293915&heading=343.4152739236997&pitch=5&fov=120"
637.0,38.70090177681593,-9.222509662869294,Portugal,Lisbon,,,,,,,Select Epoch of Construction,,,,H:Select Number of Stories,"https://www.google.com/maps/@?api=1&map_action=pano&viewpoint=38.70090178,-9.22250966&heading=212.8854495161453&pitch=5&fov=120"
638.0,38.69741964891848,-9.201659136220831,Portugal,Lisbon,CR,LFM,CDM,2,COM,BP1,Select Epoch of Construction,RSH3,RMT1,,CR/LFM/CDM/H:2/BP1/RSH3+RMT1/COM,"https://www.google.com/maps/@?api=1&map_action=pano&viewpoint=38.69741965,-9.20165914&heading=44.84380259575778&pitch=5&fov=120"
639.0,38.699072360574135,-9.217829655157836,Portugal,Lisbon,MCF,LWAL,CDM,2,RES,BP1,Select Epoch of Construction,RSH2,RMT1,,MCF/LWAL/CDM/H:2/BP1/RSH2+RMT1/RES,"https://www.google.com/maps/@?api=1&map_action=pano&viewpoint=38.69907236,-9.21782966&heading=283.8418485730832&pitch=5&fov=120"
640.0,38.69745716471725,-9.202748522091424,Portugal,Lisbon,CR,LFINF,CDL,3,MIX(RES;COM),BP2,Select Epoch of Construction,RSH2,RMT1,,CR/LFINF/CDL/H:3/BP2/RSH2+RMT1/MIX(RES;COM),"https://www.google.com/maps/@?api=1&map_action=pano&viewpoint=38.69745716,-9.20274852&heading=333.19334507644896&pitch=5&fov=120"
641.0,38.69640035,-9.2215007,Portugal,Lisbon,MCF,LWAL,CDL,2,RES,BP1,Select Epoch of Construction,RSH3,RMT1,,MCF/LWAL/CDL/H:2/BP1/RSH3+RMT1/RES,"https://www.google.com/maps/@?api=1&map_action=pano&viewpoint=38.69640035,-9.2215007&heading=81.77304861411392&pitch=5&fov=120"
642.0,38.7023078915919,-9.219874860079925,Portugal,Lisbon,CR,LFINF,CDM,2,RES,BPD,Select Epoch of Construction,RSH3,RMT1,,CR/LFINF/CDM/H:2/BPD/RSH3+RMT1/RES,"https://www.google.com/maps/@?api=1&map_action=pano&viewpoint=38.70230789,-9.21987486&heading=212.0793585464163&pitch=5&fov=120"
643.0,38.69678779999999,-9.2143818,Portugal,Lisbon,,,,,COM,,Select Epoch of Construction,,,,H:Select Number of Stories/COM,"https://www.google.com/maps/@?api=1&map_action=pano&viewpoint=38.6967878,-9.2143818&heading=70.58369043034179&pitch=5&fov=120"
644.0,38.70008059653698,-9.203513502541613,Portugal,Lisbon,CR,LFINF,CDL,3,RES,BP2,Select Epoch of Construction,RSH3,RMT1,,CR/LFINF/CDL/H:3/BP2/RSH3+RMT1/RES,"https://www.google.com/maps/@?api=1&map_action=pano&viewpoint=38.7000806,-9.2035135&heading=259.28896666469666&pitch=5&fov=120"
645.0,38.69999462729459,-9.221891274207344,Portugal,Lisbon,MUR,LWAL,CDN,1,RES,BPD,Select Epoch of Construction,RSH3,RMT1,,MUR/LWAL/CDN/H:1/BPD/RSH3+RMT1/RES,"https://www.google.com/maps/@?api=1&map_action=pano&viewpoint=38.69999463,-9.22189127&heading=212.05462878654816&pitch=5&fov=120"
646.0,38.69700950947229,-9.202584588158578,Portugal,Lisbon,,,,,,,Select Epoch of Construction,,,,H:Select Number of Stories,"https://www.google.com/maps/@?api=1&map_action=pano&viewpoint=38.69700951,-9.20258459&heading=154.87509092279277&pitch=5&fov=120"
647.0,38.7030747024964,-9.217604652209806,Portugal,Lisbon,,,,,,,Select Epoch of Construction,,,,H:Select Number of Stories,"https://www.google.com/maps/@?api=1&map_action=pano&viewpoint=38.7030747,-9.21760465&heading=274.6906863620417&pitch=5&fov=120"
648.0,38.70240235,-9.203842199999997,Portugal,Lisbon,MCF,LWAL,CDM,3,RES,BP2,Select Epoch of Construction,RSH2,RMT1,,MCF/LWAL/CDM/H:3/BP2/RSH2+RMT1/RES,"https://www.google.com/maps/@?api=1&map_action=pano&viewpoint=38.70240235,-9.2038422&heading=171.28712277696474&pitch=5&fov=120"
649.0,38.69475682286475,-9.214609984210192,Portugal,Lisbon,CR,LFM,CDM,4,MIX(RES;COM),BP2,Select Epoch of Construction,RSH6,RMT1,,CR/LFM/CDM/H:4/BP2/RSH6+RMT1/MIX(RES;COM),"https://www.google.com/maps/@?api=1&map_action=pano&viewpoint=38.69475682,-9.21460998&heading=328.3146772589199&pitch=5&fov=120"
650.0,38.70186951717489,-9.220952601123397,Portugal,Lisbon,CR,LFINF,CDM,2,RES,BPD,Select Epoch of Construction,RSH3,RMT1,,CR/LFINF/CDM/H:2/BPD/RSH3+RMT1/RES,"https://www.google.com/maps/@?api=1&map_action=pano&viewpoint=38.70186952,-9.2209526&heading=121.99003919400207&pitch=5&fov=120"
651.0,38.705315579939175,-9.202742142583434,Portugal,Lisbon,,,,,,,Select Epoch of Construction,,,,H:Select Number of Stories,"https://www.google.com/maps/@?api=1&map_action=pano&viewpoint=38.70531558,-9.20274214&heading=144.48471348646473&pitch=5&fov=120"
652.0,38.696380651521714,-9.21692789849058,Portugal,Lisbon,,,,,,,Select Epoch of Construction,,,,H:Select Number of Stories,"https://www.google.com/maps/@?api=1&map_action=pano&viewpoint=38.69638065,-9.2169279&heading=85.30216071813913&pitch=5&fov=120"
653.0,38.69758709174389,-9.196244504304,Portugal,Lisbon,CR,LFINF,CDN,4,RES,BP2,Select Epoch of Construction,RSH2,RMT1,,CR/LFINF/CDN/H:4/BP2/RSH2+RMT1/RES,"https://www.google.com/maps/@?api=1&map_action=pano&viewpoint=38.69758709,-9.1962445&heading=325.25313079283296&pitch=5&fov=120"
654.0,38.69687729233229,-9.196877489548228,Portugal,Lisbon,MCF,LWAL,CDN,3,RES,BP1,Select Epoch of Construction,RSH2,RMT1,,MCF/LWAL/CDN/H:3/BP1/RSH2+RMT1/RES,"https://www.google.com/maps/@?api=1&map_action=pano&viewpoint=38.69687729,-9.19687749&heading=62.02969364102057&pitch=5&fov=120"
655.0,38.69931471858728,-9.207395616585773,Portugal,Lisbon,,,,,,,Select Epoch of Construction,,,,H:Select Number of Stories,
656.0,38.70348251050787,-9.205301527465302,Portugal,Lisbon,MUR,LWAL,CDN,1,RES,BP1,Select Epoch of Construction,RSH1,RMN,,MUR/LWAL/CDN/H:1/BP1/RSH1+RMN/RES,"https://www.google.com/maps/@?api=1&map_action=pano&viewpoint=38.70348251,-9.20530153&heading=324.9444508268821&pitch=5&fov=120"
657.0,38.70037447993425,-9.217675164970965,Portugal,Lisbon,MCF,LWAL,CDL,2,RES,BPD,Select Epoch of Construction,RSH3,RMT1,,MCF/LWAL/CDL/H:2/BPD/RSH3+RMT1/RES,"https://www.google.com/maps/@?api=1&map_action=pano&viewpoint=38.70037448,-9.21767516&heading=295.24637691321266&pitch=5&fov=120"
658.0,38.69928575806895,-9.199984024019814,Portugal,Lisbon,,,,,,,Select Epoch of Construction,,,,H:Select Number of Stories,"https://www.google.com/maps/@?api=1&map_action=pano&viewpoint=38.69928576,-9.19998402&heading=140.568957652201&pitch=5&fov=120"
659.0,38.702624036406974,-9.204631691151102,Portugal,Lisbon,MCF,LWAL,CDL,3,RES,BP1,Select Epoch of Construction,RSH2,RMT1,,MCF/LWAL/CDL/H:3/BP1/RSH2+RMT1/RES,"https://www.google.com/maps/@?api=1&map_action=pano&viewpoint=38.70262404,-9.20463169&heading=160.87757916648872&pitch=5&fov=120"
660.0,38.69688904266681,-9.218293425286612,Portugal,Lisbon,MUR,LWAL,CDL,2,RES,BP1,Select Epoch of Construction,RSH2,RMT1,,MUR/LWAL/CDL/H:2/BP1/RSH2+RMT1/RES,"https://www.google.com/maps/@?api=1&map_action=pano&viewpoint=38.69688904,-9.21829343&heading=96.18691284976558&pitch=5&fov=120"
661.0,38.69761024345833,-9.196009826877718,Portugal,Lisbon,MCF,LWAL,CDN,2,RES,BP2,Select Epoch of Construction,RSH2,RMT6,,MCF/LWAL/CDN/H:2/BP2/RSH2+RMT6/RES,"https://www.google.com/maps/@?api=1&map_action=pano&viewpoint=38.69761024,-9.19600983&heading=326.89793889556745&pitch=5&fov=120"
662.0,38.69651697560754,-9.216844329442544,Portugal,Lisbon,MCF,LWAL,CDN,2,RES,BP2,Select Epoch of Construction,RSH2,RMT1,,MCF/LWAL/CDN/H:2/BP2/RSH2+RMT1/RES,"https://www.google.com/maps/@?api=1&map_action=pano&viewpoint=38.69651698,-9.21684433&heading=85.30221296223863&pitch=5&fov=120"
663.0,38.70244871542912,-9.204585292544566,Portugal,Lisbon,CR,LFM,CDL,4,RES,BP2,Select Epoch of Construction,RSH3,RMT1,,CR/LFM/CDL/H:4/BP2/RSH3+RMT1/RES,"https://www.google.com/maps/@?api=1&map_action=pano&viewpoint=38.70244872,-9.20458529&heading=337.6894379224282&pitch=5&fov=120"
664.0,38.69725050635007,-9.216772197013965,Portugal,Lisbon,MUR,LWAL,CDL,2,RES,BPD,Select Epoch of Construction,RSH2,RMT6,,MUR/LWAL/CDL/H:2/BPD/RSH2+RMT6/RES,"https://www.google.com/maps/@?api=1&map_action=pano&viewpoint=38.69725051,-9.2167722&heading=88.04285918641477&pitch=5&fov=120"
665.0,38.69748286948912,-9.192916049523774,Portugal,Lisbon,MCF,LWAL,CDL,3,MIX(RES;COM),BP2,Select Epoch of Construction,RSH2,RMT1,,MCF/LWAL/CDL/H:3/BP2/RSH2+RMT1/MIX(RES;COM),"https://www.google.com/maps/@?api=1&map_action=pano&viewpoint=38.69748287,-9.19291605&heading=50.217453362447145&pitch=5&fov=120"
666.0,38.69770581295973,-9.21161503002937,Portugal,Lisbon,MCF,LWAL,CDL,2,RES,BPD,Select Epoch of Construction,RSH3,RMT1,,MCF/LWAL/CDL/H:2/BPD/RSH3+RMT1/RES,"https://www.google.com/maps/@?api=1&map_action=pano&viewpoint=38.69770581,-9.21161503&heading=312.4923555950511&pitch=5&fov=120"
667.0,38.70208744459109,-9.217504107519604,Portugal,Lisbon,CR,LFM,CDH,2,GOV,BPD,Select Epoch of Construction,RSH3,RMT1,,CR/LFM/CDH/H:2/BPD/RSH3+RMT1/GOV,"https://www.google.com/maps/@?api=1&map_action=pano&viewpoint=38.70208744,-9.21750411&heading=181.74566159268636&pitch=5&fov=120"
668.0,38.69999155868206,-9.22290276692764,Portugal,Lisbon,,,,,,,Select Epoch of Construction,,,,H:Select Number of Stories,"https://www.google.com/maps/@?api=1&map_action=pano&viewpoint=38.69999156,-9.22290277&heading=122.72929482858336&pitch=5&fov=120"
669.0,38.70384124776413,-9.202888397839196,Portugal,Lisbon,MCF,LWAL,CDN,3,RES,BP1,Select Epoch of Construction,RSH2,RMT1,,MCF/LWAL/CDN/H:3/BP1/RSH2+RMT1/RES,"https://www.google.com/maps/@?api=1&map_action=pano&viewpoint=38.70384125,-9.2028884&heading=74.1946497888124&pitch=5&fov=120"
670.0,38.694973479239074,-9.218997688660185,Portugal,Lisbon,MUR,LWAL,CDL,2,RES,BP2,Select Epoch of Construction,RSH3,RMT1,,MUR/LWAL/CDL/H:2/BP2/RSH3+RMT1/RES,"https://www.google.com/maps/@?api=1&map_action=pano&viewpoint=38.69497348,-9.21899769&heading=195.62596993593763&pitch=5&fov=120"
671.0,38.7016125168409,-9.221576526196232,Portugal,Lisbon,,,,,,,Select Epoch of Construction,,,,H:Select Number of Stories,"https://www.google.com/maps/@?api=1&map_action=pano&viewpoint=38.70161252,-9.22157653&heading=121.9023371399129&pitch=5&fov=120"
672.0,38.70203979646503,-9.20599177306683,Portugal,Lisbon,MUR,LWAL,CDN,2,RES,BP2,Select Epoch of Construction,RSH2,RMT1,,MUR/LWAL/CDN/H:2/BP2/RSH2+RMT1/RES,"https://www.google.com/maps/@?api=1&map_action=pano&viewpoint=38.7020398,-9.20599177&heading=262.69432340951005&pitch=5&fov=120"
673.0,38.69765362326995,-9.20937348903034,Portugal,Lisbon,,,,,,,Select Epoch of Construction,,,,H:Select Number of Stories,"https://www.google.com/maps/@?api=1&map_action=pano&viewpoint=38.69765362,-9.20937349&heading=130.453443069596&pitch=5&fov=120"
674.0,38.69767509999999,-9.215704449999995,Portugal,Lisbon,MCF,LWAL,CDM,2,RES,BP1,Select Epoch of Construction,RSH2,RMT1,,MCF/LWAL/CDM/H:2/BP1/RSH2+RMT1/RES,"https://www.google.com/maps/@?api=1&map_action=pano&viewpoint=38.6976751,-9.21570445&heading=351.59158097855584&pitch=5&fov=120"
675.0,38.69430987555149,-9.202268655713915,Portugal,Lisbon,,,,,,,Select Epoch of Construction,,,,H:Select Number of Stories,
676.0,38.69464555243504,-9.213750529082136,Portugal,Lisbon,MCF,LWAL,CDN,2,RES,BP2,Select Epoch of Construction,RSH2,RMT1,,MCF/LWAL/CDN/H:2/BP2/RSH2+RMT1/RES,"https://www.google.com/maps/@?api=1&map_action=pano&viewpoint=38.69464555,-9.21375053&heading=149.09837594057404&pitch=5&fov=120"
677.0,38.697817124057245,-9.19714906381846,Portugal,Lisbon,CR,LFM,CDN,3,RES,BP2,Select Epoch of Construction,RSH2,RMT1,,CR/LFM/CDN/H:3/BP2/RSH2+RMT1/RES,"https://www.google.com/maps/@?api=1&map_action=pano&viewpoint=38.69781712,-9.19714906&heading=58.482907405938704&pitch=5&fov=120"
678.0,38.69517734974314,-9.218826573278102,Portugal,Lisbon,MUR,LWAL,CDL,2,RES,BP2,Select Epoch of Construction,RSH2,RMT1,,MUR/LWAL/CDL/H:2/BP2/RSH2+RMT1/RES,"https://www.google.com/maps/@?api=1&map_action=pano&viewpoint=38.69517735,-9.21882657&heading=15.626076914551732&pitch=5&fov=120"
679.0,38.69946054584663,-9.215205481956367,Portugal,Lisbon,,,,,,,Select Epoch of Construction,,,,H:Select Number of Stories,"https://www.google.com/maps/@?api=1&map_action=pano&viewpoint=38.69946055,-9.21520548&heading=357.05072229248526&pitch=5&fov=120"
680.0,38.69975223199085,-9.220101570841434,Portugal,Lisbon,CR,LFINF,CDM,2,RES,BP2,Select Epoch of Construction,RSH3,RMT1,,CR/LFINF/CDM/H:2/BP2/RSH3+RMT1/RES,"https://www.google.com/maps/@?api=1&map_action=pano&viewpoint=38.69975223,-9.22010157&heading=212.01130356956708&pitch=5&fov=120"
681.0,38.695826834670406,-9.219189487538102,Portugal,Lisbon,CR,LFM,CDM,4,MIX(RES;COM),BP2,Select Epoch of Construction,RSH2,RMT1,,CR/LFM/CDM/H:4/BP2/RSH2+RMT1/MIX(RES;COM),"https://www.google.com/maps/@?api=1&map_action=pano&viewpoint=38.69582683,-9.21918949&heading=171.32754389807474&pitch=5&fov=120"
682.0,38.6997982576608,-9.222406578849233,Portugal,Lisbon,,,,,,,Select Epoch of Construction,,,,H:Select Number of Stories,"https://www.google.com/maps/@?api=1&map_action=pano&viewpoint=38.69979826,-9.22240658&heading=302.1669753047405&pitch=5&fov=120"
683.0,38.69801534488723,-9.219736463714735,Portugal,Lisbon,MCF,LWAL,CDN,2,RES,BP1,Select Epoch of Construction,RSH2,RMT1,,MCF/LWAL/CDN/H:2/BP1/RSH2+RMT1/RES,"https://www.google.com/maps/@?api=1&map_action=pano&viewpoint=38.69801534,-9.21973646&heading=287.5721338619012&pitch=5&fov=120"
684.0,38.7014607904628,-9.217834506406524,Portugal,Lisbon,CR,LFM,CDH,1,EDU,BPD,Select Epoch of Construction,RSH1,RMN,,CR/LFM/CDH/H:1/BPD/RSH1+RMN/EDU,"https://www.google.com/maps/@?api=1&map_action=pano&viewpoint=38.70146079,-9.21783451&heading=24.87191098429895&pitch=5&fov=120"
685.0,38.702551518859856,-9.203574590594704,Portugal,Lisbon,MCF,LWAL,CDM,1,RES,BPD,Select Epoch of Construction,RSH1,RMN,,MCF/LWAL/CDM/H:1/BPD/RSH1+RMN/RES,"https://www.google.com/maps/@?api=1&map_action=pano&viewpoint=38.70255152,-9.20357459&heading=357.33339617160937&pitch=5&fov=120"
686.0,38.69804921083731,-9.224630122327303,Portugal,Lisbon,CR,LFM,CDM,1,COM,BPD,Select Epoch of Construction,RSH1,RMN,,CR/LFM/CDM/H:1/BPD/RSH1+RMN/COM,"https://www.google.com/maps/@?api=1&map_action=pano&viewpoint=38.69804921,-9.22463012&heading=172.34936442553385&pitch=5&fov=120"
687.0,38.69615565365746,-9.214214638263464,Portugal,Lisbon,,,,,,,Select Epoch of Construction,,,,H:Select Number of Stories,"https://www.google.com/maps/@?api=1&map_action=pano&viewpoint=38.69615565,-9.21421464&heading=305.2678826151214&pitch=5&fov=120"
688.0,38.70041398874832,-9.21626008473188,Portugal,Lisbon,CR,LFINF,CDM,3,RES,BPD,Select Epoch of Construction,RSH3,RMT1,,CR/LFINF/CDM/H:3/BPD/RSH3+RMT1/RES,"https://www.google.com/maps/@?api=1&map_action=pano&viewpoint=38.70041399,-9.21626008&heading=198.45191022503332&pitch=5&fov=120"
689.0,38.70129037467512,-9.204729549260954,Portugal,Lisbon,CR,LFM,CDH,2,RES,BP1,Select Epoch of Construction,RSH1,RMN,,CR/LFM/CDH/H:2/BP1/RSH1+RMN/RES,"https://www.google.com/maps/@?api=1&map_action=pano&viewpoint=38.70129037,-9.20472955&heading=179.26002919282269&pitch=5&fov=120"
690.0,38.70224146897996,-9.205634387788171,Portugal,Lisbon,MUR,LWAL,CDN,1,RES,BP2,Select Epoch of Construction,RSH3,RMT1,,MUR/LWAL/CDN/H:1/BP2/RSH3+RMT1/RES,"https://www.google.com/maps/@?api=1&map_action=pano&viewpoint=38.70224147,-9.20563439&heading=114.70338333965412&pitch=5&fov=120"
691.0,38.70007529056244,-9.21912854043549,Portugal,Lisbon,,,,,,,Select Epoch of Construction,,,,H:Select Number of Stories,"https://www.google.com/maps/@?api=1&map_action=pano&viewpoint=38.70007529,-9.21912854&heading=212.12469452343515&pitch=5&fov=120"
692.0,38.70125059999999,-9.205787700000002,Portugal,Lisbon,MUR,LWAL,CDN,1,RES,BP1,Select Epoch of Construction,RSH2,RMT1,,MUR/LWAL/CDN/H:1/BP1/RSH2+RMT1/RES,"https://www.google.com/maps/@?api=1&map_action=pano&viewpoint=38.7012506,-9.2057877&heading=319.709108785843&pitch=5&fov=120"
693.0,38.69606833155732,-9.210810096287515,Portugal,Lisbon,CR,LFM,CDH,8.0-9.0,MIX(RES;COM),BPD,Select Epoch of Construction,RSH1,RMN,,CR/LFM/CDH/H:8-9/BPD/RSH1+RMN/MIX(RES;COM),"https://www.google.com/maps/@?api=1&map_action=pano&viewpoint=38.69606833,-9.2108101&heading=308.25016375198857&pitch=5&fov=120"
694.0,38.696242491875786,-9.212639178844652,Portugal,Lisbon,,,,,,,Select Epoch of Construction,,,,H:Select Number of Stories,"https://www.google.com/maps/@?api=1&map_action=pano&viewpoint=38.69624249,-9.21263918&heading=321.1646395009102&pitch=5&fov=120"
695.0,38.700779815218645,-9.204285839479876,Portugal,Lisbon,,,,,,,Select Epoch of Construction,,,,H:Select Number of Stories,"https://www.google.com/maps/@?api=1&map_action=pano&viewpoint=38.70077982,-9.20428584&heading=231.45158869355305&pitch=5&fov=120"
696.0,38.6994145,-9.2209788,Portugal,Lisbon,MCF,LWAL,CDN,2,RES,BPD,Select Epoch of Construction,RSH2,RMT1,,MCF/LWAL/CDN/H:2/BPD/RSH2+RMT1/RES,"https://www.google.com/maps/@?api=1&map_action=pano&viewpoint=38.6994145,-9.2209788&heading=211.4803969962971&pitch=5&fov=120"
697.0,38.69380270708936,-9.206794669408945,Portugal,Lisbon,,,,,,,Select Epoch of Construction,,,,H:Select Number of Stories,"https://www.google.com/maps/@?api=1&map_action=pano&viewpoint=38.69380271,-9.20679467&heading=150&pitch=5&fov=120"
698.0,38.696584227594656,-9.217216809261854,Portugal,Lisbon,MCF,LWAL,CDL,2,RES,BP2,Select Epoch of Construction,RSH2,RMT1,,MCF/LWAL/CDL/H:2/BP2/RSH2+RMT1/RES,"https://www.google.com/maps/@?api=1&map_action=pano&viewpoint=38.69658423,-9.21721681&heading=89.37860845460983&pitch=5&fov=120"
699.0,38.69770274999999,-9.2157966,Portugal,Lisbon,MCF,LWAL,CDL,2,RES,BP1,Select Epoch of Construction,RSH3,RMT1,,MCF/LWAL/CDL/H:2/BP1/RSH3+RMT1/RES,"https://www.google.com/maps/@?api=1&map_action=pano&viewpoint=38.69770275,-9.2157966&heading=351.59152336365366&pitch=5&fov=120"
700.0,38.69763266674932,-9.217235596998384,Portugal,Lisbon,MCF,LWAL,CDL,2,RES,BP2,Select Epoch of Construction,RSH2,RMT1,,MCF/LWAL/CDL/H:2/BP2/RSH2+RMT1/RES,"https://www.google.com/maps/@?api=1&map_action=pano&viewpoint=38.69763267,-9.2172356&heading=92.72234711427063&pitch=5&fov=120"
701.0,38.695573222327006,-9.215887659241462,Portugal,Lisbon,CR,LFINF,CDM,3,RES,BP1,Select Epoch of Construction,RSH1,RMN,,CR/LFINF/CDM/H:3/BP1/RSH1+RMN/RES,"https://www.google.com/maps/@?api=1&map_action=pano&viewpoint=38.69557322,-9.21588766&heading=76.9060856733189&pitch=5&fov=120"
702.0,38.69797857278516,-9.197810689092831,Portugal,Lisbon,CR,LFM,CDL,3,MIX(RES;COM),BP2,Select Epoch of Construction,RSH1,RMN,,CR/LFM/CDL/H:3/BP2/RSH1+RMN/MIX(RES;COM),"https://www.google.com/maps/@?api=1&map_action=pano&viewpoint=38.69797857,-9.19781069&heading=327.54580763873764&pitch=5&fov=120"
703.0,38.69940630000001,-9.204291949999998,Portugal,Lisbon,MUR,LWAL,CDL,2,RES,BP1,Select Epoch of Construction,RSH3,RMT1,,MUR/LWAL/CDL/H:2/BP1/RSH3+RMT1/RES,"https://www.google.com/maps/@?api=1&map_action=pano&viewpoint=38.6994063,-9.20429195&heading=121.76989358810584&pitch=5&fov=120"
704.0,38.6988001,-9.2134212,Portugal,Lisbon,,,,,,,Select Epoch of Construction,,,,H:Select Number of Stories,"https://www.google.com/maps/@?api=1&map_action=pano&viewpoint=38.6988001,-9.2134212&heading=257.4615064186002&pitch=5&fov=120"
705.0,38.70164711711432,-9.205081974144834,Portugal,Lisbon,MCF,LWAL,CDL,2,RES,BP1,Select Epoch of Construction,RSH2,RMT1,,MCF/LWAL/CDL/H:2/BP1/RSH2+RMT1/RES,"https://www.google.com/maps/@?api=1&map_action=pano&viewpoint=38.70164712,-9.20508197&heading=350.2416022297567&pitch=5&fov=120"
706.0,38.697820999222486,-9.197053650615311,Portugal,Lisbon,CR,LFM,CDL,3,MIX(RES;COM),BP2,Select Epoch of Construction,RSH2,RMT1,,CR/LFM/CDL/H:3/BP2/RSH2+RMT1/MIX(RES;COM),"https://www.google.com/maps/@?api=1&map_action=pano&viewpoint=38.697821,-9.19705365&heading=147.7095266826255&pitch=5&fov=120"
707.0,38.70200913252735,-9.20573432469316,Portugal,Lisbon,MUR,LWAL,CDN,2,RES,BP1,Select Epoch of Construction,RSH2,RMT1,,MUR/LWAL/CDN/H:2/BP1/RSH2+RMT1/RES,"https://www.google.com/maps/@?api=1&map_action=pano&viewpoint=38.70200913,-9.20573432&heading=8.6663707809289&pitch=5&fov=120"
708.0,38.69235863146904,-9.213200938205924,Portugal,Lisbon,,,,,,,Select Epoch of Construction,,,,H:Select Number of Stories,"https://www.google.com/maps/@?api=1&map_action=pano&viewpoint=38.69235863,-9.21320094&heading=319.2822390256073&pitch=5&fov=120"
709.0,38.69394045,-9.217989,Portugal,Lisbon,CR,LFINF,CDM,2,MIX(RES;COM),BP1,Select Epoch of Construction,RSH1,RMN,,CR/LFINF/CDM/H:2/BP1/RSH1+RMN/MIX(RES;COM),"https://www.google.com/maps/@?api=1&map_action=pano&viewpoint=38.69394045,-9.217989&heading=320.1600487971291&pitch=5&fov=120"
710.0,38.701320567403386,-9.20217092907628,Portugal,Lisbon,,,,,,,Select Epoch of Construction,,,,H:Select Number of Stories,"https://www.google.com/maps/@?api=1&map_action=pano&viewpoint=38.70132057,-9.20217093&heading=170.9705893793364&pitch=5&fov=120"
711.0,38.697758400000005,-9.211726400000002,Portugal,Lisbon,MCF,LWAL,CDL,2,RES,BPD,Select Epoch of Construction,RSH3,RMT1,,MCF/LWAL/CDL/H:2/BPD/RSH3+RMT1/RES,"https://www.google.com/maps/@?api=1&map_action=pano&viewpoint=38.6977584,-9.2117264&heading=312.49228596592343&pitch=5&fov=120"
712.0,38.69980477043055,-9.218294614655644,Portugal,Lisbon,MCF,LWAL,CDL,2,RES,BP1,Select Epoch of Construction,RSH3,RMT1,,MCF/LWAL/CDL/H:2/BP1/RSH3+RMT1/RES,"https://www.google.com/maps/@?api=1&map_action=pano&viewpoint=38.69980477,-9.21829461&heading=203.16743337488845&pitch=5&fov=120"
713.0,38.70026339413457,-9.217878327035558,Portugal,Lisbon,CR,LFINF,CDL,2,RES,BPD,Select Epoch of Construction,RSH3,RMT1,,CR/LFINF/CDL/H:2/BPD/RSH3+RMT1/RES,"https://www.google.com/maps/@?api=1&map_action=pano&viewpoint=38.70026339,-9.21787833&heading=296.3195862445556&pitch=5&fov=120"
714.0,38.70088908848124,-9.22325074482378,Portugal,Lisbon,,,,,,,Select Epoch of Construction,,,,H:Select Number of Stories,"https://www.google.com/maps/@?api=1&map_action=pano&viewpoint=38.70088909,-9.22325074&heading=123.32079744654027&pitch=5&fov=120"
715.0,38.69908010271745,-9.21871141267262,Portugal,Lisbon,MUR,LWAL,CDL,2,RES,BP1,Select Epoch of Construction,RSH2,RMT1,,MUR/LWAL/CDL/H:2/BP1/RSH2+RMT1/RES,"https://www.google.com/maps/@?api=1&map_action=pano&viewpoint=38.6990801,-9.21871141&heading=289.3907644628014&pitch=5&fov=120"
716.0,38.69596588206738,-9.219615058803422,Portugal,Lisbon,CR,LFINF,CDL,4,RES,BPD,Select Epoch of Construction,RSH3,RMT1,,CR/LFINF/CDL/H:4/BPD/RSH3+RMT1/RES,"https://www.google.com/maps/@?api=1&map_action=pano&viewpoint=38.69596588,-9.21961506&heading=264.08354886559175&pitch=5&fov=120"
717.0,38.69951595988497,-9.220421280478623,Portugal,Lisbon,,,,,,,Select Epoch of Construction,,,,H:Select Number of Stories,"https://www.google.com/maps/@?api=1&map_action=pano&viewpoint=38.69951596,-9.22042128&heading=31.51953123960675&pitch=5&fov=120"
718.0,38.69518126532159,-9.214012954336276,Portugal,Lisbon,CR,LFM,CDM,4,MIX(RES;COM),BP2,Select Epoch of Construction,RSH1,RMN,,CR/LFM/CDM/H:4/BP2/RSH1+RMN/MIX(RES;COM),"https://www.google.com/maps/@?api=1&map_action=pano&viewpoint=38.69518127,-9.21401295&heading=323.8997115915388&pitch=5&fov=120"
719.0,38.69868074118308,-9.217814211250346,Portugal,Lisbon,,,,,,,Select Epoch of Construction,,,,H:Select Number of Stories,"https://www.google.com/maps/@?api=1&map_action=pano&viewpoint=38.69868074,-9.21781421&heading=13.160062581447164&pitch=5&fov=120"
720.0,38.70408732934998,-9.203499504238923,Portugal,Lisbon,CR,LFINF,CDL,3,RES,BP2,Select Epoch of Construction,RSH1,RMN,,CR/LFINF/CDL/H:3/BP2/RSH1+RMN/RES,"https://www.google.com/maps/@?api=1&map_action=pano&viewpoint=38.70408733,-9.2034995&heading=343.40241340774224&pitch=5&fov=120"
721.0,38.69732059538939,-9.218835386503384,Portugal,Lisbon,MCF,LWAL,CDL,2,RES,BP1,Select Epoch of Construction,RSH2,RMT1,,MCF/LWAL/CDL/H:2/BP1/RSH2+RMT1/RES,"https://www.google.com/maps/@?api=1&map_action=pano&viewpoint=38.6973206,-9.21883539&heading=100.34365053302258&pitch=5&fov=120"
722.0,38.7001161,-9.218506550000004,Portugal,Lisbon,,,,,,,Select Epoch of Construction,,,,H:Select Number of Stories,"https://www.google.com/maps/@?api=1&map_action=pano&viewpoint=38.7001161,-9.21850655&heading=28.71370932413248&pitch=5&fov=120"
723.0,38.70049531057557,-9.200320748203945,Portugal,Lisbon,CR,LFINF,CDL,3,RES,BPD,Select Epoch of Construction,RSH3,RMT1,,CR/LFINF/CDL/H:3/BPD/RSH3+RMT1/RES,"https://www.google.com/maps/@?api=1&map_action=pano&viewpoint=38.70049531,-9.20032075&heading=111.64103916648003&pitch=5&fov=120"
724.0,38.69878218121815,-9.210862035155683,Portugal,Lisbon,,,,,,,Select Epoch of Construction,,,,H:Select Number of Stories,"https://www.google.com/maps/@?api=1&map_action=pano&viewpoint=38.69878218,-9.21086204&heading=310.8007265690344&pitch=5&fov=120"
725.0,38.69785755087852,-9.195119895479529,Portugal,Lisbon,CR,LWAL,CDN,2,RES,BPD,Select Epoch of Construction,RSH2,RMT1,,CR/LWAL/CDN/H:2/BPD/RSH2+RMT1/RES,"https://www.google.com/maps/@?api=1&map_action=pano&viewpoint=38.69785755,-9.1951199&heading=212.4674103903044&pitch=5&fov=120"
726.0,38.69864659653954,-9.196744824252235,Portugal,Lisbon,,,,,,,Select Epoch of Construction,,,,H:Select Number of Stories,
727.0,38.701384124117816,-9.199372742189649,Portugal,Lisbon,CR,LFM,CDM,4,MIX(RES;COM),BPD,Select Epoch of Construction,RSH1,RMN,,CR/LFM/CDM/H:4/BPD/RSH1+RMN/MIX(RES;COM),"https://www.google.com/maps/@?api=1&map_action=pano&viewpoint=38.70138412,-9.19937274&heading=153.99646145750063&pitch=5&fov=120"
728.0,38.700031608066695,-9.222503720846364,Portugal,Lisbon,CR,LFM,CDM,2,RES,BPD,Select Epoch of Construction,RSH3,RMT1,,CR/LFM/CDM/H:2/BPD/RSH3+RMT1/RES,"https://www.google.com/maps/@?api=1&map_action=pano&viewpoint=38.70003161,-9.22250372&heading=122.17647186387228&pitch=5&fov=120"
729.0,38.6994609711592,-9.212862125488082,Portugal,Lisbon,,,,,,,Select Epoch of Construction,,,,H:Select Number of Stories,"https://www.google.com/maps/@?api=1&map_action=pano&viewpoint=38.69946097,-9.21286213&heading=143.90816089905314&pitch=5&fov=120"
730.0,38.69424816740753,-9.224079300678614,Portugal,Lisbon,,,,,,,Select Epoch of Construction,,,,H:Select Number of Stories,
731.0,38.69582757386233,-9.219681707152375,Portugal,Lisbon,CR,LFINF,CDL,4,RES,BP1,Select Epoch of Construction,RSH2,RMT1,,CR/LFINF/CDL/H:4/BP1/RSH2+RMT1/RES,"https://www.google.com/maps/@?api=1&map_action=pano&viewpoint=38.69582757,-9.21968171&heading=18.309005206597533&pitch=5&fov=120"
732.0,38.70099820292232,-9.223058651043532,Portugal,Lisbon,MCF,LWAL,CDL,2,RES,BPD,Select Epoch of Construction,RSH3,RMT1,,MCF/LWAL/CDL/H:2/BPD/RSH3+RMT1/RES,"https://www.google.com/maps/@?api=1&map_action=pano&viewpoint=38.7009982,-9.22305865&heading=121.4809536348269&pitch=5&fov=120"
733.0,38.698534443185,-9.220141764737823,Portugal,Lisbon,MCF,LWAL,CDL,2,RES,BP2,Select Epoch of Construction,RSH2,RMT1,,MCF/LWAL/CDL/H:2/BP2/RSH2+RMT1/RES,"https://www.google.com/maps/@?api=1&map_action=pano&viewpoint=38.69853444,-9.22014176&heading=292.4219960213893&pitch=5&fov=120"
734.0,38.70063786178604,-9.200363861119737,Portugal,Lisbon,CR,LFINF,CDH,4,RES,BPD,Select Epoch of Construction,RSH1,RMN,,CR/LFINF/CDH/H:4/BPD/RSH1+RMN/RES,"https://www.google.com/maps/@?api=1&map_action=pano&viewpoint=38.70063786,-9.20036386&heading=291.6410122050754&pitch=5&fov=120"
735.0,38.69815289122969,-9.215270334730963,Portugal,Lisbon,CR,LFINF,CDL,2,RES,BPD,Select Epoch of Construction,RSH3,RMT1,,CR/LFINF/CDL/H:2/BPD/RSH3+RMT1/RES,"https://www.google.com/maps/@?api=1&map_action=pano&viewpoint=38.69815289,-9.21527033&heading=168.459928244561&pitch=5&fov=120"
736.0,38.69684470023408,-9.21744510926808,Portugal,Lisbon,MCF,LWAL,CDL,2,RES,BP2,Select Epoch of Construction,RSH3,RMT1,,MCF/LWAL/CDL/H:2/BP2/RSH3+RMT1/RES,"https://www.google.com/maps/@?api=1&map_action=pano&viewpoint=38.6968447,-9.21744511&heading=90.52228413207479&pitch=5&fov=120"
737.0,38.697311548128106,-9.192947943740648,Portugal,Lisbon,MCF,LWAL,CDL,2,RES,BP1,Select Epoch of Construction,RSH2,RMT1,,MCF/LWAL/CDL/H:2/BP1/RSH2+RMT1/RES,"https://www.google.com/maps/@?api=1&map_action=pano&viewpoint=38.69731155,-9.19294794&heading=59.63552268574341&pitch=5&fov=120"
738.0,38.69722969212714,-9.195296554093812,Portugal,Lisbon,CR,LFINF,CDL,3,RES,BP1,Select Epoch of Construction,RSH3,RMT1,,CR/LFINF/CDL/H:3/BP1/RSH3+RMT1/RES,"https://www.google.com/maps/@?api=1&map_action=pano&viewpoint=38.69722969,-9.19529655&heading=245.9994988997252&pitch=5&fov=120"
739.0,38.70046877043032,-9.217492097992356,Portugal,Lisbon,,,,,,,Select Epoch of Construction,,,,H:Select Number of Stories,"https://www.google.com/maps/@?api=1&map_action=pano&viewpoint=38.70046877,-9.2174921&heading=295.24649136935636&pitch=5&fov=120"
740.0,38.70178191095497,-9.206207728537583,Portugal,Lisbon,CR,LFM,CDM,4,RES,BP2,Select Epoch of Construction,RSH3,RMT1,,CR/LFM/CDM/H:4/BP2/RSH3+RMT1/RES,"https://www.google.com/maps/@?api=1&map_action=pano&viewpoint=38.70178191,-9.20620773&heading=48.06087804435191&pitch=5&fov=120"
741.0,38.699049640602055,-9.213548415990235,Portugal,Lisbon,CR,LFINF,CDM,2,RES,BPD,Select Epoch of Construction,RSH3,RMT1,,CR/LFINF/CDM/H:2/BPD/RSH3+RMT1/RES,"https://www.google.com/maps/@?api=1&map_action=pano&viewpoint=38.69904964,-9.21354842&heading=232.4323233121138&pitch=5&fov=120"
742.0,38.70185316290321,-9.203904384701277,Portugal,Lisbon,CR,LFM,CDM,6.0-7.0,RES,BP2,Select Epoch of Construction,RSH2,RMT1,,CR/LFM/CDM/H:6-7/BP2/RSH2+RMT1/RES,"https://www.google.com/maps/@?api=1&map_action=pano&viewpoint=38.70185316,-9.20390438&heading=311.6556927052965&pitch=5&fov=120"
743.0,38.7013619428748,-9.21624071747932,Portugal,Lisbon,CR,LFINF,CDL,2,RES,BPD,Select Epoch of Construction,RSH2,RMT1,,CR/LFINF/CDL/H:2/BPD/RSH2+RMT1/RES,"https://www.google.com/maps/@?api=1&map_action=pano&viewpoint=38.70136194,-9.21624072&heading=30.51814333372829&pitch=5&fov=120"
744.0,38.69724655675992,-9.21720020546479,Portugal,Lisbon,,,,,,,Select Epoch of Construction,,,,H:Select Number of Stories,"https://www.google.com/maps/@?api=1&map_action=pano&viewpoint=38.69724656,-9.21720021&heading=92.83035896040252&pitch=5&fov=120"
745.0,38.69857828253205,-9.217657341039349,Portugal,Lisbon,MCF,LWAL,CDL,2,RES,BP2,Select Epoch of Construction,RSH2,RMT1,,MCF/LWAL/CDL/H:2/BP2/RSH2+RMT1/RES,"https://www.google.com/maps/@?api=1&map_action=pano&viewpoint=38.69857828,-9.21765734&heading=11.752045979484024&pitch=5&fov=120"
746.0,38.69928075000001,-9.2214864,Portugal,Lisbon,,,,,,,Select Epoch of Construction,,,,H:Select Number of Stories,"https://www.google.com/maps/@?api=1&map_action=pano&viewpoint=38.69928075,-9.2214864&heading=212.11215739660548&pitch=5&fov=120"
747.0,38.695331362366,-9.209167340549977,Portugal,Lisbon,,,,,,,Select Epoch of Construction,,,,H:Select Number of Stories,"https://www.google.com/maps/@?api=1&map_action=pano&viewpoint=38.69533136,-9.20916734&heading=42.23525500468759&pitch=5&fov=120"
748.0,38.694591166764326,-9.212677008844809,Portugal,Lisbon,MCF,LWAL,CDL,3,RES,BP2,Select Epoch of Construction,RSH2,RMT1,,MCF/LWAL/CDL/H:3/BP2/RSH2+RMT1/RES,"https://www.google.com/maps/@?api=1&map_action=pano&viewpoint=38.69459117,-9.21267701&heading=311.0286804504203&pitch=5&fov=120"
749.0,38.70074752872595,-9.22367295971124,Portugal,Lisbon,,,,,,,Select Epoch of Construction,,,,H:Select Number of Stories,"https://www.google.com/maps/@?api=1&map_action=pano&viewpoint=38.70074753,-9.22367296&heading=122.85476921859441&pitch=5&fov=120"
750.0,38.7042968647651,-9.224408170289204,Portugal,Lisbon,,,,,,,Select Epoch of Construction,,,,H:Select Number of Stories,"https://www.google.com/maps/@?api=1&map_action=pano&viewpoint=38.70429686,-9.22440817&heading=104.85858193409962&pitch=5&fov=120"
751.0,38.69888490299429,-9.21700336812771,Portugal,Lisbon,,,,,,,Select Epoch of Construction,,,,H:Select Number of Stories,"https://www.google.com/maps/@?api=1&map_action=pano&viewpoint=38.6988849,-9.21700337&heading=188.33999480004587&pitch=5&fov=120"
752.0,38.69514518265616,-9.214544765838257,Portugal,Lisbon,CR,LFINF,CDL,4,MIX(RES;COM),BP1,Select Epoch of Construction,RSH6,RMT1,,CR/LFINF/CDL/H:4/BP1/RSH6+RMT1/MIX(RES;COM),"https://www.google.com/maps/@?api=1&map_action=pano&viewpoint=38.69514518,-9.21454477&heading=327.95973139556463&pitch=5&fov=120"
753.0,38.70041235,-9.212838749999998,Portugal,Lisbon,MUR,LWAL,CDL,1,RES,BPD,Select Epoch of Construction,RSH3,RMT1,,MUR/LWAL/CDL/H:1/BPD/RSH3+RMT1/RES,"https://www.google.com/maps/@?api=1&map_action=pano&viewpoint=38.70041235,-9.21283875&heading=139.2807579772363&pitch=5&fov=120"
754.0,38.69551338240592,-9.21118543511506,Portugal,Lisbon,CR,LFM,CDM,3,EDU,BP2,Select Epoch of Construction,RSH1,RMN,,CR/LFM/CDM/H:3/BP2/RSH1+RMN/EDU,"https://www.google.com/maps/@?api=1&map_action=pano&viewpoint=38.69551338,-9.21118544&heading=128.78276836582563&pitch=5&fov=120"
755.0,38.69905184263907,-9.22048868751021,Portugal,Lisbon,MCF,LWAL,CDL,2,RES,BP2,Select Epoch of Construction,RSH2,RMT1,,MCF/LWAL/CDL/H:2/BP2/RSH2+RMT1/RES,"https://www.google.com/maps/@?api=1&map_action=pano&viewpoint=38.69905184,-9.22048869&heading=298.4698207834906&pitch=5&fov=120"
756.0,38.69510319662865,-9.21915922923142,Portugal,Lisbon,MCF,LWAL,CDL,3,RES,BP1,Select Epoch of Construction,RSH2,RMT1,,MCF/LWAL/CDL/H:3/BP1/RSH2+RMT1/RES,"https://www.google.com/maps/@?api=1&map_action=pano&viewpoint=38.6951032,-9.21915923&heading=195.62586893548348&pitch=5&fov=120"
757.0,38.69886551595711,-9.217564143856544,Portugal,Lisbon,MCF,LWAL,CDL,2,RES,BP2,Select Epoch of Construction,RSH2,RMT1,,MCF/LWAL/CDL/H:2/BP2/RSH2+RMT1/RES,"https://www.google.com/maps/@?api=1&map_action=pano&viewpoint=38.69886552,-9.21756414&heading=103.84201458269018&pitch=5&fov=120"
758.0,38.70131994279848,-9.222384584180078,Portugal,Lisbon,CR,LFINF,CDM,2,RES,BP1,Select Epoch of Construction,RSH2,RMT1,,CR/LFINF/CDM/H:2/BP1/RSH2+RMT1/RES,"https://www.google.com/maps/@?api=1&map_action=pano&viewpoint=38.70131994,-9.22238458&heading=31.86552189470433&pitch=5&fov=120"
759.0,38.70183503610384,-9.218082462266748,Portugal,Lisbon,,,,,,,Select Epoch of Construction,,,,H:Select Number of Stories,"https://www.google.com/maps/@?api=1&map_action=pano&viewpoint=38.70183504,-9.21808246&heading=120.57916598824517&pitch=5&fov=120"
760.0,38.69579932546196,-9.217986036354986,Portugal,Lisbon,MCF,LWAL,CDL,2,RES,BPD,Select Epoch of Construction,RSH3,RMT1,,MCF/LWAL/CDL/H:2/BPD/RSH3+RMT1/RES,"https://www.google.com/maps/@?api=1&map_action=pano&viewpoint=38.69579933,-9.21798604&heading=80.94335095048882&pitch=5&fov=120"
761.0,38.6969146807736,-9.220975461813122,Portugal,Lisbon,CR,LFINF,CDL,3,RES,BPD,Select Epoch of Construction,RSH3,RMT1,,CR/LFINF/CDL/H:3/BPD/RSH3+RMT1/RES,"https://www.google.com/maps/@?api=1&map_action=pano&viewpoint=38.69691468,-9.22097546&heading=225.27433497852536&pitch=5&fov=120"
762.0,38.69853176486501,-9.207513971161218,Portugal,Lisbon,,,,,,,Select Epoch of Construction,,,,H:Select Number of Stories,"https://www.google.com/maps/@?api=1&map_action=pano&viewpoint=38.69853176,-9.20751397&heading=312.2976243076848&pitch=5&fov=120"
763.0,38.70134897399624,-9.217109454819289,Portugal,Lisbon,,,,,,,Select Epoch of Construction,,,,H:Select Number of Stories,"https://www.google.com/maps/@?api=1&map_action=pano&viewpoint=38.70134897,-9.21710945&heading=216.2912959124625&pitch=5&fov=120"
764.0,38.69688761145365,-9.198704946643163,Portugal,Lisbon,CR,LDUAL,CDH,2,COM,BPD,Select Epoch of Construction,RSH1,RMN,,CR/LDUAL/CDH/H:2/BPD/RSH1+RMN/COM,"https://www.google.com/maps/@?api=1&map_action=pano&viewpoint=38.69688761,-9.19870495&heading=52.876963278284165&pitch=5&fov=120"
765.0,38.70034112176207,-9.223621916652384,Portugal,Lisbon,CR,LFM,CDH,2,GOV,BPD,Select Epoch of Construction,RSH1,RMN,,CR/LFM/CDH/H:2/BPD/RSH1+RMN/GOV,"https://www.google.com/maps/@?api=1&map_action=pano&viewpoint=38.70034112,-9.22362192&heading=302.50161506116274&pitch=5&fov=120"
766.0,38.70153438102462,-9.215832007675646,Portugal,Lisbon,CR,LFM,CDH,2,RES,BPD,Select Epoch of Construction,RSH2,RMT1,,CR/LFM/CDH/H:2/BPD/RSH2+RMT1/RES,"https://www.google.com/maps/@?api=1&map_action=pano&viewpoint=38.70153438,-9.21583201&heading=209.88868259591112&pitch=5&fov=120"
767.0,38.696559822176376,-9.218608527287572,Portugal,Lisbon,MCF,LWAL,CDL,2,RES,BP2,Select Epoch of Construction,RSH3,RMT1,,MCF/LWAL/CDL/H:2/BP2/RSH3+RMT1/RES,"https://www.google.com/maps/@?api=1&map_action=pano&viewpoint=38.69655982,-9.21860853&heading=96.80600835501832&pitch=5&fov=120"
768.0,38.699820227202544,-9.220588237326282,Portugal,Lisbon,MCF,LWAL,CDL,2,RES,BP2,Select Epoch of Construction,RSH3,RMT1,,MCF/LWAL/CDL/H:2/BP2/RSH3+RMT1/RES,"https://www.google.com/maps/@?api=1&map_action=pano&viewpoint=38.69982023,-9.22058824&heading=31.980178341632552&pitch=5&fov=120"
769.0,38.6978238429789,-9.217091712206532,Portugal,Lisbon,MCF,LWAL,CDL,2,RES,BP2,Select Epoch of Construction,RSH3,RMT1,,MCF/LWAL/CDL/H:2/BP2/RSH3+RMT1/RES,"https://www.google.com/maps/@?api=1&map_action=pano&viewpoint=38.69782384,-9.21709171&heading=92.97829940365654&pitch=5&fov=120"
770.0,38.70232355,-9.219383249999998,Portugal,Lisbon,,,,,,,Select Epoch of Construction,,,,H:Select Number of Stories,"https://www.google.com/maps/@?api=1&map_action=pano&viewpoint=38.70232355,-9.21938325&heading=34.21456689917943&pitch=5&fov=120"
771.0,38.69755586876823,-9.201309487036728,Portugal,Lisbon,MCF,LWAL,CDL,3,COM,BP2,Select Epoch of Construction,RSH2,RMT1,,MCF/LWAL/CDL/H:3/BP2/RSH2+RMT1/COM,"https://www.google.com/maps/@?api=1&map_action=pano&viewpoint=38.69755587,-9.20130949&heading=233.3625151447929&pitch=5&fov=120"
772.0,38.70327188579266,-9.217374741243413,Portugal,Lisbon,,,,,,,Select Epoch of Construction,,,,H:Select Number of Stories,"https://www.google.com/maps/@?api=1&map_action=pano&viewpoint=38.70327189,-9.21737474&heading=259.7832601112452&pitch=5&fov=120"
773.0,38.69830339375772,-9.191825758255634,Portugal,Lisbon,CR,LFM,CDM,4,MIX(RES;COM),BP2,Select Epoch of Construction,RSH1,RMN,,CR/LFM/CDM/H:4/BP2/RSH1+RMN/MIX(RES;COM),"https://www.google.com/maps/@?api=1&map_action=pano&viewpoint=38.69830339,-9.19182576&heading=204.2164666849888&pitch=5&fov=120"
774.0,38.69438222166424,-9.2065251954525,Portugal,Lisbon,,,,,,,Select Epoch of Construction,,,,H:Select Number of Stories,"https://www.google.com/maps/@?api=1&map_action=pano&viewpoint=38.69438222,-9.2065252&heading=136.9460377203486&pitch=5&fov=120"
775.0,38.6992029862429,-9.192826075409387,Portugal,Lisbon,,,,,,,Select Epoch of Construction,,,,H:Select Number of Stories,"https://www.google.com/maps/@?api=1&map_action=pano&viewpoint=38.69920299,-9.19282608&heading=211.5658744489835&pitch=5&fov=120"
776.0,38.70011134300657,-9.202140577882426,Portugal,Lisbon,,,,,,,Select Epoch of Construction,,,,H:Select Number of Stories,"https://www.google.com/maps/@?api=1&map_action=pano&viewpoint=38.70011134,-9.20214058&heading=150&pitch=5&fov=120"
777.0,38.700135454903474,-9.225607108985534,Portugal,Lisbon,CR,LFINF,CDL,3,RES,BP2,Select Epoch of Construction,RSH2,RMT1,,CR/LFINF/CDL/H:3/BP2/RSH2+RMT1/RES,"https://www.google.com/maps/@?api=1&map_action=pano&viewpoint=38.70013545,-9.22560711&heading=178.43709002657636&pitch=5&fov=120"
778.0,38.70064663688334,-9.219519708282428,Portugal,Lisbon,CR,LFINF,CDL,2,RES,BPD,Select Epoch of Construction,RSH3,RMT1,,CR/LFINF/CDL/H:2/BPD/RSH3+RMT1/RES,"https://www.google.com/maps/@?api=1&map_action=pano&viewpoint=38.70064664,-9.21951971&heading=122.12896650491058&pitch=5&fov=120"
779.0,38.69850345,-9.21196195,Portugal,Lisbon,,,,,,,Select Epoch of Construction,,,,H:Select Number of Stories,"https://www.google.com/maps/@?api=1&map_action=pano&viewpoint=38.69850345,-9.21196195&heading=315.3264913160523&pitch=5&fov=120"
780.0,38.697076886343645,-9.213930072625322,Portugal,Lisbon,CR,LFINF,CDM,3,RES,BPD,Select Epoch of Construction,RSH3,RMT1,,CR/LFINF/CDM/H:3/BPD/RSH3+RMT1/RES,"https://www.google.com/maps/@?api=1&map_action=pano&viewpoint=38.69707689,-9.21393007&heading=153.2949321213544&pitch=5&fov=120"
781.0,38.6959355,-9.21123685,Portugal,Lisbon,CR,LFM,CDH,8.0-9.0,RES,BP1,Select Epoch of Construction,RSH1,RMN,,CR/LFM/CDH/H:8-9/BP1/RSH1+RMN/RES,"https://www.google.com/maps/@?api=1&map_action=pano&viewpoint=38.6959355,-9.21123685&heading=24.134407693118078&pitch=5&fov=120"
782.0,38.69560461771147,-9.217385219726006,Portugal,Lisbon,CR,LFM,CDM,3,RES,BP2,Select Epoch of Construction,RSH3,RMT1,,CR/LFM/CDM/H:3/BP2/RSH3+RMT1/RES,"https://www.google.com/maps/@?api=1&map_action=pano&viewpoint=38.69560462,-9.21738522&heading=351.8961545036476&pitch=5&fov=120"
783.0,38.69570708045767,-9.217196309830516,Portugal,Lisbon,MUR,LWAL,CDL,2,RES,BP1,Select Epoch of Construction,RSH2,RMT1,,MUR/LWAL/CDL/H:2/BP1/RSH2+RMT1/RES,"https://www.google.com/maps/@?api=1&map_action=pano&viewpoint=38.69570708,-9.21719631&heading=172.16767003187135&pitch=5&fov=120"
784.0,38.69921604999999,-9.213034749999998,Portugal,Lisbon,,,,,,,Select Epoch of Construction,,,,H:Select Number of Stories,"https://www.google.com/maps/@?api=1&map_action=pano&viewpoint=38.69921605,-9.21303475&heading=29.296265204523422&pitch=5&fov=120"
785.0,38.69927139901957,-9.21647341556794,Portugal,Lisbon,,,,,,,Select Epoch of Construction,,,,H:Select Number of Stories,"https://www.google.com/maps/@?api=1&map_action=pano&viewpoint=38.6992714,-9.21647342&heading=283.7305830328992&pitch=5&fov=120"
786.0,38.70317511519861,-9.203698117745493,Portugal,Lisbon,CR,LFM,CDL,4,MIX(RES;COM),BP2,Select Epoch of Construction,RSH2,RMT1,,CR/LFM/CDL/H:4/BP2/RSH2+RMT1/MIX(RES;COM),"https://www.google.com/maps/@?api=1&map_action=pano&viewpoint=38.70317512,-9.20369812&heading=329.96037686892464&pitch=5&fov=120"
787.0,38.69930767615596,-9.217534181014605,Portugal,Lisbon,MCF,LWAL,CDL,2,RES,BPD,Select Epoch of Construction,RSH3,RMT1,,MCF/LWAL/CDL/H:2/BPD/RSH3+RMT1/RES,"https://www.google.com/maps/@?api=1&map_action=pano&viewpoint=38.69930768,-9.21753418&heading=195.37707915561333&pitch=5&fov=120"
788.0,38.70042470214879,-9.203831414315747,Portugal,Lisbon,MUR,LWAL,CDL,2,RES,BP1,Select Epoch of Construction,RSH3,RMT1,,MUR/LWAL/CDL/H:2/BP1/RSH3+RMT1/RES,"https://www.google.com/maps/@?api=1&map_action=pano&viewpoint=38.7004247,-9.20383141&heading=62.98081908900781&pitch=5&fov=120"
789.0,38.69924901181616,-9.22368687763114,Portugal,Lisbon,CR,LFINF,CDM,2,RES,BPD,Select Epoch of Construction,RSH3,RMT1,,CR/LFINF/CDM/H:2/BPD/RSH3+RMT1/RES,"https://www.google.com/maps/@?api=1&map_action=pano&viewpoint=38.69924901,-9.22368688&heading=300.98087597995175&pitch=5&fov=120"
790.0,38.69911877398777,-9.204633295146792,Portugal,Lisbon,,,,,,,Select Epoch of Construction,,,,H:Select Number of Stories,"https://www.google.com/maps/@?api=1&map_action=pano&viewpoint=38.69911877,-9.2046333&heading=325.87920097145775&pitch=5&fov=120"
791.0,38.700611900000006,-9.2119572,Portugal,Lisbon,,,,,,,Select Epoch of Construction,,,,H:Select Number of Stories,"https://www.google.com/maps/@?api=1&map_action=pano&viewpoint=38.7006119,-9.2119572&heading=129.1204932422034&pitch=5&fov=120"
792.0,38.70056391143344,-9.207373480460262,Portugal,Lisbon,,,,,,,Select Epoch of Construction,,,,H:Select Number of Stories,"https://www.google.com/maps/@?api=1&map_action=pano&viewpoint=38.70056391,-9.20737348&heading=242.00156444539783&pitch=5&fov=120"
793.0,38.69946105400775,-9.21909718743578,Portugal,Lisbon,MUR,LWAL,CDL,2,RES,BP1,Select Epoch of Construction,RSH2,RMT1,,MUR/LWAL/CDL/H:2/BP1/RSH2+RMT1/RES,"https://www.google.com/maps/@?api=1&map_action=pano&viewpoint=38.69946105,-9.21909719&heading=293.5645779776862&pitch=5&fov=120"
794.0,38.69711711650994,-9.202077024440827,Portugal,Lisbon,MCF,LWAL,CDL,3,MIX(RES;COM),BP2,Select Epoch of Construction,RSH2,RMT1,,MCF/LWAL/CDL/H:3/BP2/RSH2+RMT1/MIX(RES;COM),"https://www.google.com/maps/@?api=1&map_action=pano&viewpoint=38.69711712,-9.20207702&heading=154.9984971621658&pitch=5&fov=120"
795.0,38.70049364170634,-9.221694142102944,Portugal,Lisbon,,,,,,,Select Epoch of Construction,,,,H:Select Number of Stories,"https://www.google.com/maps/@?api=1&map_action=pano&viewpoint=38.70049364,-9.22169414&heading=31.51561533188186&pitch=5&fov=120"
796.0,38.70170824444907,-9.203705415810838,Portugal,Lisbon,CR,LFINF,CDM,5,RES,BP1,Select Epoch of Construction,RSH1,RMN,,CR/LFINF/CDM/H:5/BP1/RSH1+RMN/RES,"https://www.google.com/maps/@?api=1&map_action=pano&viewpoint=38.70170824,-9.20370542&heading=131.65581710755316&pitch=5&fov=120"
797.0,38.704501445270346,-9.203668876556597,Portugal,Lisbon,MCF,LWAL,CDL,2,RES,BP1,Select Epoch of Construction,RSH2,RMT1,,MCF/LWAL/CDL/H:2/BP1/RSH2+RMT1/RES,"https://www.google.com/maps/@?api=1&map_action=pano&viewpoint=38.70450145,-9.20366888&heading=336.0863651738707&pitch=5&fov=120"
798.0,38.69371435548876,-9.222962086826824,Portugal,Lisbon,,,,,,,Select Epoch of Construction,,,,H:Select Number of Stories,
799.0,38.69818540782364,-9.220070863379116,Portugal,Lisbon,MUR,LWAL,CDL,2,RES,BP2,Select Epoch of Construction,RSH2,RMT1,,MUR/LWAL/CDL/H:2/BP2/RSH2+RMT1/RES,"https://www.google.com/maps/@?api=1&map_action=pano&viewpoint=38.69818541,-9.22007086&heading=289.88861197671224&pitch=5&fov=120"
800.0,38.7024649790235,-9.2027404251793,Portugal,Lisbon,CR,LFM,CDM,4,MIX(RES;COM),BP1,Select Epoch of Construction,RSH2,RMT1,,CR/LFM/CDM/H:4/BP1/RSH2+RMT1/MIX(RES;COM),"https://www.google.com/maps/@?api=1&map_action=pano&viewpoint=38.70246498,-9.20274043&heading=242.41481436900364&pitch=5&fov=120"
801.0,38.69658831959777,-9.21681044066676,Portugal,Lisbon,MCF,LWAL,CDL,2,RES,BP2,Select Epoch of Construction,RSH2,RMT1,,MCF/LWAL/CDL/H:2/BP2/RSH2+RMT1/RES,"https://www.google.com/maps/@?api=1&map_action=pano&viewpoint=38.69658832,-9.21681044&heading=85.30223415598891&pitch=5&fov=120"
802.0,38.69613408889602,-9.219985530145143,Portugal,Lisbon,CR,LFINF,CDL,4,MIX(RES;COM),BP2,Select Epoch of Construction,RSH2,RMT1,,CR/LFINF/CDL/H:4/BP2/RSH2+RMT1/MIX(RES;COM),"https://www.google.com/maps/@?api=1&map_action=pano&viewpoint=38.69613409,-9.21998553&heading=22.74255508375262&pitch=5&fov=120"
803.0,38.70146020486831,-9.22196383201436,Portugal,Lisbon,,,,,,,Select Epoch of Construction,,,,H:Select Number of Stories,"https://www.google.com/maps/@?api=1&map_action=pano&viewpoint=38.7014602,-9.22196383&heading=121.90209497489622&pitch=5&fov=120"
804.0,38.70207207904174,-9.199148236543287,Portugal,Lisbon,MUR,LWAL,CDN,1,RES,BPD,Select Epoch of Construction,RSH2,RMT1,,MUR/LWAL/CDN/H:1/BPD/RSH2+RMT1/RES,"https://www.google.com/maps/@?api=1&map_action=pano&viewpoint=38.70207208,-9.19914824&heading=173.54684218977053&pitch=5&fov=120"
805.0,38.700534580100665,-9.204593284632857,Portugal,Lisbon,MUR,LWAL,CDL,2,RES,BP1,Select Epoch of Construction,RSH2,RMT1,,MUR/LWAL/CDL/H:2/BP1/RSH2+RMT1/RES,"https://www.google.com/maps/@?api=1&map_action=pano&viewpoint=38.70053458,-9.20459328&heading=318.7471998825572&pitch=5&fov=120"
806.0,38.7017721298118,-9.205414377658766,Portugal,Lisbon,,,,,,,Select Epoch of Construction,,,,H:Select Number of Stories,"https://www.google.com/maps/@?api=1&map_action=pano&viewpoint=38.70177213,-9.20541438&heading=137.76880794270568&pitch=5&fov=120"
807.0,38.70108859906337,-9.20171816813721,Portugal,Lisbon,,,,,,,Select Epoch of Construction,,,,H:Select Number of Stories,"https://www.google.com/maps/@?api=1&map_action=pano&viewpoint=38.7010886,-9.20171817&heading=171.4549445589928&pitch=5&fov=120"
808.0,38.69820404533416,-9.218321078044651,Portugal,Lisbon,CR,LFINF,CDL,2,RES,BP1,Select Epoch of Construction,RSH2,RMT1,,CR/LFINF/CDL/H:2/BP1/RSH2+RMT1/RES,"https://www.google.com/maps/@?api=1&map_action=pano&viewpoint=38.69820405,-9.21832108&heading=282.1794205831103&pitch=5&fov=120"
809.0,38.69977110189885,-9.216070678515544,Portugal,Lisbon,,,,,,,Select Epoch of Construction,,,,H:Select Number of Stories,"https://www.google.com/maps/@?api=1&map_action=pano&viewpoint=38.6997711,-9.21607068&heading=103.51430827669515&pitch=5&fov=120"
810.0,38.6978077401811,-9.193972528839078,Portugal,Lisbon,MUR,LWAL,CDN,1,RES,BP2,Select Epoch of Construction,RSH2,RMT1,,MUR/LWAL/CDN/H:1/BP2/RSH2+RMT1/RES,"https://www.google.com/maps/@?api=1&map_action=pano&viewpoint=38.69780774,-9.19397253&heading=136.715273818887&pitch=5&fov=120"
811.0,38.6975549,-9.203761600000002,Portugal,Lisbon,,,,,,,Select Epoch of Construction,,,,H:Select Number of Stories,"https://www.google.com/maps/@?api=1&map_action=pano&viewpoint=38.6975549,-9.2037616&heading=337.58795181660753&pitch=5&fov=120"
812.0,38.69614222571318,-9.21583114555612,Portugal,Lisbon,MCF,LWAL,CDN,2,RES,BP2,Select Epoch of Construction,RSH2,RMT1,,MCF/LWAL/CDN/H:2/BP2/RSH2+RMT1/RES,"https://www.google.com/maps/@?api=1&map_action=pano&viewpoint=38.69614223,-9.21583115&heading=78.08484896941076&pitch=5&fov=120"
813.0,38.70030471895451,-9.209489263166455,Portugal,Lisbon,CR,LFINF,CDM,2,RES,BPD,Select Epoch of Construction,RSH3,RMT1,,CR/LFINF/CDM/H:2/BPD/RSH3+RMT1/RES,"https://www.google.com/maps/@?api=1&map_action=pano&viewpoint=38.70030472,-9.20948926&heading=130.62361977406943&pitch=5&fov=120"
814.0,38.695261700234646,-9.21528165300667,Portugal,Lisbon,,,,,,,Select Epoch of Construction,,,,H:Select Number of Stories,"https://www.google.com/maps/@?api=1&map_action=pano&viewpoint=38.6952617,-9.21528165&heading=250.33824822587064&pitch=5&fov=120"
815.0,38.70023803142034,-9.225816158130248,Portugal,Lisbon,CR,LFINF,CDM,3,RES,BP2,Select Epoch of Construction,RSH1,RMN,,CR/LFINF/CDM/H:3/BP2/RSH1+RMN/RES,"https://www.google.com/maps/@?api=1&map_action=pano&viewpoint=38.70023803,-9.22581616&heading=179.03635268161287&pitch=5&fov=120"
816.0,38.69949941583202,-9.21445275890103,Portugal,Lisbon,,,,,,,Select Epoch of Construction,,,,H:Select Number of Stories,"https://www.google.com/maps/@?api=1&map_action=pano&viewpoint=38.69949942,-9.21445276&heading=250.7342983460071&pitch=5&fov=120"
817.0,38.69648436384737,-9.218678139847365,Portugal,Lisbon,MCF,LWAL,CDL,2,RES,BP1,Select Epoch of Construction,RSH3,RMT1,,MCF/LWAL/CDL/H:2/BP1/RSH3+RMT1/RES,"https://www.google.com/maps/@?api=1&map_action=pano&viewpoint=38.69648436,-9.21867814&heading=96.80596482865076&pitch=5&fov=120"
818.0,38.69599010929677,-9.218602085635125,Portugal,Lisbon,CR,LFM,CDM,5,MIX(RES;COM),BP2,Select Epoch of Construction,RSH1,RMN,,CR/LFM/CDM/H:5/BP2/RSH1+RMN/MIX(RES;COM),"https://www.google.com/maps/@?api=1&map_action=pano&viewpoint=38.69599011,-9.21860209&heading=263.97442576979313&pitch=5&fov=120"
819.0,38.702172764023246,-9.216558690179106,Portugal,Lisbon,,,,,,,Select Epoch of Construction,,,,H:Select Number of Stories,"https://www.google.com/maps/@?api=1&map_action=pano&viewpoint=38.70217276,-9.21655869&heading=315.3801910833374&pitch=5&fov=120"
820.0,38.69863678030409,-9.218884928610374,Portugal,Lisbon,MCF,LWAL,CDL,2,RES,BP2,Select Epoch of Construction,RSH2,RMT1,,MCF/LWAL/CDL/H:2/BP2/RSH2+RMT1/RES,"https://www.google.com/maps/@?api=1&map_action=pano&viewpoint=38.69863678,-9.21888493&heading=286.4505804371088&pitch=5&fov=120"
821.0,38.69697905356816,-9.217177667862485,Portugal,Lisbon,,,,,,,Select Epoch of Construction,,,,H:Select Number of Stories,"https://www.google.com/maps/@?api=1&map_action=pano&viewpoint=38.69697905,-9.21717767&heading=266.1461445604742&pitch=5&fov=120"
822.0,38.70003922530993,-9.222071441131511,Portugal,Lisbon,MUR,LWAL,CDL,2,RES,BP1,Select Epoch of Construction,RSH2,RMT1,,MUR/LWAL/CDL/H:2/BP1/RSH2+RMT1/RES,"https://www.google.com/maps/@?api=1&map_action=pano&viewpoint=38.70003923,-9.22207144&heading=212.05451613501623&pitch=5&fov=120"
823.0,38.6987341929292,-9.218746865876344,Portugal,Lisbon,MCF,LWAL,CDL,2,RES,BP2,Select Epoch of Construction,RSH2,RMT1,,MCF/LWAL/CDL/H:2/BP2/RSH2+RMT1/RES,"https://www.google.com/maps/@?api=1&map_action=pano&viewpoint=38.69873419,-9.21874687&heading=287.4769412020164&pitch=5&fov=120"
824.0,38.69535231121401,-9.216721168119811,Portugal,Lisbon,CR,LFINF,CDM,4,RES,BP2,Select Epoch of Construction,RSH2,RMN,,CR/LFINF/CDM/H:4/BP2/RSH2+RMN/RES,"https://www.google.com/maps/@?api=1&map_action=pano&viewpoint=38.69535231,-9.21672117&heading=351.92329201762493&pitch=5&fov=120"
825.0,38.70329152529439,-9.216720247916946,Portugal,Lisbon,,,,,,,Select Epoch of Construction,,,,H:Select Number of Stories,"https://www.google.com/maps/@?api=1&map_action=pano&viewpoint=38.70329153,-9.21672025&heading=184.39333070355434&pitch=5&fov=120"
826.0,38.69719476306008,-9.211799617278531,Portugal,Lisbon,CR,LFM,CDH,3,RES,BPD,Select Epoch of Construction,RSH1,RMN,,CR/LFM/CDH/H:3/BPD/RSH1+RMN/RES,"https://www.google.com/maps/@?api=1&map_action=pano&viewpoint=38.69719476,-9.21179962&heading=136.2049928256783&pitch=5&fov=120"
827.0,38.70122958945418,-9.204611145394724,Portugal,Lisbon,CR,LFM,CDM,3,RES,BP2,Select Epoch of Construction,RSH1,RMN,,CR/LFM/CDM/H:3/BP2/RSH1+RMN/RES,"https://www.google.com/maps/@?api=1&map_action=pano&viewpoint=38.70122959,-9.20461115&heading=357.5858738712569&pitch=5&fov=120"
828.0,38.701912468927134,-9.215941265452868,Portugal,Lisbon,CR,LFINF,CDL,2,RES,BPD,Select Epoch of Construction,RSH2,RMT1,,CR/LFINF/CDL/H:2/BPD/RSH2+RMT1/RES,"https://www.google.com/maps/@?api=1&map_action=pano&viewpoint=38.70191247,-9.21594127&heading=220.6354667267069&pitch=5&fov=120"
829.0,38.69679959633751,-9.21913553402188,Portugal,Lisbon,,,,,,,Select Epoch of Construction,,,,H:Select Number of Stories,"https://www.google.com/maps/@?api=1&map_action=pano&viewpoint=38.6967996,-9.21913553&heading=279.4994734878061&pitch=5&fov=120"
830.0,38.69260650532832,-9.213177275908228,Portugal,Lisbon,MCF,LWAL,CDL,2,COM,BPD,Select Epoch of Construction,RSH2,RMT1,,MCF/LWAL/CDL/H:2/BPD/RSH2+RMT1/COM,"https://www.google.com/maps/@?api=1&map_action=pano&viewpoint=38.69260651,-9.21317728&heading=226.96615525340775&pitch=5&fov=120"
831.0,38.69810690676699,-9.193119227102578,Portugal,Lisbon,,,,,,,Select Epoch of Construction,,,,H:Select Number of Stories,
832.0,38.69909166092163,-9.21380170537484,Portugal,Lisbon,,,,,,,Select Epoch of Construction,,,,H:Select Number of Stories,"https://www.google.com/maps/@?api=1&map_action=pano&viewpoint=38.69909166,-9.21380171&heading=70.73470540504059&pitch=5&fov=120"
833.0,38.69734198210031,-9.225643376853087,Portugal,Lisbon,CR,LFM,CDH,4,RES,BPD,Select Epoch of Construction,RSH1,RMN,,CR/LFM/CDH/H:4/BPD/RSH1+RMN/RES,"https://www.google.com/maps/@?api=1&map_action=pano&viewpoint=38.69734198,-9.22564338&heading=183.46920356248484&pitch=5&fov=120"
834.0,38.70289102431758,-9.202626118755065,Portugal,Lisbon,MUR,LWAL,CDL,1,RES,BPD,Select Epoch of Construction,RSH2,RMT1,,MUR/LWAL/CDL/H:1/BPD/RSH2+RMT1/RES,"https://www.google.com/maps/@?api=1&map_action=pano&viewpoint=38.70289102,-9.20262612&heading=241.5963643858778&pitch=5&fov=120"
835.0,38.70219992994992,-9.205706357006164,Portugal,Lisbon,MUR,LWAL,CDN,1,RES,BP2,Select Epoch of Construction,RSH3,RMT1,,MUR/LWAL/CDN/H:1/BP2/RSH3+RMT1/RES,"https://www.google.com/maps/@?api=1&map_action=pano&viewpoint=38.70219993,-9.20570636&heading=114.70333833934046&pitch=5&fov=120"
836.0,38.7002907644813,-9.221617053748124,Portugal,Lisbon,,,,,,,Select Epoch of Construction,,,,H:Select Number of Stories,"https://www.google.com/maps/@?api=1&map_action=pano&viewpoint=38.70029076,-9.22161705&heading=32.05480024120965&pitch=5&fov=120"
837.0,38.699076777476165,-9.21923064079276,Portugal,Lisbon,MCF,LWAL,CDL,2,RES,BP2,Select Epoch of Construction,RSH2,RMT1,,MCF/LWAL/CDL/H:2/BP2/RSH2+RMT1/RES,"https://www.google.com/maps/@?api=1&map_action=pano&viewpoint=38.69907678,-9.21923064&heading=293.1326444849061&pitch=5&fov=120"
838.0,38.69933137019552,-9.220629193754318,Portugal,Lisbon,MUR,LWAL,CDN,2,RES,BPD,Select Epoch of Construction,RSH3,RMT1,,MUR/LWAL/CDN/H:2/BPD/RSH3+RMT1/RES,"https://www.google.com/maps/@?api=1&map_action=pano&viewpoint=38.69933137,-9.22062919&heading=301.13356427639076&pitch=5&fov=120"
839.0,38.699156866903,-9.203828003895977,Portugal,Lisbon,MUR,LWAL,CDL,2,RES,BPD,Select Epoch of Construction,RSH3,RMT1,,MUR/LWAL/CDL/H:2/BPD/RSH3+RMT1/RES,"https://www.google.com/maps/@?api=1&map_action=pano&viewpoint=38.69915687,-9.203828&heading=34.14728590032962&pitch=5&fov=120"
840.0,38.69677460489141,-9.217074475474565,Portugal,Lisbon,MCF,LWAL,CDL,2,RES,BP2,Select Epoch of Construction,RSH2,RMT1,,MCF/LWAL/CDL/H:2/BP2/RSH2+RMT1/RES,"https://www.google.com/maps/@?api=1&map_action=pano&viewpoint=38.6967746,-9.21707448&heading=89.18012835756105&pitch=5&fov=120"
841.0,38.69683954315076,-9.217028788293218,Portugal,Lisbon,MUR,LWAL,CDL,2,RES,BP2,Select Epoch of Construction,RSH2,RMT1,,MUR/LWAL/CDL/H:2/BP2/RSH2+RMT1/RES,"https://www.google.com/maps/@?api=1&map_action=pano&viewpoint=38.69683954,-9.21702879&heading=89.1801569229367&pitch=5&fov=120"
842.0,38.70245459122221,-9.216218973609786,Portugal,Lisbon,MCF,LWAL,CDL,2,RES,BPD,Select Epoch of Construction,RSH3,RMT1,,MCF/LWAL/CDL/H:2/BPD/RSH3+RMT1/RES,"https://www.google.com/maps/@?api=1&map_action=pano&viewpoint=38.70245459,-9.21621897&heading=235.34146155431858&pitch=5&fov=120"
843.0,38.69921044292015,-9.193256154619958,Portugal,Lisbon,,,,,,,Select Epoch of Construction,,,,H:Select Number of Stories,
844.0,38.7016364,-9.204172049999997,Portugal,Lisbon,,,,,,,Select Epoch of Construction,,,,H:Select Number of Stories,"https://www.google.com/maps/@?api=1&map_action=pano&viewpoint=38.7016364,-9.20417205&heading=133.0520638418804&pitch=5&fov=120"
845.0,38.70063091693959,-9.205912370189768,Portugal,Lisbon,CR,LFM,CDH,4,MIX(RES;COM),BP2,Select Epoch of Construction,RSH1,RMN,,CR/LFM/CDH/H:4/BP2/RSH1+RMN/MIX(RES;COM),"https://www.google.com/maps/@?api=1&map_action=pano&viewpoint=38.70063092,-9.20591237&heading=47.42552508716267&pitch=5&fov=120"
846.0,38.69754603791911,-9.21763129632032,Portugal,Lisbon,,,,,,,Select Epoch of Construction,,,,H:Select Number of Stories,"https://www.google.com/maps/@?api=1&map_action=pano&viewpoint=38.69754604,-9.2176313&heading=272.9972980297709&pitch=5&fov=120"
847.0,38.69713981224298,-9.215412046904792,Portugal,Lisbon,MCF,LWAL,CDL,2,RES,BP2,Select Epoch of Construction,RSH2,RMT1,,MCF/LWAL/CDL/H:2/BP2/RSH2+RMT1/RES,"https://www.google.com/maps/@?api=1&map_action=pano&viewpoint=38.69713981,-9.21541205&heading=77.40619430130101&pitch=5&fov=120"
848.0,38.697706738798935,-9.203337460335543,Portugal,Lisbon,MUR,LWAL,CDL,2,RES,BP1,Select Epoch of Construction,RSH2,RMT1,,MUR/LWAL/CDL/H:2/BP1/RSH2+RMT1/RES,"https://www.google.com/maps/@?api=1&map_action=pano&viewpoint=38.69770674,-9.20333746&heading=40.179216713204084&pitch=5&fov=120"
849.0,38.70141584539381,-9.218559701954383,Portugal,Lisbon,CR,LFM,CDH,3,RES,BPD,Select Epoch of Construction,RSH3,RMT1,,CR/LFM/CDH/H:3/BPD/RSH3+RMT1/RES,"https://www.google.com/maps/@?api=1&map_action=pano&viewpoint=38.70141585,-9.2185597&heading=301.8873893901722&pitch=5&fov=120"
850.0,38.69874279742057,-9.194993258352676,Portugal,Lisbon,MUR,LWAL,CDL,2,RES,BP2,Select Epoch of Construction,RSH2,RMT1,,MUR/LWAL/CDL/H:2/BP2/RSH2+RMT1/RES,"https://www.google.com/maps/@?api=1&map_action=pano&viewpoint=38.6987428,-9.19499326&heading=225.23534765177374&pitch=5&fov=120"
851.0,38.69760932299416,-9.21853108520336,Portugal,Lisbon,MUR,LWAL,CDL,2,RES,BP2,Select Epoch of Construction,RSH2,RMT1,,MUR/LWAL/CDL/H:2/BP2/RSH2+RMT1/RES,"https://www.google.com/maps/@?api=1&map_action=pano&viewpoint=38.69760932,-9.21853109&heading=100.14934731212855&pitch=5&fov=120"
852.0,38.70167925442274,-9.203955879195462,Portugal,Lisbon,,,,,,,Select Epoch of Construction,,,,H:Select Number of Stories,"https://www.google.com/maps/@?api=1&map_action=pano&viewpoint=38.70167925,-9.20395588&heading=133.05219900871987&pitch=5&fov=120"
853.0,38.69760889815626,-9.196464402357348,Portugal,Lisbon,CR,LFINF,CDN,4,MIX(RES;COM),BP2,Select Epoch of Construction,RSH3,RMT1,,CR/LFINF/CDN/H:4/BP2/RSH3+RMT1/MIX(RES;COM),"https://www.google.com/maps/@?api=1&map_action=pano&viewpoint=38.6976089,-9.1964644&heading=328.2238651773787&pitch=5&fov=120"
854.0,38.701825031936,-9.220342196509868,Portugal,Lisbon,,,,,,,Select Epoch of Construction,,,,H:Select Number of Stories,"https://www.google.com/maps/@?api=1&map_action=pano&viewpoint=38.70182503,-9.2203422&heading=301.8646494635602&pitch=5&fov=120"
855.0,38.69692394872209,-9.215849765215014,Portugal,Lisbon,MUR,LWAL,CDL,2,RES,BPD,Select Epoch of Construction,RSH3,RMT1,,MUR/LWAL/CDL/H:2/BPD/RSH3+RMT1/RES,"https://www.google.com/maps/@?api=1&map_action=pano&viewpoint=38.69692395,-9.21584977&heading=80.41032979942008&pitch=5&fov=120"
856.0,38.69896745,-9.2182031,Portugal,Lisbon,MCF,LWAL,CDL,2,RES,BP1,Select Epoch of Construction,RSH3,RMT1,,MCF/LWAL/CDL/H:2/BP1/RSH3+RMT1/RES,"https://www.google.com/maps/@?api=1&map_action=pano&viewpoint=38.69896745,-9.2182031&heading=17.866497391030578&pitch=5&fov=120"
857.0,38.69406260234073,-9.222891660062762,Portugal,Lisbon,,,,,,,Select Epoch of Construction,,,,H:Select Number of Stories,
858.0,38.69958216776419,-9.208655300000416,Portugal,Lisbon,,,,,,,Select Epoch of Construction,,,,H:Select Number of Stories,"https://www.google.com/maps/@?api=1&map_action=pano&viewpoint=38.69958217,-9.2086553&heading=263.8323747272433&pitch=5&fov=120"
859.0,38.69788355624041,-9.21822462172296,Portugal,Lisbon,,,,,,,Select Epoch of Construction,,,,H:Select Number of Stories,"https://www.google.com/maps/@?api=1&map_action=pano&viewpoint=38.69788356,-9.21822462&heading=100.44033771241158&pitch=5&fov=120"
860.0,38.69971796186438,-9.219728526328142,Portugal,Lisbon,CR,LFM,CDM,2,RES,BPD,Select Epoch of Construction,RSH2,RMT1,,CR/LFM/CDM/H:2/BPD/RSH2+RMT1/RES,"https://www.google.com/maps/@?api=1&map_action=pano&viewpoint=38.69971796,-9.21972853&heading=301.91609784845053&pitch=5&fov=120"
861.0,38.69766581177408,-9.195159593092017,Portugal,Lisbon,MCF,LWAL,CDN,2,RES,BP2,Select Epoch of Construction,RSH2,RMT1,,MCF/LWAL/CDN/H:2/BP2/RSH2+RMT1/RES,"https://www.google.com/maps/@?api=1&map_action=pano&viewpoint=38.69766581,-9.19515959&heading=333.6269127809893&pitch=5&fov=120"
862.0,38.69951545634454,-9.21472967219873,Portugal,Lisbon,,,,,,,Select Epoch of Construction,,,,H:Select Number of Stories,"https://www.google.com/maps/@?api=1&map_action=pano&viewpoint=38.69951546,-9.21472967&heading=168.6670518508667&pitch=5&fov=120"
863.0,38.700341900000005,-9.21920355,Portugal,Lisbon,CR,LFM,CDL,2,RES,BP1,Select Epoch of Construction,RSH3,RMT1,,CR/LFM/CDL/H:2/BP1/RSH3+RMT1/RES,"https://www.google.com/maps/@?api=1&map_action=pano&viewpoint=38.7003419,-9.21920355&heading=212.1246476204205&pitch=5&fov=120"
864.0,38.69550532546196,-9.217075536354992,Portugal,Lisbon,,,,,,,Select Epoch of Construction,,,,H:Select Number of Stories,"https://www.google.com/maps/@?api=1&map_action=pano&viewpoint=38.69550533,-9.21707554&heading=351.896348107475&pitch=5&fov=120"
865.0,38.70012865,-9.204701950000002,Portugal,Lisbon,MCF,LWAL,CDL,2,RES,BP2,Select Epoch of Construction,RSH2,RMT1,,MCF/LWAL/CDL/H:2/BP2/RSH2+RMT1/RES,"https://www.google.com/maps/@?api=1&map_action=pano&viewpoint=38.70012865,-9.20470195&heading=122.4221272356537&pitch=5&fov=120"
866.0,38.698684507125584,-9.193006003132078,Portugal,Lisbon,,,,,,,Select Epoch of Construction,,,,H:Select Number of Stories,
867.0,38.70147189171791,-9.20612587155125,Portugal,Lisbon,,,,,,,Select Epoch of Construction,,,,H:Select Number of Stories,"https://www.google.com/maps/@?api=1&map_action=pano&viewpoint=38.70147189,-9.20612587&heading=48.09938149602908&pitch=5&fov=120"
868.0,38.69930182888834,-9.198904407782848,Portugal,Lisbon,,,,,,,Select Epoch of Construction,,,,H:Select Number of Stories,"https://www.google.com/maps/@?api=1&map_action=pano&viewpoint=38.69930183,-9.19890441&heading=230.22036104552893&pitch=5&fov=120"
869.0,38.69959062120553,-9.215839027479424,Portugal,Lisbon,,,,,,,Select Epoch of Construction,,,,H:Select Number of Stories,"https://www.google.com/maps/@?api=1&map_action=pano&viewpoint=38.69959062,-9.21583903&heading=323.67501937896554&pitch=5&fov=120"
870.0,38.7021620252154,-9.203926678963368,Portugal,Lisbon,CR,LFINF,CDL,4,RES,BP2,Select Epoch of Construction,RSH2,RMT1,,CR/LFINF/CDL/H:4/BP2/RSH2+RMT1/RES,"https://www.google.com/maps/@?api=1&map_action=pano&viewpoint=38.70216203,-9.20392668&heading=153.32867887883833&pitch=5&fov=120"
871.0,38.693902621854605,-9.206941985128596,Portugal,Lisbon,,,,,,,Select Epoch of Construction,,,,H:Select Number of Stories,"https://www.google.com/maps/@?api=1&map_action=pano&viewpoint=38.69390262,-9.20694199&heading=150&pitch=5&fov=120"
872.0,38.69946330622384,-9.218666963671945,Portugal,Lisbon,MCF,LWAL,CDL,2,RES,BP1,Select Epoch of Construction,RSH2,RMT1,,MCF/LWAL/CDL/H:2/BP1/RSH2+RMT1/RES,"https://www.google.com/maps/@?api=1&map_action=pano&viewpoint=38.69946331,-9.21866696&heading=23.755355285711858&pitch=5&fov=120"
873.0,38.70397594241128,-9.204010219403852,Portugal,Lisbon,MUR,LWAL,CDN,2,RES,BP2,Select Epoch of Construction,RSH2,RMT1,,MUR/LWAL/CDN/H:2/BP2/RSH2+RMT1/RES,"https://www.google.com/maps/@?api=1&map_action=pano&viewpoint=38.70397594,-9.20401022&heading=261.81629179835716&pitch=5&fov=120"
874.0,38.69682463352874,-9.21995073704564,Portugal,Lisbon,MCF,LWAL,CDL,2,RES,BPD,Select Epoch of Construction,RSH2,RMT1,,MCF/LWAL/CDL/H:2/BPD/RSH2+RMT1/RES,"https://www.google.com/maps/@?api=1&map_action=pano&viewpoint=38.69682463,-9.21995074&heading=346.2645426666227&pitch=5&fov=120"
875.0,38.69695031308196,-9.219798345375803,Portugal,Lisbon,,,,,,,Select Epoch of Construction,,,,H:Select Number of Stories,"https://www.google.com/maps/@?api=1&map_action=pano&viewpoint=38.69695031,-9.21979835&heading=101.9190571410494&pitch=5&fov=120"
876.0,38.69518107577457,-9.22131020978854,Portugal,Lisbon,,,,,,,Select Epoch of Construction,,,,H:Select Number of Stories,"https://www.google.com/maps/@?api=1&map_action=pano&viewpoint=38.69518108,-9.22131021&heading=270.42781062221707&pitch=5&fov=120"
877.0,38.69867560134547,-9.22055998446055,Portugal,Lisbon,MUR,LWAL,CDN,2,RES,BP1,Select Epoch of Construction,RSH2,RMT1,,MUR/LWAL/CDN/H:2/BP1/RSH2+RMT1/RES,"https://www.google.com/maps/@?api=1&map_action=pano&viewpoint=38.6986756,-9.22055998&heading=294.11099387085164&pitch=5&fov=120"
878.0,38.70229507926811,-9.202693551632793,Portugal,Lisbon,MUR,LWAL,CDL,2,RES,BP2,Select Epoch of Construction,RSH2,RMT1,,MUR/LWAL/CDL/H:2/BP2/RSH2+RMT1/RES,"https://www.google.com/maps/@?api=1&map_action=pano&viewpoint=38.70229508,-9.20269355&heading=242.3085405273278&pitch=5&fov=120"
879.0,38.69834682605678,-9.195967551174268,Portugal,Lisbon,CR,LFM,CDM,3,MIX(RES;COM),BP2,Select Epoch of Construction,RSH3,RMT1,,CR/LFM/CDM/H:3/BP2/RSH3+RMT1/MIX(RES;COM),"https://www.google.com/maps/@?api=1&map_action=pano&viewpoint=38.69834683,-9.19596755&heading=327.71020572817713&pitch=5&fov=120"
880.0,38.69932483849956,-9.200295581104175,Portugal,Lisbon,MCF,LWAL,CDL,2,RES,BP2,Select Epoch of Construction,RSH3,RMT1,,MCF/LWAL/CDL/H:2/BP2/RSH3+RMT1/RES,"https://www.google.com/maps/@?api=1&map_action=pano&viewpoint=38.69932484,-9.20029558&heading=315.744578444843&pitch=5&fov=120"
881.0,38.697560936812174,-9.216910925036954,Portugal,Lisbon,MCF,LWAL,CDL,2,RES,BP2,Select Epoch of Construction,RSH2,RMT1,,MCF/LWAL/CDL/H:2/BP2/RSH2+RMT1/RES,"https://www.google.com/maps/@?api=1&map_action=pano&viewpoint=38.69756094,-9.21691093&heading=90.32634453365512&pitch=5&fov=120"
882.0,38.6987107935447,-9.216678064593946,Portugal,Lisbon,CR,LFINF,CDL,3,RES,BP2,Select Epoch of Construction,RSH2,RMT1,,CR/LFINF/CDL/H:3/BP2/RSH2+RMT1/RES,"https://www.google.com/maps/@?api=1&map_action=pano&viewpoint=38.69871079,-9.21667806&heading=184.9380114543801&pitch=5&fov=120"
883.0,38.69902760338888,-9.207645095344208,Portugal,Lisbon,,,,,,,Select Epoch of Construction,,,,H:Select Number of Stories,
884.0,38.70267464878266,-9.202796698768868,Portugal,Lisbon,MCF,LWAL,CDL,2,RES,BP2,Select Epoch of Construction,RSH2,RMT1,,MCF/LWAL/CDL/H:2/BP2/RSH2+RMT1/RES,"https://www.google.com/maps/@?api=1&map_action=pano&viewpoint=38.70267465,-9.2027967&heading=182.0981818115839&pitch=5&fov=120"
885.0,38.69837771028926,-9.217362875170464,Portugal,Lisbon,,,,,,,Select Epoch of Construction,,,,H:Select Number of Stories,"https://www.google.com/maps/@?api=1&map_action=pano&viewpoint=38.69837771,-9.21736288&heading=99.41267326712796&pitch=5&fov=120"
886.0,38.69604495,-9.22261515,Portugal,Lisbon,,,,,,,Select Epoch of Construction,,,,H:Select Number of Stories,"https://www.google.com/maps/@?api=1&map_action=pano&viewpoint=38.69604495,-9.22261515&heading=1.9193037224883938&pitch=5&fov=120"
887.0,38.69909779911096,-9.217278277299624,Portugal,Lisbon,MCF,LWAL,CDN,2,RES,BPD,Select Epoch of Construction,RSH3,RMT1,,MCF/LWAL/CDN/H:2/BPD/RSH3+RMT1/RES,"https://www.google.com/maps/@?api=1&map_action=pano&viewpoint=38.6990978,-9.21727828&heading=191.06736898914744&pitch=5&fov=120"
888.0,38.699013816289145,-9.220562202879409,Portugal,Lisbon,MCF,LWAL,CDM,2,RES,BP2,Select Epoch of Construction,RSH2,RMT1,,MCF/LWAL/CDM/H:2/BP2/RSH2+RMT1/RES,"https://www.google.com/maps/@?api=1&map_action=pano&viewpoint=38.69901382,-9.2205622&heading=298.4697748243374&pitch=5&fov=120"
889.0,38.69862037970795,-9.219988252905967,Portugal,Lisbon,MCF,LWAL,CDL,2,RES,BP2,Select Epoch of Construction,RSH2,RMT1,,MCF/LWAL/CDL/H:2/BP2/RSH2+RMT1/RES,"https://www.google.com/maps/@?api=1&map_action=pano&viewpoint=38.69862038,-9.21998825&heading=292.42209200252057&pitch=5&fov=120"
890.0,38.694141567116525,-9.215754193999166,Portugal,Lisbon,CR,LFM,CDL,3,RES,BP1,Select Epoch of Construction,RSH3,RMT1,,CR/LFM/CDL/H:3/BP1/RSH3+RMT1/RES,"https://www.google.com/maps/@?api=1&map_action=pano&viewpoint=38.69414157,-9.21575419&heading=160.62386085598604&pitch=5&fov=120"
891.0,38.700182705390965,-9.220396965299328,Portugal,Lisbon,,,,,,,Select Epoch of Construction,,,,H:Select Number of Stories,"https://www.google.com/maps/@?api=1&map_action=pano&viewpoint=38.70018271,-9.22039697&heading=212.5005594977108&pitch=5&fov=120"
892.0,38.7007433411678,-9.215334776147962,Portugal,Lisbon,MCF,LWAL,CDL,2,RES,BPD,Select Epoch of Construction,RSH3,RMT1,,MCF/LWAL/CDL/H:2/BPD/RSH3+RMT1/RES,"https://www.google.com/maps/@?api=1&map_action=pano&viewpoint=38.70074334,-9.21533478&heading=192.76769347865718&pitch=5&fov=120"
893.0,38.697909065077184,-9.202666880248236,Portugal,Lisbon,MCF,LWAL,CDL,2,RES,BPD,Select Epoch of Construction,RSH2,RMT1,,MCF/LWAL/CDL/H:2/BPD/RSH2+RMT1/RES,"https://www.google.com/maps/@?api=1&map_action=pano&viewpoint=38.69790907,-9.20266688&heading=155.81373378005554&pitch=5&fov=120"
894.0,38.696708392658216,-9.217119318523956,Portugal,Lisbon,MCF,LWAL,CDL,2,RES,BP2,Select Epoch of Construction,RSH2,RMT1,,MCF/LWAL/CDL/H:2/BP2/RSH2+RMT1/RES,"https://www.google.com/maps/@?api=1&map_action=pano&viewpoint=38.69670839,-9.21711932&heading=89.18010032173169&pitch=5&fov=120"
895.0,38.70040703900565,-9.22632784948082,Portugal,Lisbon,,,,,,,Select Epoch of Construction,,,,H:Select Number of Stories,"https://www.google.com/maps/@?api=1&map_action=pano&viewpoint=38.70040704,-9.22632785&heading=166.61661820688943&pitch=5&fov=120"
896.0,38.70170327849605,-9.206186935786102,Portugal,Lisbon,CR,LFM,CDH,4,RES,BP2,Select Epoch of Construction,RSH1,RMN,,CR/LFM/CDH/H:4/BP2/RSH1+RMN/RES,"https://www.google.com/maps/@?api=1&map_action=pano&viewpoint=38.70170328,-9.20618694&heading=48.06089104573101&pitch=5&fov=120"
897.0,38.69794404756591,-9.21526453071056,Portugal,Lisbon,MCF,LWAL,CDM,2,RES,BP2,Select Epoch of Construction,RSH2,RMT1,,MCF/LWAL/CDM/H:2/BP2/RSH2+RMT1/RES,"https://www.google.com/maps/@?api=1&map_action=pano&viewpoint=38.69794405,-9.21526453&heading=249.97588298669677&pitch=5&fov=120"
898.0,38.70225806652076,-9.202934085682678,Portugal,Lisbon,CR,LFINF,CDN,3,RES,BP2,Select Epoch of Construction,RSH2,RMT1,,CR/LFINF/CDN/H:3/BP2/RSH2+RMT1/RES,"https://www.google.com/maps/@?api=1&map_action=pano&viewpoint=38.70225807,-9.20293409&heading=4.563908880156248&pitch=5&fov=120"
899.0,38.69621582165453,-9.213168811085389,Portugal,Lisbon,CR,LFINF,CDM,5,RES,BP1,Select Epoch of Construction,RSH1,RMN,,CR/LFINF/CDM/H:5/BP1/RSH1+RMN/RES,"https://www.google.com/maps/@?api=1&map_action=pano&viewpoint=38.69621582,-9.21316881&heading=146.25525228750126&pitch=5&fov=120"
900.0,38.69903340723255,-9.21930505822159,Portugal,Lisbon,MUR,LWAL,CDM,2,RES,BP2,Select Epoch of Construction,RSH3,RMT1,,MUR/LWAL/CDM/H:2/BP2/RSH3+RMT1/RES,"https://www.google.com/maps/@?api=1&map_action=pano&viewpoint=38.69903341,-9.21930506&heading=293.1325979549688&pitch=5&fov=120"
901.0,38.70150179999999,-9.205191149999996,Portugal,Lisbon,MCF,LWAL,CDL,2,RES,BP1,Select Epoch of Construction,RSH3,RMT1,,MCF/LWAL/CDL/H:2/BP1/RSH3+RMT1/RES,"https://www.google.com/maps/@?api=1&map_action=pano&viewpoint=38.7015018,-9.20519115&heading=170.24153396106874&pitch=5&fov=120"
902.0,38.70385424058629,-9.203385072411312,Portugal,Lisbon,MUR,LWAL,CDL,2,RES,BP2,Select Epoch of Construction,RSH2,RMT1,,MUR/LWAL/CDL/H:2/BP2/RSH2+RMT1/RES,"https://www.google.com/maps/@?api=1&map_action=pano&viewpoint=38.70385424,-9.20338507&heading=162.31782000507246&pitch=5&fov=120"
903.0,38.69981461154248,-9.204486565849024,Portugal,Lisbon,MUR,LWAL,CDL,1,RES,BP2,Select Epoch of Construction,RSH2,RMT1,,MUR/LWAL/CDL/H:1/BP2/RSH2+RMT1/RES,"https://www.google.com/maps/@?api=1&map_action=pano&viewpoint=38.69981461,-9.20448657&heading=123.24041591178826&pitch=5&fov=120"
904.0,38.704061266818194,-9.203342883382534,Portugal,Lisbon,CR,LFINF,CDL,3,RES,BP2,Select Epoch of Construction,RSH3,RMT1,,CR/LFINF/CDL/H:3/BP2/RSH3+RMT1/RES,"https://www.google.com/maps/@?api=1&map_action=pano&viewpoint=38.70406127,-9.20334288&heading=342.3178463858214&pitch=5&fov=120"
905.0,38.69823008114452,-9.21707869903426,Portugal,Lisbon,MCF,LWAL,CDN,2,RES,BP2,Select Epoch of Construction,RSH2,RMT1,,MCF/LWAL/CDN/H:2/BP2/RSH2+RMT1/RES,"https://www.google.com/maps/@?api=1&map_action=pano&viewpoint=38.69823008,-9.2170787&heading=4.617216017106557&pitch=5&fov=120"
906.0,38.69898814701246,-9.219383046733704,Portugal,Lisbon,MUR,LWAL,CDL,2,RES,BP2,Select Epoch of Construction,RSH2,RMT1,,MUR/LWAL/CDL/H:2/BP2/RSH2+RMT1/RES,"https://www.google.com/maps/@?api=1&map_action=pano&viewpoint=38.69898815,-9.21938305&heading=293.132549192268&pitch=5&fov=120"
907.0,38.69684614999999,-9.20251255,Portugal,Lisbon,,,,,,,Select Epoch of Construction,,,,H:Select Number of Stories,"https://www.google.com/maps/@?api=1&map_action=pano&viewpoint=38.69684615,-9.20251255&heading=155.13913857766107&pitch=5&fov=120"
908.0,38.70145211965124,-9.219333252227438,Portugal,Lisbon,,,,,,,Select Epoch of Construction,,,,H:Select Number of Stories,"https://www.google.com/maps/@?api=1&map_action=pano&viewpoint=38.70145212,-9.21933325&heading=209.53450829165354&pitch=5&fov=120"
909.0,38.69722445121954,-9.203150221594113,Portugal,Lisbon,MCF,LWAL,CDL,3,COM,BP1,Select Epoch of Construction,RSH3,RMT1,,MCF/LWAL/CDL/H:3/BP1/RSH3+RMT1/COM,"https://www.google.com/maps/@?api=1&map_action=pano&viewpoint=38.69722445,-9.20315022&heading=155.83383436524622&pitch=5&fov=120"
910.0,38.69702553426586,-9.202843948976875,Portugal,Lisbon,,,,,,,Select Epoch of Construction,,,,H:Select Number of Stories,"https://www.google.com/maps/@?api=1&map_action=pano&viewpoint=38.69702553,-9.20284395&heading=155.12845297412116&pitch=5&fov=120"
911.0,38.69748002203355,-9.202895815057207,Portugal,Lisbon,CR,LFINF,CDL,4,RES,BP2,Select Epoch of Construction,RSH3,RMT1,,CR/LFINF/CDL/H:4/BP2/RSH3+RMT1/RES,"https://www.google.com/maps/@?api=1&map_action=pano&viewpoint=38.69748002,-9.20289582&heading=334.1678205084153&pitch=5&fov=120"
912.0,38.69891607766555,-9.221354655563715,Portugal,Lisbon,,,,,,,Select Epoch of Construction,,,,H:Select Number of Stories,"https://www.google.com/maps/@?api=1&map_action=pano&viewpoint=38.69891608,-9.22135466&heading=212.11223976882428&pitch=5&fov=120"
913.0,38.70368774625408,-9.203449369272391,Portugal,Lisbon,MUR,LWAL,CDN,1,RES,BP2,Select Epoch of Construction,RSH2,RMT1,,MUR/LWAL/CDN/H:1/BP2/RSH2+RMT1/RES,"https://www.google.com/maps/@?api=1&map_action=pano&viewpoint=38.70368775,-9.20344937&heading=347.8585093023546&pitch=5&fov=120"
914.0,38.69962217309985,-9.193327845901642,Portugal,Lisbon,CR,LFM,CDL,2,RES,BP1,Select Epoch of Construction,RSH3,RMT1,,CR/LFM/CDL/H:2/BP1/RSH3+RMT1/RES,"https://www.google.com/maps/@?api=1&map_action=pano&viewpoint=38.69962217,-9.19332785&heading=56.1444798400384&pitch=5&fov=120"
915.0,38.70355531738932,-9.202603008692735,Portugal,Lisbon,CR,LFINF,CDL,4,MIX(RES;COM),BP2,Select Epoch of Construction,RSH3,RMT1,,CR/LFINF/CDL/H:4/BP2/RSH3+RMT1/MIX(RES;COM),"https://www.google.com/maps/@?api=1&map_action=pano&viewpoint=38.70355532,-9.20260301&heading=346.4238966128424&pitch=5&fov=120"
916.0,38.69777350251784,-9.210798581687278,Portugal,Lisbon,,,,,,,Select Epoch of Construction,,,,H:Select Number of Stories,"https://www.google.com/maps/@?api=1&map_action=pano&viewpoint=38.6977735,-9.21079858&heading=37.21637304208548&pitch=5&fov=120"
917.0,38.70013775,-9.2040925,Portugal,Lisbon,MUR,LWAL,CDL,2,RES,BP1,Select Epoch of Construction,RSH2,RMT1,,MUR/LWAL/CDL/H:2/BP1/RSH2+RMT1/RES,"https://www.google.com/maps/@?api=1&map_action=pano&viewpoint=38.70013775,-9.2040925&heading=242.98065584363167&pitch=5&fov=120"
918.0,38.700573867800266,-9.218112359041635,Portugal,Lisbon,CR,LFM,CDM,3,COM,BPD,Select Epoch of Construction,RSH1,RMN,,CR/LFM/CDM/H:3/BPD/RSH1+RMN/COM,"https://www.google.com/maps/@?api=1&map_action=pano&viewpoint=38.70057387,-9.21811236&heading=122.38931489410021&pitch=5&fov=120"
919.0,38.697455950000005,-9.2138028,Portugal,Lisbon,,,,,,,Select Epoch of Construction,,,,H:Select Number of Stories,"https://www.google.com/maps/@?api=1&map_action=pano&viewpoint=38.69745595,-9.2138028&heading=333.29501169160136&pitch=5&fov=120"
920.0,38.702998958272445,-9.216768702758982,Portugal,Lisbon,,,,,,,Select Epoch of Construction,,,,H:Select Number of Stories,"https://www.google.com/maps/@?api=1&map_action=pano&viewpoint=38.70299896,-9.2167687&heading=61.450368753023895&pitch=5&fov=120"
921.0,38.70284125,-9.217751,Portugal,Lisbon,,,,,,,Select Epoch of Construction,,,,H:Select Number of Stories,"https://www.google.com/maps/@?api=1&map_action=pano&viewpoint=38.70284125,-9.217751&heading=281.250998201739&pitch=5&fov=120"
922.0,38.70082182701664,-9.205425870460497,Portugal,Lisbon,MUR,LWAL,CDL,2,RES,BP1,Select Epoch of Construction,RSH3,RMT1,,MUR/LWAL/CDL/H:2/BP1/RSH3+RMT1/RES,"https://www.google.com/maps/@?api=1&map_action=pano&viewpoint=38.70082183,-9.20542587&heading=347.24321505974575&pitch=5&fov=120"
923.0,38.69634096735297,-9.216538161639246,Portugal,Lisbon,MCF,LWAL,CDL,2,RES,BP2,Select Epoch of Construction,RSH2,RMT1,,MCF/LWAL/CDL/H:2/BP2/RSH2+RMT1/RES,"https://www.google.com/maps/@?api=1&map_action=pano&viewpoint=38.69634097,-9.21653816&heading=83.42177270341665&pitch=5&fov=120"
924.0,38.69965906802789,-9.20553494234245,Portugal,Lisbon,MCF,LWAL,CDL,3,RES,BP1,Select Epoch of Construction,RSH2,RMT1,,MCF/LWAL/CDL/H:3/BP1/RSH2+RMT1/RES,"https://www.google.com/maps/@?api=1&map_action=pano&viewpoint=38.69965907,-9.20553494&heading=310.53584248664674&pitch=5&fov=120"
925.0,38.70416760317279,-9.20298074533288,Portugal,Lisbon,CR,LFINF,CDL,4,RES,BP2,Select Epoch of Construction,RSH3,RMT1,,CR/LFINF/CDL/H:4/BP2/RSH3+RMT1/RES,"https://www.google.com/maps/@?api=1&map_action=pano&viewpoint=38.7041676,-9.20298075&heading=67.7443537175626&pitch=5&fov=120"
926.0,38.69463332502183,-9.218562970085497,Portugal,Lisbon,CR,LFINF,CDL,3,RES,BP1,Select Epoch of Construction,RSH3,RMT1,,CR/LFINF/CDL/H:3/BP1/RSH3+RMT1/RES,"https://www.google.com/maps/@?api=1&map_action=pano&viewpoint=38.69463333,-9.21856297&heading=193.3442236505362&pitch=5&fov=120"
927.0,38.69597896593256,-9.211512106905944,Portugal,Lisbon,CR,LFM,CDL,5,RES,BP1,Select Epoch of Construction,RSH2,RMT1,,CR/LFM/CDL/H:5/BP1/RSH2+RMT1/RES,"https://www.google.com/maps/@?api=1&map_action=pano&viewpoint=38.69597897,-9.21151211&heading=309.41179545008345&pitch=5&fov=120"
928.0,38.69950178264453,-9.221130524432011,Portugal,Lisbon,,,,,,,Select Epoch of Construction,,,,H:Select Number of Stories,"https://www.google.com/maps/@?api=1&map_action=pano&viewpoint=38.69950178,-9.22113052&heading=211.48030213689754&pitch=5&fov=120"
929.0,38.69816936479295,-9.20131254183076,Portugal,Lisbon,,,,,,,Select Epoch of Construction,,,,H:Select Number of Stories,
930.0,38.6937848,-9.212186050000003,Portugal,Lisbon,,,,,,,Select Epoch of Construction,,,,H:Select Number of Stories,"https://www.google.com/maps/@?api=1&map_action=pano&viewpoint=38.6937848,-9.21218605&heading=143.24181969293988&pitch=5&fov=120"
931.0,38.69782495088222,-9.217455885292372,Portugal,Lisbon,MCF,LWAL,CDM,2,RES,BP2,Select Epoch of Construction,RSH2,RMT1,,MCF/LWAL/CDM/H:2/BP2/RSH2+RMT1/RES,"https://www.google.com/maps/@?api=1&map_action=pano&viewpoint=38.69782495,-9.21745589&heading=95.09927962886218&pitch=5&fov=120"
932.0,38.69895727554986,-9.19357273922651,Portugal,Lisbon,,,,,,,Select Epoch of Construction,,,,H:Select Number of Stories,
933.0,38.69708122919812,-9.2186208167475,Portugal,Lisbon,MCF,LWAL,CDL,2,RES,BP1,Select Epoch of Construction,RSH2,RMT1,,MCF/LWAL/CDL/H:2/BP1/RSH2+RMT1/RES,"https://www.google.com/maps/@?api=1&map_action=pano&viewpoint=38.69708123,-9.21862082&heading=97.95722274163&pitch=5&fov=120"
934.0,38.70043124338769,-9.219375854195524,Portugal,Lisbon,MCF,LWAL,CDL,2,RES,BP2,Select Epoch of Construction,RSH3,RMT1,,MCF/LWAL/CDL/H:2/BP2/RSH3+RMT1/RES,"https://www.google.com/maps/@?api=1&map_action=pano&viewpoint=38.70043124,-9.21937585&heading=212.12453988869242&pitch=5&fov=120"
935.0,38.69949408585015,-9.207866117262904,Portugal,Lisbon,,,,,,,Select Epoch of Construction,,,,H:Select Number of Stories,"https://www.google.com/maps/@?api=1&map_action=pano&viewpoint=38.69949409,-9.20786612&heading=209.68098091899037&pitch=5&fov=120"
936.0,38.70277047794723,-9.205749111959255,Portugal,Lisbon,CR,LFINF,CDH,6.0-7.0,MIX(RES;COM),BPD,Select Epoch of Construction,RSH1,RMN,,CR/LFINF/CDH/H:6-7/BPD/RSH1+RMN/MIX(RES;COM),"https://www.google.com/maps/@?api=1&map_action=pano&viewpoint=38.70277048,-9.20574911&heading=307.5763412404774&pitch=5&fov=120"
937.0,38.69589015,-9.2208486,Portugal,Lisbon,,,,,,,Select Epoch of Construction,,,,H:Select Number of Stories,"https://www.google.com/maps/@?api=1&map_action=pano&viewpoint=38.69589015,-9.2208486&heading=1.1498042607754542&pitch=5&fov=120"
938.0,38.69846961562955,-9.220212604925043,Portugal,Lisbon,MUR,LWAL,CDL,2,RES,BP2,Select Epoch of Construction,RSH2,RMT1,,MUR/LWAL/CDL/H:2/BP2/RSH2+RMT1/RES,"https://www.google.com/maps/@?api=1&map_action=pano&viewpoint=38.69846962,-9.2202126&heading=292.42195173303776&pitch=5&fov=120"
939.0,38.70525512144882,-9.202925755018532,Portugal,Lisbon,,,,,,,Select Epoch of Construction,,,,H:Select Number of Stories,"https://www.google.com/maps/@?api=1&map_action=pano&viewpoint=38.70525512,-9.20292576&heading=155.75009251088522&pitch=5&fov=120"
940.0,38.69794656012392,-9.21483232125308,Portugal,Lisbon,CR,LFM,CDL,2,RES,BPD,Select Epoch of Construction,RSH1,RMN,,CR/LFM/CDL/H:2/BPD/RSH1+RMN/RES,"https://www.google.com/maps/@?api=1&map_action=pano&viewpoint=38.69794656,-9.21483232&heading=69.97615320724162&pitch=5&fov=120"
941.0,38.70247375270062,-9.218458040104338,Portugal,Lisbon,CR,LFM,CDM,2,RES,BPD,Select Epoch of Construction,RSH2,RMT1,,CR/LFM/CDM/H:2/BPD/RSH2+RMT1/RES,"https://www.google.com/maps/@?api=1&map_action=pano&viewpoint=38.70247375,-9.21845804&heading=300.67264283237466&pitch=5&fov=120"
942.0,38.69626711889827,-9.217783780542518,Portugal,Lisbon,,,,,,,Select Epoch of Construction,,,,H:Select Number of Stories,"https://www.google.com/maps/@?api=1&map_action=pano&viewpoint=38.69626712,-9.21778378&heading=353.36737379264537&pitch=5&fov=120"
943.0,38.70045000993417,-9.216599990708009,Portugal,Lisbon,,,,,,,Select Epoch of Construction,,,,H:Select Number of Stories,"https://www.google.com/maps/@?api=1&map_action=pano&viewpoint=38.70045001,-9.21659999&heading=207.1252278489971&pitch=5&fov=120"
944.0,38.69921077484863,-9.218996753466715,Portugal,Lisbon,MCF,LWAL,CDL,2,RES,BP1,Select Epoch of Construction,RSH3,RMT1,,MCF/LWAL/CDL/H:2/BP1/RSH3+RMT1/RES,"https://www.google.com/maps/@?api=1&map_action=pano&viewpoint=38.69921077,-9.21899675&heading=292.8567082011905&pitch=5&fov=120"
945.0,38.7006928584621,-9.226322050509244,Portugal,Lisbon,CR,LFM,CDL,4,MIX(RES;COM),BP1,Select Epoch of Construction,RSH3,RMT1,,CR/LFM/CDL/H:4/BP1/RSH3+RMT1/MIX(RES;COM),"https://www.google.com/maps/@?api=1&map_action=pano&viewpoint=38.70069286,-9.22632205&heading=343.40861091505246&pitch=5&fov=120"
946.0,38.69980019278989,-9.219757128058156,Portugal,Lisbon,MCF,LWAL,CDM,2,RES,BP1,Select Epoch of Construction,RSH2,RMT1,,MCF/LWAL/CDM/H:2/BP1/RSH2+RMT1/RES,"https://www.google.com/maps/@?api=1&map_action=pano&viewpoint=38.69980019,-9.21975713&heading=211.9580502709495&pitch=5&fov=120"
947.0,38.69702067793689,-9.202788615827458,Portugal,Lisbon,,,,,,,Select Epoch of Construction,,,,H:Select Number of Stories,"https://www.google.com/maps/@?api=1&map_action=pano&viewpoint=38.69702068,-9.20278862&heading=154.87496336225797&pitch=5&fov=120"
948.0,38.70146311526742,-9.205848515955886,Portugal,Lisbon,MUR,LWAL,CDL,1,RES,BP1,Select Epoch of Construction,RSH2,RMT1,,MUR/LWAL/CDL/H:1/BP1/RSH2+RMT1/RES,"https://www.google.com/maps/@?api=1&map_action=pano&viewpoint=38.70146312,-9.20584852&heading=320.00445890362255&pitch=5&fov=120"
949.0,38.6987567207912,-9.194346599986812,Portugal,Lisbon,,,,,,,Select Epoch of Construction,,,,H:Select Number of Stories,
950.0,38.698846859772445,-9.213854097282937,Portugal,Lisbon,,,,,,,Select Epoch of Construction,,,,H:Select Number of Stories,"https://www.google.com/maps/@?api=1&map_action=pano&viewpoint=38.69884686,-9.2138541&heading=70.34774146637312&pitch=5&fov=120"
951.0,38.69928137232535,-9.2194163257208,Portugal,Lisbon,,,,,,,Select Epoch of Construction,,,,H:Select Number of Stories,"https://www.google.com/maps/@?api=1&map_action=pano&viewpoint=38.69928137,-9.21941633&heading=295.4210073720437&pitch=5&fov=120"
952.0,38.70105358411912,-9.20344128086943,Portugal,Lisbon,MCF,LWAL,CDN,2,RES,BP2,Select Epoch of Construction,RSH2,RMT1,,MCF/LWAL/CDN/H:2/BP2/RSH2+RMT1/RES,"https://www.google.com/maps/@?api=1&map_action=pano&viewpoint=38.70105358,-9.20344128&heading=79.02047371867263&pitch=5&fov=120"
953.0,38.700026179398414,-9.20442559006024,Portugal,Lisbon,MCF,LWAL,CDL,2,RES,BP2,Select Epoch of Construction,RSH2,RMT1,,MCF/LWAL/CDL/H:2/BP2/RSH2+RMT1/RES,"https://www.google.com/maps/@?api=1&map_action=pano&viewpoint=38.70002618,-9.20442559&heading=304.69962557923157&pitch=5&fov=120"
954.0,38.69477427227496,-9.21756398649556,Portugal,Lisbon,MUR,LWAL,CDN,1,COM,BP2,Select Epoch of Construction,RSH2,RMT6,,MUR/LWAL/CDN/H:1/BP2/RSH2+RMT6/COM,"https://www.google.com/maps/@?api=1&map_action=pano&viewpoint=38.69477427,-9.21756399&heading=259.92812176019993&pitch=5&fov=120"
955.0,38.69963909133832,-9.193852213186908,Portugal,Lisbon,,,,,,,Select Epoch of Construction,,,,H:Select Number of Stories,
956.0,38.69539213610053,-9.220186908005664,Portugal,Lisbon,,,,,,,Select Epoch of Construction,,,,H:Select Number of Stories,"https://www.google.com/maps/@?api=1&map_action=pano&viewpoint=38.69539214,-9.22018691&heading=1.0141884903686105&pitch=5&fov=120"
957.0,38.6997537,-9.204139200000002,Portugal,Lisbon,MUR,LWAL,CDL,2,RES,BP1,Select Epoch of Construction,RSH2,RMT1,,MUR/LWAL/CDL/H:2/BP1/RSH2+RMT1/RES,"https://www.google.com/maps/@?api=1&map_action=pano&viewpoint=38.6997537,-9.2041392&heading=241.75116712514472&pitch=5&fov=120"
958.0,38.70051971223261,-9.214623586370791,Portugal,Lisbon,,,,,,,Select Epoch of Construction,,,,H:Select Number of Stories,"https://www.google.com/maps/@?api=1&map_action=pano&viewpoint=38.70051971,-9.21462359&heading=178.6263810317526&pitch=5&fov=120"
959.0,38.69775442105502,-9.217134234177324,Portugal,Lisbon,MUR,LWAL,CDL,2,RES,BP2,Select Epoch of Construction,RSH2,RMT1,,MUR/LWAL/CDL/H:2/BP2/RSH2+RMT1/RES,"https://www.google.com/maps/@?api=1&map_action=pano&viewpoint=38.69775442,-9.21713423&heading=92.9782728173044&pitch=5&fov=120"
960.0,38.6994991,-9.21668715,Portugal,Lisbon,CR,LFM,CDL,2,RES,BPD,Select Epoch of Construction,RSH3,RMT1,,CR/LFM/CDL/H:2/BPD/RSH3+RMT1/RES,"https://www.google.com/maps/@?api=1&map_action=pano&viewpoint=38.6994991,-9.21668715&heading=104.06271055238471&pitch=5&fov=120"
961.0,38.69686317664024,-9.21555527049263,Portugal,Lisbon,MCF,LWAL,CDL,2,RES,BP2,Select Epoch of Construction,RSH2,RMT1,,MCF/LWAL/CDL/H:2/BP2/RSH2+RMT1/RES,"https://www.google.com/maps/@?api=1&map_action=pano&viewpoint=38.69686318,-9.21555527&heading=78.25888137659564&pitch=5&fov=120"
962.0,38.69639310232725,-9.216780768698506,Portugal,Lisbon,,,,,,,Select Epoch of Construction,,,,H:Select Number of Stories,"https://www.google.com/maps/@?api=1&map_action=pano&viewpoint=38.6963931,-9.21678077&heading=263.42162102462646&pitch=5&fov=120"
963.0,38.697213767268586,-9.215395440638764,Portugal,Lisbon,MCF,LWAL,CDL,2,RES,BP2,Select Epoch of Construction,RSH2,RMT1,,MCF/LWAL/CDL/H:2/BP2/RSH2+RMT1/RES,"https://www.google.com/maps/@?api=1&map_action=pano&viewpoint=38.69721377,-9.21539544&heading=77.40620469034138&pitch=5&fov=120"
964.0,38.69781283294395,-9.19696818132317,Portugal,Lisbon,CR,LFINF,CDL,3,RES,BP2,Select Epoch of Construction,RSH3,RMT1,,CR/LFINF/CDL/H:3/BP2/RSH3+RMT1/RES,"https://www.google.com/maps/@?api=1&map_action=pano&viewpoint=38.69781283,-9.19696818&heading=147.70958011991974&pitch=5&fov=120"
965.0,38.70034401676176,-9.219768923041409,Portugal,Lisbon,,,,,,,Select Epoch of Construction,,,,H:Select Number of Stories,"https://www.google.com/maps/@?api=1&map_action=pano&viewpoint=38.70034402,-9.21976892&heading=31.958042891921195&pitch=5&fov=120"
966.0,38.69740318072135,-9.216318808050746,Portugal,Lisbon,CR,LFM,CDM,2,RES,BPD,Select Epoch of Construction,RSH3,RMT1,,CR/LFM/CDM/H:2/BPD/RSH3+RMT1/RES,"https://www.google.com/maps/@?api=1&map_action=pano&viewpoint=38.69740318,-9.21631881&heading=85.41021357457731&pitch=5&fov=120"
967.0,38.69715024997573,-9.202441654415797,Portugal,Lisbon,CR,LFINF,CDM,3,MIX(RES;COM),BP2,Select Epoch of Construction,RSH2,RMT1,,CR/LFINF/CDM/H:3/BP2/RSH2+RMT1/MIX(RES;COM),"https://www.google.com/maps/@?api=1&map_action=pano&viewpoint=38.69715025,-9.20244165&heading=155.13918290272846&pitch=5&fov=120"
968.0,38.7005282475149,-9.199644872269658,Portugal,Lisbon,CR,LFM,CDM,3,RES,BPD,Select Epoch of Construction,RSH3,RMT1,,CR/LFM/CDM/H:3/BPD/RSH3+RMT1/RES,"https://www.google.com/maps/@?api=1&map_action=pano&viewpoint=38.70052825,-9.19964487&heading=63.30956560254242&pitch=5&fov=120"
969.0,38.70120285560686,-9.204548695948626,Portugal,Lisbon,CR,LFM,CDM,3,RES,BP1,Select Epoch of Construction,RSH1,RMN,,CR/LFM/CDM/H:3/BP1/RSH1+RMN/RES,"https://www.google.com/maps/@?api=1&map_action=pano&viewpoint=38.70120286,-9.2045487&heading=357.5859129183267&pitch=5&fov=120"
970.0,38.69945027783993,-9.22618292142629,Portugal,Lisbon,CR,LFINF,CDL,4,MIX(RES;COM),BP2,Select Epoch of Construction,RSH2,RMT1,,CR/LFINF/CDL/H:4/BP2/RSH2+RMT1/MIX(RES;COM),"https://www.google.com/maps/@?api=1&map_action=pano&viewpoint=38.69945028,-9.22618292&heading=182.46941454239573&pitch=5&fov=120"
971.0,38.69764812815317,-9.195327232331532,Portugal,Lisbon,CR,LFINF,CDL,4,RES,BP2,Select Epoch of Construction,RSH2,RMT1,,CR/LFINF/CDL/H:4/BP2/RSH2+RMT1/RES,"https://www.google.com/maps/@?api=1&map_action=pano&viewpoint=38.69764813,-9.19532723&heading=325.7657211103174&pitch=5&fov=120"
972.0,38.694491000000006,-9.217245999999996,Portugal,Lisbon,,,,,,,Select Epoch of Construction,,,,H:Select Number of Stories,"https://www.google.com/maps/@?api=1&map_action=pano&viewpoint=38.694491,-9.217246&heading=334.550703914143&pitch=5&fov=120"
973.0,38.69284780500696,-9.210462144307971,Portugal,Lisbon,,,,,,,Select Epoch of Construction,,,,H:Select Number of Stories,"https://www.google.com/maps/@?api=1&map_action=pano&viewpoint=38.69284781,-9.21046214&heading=209.16854482857906&pitch=5&fov=120"
974.0,38.69815687417047,-9.20072234686745,Portugal,Lisbon,,,,,,,Select Epoch of Construction,,,,H:Select Number of Stories,
975.0,38.70272525068626,-9.21843618255817,Portugal,Lisbon,,,,,,,Select Epoch of Construction,,,,H:Select Number of Stories,"https://www.google.com/maps/@?api=1&map_action=pano&viewpoint=38.70272525,-9.21843618&heading=121.02611648738355&pitch=5&fov=120"
976.0,38.69818635437706,-9.197865531686682,Portugal,Lisbon,MUR,LWAL,CDN,1,RES,BP2,Select Epoch of Construction,RSH2,RMT1,,MUR/LWAL/CDN/H:1/BP2/RSH2+RMT1/RES,"https://www.google.com/maps/@?api=1&map_action=pano&viewpoint=38.69818635,-9.19786553&heading=328.7718964869339&pitch=5&fov=120"
977.0,38.70140840574891,-9.196784908680709,Portugal,Lisbon,MCF,LWAL,CDL,2,RES,BP2,Select Epoch of Construction,RSH2,RMT1,,MCF/LWAL/CDL/H:2/BP2/RSH2+RMT1/RES,"https://www.google.com/maps/@?api=1&map_action=pano&viewpoint=38.70140841,-9.19678491&heading=218.59642909236464&pitch=5&fov=120"
978.0,38.6976798249817,-9.21844455803766,Portugal,Lisbon,MUR,LWAL,CDL,2,RES,BP2,Select Epoch of Construction,RSH2,RMT1,,MUR/LWAL/CDL/H:2/BP2/RSH2+RMT1/RES,"https://www.google.com/maps/@?api=1&map_action=pano&viewpoint=38.69767982,-9.21844456&heading=101.858347522901&pitch=5&fov=120"
979.0,38.70444853064196,-9.203333719897508,Portugal,Lisbon,MUR,LWAL,CDN,2,COM,BP2,Select Epoch of Construction,RSH2,RMT1,,MUR/LWAL/CDN/H:2/BP2/RSH2+RMT1/COM,"https://www.google.com/maps/@?api=1&map_action=pano&viewpoint=38.70444853,-9.20333372&heading=337.3281485467945&pitch=5&fov=120"
980.0,38.699501087617264,-9.204149831627255,Portugal,Lisbon,CR,LFM,CDM,2,RES,BPD,Select Epoch of Construction,RSH3,RMT1,,CR/LFM/CDM/H:2/BPD/RSH3+RMT1/RES,"https://www.google.com/maps/@?api=1&map_action=pano&viewpoint=38.69950109,-9.20414983&heading=242.90187889416734&pitch=5&fov=120"
981.0,38.698295294273706,-9.219903870938184,Portugal,Lisbon,,,,,,,Select Epoch of Construction,,,,H:Select Number of Stories,"https://www.google.com/maps/@?api=1&map_action=pano&viewpoint=38.69829529,-9.21990387&heading=290.7153150358036&pitch=5&fov=120"
982.0,38.698761498544,-9.20069338945267,Portugal,Lisbon,,,,,,,Select Epoch of Construction,,,,H:Select Number of Stories,
983.0,38.697071420446704,-9.215798528325614,Portugal,Lisbon,MCF,LWAL,CDL,2,RES,BP2,Select Epoch of Construction,RSH2,RMT1,,MCF/LWAL/CDL/H:2/BP2/RSH2+RMT1/RES,"https://www.google.com/maps/@?api=1&map_action=pano&viewpoint=38.69707142,-9.21579853&heading=80.41036183946238&pitch=5&fov=120"
984.0,38.69616409672946,-9.214423767883044,Portugal,Lisbon,,,,,,,Select Epoch of Construction,,,,H:Select Number of Stories,"https://www.google.com/maps/@?api=1&map_action=pano&viewpoint=38.6961641,-9.21442377&heading=270.83515086854015&pitch=5&fov=120"
985.0,38.69731556005098,-9.19282478053169,Portugal,Lisbon,MUR,LWAL,CDL,2,RES,BP2,Select Epoch of Construction,RSH2,RMT1,,MUR/LWAL/CDL/H:2/BP2/RSH2+RMT1/RES,"https://www.google.com/maps/@?api=1&map_action=pano&viewpoint=38.69731556,-9.19282478&heading=323.30458468682696&pitch=5&fov=120"
986.0,38.70143575020302,-9.205575905527656,Portugal,Lisbon,MUR,LWAL,CDL,1,RES,BP1,Select Epoch of Construction,RSH2,RMT1,,MUR/LWAL/CDL/H:1/BP1/RSH2+RMT1/RES,"https://www.google.com/maps/@?api=1&map_action=pano&viewpoint=38.70143575,-9.20557591&heading=348.0688860897003&pitch=5&fov=120"
987.0,38.701090829073856,-9.20407335757552,Portugal,Lisbon,CR,LFM,CDM,3,RES,BP2,Select Epoch of Construction,RSH1,RMN,,CR/LFM/CDM/H:3/BP2/RSH1+RMN/RES,"https://www.google.com/maps/@?api=1&map_action=pano&viewpoint=38.70109083,-9.20407336&heading=334.904573436463&pitch=5&fov=120"
988.0,38.69679131308195,-9.218867145375809,Portugal,Lisbon,,,,,,,Select Epoch of Construction,,,,H:Select Number of Stories,"https://www.google.com/maps/@?api=1&map_action=pano&viewpoint=38.69679131,-9.21886715&heading=97.69121618245981&pitch=5&fov=120"
989.0,38.69779820595082,-9.19971717322002,Portugal,Lisbon,,,,,,,Select Epoch of Construction,,,,H:Select Number of Stories,"https://www.google.com/maps/@?api=1&map_action=pano&viewpoint=38.69779821,-9.19971717&heading=230.96380141620847&pitch=5&fov=120"
990.0,38.701366432428,-9.221686333477916,Portugal,Lisbon,,,,,,,Select Epoch of Construction,,,,H:Select Number of Stories,"https://www.google.com/maps/@?api=1&map_action=pano&viewpoint=38.70136643,-9.22168633&heading=121.90226848445718&pitch=5&fov=120"
991.0,38.70048984011301,-9.22326719768097,Portugal,Lisbon,,,,,,,Select Epoch of Construction,,,,H:Select Number of Stories,"https://www.google.com/maps/@?api=1&map_action=pano&viewpoint=38.70048984,-9.2232672&heading=302.5018368480221&pitch=5&fov=120"
992.0,38.69870546591564,-9.219830611378107,Portugal,Lisbon,MCF,LWAL,CDL,2,RES,BP2,Select Epoch of Construction,RSH2,RMT1,,MCF/LWAL/CDL/H:2/BP2/RSH2+RMT1/RES,"https://www.google.com/maps/@?api=1&map_action=pano&viewpoint=38.69870547,-9.21983061&heading=291.25598199617093&pitch=5&fov=120"
993.0,38.6949766690257,-9.198533966349732,Portugal,Lisbon,,,,,,,Select Epoch of Construction,,,,H:Select Number of Stories,"https://www.google.com/maps/@?api=1&map_action=pano&viewpoint=38.69497667,-9.19853397&heading=279.7064129334699&pitch=5&fov=120"
994.0,38.70077402139493,-9.203461146132456,Portugal,Lisbon,MUR,LWAL,CDL,1,RES,BP1,Select Epoch of Construction,RSH2,RMT1,,MUR/LWAL/CDL/H:1/BP1/RSH2+RMT1/RES,"https://www.google.com/maps/@?api=1&map_action=pano&viewpoint=38.70077402,-9.20346115&heading=79.02046129128712&pitch=5&fov=120"
995.0,38.69780269631244,-9.193516530817003,Portugal,Lisbon,MCF,LWAL,CDL,3,RES,BP2,Select Epoch of Construction,RSH3,RMT1,,MCF/LWAL/CDL/H:3/BP2/RSH3+RMT1/RES,"https://www.google.com/maps/@?api=1&map_action=pano&viewpoint=38.6978027,-9.19351653&heading=91.13474388388812&pitch=5&fov=120"
996.0,38.69516526994328,-9.215525929583734,Portugal,Lisbon,CR,LFINF,CDL,4,RES,BP2,Select Epoch of Construction,RSH3,RMT1,,CR/LFINF/CDL/H:4/BP2/RSH3+RMT1/RES,"https://www.google.com/maps/@?api=1&map_action=pano&viewpoint=38.69516527,-9.21552593&heading=333.01330359878534&pitch=5&fov=120"
997.0,38.69789446883873,-9.21028865365771,Portugal,Lisbon,,,,,,,Select Epoch of Construction,,,,H:Select Number of Stories,
998.0,38.6965734,-9.214012599999998,Portugal,Lisbon,,,,,,,Select Epoch of Construction,,,,H:Select Number of Stories,
999.0,38.69954369134862,-9.220792764956505,Portugal,Lisbon,,,,,,,Select Epoch of Construction,,,,H:Select Number of Stories,"https://www.google.com/maps/@?api=1&map_action=pano&viewpoint=38.69954369,-9.22079276&heading=31.480513320882267&pitch=5&fov=120"
1000.0,38.69996281256482,-9.220257387435511,Portugal,Lisbon,,,,,,,Select Epoch of Construction,,,,H:Select Number of Stories,"https://www.google.com/maps/@?api=1&map_action=pano&viewpoint=38.69996281,-9.22025739&heading=212.01120614509466&pitch=5&fov=120"
1001.0,38.70419813446646,-9.202567554191344,Portugal,Lisbon,MCF,LWAL,CDL,3,RES,BP1,Select Epoch of Construction,RSH2,RMT1,,MCF/LWAL/CDL/H:3/BP1/RSH2+RMT1/RES,"https://www.google.com/maps/@?api=1&map_action=pano&viewpoint=38.70419813,-9.20256755&heading=242.29262436339724&pitch=5&fov=120"
1002.0,38.69723670513898,-9.216061953812916,Portugal,Lisbon,MCF,LWAL,CDL,2,RES,BP2,Select Epoch of Construction,RSH2,RMT1,,MCF/LWAL/CDL/H:2/BP2/RSH2+RMT1/RES,"https://www.google.com/maps/@?api=1&map_action=pano&viewpoint=38.69723671,-9.21606195&heading=83.03314051343557&pitch=5&fov=120"
1003.0,38.70170938171487,-9.220705690476342,Portugal,Lisbon,,,,,,,Select Epoch of Construction,,,,H:Select Number of Stories,"https://www.google.com/maps/@?api=1&map_action=pano&viewpoint=38.70170938,-9.22070569&heading=301.86442218845747&pitch=5&fov=120"
1004.0,38.69759544034195,-9.196093473041126,Portugal,Lisbon,CR,LFM,CDL,3,MIX(RES;COM),BP2,Select Epoch of Construction,RSH3,RMT1,,CR/LFM/CDL/H:3/BP2/RSH3+RMT1/MIX(RES;COM),"https://www.google.com/maps/@?api=1&map_action=pano&viewpoint=38.69759544,-9.19609347&heading=326.89788660333977&pitch=5&fov=120"
1005.0,38.70129223335881,-9.219837348731607,Portugal,Lisbon,CR,LFM,CDH,2,RES,BPD,Select Epoch of Construction,RSH1,RMN,,CR/LFM/CDH/H:2/BPD/RSH1+RMN/RES,"https://www.google.com/maps/@?api=1&map_action=pano&viewpoint=38.70129223,-9.21983735&heading=121.93515094610188&pitch=5&fov=120"
1006.0,38.69856849320802,-9.201269604797837,Portugal,Lisbon,,,,,,,Select Epoch of Construction,,,,H:Select Number of Stories,
1007.0,38.69314310418512,-9.220840679502592,Portugal,Lisbon,CR,LFM,CDH,1,COM,BPD,Select Epoch of Construction,RSH1,RMT6,,CR/LFM/CDH/H:1/BPD/RSH1+RMT6/COM,"https://www.google.com/maps/@?api=1&map_action=pano&viewpoint=38.6931431,-9.22084068&heading=141.34573215293682&pitch=5&fov=120"
1008.0,38.69958486250387,-9.2180026636017,Portugal,Lisbon,CR,LFINF,CDL,2,RES,BPD,Select Epoch of Construction,RSH3,RMT1,,CR/LFINF/CDL/H:2/BPD/RSH3+RMT1/RES,"https://www.google.com/maps/@?api=1&map_action=pano&viewpoint=38.69958486,-9.21800266&heading=201.55124545220986&pitch=5&fov=120"
1009.0,38.69491138647821,-9.219298578618291,Portugal,Lisbon,CR,LFINF,CDM,3,RES,BP1,Select Epoch of Construction,RSH1,RMN,,CR/LFINF/CDM/H:3/BP1/RSH1+RMN/RES,"https://www.google.com/maps/@?api=1&map_action=pano&viewpoint=38.69491139,-9.21929858&heading=0.6465668653509056&pitch=5&fov=120"
1010.0,38.6998521756466,-9.221379933466547,Portugal,Lisbon,,,,,,,Select Epoch of Construction,,,,H:Select Number of Stories,"https://www.google.com/maps/@?api=1&map_action=pano&viewpoint=38.69985218,-9.22137993&heading=212.0724129126055&pitch=5&fov=120"
1011.0,38.69757173680524,-9.196382326203151,Portugal,Lisbon,CR,LFINF,CDL,3,MIX(RES;COM),BP2,Select Epoch of Construction,RSH2,RMT1,,CR/LFINF/CDL/H:3/BP2/RSH2+RMT1/MIX(RES;COM),"https://www.google.com/maps/@?api=1&map_action=pano&viewpoint=38.69757174,-9.19638233&heading=325.2530446190094&pitch=5&fov=120"
1012.0,38.69942247345902,-9.221952125791905,Portugal,Lisbon,,,,,,,Select Epoch of Construction,,,,H:Select Number of Stories,"https://www.google.com/maps/@?api=1&map_action=pano&viewpoint=38.69942247,-9.22195213&heading=340.4026958505388&pitch=5&fov=120"
1013.0,38.70069675422538,-9.217032112110024,Portugal,Lisbon,MUR,LWAL,CDN,2,RES,BP2,Select Epoch of Construction,RSH1,RMN,,MUR/LWAL/CDN/H:2/BP2/RSH1+RMN/RES,"https://www.google.com/maps/@?api=1&map_action=pano&viewpoint=38.70069675,-9.21703211&heading=344.28806713473&pitch=5&fov=120"
1014.0,38.69870144617648,-9.203949364453878,Portugal,Lisbon,MUR,LWAL,CDL,2,RES,BPD,Select Epoch of Construction,RSH3,RMT1,,MUR/LWAL/CDL/H:2/BPD/RSH3+RMT1/RES,"https://www.google.com/maps/@?api=1&map_action=pano&viewpoint=38.69870145,-9.20394936&heading=258.8532905924268&pitch=5&fov=120"
1015.0,38.69474957904475,-9.223767886619315,Portugal,Lisbon,,,,,,,Select Epoch of Construction,,,,H:Select Number of Stories,"https://www.google.com/maps/@?api=1&map_action=pano&viewpoint=38.69474958,-9.22376789&heading=8.00500386410647&pitch=5&fov=120"
1016.0,38.70256024350387,-9.205950733304784,Portugal,Lisbon,CR,LFM,CDH,5,MIX(RES;COM),BPD,Select Epoch of Construction,RSH1,RMN,,CR/LFM/CDH/H:5/BPD/RSH1+RMN/MIX(RES;COM),"https://www.google.com/maps/@?api=1&map_action=pano&viewpoint=38.70256024,-9.20595073&heading=294.70318554253043&pitch=5&fov=120"
1017.0,38.700284103674186,-9.20477652856714,Portugal,Lisbon,MCF,LWAL,CDL,3,RES,BP1,Select Epoch of Construction,RSH2,RMT1,,MCF/LWAL/CDL/H:3/BP1/RSH2+RMT1/RES,"https://www.google.com/maps/@?api=1&map_action=pano&viewpoint=38.7002841,-9.20477653&heading=302.4220806048212&pitch=5&fov=120"
1018.0,38.69946953183679,-9.204386651803352,Portugal,Lisbon,MUR,LWAL,CDL,2,RES,BP1,Select Epoch of Construction,RSH3,RMT1,,MUR/LWAL/CDL/H:2/BP1/RSH3+RMT1/RES,"https://www.google.com/maps/@?api=1&map_action=pano&viewpoint=38.69946953,-9.20438665&heading=124.86958697576529&pitch=5&fov=120"
1019.0,38.69926315523524,-9.200248035601549,Portugal,Lisbon,,,,,,,Select Epoch of Construction,,,,H:Select Number of Stories,"https://www.google.com/maps/@?api=1&map_action=pano&viewpoint=38.69926316,-9.20024804&heading=135.74460817545213&pitch=5&fov=120"
1020.0,38.70174160265218,-9.207556013932995,Portugal,Lisbon,,,,,,,Select Epoch of Construction,,,,H:Select Number of Stories,"https://www.google.com/maps/@?api=1&map_action=pano&viewpoint=38.7017416,-9.20755601&heading=254.26402632055215&pitch=5&fov=120"
1021.0,38.7005604605545,-9.216825419101244,Portugal,Lisbon,,,,,,,Select Epoch of Construction,,,,H:Select Number of Stories,"https://www.google.com/maps/@?api=1&map_action=pano&viewpoint=38.70056046,-9.21682542&heading=249.41753493614112&pitch=5&fov=120"
1022.0,38.70106227097658,-9.216818525184422,Portugal,Lisbon,,,,,,,Select Epoch of Construction,,,,H:Select Number of Stories,"https://www.google.com/maps/@?api=1&map_action=pano&viewpoint=38.70106227,-9.21681853&heading=210.51778205454536&pitch=5&fov=120"
1023.0,38.70155479514501,-9.20388997011103,Portugal,Lisbon,MUR,LWAL,CDN,2,RES,BP1,Select Epoch of Construction,RSH2,RMT1,,MUR/LWAL/CDN/H:2/BP1/RSH2+RMT1/RES,"https://www.google.com/maps/@?api=1&map_action=pano&viewpoint=38.7015548,-9.20388997&heading=351.2984672390892&pitch=5&fov=120"
1024.0,38.69883187894601,-9.201588258249355,Portugal,Lisbon,CR,LFM,CDN,1,COM,BPD,Select Epoch of Construction,RSH3,RMT1,,CR/LFM/CDN/H:1/BPD/RSH3+RMT1/COM,"https://www.google.com/maps/@?api=1&map_action=pano&viewpoint=38.69883188,-9.20158826&heading=150&pitch=5&fov=120"
1025.0,38.70010187123102,-9.220805362762912,Portugal,Lisbon,,,,,,,Select Epoch of Construction,,,,H:Select Number of Stories,"https://www.google.com/maps/@?api=1&map_action=pano&viewpoint=38.70010187,-9.22080536&heading=33.51830400397108&pitch=5&fov=120"
1026.0,38.70032155975588,-9.204092274136569,Portugal,Lisbon,MUR,LWAL,CDN,2,RES,BP1,Select Epoch of Construction,RSH2,RMT1,,MUR/LWAL/CDN/H:2/BP1/RSH2+RMT1/RES,"https://www.google.com/maps/@?api=1&map_action=pano&viewpoint=38.70032156,-9.20409227&heading=242.98065598896864&pitch=5&fov=120"
1027.0,38.70078124403617,-9.220044864353277,Portugal,Lisbon,MUR,LWAL,CDL,2,RES,BPD,Select Epoch of Construction,RSH3,RMT1,,MUR/LWAL/CDL/H:2/BPD/RSH3+RMT1/RES,"https://www.google.com/maps/@?api=1&map_action=pano&viewpoint=38.70078124,-9.22004486&heading=302.3703034817122&pitch=5&fov=120"
1028.0,38.70085515,-9.209984699999998,Portugal,Lisbon,,,,,,,Select Epoch of Construction,,,,H:Select Number of Stories,"https://www.google.com/maps/@?api=1&map_action=pano&viewpoint=38.70085515,-9.2099847&heading=148.73322489082233&pitch=5&fov=120"
1029.0,38.697643280876086,-9.19483120706753,Portugal,Lisbon,MCF,LWAL,CDM,2,RES,BP1,Select Epoch of Construction,RSH2,RMT1,,MCF/LWAL/CDM/H:2/BP1/RSH2+RMT1/RES,"https://www.google.com/maps/@?api=1&map_action=pano&viewpoint=38.69764328,-9.19483121&heading=134.24376125761728&pitch=5&fov=120"
1030.0,38.70128895,-9.203974699999998,Portugal,Lisbon,,,,,,,Select Epoch of Construction,,,,H:Select Number of Stories,"https://www.google.com/maps/@?api=1&map_action=pano&viewpoint=38.70128895,-9.2039747&heading=207.6961939988637&pitch=5&fov=120"
1031.0,38.7005679,-9.22408565,Portugal,Lisbon,,,,,,,Select Epoch of Construction,,,,H:Select Number of Stories,"https://www.google.com/maps/@?api=1&map_action=pano&viewpoint=38.7005679,-9.22408565&heading=122.85451118257072&pitch=5&fov=120"
1032.0,38.69927173043414,-9.210821670309826,Portugal,Lisbon,,,,,,,Select Epoch of Construction,,,,H:Select Number of Stories,"https://www.google.com/maps/@?api=1&map_action=pano&viewpoint=38.69927173,-9.21082167&heading=240.77299964938732&pitch=5&fov=120"
1033.0,38.695183042124846,-9.219311597396088,Portugal,Lisbon,MUR,LWAL,CDN,1,RES,BP1,Select Epoch of Construction,RSH2,RMT1,,MUR/LWAL/CDN/H:1/BP1/RSH2+RMT1/RES,"https://www.google.com/maps/@?api=1&map_action=pano&viewpoint=38.69518304,-9.2193116&heading=82.8234536042354&pitch=5&fov=120"
1034.0,38.69720581660719,-9.21951530204248,Portugal,Lisbon,,,,,,,Select Epoch of Construction,,,,H:Select Number of Stories,"https://www.google.com/maps/@?api=1&map_action=pano&viewpoint=38.69720582,-9.2195153&heading=104.43990365290483&pitch=5&fov=120"
1035.0,38.69749349999999,-9.21067555,Portugal,Lisbon,,,,,,,Select Epoch of Construction,,,,H:Select Number of Stories,"https://www.google.com/maps/@?api=1&map_action=pano&viewpoint=38.6974935,-9.21067555&heading=36.370356909885686&pitch=5&fov=120"
1036.0,38.69951044359689,-9.20473500127762,Portugal,Lisbon,MUR,LWAL,CDL,1,RES,BP2,Select Epoch of Construction,RSH2,RMT1,,MUR/LWAL/CDL/H:1/BP2/RSH2+RMT1/RES,"https://www.google.com/maps/@?api=1&map_action=pano&viewpoint=38.69951044,-9.204735&heading=302.0849052236159&pitch=5&fov=120"
1037.0,38.69940817206027,-9.219169036254506,Portugal,Lisbon,MUR,LWAL,CDL,2,RES,BP2,Select Epoch of Construction,RSH2,RMT1,,MUR/LWAL/CDL/H:2/BP2/RSH2+RMT1/RES,"https://www.google.com/maps/@?api=1&map_action=pano&viewpoint=38.69940817,-9.21916904&heading=293.56453305315085&pitch=5&fov=120"
1038.0,38.69842132324534,-9.194273945585358,Portugal,Lisbon,MCF,LWAL,CDL,2,RES,BP1,Select Epoch of Construction,RSH3,RMT1,,MCF/LWAL/CDL/H:2/BP1/RSH3+RMT1/RES,"https://www.google.com/maps/@?api=1&map_action=pano&viewpoint=38.69842132,-9.19427395&heading=224.80292332854168&pitch=5&fov=120"
1039.0,38.69691607060828,-9.208862043303762,Portugal,Lisbon,,,,,,,Select Epoch of Construction,RSH1,,,H:Select Number of Stories/RSH1,"https://www.google.com/maps/@?api=1&map_action=pano&viewpoint=38.69691607,-9.20886204&heading=322.85263567049253&pitch=5&fov=120"
1040.0,38.70316796298829,-9.20328596398758,Portugal,Lisbon,CR,LFINF,CDL,4,RES,BP2,Select Epoch of Construction,RSH2,RMT1,,CR/LFINF/CDL/H:4/BP2/RSH2+RMT1/RES,"https://www.google.com/maps/@?api=1&map_action=pano&viewpoint=38.70316796,-9.20328596&heading=329.4497559553347&pitch=5&fov=120"
1041.0,38.69876583987946,-9.2147923775826,Portugal,Lisbon,,,,,,,Select Epoch of Construction,,,,H:Select Number of Stories,"https://www.google.com/maps/@?api=1&map_action=pano&viewpoint=38.69876584,-9.21479238&heading=250.34715482643372&pitch=5&fov=120"
1042.0,38.69726108038972,-9.218420436331384,Portugal,Lisbon,MCF,LWAL,CDL,2,RES,BP2,Select Epoch of Construction,RSH2,RMT1,,MCF/LWAL/CDL/H:2/BP2/RSH2+RMT1/RES,"https://www.google.com/maps/@?api=1&map_action=pano&viewpoint=38.69726108,-9.21842044&heading=97.86838768119412&pitch=5&fov=120"
1043.0,38.69713569784198,-9.216477050685546,Portugal,Lisbon,MUR,LWAL,CDN,2,RES,BP2,Select Epoch of Construction,RSH2,RMT1,,MUR/LWAL/CDN/H:2/BP2/RSH2+RMT1/RES,"https://www.google.com/maps/@?api=1&map_action=pano&viewpoint=38.6971357,-9.21647705&heading=85.41011463747373&pitch=5&fov=120"
1044.0,38.70198513281983,-9.220700101350324,Portugal,Lisbon,CR,LFM,CDL,2,RES,BPD,Select Epoch of Construction,RSH2,RMT1,,CR/LFM/CDL/H:2/BPD/RSH2+RMT1/RES,"https://www.google.com/maps/@?api=1&map_action=pano&viewpoint=38.70198513,-9.2207001&heading=121.9901970716403&pitch=5&fov=120"
1045.0,38.70088784505418,-9.2197691840376,Portugal,Lisbon,MUR,LWAL,CDL,2,RES,BPD,Select Epoch of Construction,RSH3,RMT1,,MUR/LWAL/CDL/H:2/BPD/RSH3+RMT1/RES,"https://www.google.com/maps/@?api=1&map_action=pano&viewpoint=38.70088785,-9.21976918&heading=302.12881052364366&pitch=5&fov=120"
1046.0,38.703512926967385,-9.205822292430312,Portugal,Lisbon,,,,,,,Select Epoch of Construction,,,,H:Select Number of Stories,"https://www.google.com/maps/@?api=1&map_action=pano&viewpoint=38.70351293,-9.20582229&heading=322.7837594881429&pitch=5&fov=120"
1047.0,38.69613385,-9.2173715,Portugal,Lisbon,CR,LFINF,CDM,2,RES,BPD,Select Epoch of Construction,RSH3,RMT1,,CR/LFINF/CDM/H:2/BPD/RSH3+RMT1/RES,"https://www.google.com/maps/@?api=1&map_action=pano&viewpoint=38.69613385,-9.2173715&heading=176.13912417527462&pitch=5&fov=120"
1048.0,38.697400123614656,-9.195565216085678,Portugal,Lisbon,MUR,LWAL,CDN,1,COM,BPD,Select Epoch of Construction,RSH2,RMT1,,MUR/LWAL/CDN/H:1/BPD/RSH2+RMT1/COM,"https://www.google.com/maps/@?api=1&map_action=pano&viewpoint=38.69740012,-9.19556522&heading=144.8729910975565&pitch=5&fov=120"
1049.0,38.6942943277382,-9.21319602190558,Portugal,Lisbon,CR,LFINF,CDH,3,RES,BP1,Select Epoch of Construction,RSH3,RMT1,,CR/LFINF/CDH/H:3/BP1/RSH3+RMT1/RES,"https://www.google.com/maps/@?api=1&map_action=pano&viewpoint=38.69429433,-9.21319602&heading=244.98968032581496&pitch=5&fov=120"
1050.0,38.6969237,-9.211881749999998,Portugal,Lisbon,CR,LFM,CDH,5,RES,BPD,Select Epoch of Construction,RSH1,RMN,,CR/LFM/CDH/H:5/BPD/RSH1+RMN/RES,"https://www.google.com/maps/@?api=1&map_action=pano&viewpoint=38.6969237,-9.21188175&heading=62.83637425843631&pitch=5&fov=120"
1051.0,38.69693280003133,-9.215504796577216,Portugal,Lisbon,MCF,LWAL,CDL,2,RES,BP2,Select Epoch of Construction,RSH2,RMT1,,MCF/LWAL/CDL/H:2/BP2/RSH2+RMT1/RES,"https://www.google.com/maps/@?api=1&map_action=pano&viewpoint=38.6969328,-9.2155048&heading=78.25891292084964&pitch=5&fov=120"
1052.0,38.69936721230856,-9.22344384961938,Portugal,Lisbon,,,,,,,Select Epoch of Construction,,,,H:Select Number of Stories,"https://www.google.com/maps/@?api=1&map_action=pano&viewpoint=38.69936721,-9.22344385&heading=302.2350743952845&pitch=5&fov=120"
1053.0,38.69843964314541,-9.219688243990822,Portugal,Lisbon,MUR,LWAL,CDN,2,RES,BP2,Select Epoch of Construction,RSH2,RMT1,,MUR/LWAL/CDN/H:2/BP2/RSH2+RMT1/RES,"https://www.google.com/maps/@?api=1&map_action=pano&viewpoint=38.69843964,-9.21968824&heading=289.88361202944805&pitch=5&fov=120"
1054.0,38.70053914619987,-9.203194248572403,Portugal,Lisbon,MUR,LWAL,CDL,2,RES,BP1,Select Epoch of Construction,RSH2,RMT1,,MUR/LWAL/CDL/H:2/BP1/RSH2+RMT1/RES,"https://www.google.com/maps/@?api=1&map_action=pano&viewpoint=38.70053915,-9.20319425&heading=256.38913131183676&pitch=5&fov=120"
1055.0,38.70002087592398,-9.22074412480195,Portugal,Lisbon,,,,,,,Select Epoch of Construction,,,,H:Select Number of Stories,"https://www.google.com/maps/@?api=1&map_action=pano&viewpoint=38.70002088,-9.22074412&heading=31.40909000404747&pitch=5&fov=120"
1056.0,38.698394144462085,-9.219757471427178,Portugal,Lisbon,MCF,LWAL,CDN,2,RES,BP2,Select Epoch of Construction,RSH2,RMT1,,MCF/LWAL/CDN/H:2/BP2/RSH2+RMT1/RES,"https://www.google.com/maps/@?api=1&map_action=pano&viewpoint=38.69839414,-9.21975747&heading=289.8835687465204&pitch=5&fov=120"
1057.0,38.697614182002624,-9.19593041367447,Portugal,Lisbon,MUR,LWAL,CDN,2,MIX(RES;COM),BP2,Select Epoch of Construction,RSH2,RMT1,,MUR/LWAL/CDN/H:2/BP2/RSH2+RMT1/MIX(RES;COM),"https://www.google.com/maps/@?api=1&map_action=pano&viewpoint=38.69761418,-9.19593041&heading=326.89798854921196&pitch=5&fov=120"
1058.0,38.69819635038461,-9.204454607167133,Portugal,Lisbon,CR,LFM,CDM,4,EDU,BPD,Select Epoch of Construction,RSH3,RMT1,,CR/LFM/CDM/H:4/BPD/RSH3+RMT1/EDU,"https://www.google.com/maps/@?api=1&map_action=pano&viewpoint=38.69819635,-9.20445461&heading=322.7749722806418&pitch=5&fov=120"
1059.0,38.69703164450841,-9.203094683225284,Portugal,Lisbon,,,,,,,Select Epoch of Construction,,,,H:Select Number of Stories,"https://www.google.com/maps/@?api=1&map_action=pano&viewpoint=38.69703164,-9.20309468&heading=155.8338690888337&pitch=5&fov=120"
1060.0,38.69892738603976,-9.21895752205868,Portugal,Lisbon,MCF,LWAL,CDL,2,RES,BP2,Select Epoch of Construction,RSH2,RMT1,,MCF/LWAL/CDL/H:2/BP2/RSH2+RMT1/RES,"https://www.google.com/maps/@?api=1&map_action=pano&viewpoint=38.69892739,-9.21895752&heading=288.6330408143809&pitch=5&fov=120"
1061.0,38.70118690249006,-9.203136444068228,Portugal,Lisbon,MCF,LWAL,CDL,2,RES,BP1,Select Epoch of Construction,RSH3,RMT1,,MCF/LWAL/CDL/H:2/BP1/RSH3+RMT1/RES,"https://www.google.com/maps/@?api=1&map_action=pano&viewpoint=38.7011869,-9.20313644&heading=83.97193673837751&pitch=5&fov=120"
1062.0,38.69877985,-9.193174349999998,Portugal,Lisbon,,,,,,,Select Epoch of Construction,,,,H:Select Number of Stories,
1063.0,38.7011116,-9.206030799999995,Portugal,Lisbon,CR,LFM,CDL,4,MIX(RES;COM),BP2,Select Epoch of Construction,RSH3,RMT1,,CR/LFM/CDL/H:4/BP2/RSH3+RMT1/MIX(RES;COM),"https://www.google.com/maps/@?api=1&map_action=pano&viewpoint=38.7011116,-9.2060308&heading=48.09799831120904&pitch=5&fov=120"
1064.0,38.69751533948352,-9.218163259161708,Portugal,Lisbon,MUR,LWAL,CDL,2,RES,BP2,Select Epoch of Construction,RSH2,RMT1,,MUR/LWAL/CDL/H:2/BP2/RSH2+RMT1/RES,"https://www.google.com/maps/@?api=1&map_action=pano&viewpoint=38.69751534,-9.21816326&heading=100.09338810319116&pitch=5&fov=120"
1065.0,38.69700063831535,-9.215473421030088,Portugal,Lisbon,MUR,LWAL,CDL,2,RES,BP2,Select Epoch of Construction,RSH2,RMT1,,MUR/LWAL/CDL/H:2/BP2/RSH2+RMT1/RES,"https://www.google.com/maps/@?api=1&map_action=pano&viewpoint=38.69700064,-9.21547342&heading=78.25893253621564&pitch=5&fov=120"
1066.0,38.69893473706739,-9.22004360483944,Portugal,Lisbon,MUR,LWAL,CDL,2,RES,BP2,Select Epoch of Construction,RSH2,RMT1,,MUR/LWAL/CDL/H:2/BP2/RSH2+RMT1/RES,"https://www.google.com/maps/@?api=1&map_action=pano&viewpoint=38.69893474,-9.2200436&heading=295.2644173779703&pitch=5&fov=120"
1067.0,38.69744038582675,-9.200490778410373,Portugal,Lisbon,MCF,LWAL,CDL,2,GOV,BPD,Select Epoch of Construction,RSH1,RMN,,MCF/LWAL/CDL/H:2/BPD/RSH1+RMN/GOV,"https://www.google.com/maps/@?api=1&map_action=pano&viewpoint=38.69744039,-9.20049078&heading=317.8881947314262&pitch=5&fov=120"
1068.0,38.7034062,-9.2029855,Portugal,Lisbon,CR,LFINF,CDN,4,RES,BP2,Select Epoch of Construction,RSH3,RMT1,,CR/LFINF/CDN/H:4/BP2/RSH3+RMT1/RES,"https://www.google.com/maps/@?api=1&map_action=pano&viewpoint=38.7034062,-9.2029855&heading=168.8358144645768&pitch=5&fov=120"
1069.0,38.6993655961228,-9.219844080242732,Portugal,Lisbon,MUR,LWAL,CDL,2,RES,BP1,Select Epoch of Construction,RSH2,RMT1,,MUR/LWAL/CDL/H:2/BP1/RSH2+RMT1/RES,"https://www.google.com/maps/@?api=1&map_action=pano&viewpoint=38.6993656,-9.21984408&heading=297.8473646135661&pitch=5&fov=120"
1070.0,38.6989921988261,-9.212023644674572,Portugal,Lisbon,CR,LFM,CDL,3,RES,BPD,Select Epoch of Construction,RSH3,RMT1,,CR/LFM/CDL/H:3/BPD/RSH3+RMT1/RES,"https://www.google.com/maps/@?api=1&map_action=pano&viewpoint=38.6989922,-9.21202364&heading=217.276365666267&pitch=5&fov=120"
1071.0,38.698463040539686,-9.192065833337672,Portugal,Lisbon,CR,LFM,CDL,3,RES,BP1,Select Epoch of Construction,RSH3,RMT1,,CR/LFM/CDL/H:3/BP1/RSH3+RMT1/RES,"https://www.google.com/maps/@?api=1&map_action=pano&viewpoint=38.69846304,-9.19206583&heading=204.21631658903982&pitch=5&fov=120"
1072.0,38.70008869263404,-9.212065967092308,Portugal,Lisbon,,,,,,,Select Epoch of Construction,,,,H:Select Number of Stories,"https://www.google.com/maps/@?api=1&map_action=pano&viewpoint=38.70008869,-9.21206597&heading=310.16983221394514&pitch=5&fov=120"
1073.0,38.69737864838379,-9.215981747730316,Portugal,Lisbon,MUR,LWAL,CDL,2,RES,BP2,Select Epoch of Construction,RSH2,RMT1,,MUR/LWAL/CDL/H:2/BP2/RSH2+RMT1/RES,"https://www.google.com/maps/@?api=1&map_action=pano&viewpoint=38.69737865,-9.21598175&heading=82.09249985050644&pitch=5&fov=120"
1074.0,38.70158468406783,-9.218419790014934,Portugal,Lisbon,,,,,,,Select Epoch of Construction,,,,H:Select Number of Stories,"https://www.google.com/maps/@?api=1&map_action=pano&viewpoint=38.70158468,-9.21841979&heading=302.86258633550267&pitch=5&fov=120"
1075.0,38.6984673971053,-9.211699674314575,Portugal,Lisbon,CR,LFM,CDM,3,GOV,BPD,Select Epoch of Construction,RSH3,RMT1,,CR/LFM/CDM/H:3/BPD/RSH3+RMT1/GOV,"https://www.google.com/maps/@?api=1&map_action=pano&viewpoint=38.6984674,-9.21169967&heading=216.3701661473989&pitch=5&fov=120"
1076.0,38.6998528084816,-9.205429048518006,Portugal,Lisbon,MUR,LWAL,CDN,2,RES,BP1,Select Epoch of Construction,RSH2,RMT1,,MUR/LWAL/CDN/H:2/BP1/RSH2+RMT1/RES,"https://www.google.com/maps/@?api=1&map_action=pano&viewpoint=38.69985281,-9.20542905&heading=213.89387697885763&pitch=5&fov=120"
1077.0,38.69682195,-9.202085800000004,Portugal,Lisbon,,,,,,,Select Epoch of Construction,,,,H:Select Number of Stories,"https://www.google.com/maps/@?api=1&map_action=pano&viewpoint=38.69682195,-9.2020858&heading=154.99849167447826&pitch=5&fov=120"
1078.0,38.69550809951418,-9.196241648518466,Portugal,Lisbon,,,,,,,Select Epoch of Construction,,,,H:Select Number of Stories,"https://www.google.com/maps/@?api=1&map_action=pano&viewpoint=38.6955081,-9.19624165&heading=150&pitch=5&fov=120"
1079.0,38.69692389157861,-9.196037556225807,Portugal,Lisbon,MCF,LWAL,CDL,3,RES,BP1,Select Epoch of Construction,RSH2,RMT1,,MCF/LWAL/CDL/H:3/BP1/RSH2+RMT1/RES,"https://www.google.com/maps/@?api=1&map_action=pano&viewpoint=38.69692389,-9.19603756&heading=335.384569478665&pitch=5&fov=120"
1080.0,38.69682445198778,-9.215042694255835,Portugal,Lisbon,,,,,,,Select Epoch of Construction,,,,H:Select Number of Stories,"https://www.google.com/maps/@?api=1&map_action=pano&viewpoint=38.69682445,-9.21504269&heading=250.58327724326875&pitch=5&fov=120"
1081.0,38.69578909543694,-9.219075880978052,Portugal,Lisbon,CR,LFINF,CDM,4,MIX(RES;COM),BP2,Select Epoch of Construction,RSH2,RMT1,,CR/LFINF/CDM/H:4/BP2/RSH2+RMT1/MIX(RES;COM),"https://www.google.com/maps/@?api=1&map_action=pano&viewpoint=38.6957891,-9.21907588&heading=171.32761492518154&pitch=5&fov=120"
1082.0,38.69867802841063,-9.204299747891778,Portugal,Lisbon,MCF,LWAL,CDL,2,RES,BPD,Select Epoch of Construction,RSH3,RMT1,,MCF/LWAL/CDL/H:2/BPD/RSH3+RMT1/RES,"https://www.google.com/maps/@?api=1&map_action=pano&viewpoint=38.69867803,-9.20429975&heading=124.26343312692762&pitch=5&fov=120"
1083.0,38.697101464564334,-9.214302845648794,Portugal,Lisbon,,,,,,,Select Epoch of Construction,,,,H:Select Number of Stories,"https://www.google.com/maps/@?api=1&map_action=pano&viewpoint=38.69710146,-9.21430285&heading=159.6532778941716&pitch=5&fov=120"
1084.0,38.70016,-9.2085604,Portugal,Lisbon,CR,LFM,CDM,2,RES,BPD,Select Epoch of Construction,RSH1,RMN,,CR/LFM/CDM/H:2/BPD/RSH1+RMN/RES,"https://www.google.com/maps/@?api=1&map_action=pano&viewpoint=38.70016,-9.2085604&heading=220.70725184855735&pitch=5&fov=120"
1085.0,38.69759948415848,-9.19422005726962,Portugal,Lisbon,CR,LFM,CDL,3,MIX(RES;COM),BP2,Select Epoch of Construction,RSH2,RMT1,,CR/LFM/CDL/H:3/BP2/RSH2+RMT1/MIX(RES;COM),"https://www.google.com/maps/@?api=1&map_action=pano&viewpoint=38.69759948,-9.19422006&heading=327.79062777975014&pitch=5&fov=120"
1086.0,38.69693552502045,-9.21781540142236,Portugal,Lisbon,MCF,LWAL,CDL,2,RES,BP2,Select Epoch of Construction,RSH2,RMT1,,MCF/LWAL/CDL/H:2/BP2/RSH2+RMT1/RES,"https://www.google.com/maps/@?api=1&map_action=pano&viewpoint=38.69693553,-9.2178154&heading=92.78706586109621&pitch=5&fov=120"
1087.0,38.69971133193507,-9.221282899279066,Portugal,Lisbon,,,,,,,Select Epoch of Construction,,,,H:Select Number of Stories,"https://www.google.com/maps/@?api=1&map_action=pano&viewpoint=38.69971133,-9.2212829&heading=212.07247358182963&pitch=5&fov=120"
1088.0,38.69960491778944,-9.211582002272737,Portugal,Lisbon,,,,,,,Select Epoch of Construction,,,,H:Select Number of Stories,"https://www.google.com/maps/@?api=1&map_action=pano&viewpoint=38.69960492,-9.211582&heading=37.276641790427675&pitch=5&fov=120"
1089.0,38.69814546861594,-9.21097275934726,Portugal,Lisbon,,,,,,,Select Epoch of Construction,,,,H:Select Number of Stories,"https://www.google.com/maps/@?api=1&map_action=pano&viewpoint=38.69814547,-9.21097276&heading=37.2162641422824&pitch=5&fov=120"
1090.0,38.7021165343357,-9.205492664012546,Portugal,Lisbon,MUR,LWAL,CDN,2,IND,BP1,Select Epoch of Construction,RSH2,RMT1,,MUR/LWAL/CDN/H:2/BP1/RSH2+RMT1/IND,"https://www.google.com/maps/@?api=1&map_action=pano&viewpoint=38.70211653,-9.20549266&heading=319.28691106136716&pitch=5&fov=120"
1091.0,38.69629967437928,-9.197298457200544,Portugal,Lisbon,,,,,,,Select Epoch of Construction,,,,H:Select Number of Stories,"https://www.google.com/maps/@?api=1&map_action=pano&viewpoint=38.69629967,-9.19729846&heading=144.5012846247135&pitch=5&fov=120"
1092.0,38.69734371064999,-9.193727810222098,Portugal,Lisbon,MCF,LWAL,CDN,4,RES,BP2,Select Epoch of Construction,RSH3,RMT1,,MCF/LWAL/CDN/H:4/BP2/RSH3+RMT1/RES,"https://www.google.com/maps/@?api=1&map_action=pano&viewpoint=38.69734371,-9.19372781&heading=136.55786342335153&pitch=5&fov=120"
1093.0,38.70108108673462,-9.220117874126618,Portugal,Lisbon,,,,,,,Select Epoch of Construction,,,,H:Select Number of Stories,"https://www.google.com/maps/@?api=1&map_action=pano&viewpoint=38.70108109,-9.22011787&heading=121.93497554779935&pitch=5&fov=120"
1094.0,38.69566080193116,-9.219435652688988,Portugal,Lisbon,CR,LFINF,CDL,4,MIX(RES;COM),BP2,Select Epoch of Construction,RSH2,RMT1,,CR/LFINF/CDL/H:4/BP2/RSH2+RMT1/MIX(RES;COM),"https://www.google.com/maps/@?api=1&map_action=pano&viewpoint=38.6956608,-9.21943565&heading=82.12953521063673&pitch=5&fov=120"
1095.0,38.69907703049847,-9.221993244108978,Portugal,Lisbon,,,,,,,Select Epoch of Construction,,,,H:Select Number of Stories,
1096.0,38.7011623154947,-9.222664715998754,Portugal,Lisbon,,,,,,,Select Epoch of Construction,,,,H:Select Number of Stories,"https://www.google.com/maps/@?api=1&map_action=pano&viewpoint=38.70116232,-9.22266472&heading=211.86534673691307&pitch=5&fov=120"
1097.0,38.6952117975702,-9.213739730016943,Portugal,Lisbon,CR,LFINF,CDL,4,RES,BP2,Select Epoch of Construction,RSH1,RMN,,CR/LFINF/CDL/H:4/BP2/RSH1+RMN/RES,"https://www.google.com/maps/@?api=1&map_action=pano&viewpoint=38.6952118,-9.21373973&heading=146.08943753289225&pitch=5&fov=120"
1098.0,38.69518609852099,-9.211695509995108,Portugal,Lisbon,,,,,,,Select Epoch of Construction,,,,H:Select Number of Stories,"https://www.google.com/maps/@?api=1&map_action=pano&viewpoint=38.6951861,-9.21169551&heading=128.9945681059147&pitch=5&fov=120"
1099.0,38.699240367659925,-9.199485378016972,Portugal,Lisbon,,,,,,,Select Epoch of Construction,,,,H:Select Number of Stories,"https://www.google.com/maps/@?api=1&map_action=pano&viewpoint=38.69924037,-9.19948538&heading=50.76937810178981&pitch=5&fov=120"
1100.0,38.69719627476288,-9.223853904604564,Portugal,Lisbon,CR,LWAL,CDM,3,RES,BPD,Select Epoch of Construction,RSH3,RMT1,,CR/LWAL/CDM/H:3/BPD/RSH3+RMT1/RES,"https://www.google.com/maps/@?api=1&map_action=pano&viewpoint=38.69719627,-9.2238539&heading=2.0831873053076606&pitch=5&fov=120"
1101.0,38.69691785853109,-9.2152221073838,Portugal,Lisbon,MCF,LWAL,CDL,2,RES,BP2,Select Epoch of Construction,RSH2,RMT1,,MCF/LWAL/CDL/H:2/BP2/RSH2+RMT1/RES,"https://www.google.com/maps/@?api=1&map_action=pano&viewpoint=38.69691786,-9.21522211&heading=78.25908966017232&pitch=5&fov=120"
1102.0,38.7020247996574,-9.20486779201089,Portugal,Lisbon,MUR,LWAL,CDN,1,RES,BP2,Select Epoch of Construction,RSH2,RMT1,,MUR/LWAL/CDN/H:1/BP2/RSH2+RMT1/RES,"https://www.google.com/maps/@?api=1&map_action=pano&viewpoint=38.7020248,-9.20486779&heading=319.0679567966706&pitch=5&fov=120"
1103.0,38.69826989663356,-9.217163732433905,Portugal,Lisbon,MCF,LWAL,CDL,2,RES,BP1,Select Epoch of Construction,RSH3,RMT1,,MCF/LWAL/CDL/H:2/BP1/RSH3+RMT1/RES,"https://www.google.com/maps/@?api=1&map_action=pano&viewpoint=38.6982699,-9.21716373&heading=4.617162853887919&pitch=5&fov=120"
1104.0,38.70047766036503,-9.21903723111414,Portugal,Lisbon,,,,,,,Select Epoch of Construction,,,,H:Select Number of Stories,"https://www.google.com/maps/@?api=1&map_action=pano&viewpoint=38.70047766,-9.21903723&heading=32.12475161197415&pitch=5&fov=120"
1105.0,38.69740670963723,-9.19332176269031,Portugal,Lisbon,MUR,LWAL,CDN,2,COM,BP2,Select Epoch of Construction,RSH2,RMT1,,MUR/LWAL/CDN/H:2/BP2/RSH2+RMT1/COM,"https://www.google.com/maps/@?api=1&map_action=pano&viewpoint=38.69740671,-9.19332176&heading=136.5581172897688&pitch=5&fov=120"
1106.0,38.69994196534201,-9.20516902037908,Portugal,Lisbon,MUR,LWAL,CDL,2,RES,BP2,Select Epoch of Construction,RSH2,RMT1,,MUR/LWAL/CDL/H:2/BP2/RSH2+RMT1/RES,"https://www.google.com/maps/@?api=1&map_action=pano&viewpoint=38.69994197,-9.20516902&heading=122.42183519939726&pitch=5&fov=120"
1107.0,38.70021387811438,-9.20422473143024,Portugal,Lisbon,MUR,LWAL,CDL,1,RES,BP1,Select Epoch of Construction,RSH2,RMT1,,MUR/LWAL/CDL/H:1/BP1/RSH2+RMT1/RES,"https://www.google.com/maps/@?api=1&map_action=pano&viewpoint=38.70021388,-9.20422473&heading=122.42242561343886&pitch=5&fov=120"
1108.0,38.69526648400488,-9.212886923017903,Portugal,Lisbon,CR,LFINF,CDN,3,RES,BP2,Select Epoch of Construction,RSH2,RMT1,,CR/LFINF/CDN/H:3/BP2/RSH2+RMT1/RES,"https://www.google.com/maps/@?api=1&map_action=pano&viewpoint=38.69526648,-9.21288692&heading=317.32675717872826&pitch=5&fov=120"
1109.0,38.70322345,-9.20267045,Portugal,Lisbon,CR,LFINF,CDL,5,RES,BP1,Select Epoch of Construction,RSH1,RMN,,CR/LFINF/CDL/H:5/BP1/RSH1+RMN/RES,"https://www.google.com/maps/@?api=1&map_action=pano&viewpoint=38.70322345,-9.20267045&heading=78.15056679892768&pitch=5&fov=120"
1110.0,38.70110883758824,-9.204212273875733,Portugal,Lisbon,CR,LFM,CDM,3,RES,BP1,Select Epoch of Construction,RSH1,RMN,,CR/LFM/CDM/H:3/BP1/RSH1+RMN/RES,"https://www.google.com/maps/@?api=1&map_action=pano&viewpoint=38.70110884,-9.20421227&heading=351.407925063282&pitch=5&fov=120"
1111.0,38.70044373150463,-9.220808349621798,Portugal,Lisbon,MUR,LWAL,CDN,2,RES,BPD,Select Epoch of Construction,RSH3,RMT1,,MUR/LWAL/CDN/H:2/BPD/RSH3+RMT1/RES,"https://www.google.com/maps/@?api=1&map_action=pano&viewpoint=38.70044373,-9.22080835&heading=300.79795625367456&pitch=5&fov=120"
1112.0,38.69936294215575,-9.193003374314186,Portugal,Lisbon,,,,,,,Select Epoch of Construction,,,,H:Select Number of Stories,"https://www.google.com/maps/@?api=1&map_action=pano&viewpoint=38.69936294,-9.19300337&heading=197.6007760809943&pitch=5&fov=120"
1113.0,38.698034188452496,-9.192780529848458,Portugal,Lisbon,MCF,LWAL,CDL,2,RES,BP1,Select Epoch of Construction,RSH2,RMT1,,MCF/LWAL/CDL/H:2/BP1/RSH2+RMT1/RES,"https://www.google.com/maps/@?api=1&map_action=pano&viewpoint=38.69803419,-9.19278053&heading=186.19641014639592&pitch=5&fov=120"
1114.0,38.70204009758913,-9.220446281804984,Portugal,Lisbon,,,,,,,Select Epoch of Construction,,,,H:Select Number of Stories,"https://www.google.com/maps/@?api=1&map_action=pano&viewpoint=38.7020401,-9.22044628&heading=121.99035577895131&pitch=5&fov=120"
1115.0,38.70446559729068,-9.202754238641289,Portugal,Lisbon,MCF,LWAL,CDN,2,RES,BP2,Select Epoch of Construction,RSH2,RMT1,,MCF/LWAL/CDN/H:2/BP2/RSH2+RMT1/RES,"https://www.google.com/maps/@?api=1&map_action=pano&viewpoint=38.7044656,-9.20275424&heading=328.9489830427626&pitch=5&fov=120"
1116.0,38.69965714174575,-9.217462167495142,Portugal,Lisbon,MCF,LWAL,CDN,2,RES,BPD,Select Epoch of Construction,RSH2,RMT1,,MCF/LWAL/CDN/H:2/BPD/RSH2+RMT1/RES,"https://www.google.com/maps/@?api=1&map_action=pano&viewpoint=38.69965714,-9.21746217&heading=19.263662543360397&pitch=5&fov=120"
1117.0,38.69849368512401,-9.219618450477943,Portugal,Lisbon,MUR,LWAL,CDL,2,RES,BP2,Select Epoch of Construction,RSH2,RMT1,,MUR/LWAL/CDL/H:2/BP2/RSH2+RMT1/RES,"https://www.google.com/maps/@?api=1&map_action=pano&viewpoint=38.69849369,-9.21961845&heading=289.48998540115133&pitch=5&fov=120"
1118.0,38.69706832484063,-9.211018645020236,Portugal,Lisbon,CR,LFM,CDM,3,RES,BPD,Select Epoch of Construction,RSH2,RMT1,,CR/LFM/CDM/H:3/BPD/RSH2+RMT1/RES,"https://www.google.com/maps/@?api=1&map_action=pano&viewpoint=38.69706832,-9.21101865&heading=311.9689792384826&pitch=5&fov=120"
1119.0,38.70445914064397,-9.20260348091782,Portugal,Lisbon,CR,LFM,CDM,5,RES,BP1,Select Epoch of Construction,RSH1,RMN,,CR/LFM/CDM/H:5/BP1/RSH1+RMN/RES,"https://www.google.com/maps/@?api=1&map_action=pano&viewpoint=38.70445914,-9.20260348&heading=328.94907731577416&pitch=5&fov=120"
1120.0,38.698514898063486,-9.225546975039796,Portugal,Lisbon,CR,LFINF,CDL,4,MIX(RES;COM),BP2,Select Epoch of Construction,RSH2,RMT1,,CR/LFINF/CDL/H:4/BP2/RSH2+RMT1/MIX(RES;COM),"https://www.google.com/maps/@?api=1&map_action=pano&viewpoint=38.6985149,-9.22554698&heading=241.09229701149593&pitch=5&fov=120"
1121.0,38.69825899031972,-9.191587691582631,Portugal,Lisbon,CR,LFINF,CDL,3,RES,BP2,Select Epoch of Construction,RSH1,RMN,,CR/LFINF/CDL/H:3/BP2/RSH1+RMN/RES,"https://www.google.com/maps/@?api=1&map_action=pano&viewpoint=38.69825899,-9.19158769&heading=204.21661553105685&pitch=5&fov=120"
1122.0,38.701747814311695,-9.204481585881917,Portugal,Lisbon,CR,LFM,CDL,6.0-7.0,RES,BP1,Select Epoch of Construction,RSH1,RMN,,CR/LFM/CDL/H:6-7/BP1/RSH1+RMN/RES,"https://www.google.com/maps/@?api=1&map_action=pano&viewpoint=38.70174781,-9.20448159&heading=313.0518702970128&pitch=5&fov=120"
1123.0,38.69938415074072,-9.213214803875422,Portugal,Lisbon,,,,,,,Select Epoch of Construction,,,,H:Select Number of Stories,"https://www.google.com/maps/@?api=1&map_action=pano&viewpoint=38.69938415,-9.2132148&heading=335.04055394133127&pitch=5&fov=120"
1124.0,38.69716868166479,-9.209330817760987,Portugal,Lisbon,,,,,,,Select Epoch of Construction,,,,H:Select Number of Stories,"https://www.google.com/maps/@?api=1&map_action=pano&viewpoint=38.69716868,-9.20933082&heading=322.9194265832939&pitch=5&fov=120"
1125.0,38.69728637302666,-9.21571481247819,Portugal,Lisbon,MCF,LWAL,CDL,2,RES,BP2,Select Epoch of Construction,RSH2,RMT1,,MCF/LWAL/CDL/H:2/BP2/RSH2+RMT1/RES,"https://www.google.com/maps/@?api=1&map_action=pano&viewpoint=38.69728637,-9.21571481&heading=80.410414175796&pitch=5&fov=120"
1126.0,38.696038393853165,-9.2211461183152,Portugal,Lisbon,,,,,,,Select Epoch of Construction,,,,H:Select Number of Stories,"https://www.google.com/maps/@?api=1&map_action=pano&viewpoint=38.69603839,-9.22114612&heading=0.9121871193149218&pitch=5&fov=120"
1127.0,38.69716164752463,-9.215616180191342,Portugal,Lisbon,MCF,LWAL,CDL,2,RES,BP2,Select Epoch of Construction,RSH3,RMT1,,MCF/LWAL/CDL/H:2/BP2/RSH3+RMT1/RES,"https://www.google.com/maps/@?api=1&map_action=pano&viewpoint=38.69716165,-9.21561618&heading=257.40606668319845&pitch=5&fov=120"
1128.0,38.699526923793854,-9.212510436029431,Portugal,Lisbon,,,,,,,Select Epoch of Construction,,,,H:Select Number of Stories,"https://www.google.com/maps/@?api=1&map_action=pano&viewpoint=38.69952692,-9.21251044&heading=137.20495711505794&pitch=5&fov=120"
1129.0,38.69625968253965,-9.191938040672408,Portugal,Lisbon,S,LFINF,CDH,2,COM,BPD,Select Epoch of Construction,RSH1,RMT6,,S/LFINF/CDH/H:2/BPD/RSH1+RMT6/COM,"https://www.google.com/maps/@?api=1&map_action=pano&viewpoint=38.69625968,-9.19193804&heading=138.40407778403204&pitch=5&fov=120"
1130.0,38.69718112298923,-9.203008415133542,Portugal,Lisbon,MCF,LWAL,CDN,3,MIX(RES;COM),BP2,Select Epoch of Construction,RSH2,RMT1,,MCF/LWAL/CDN/H:3/BP2/RSH2+RMT1/MIX(RES;COM),"https://www.google.com/maps/@?api=1&map_action=pano&viewpoint=38.69718112,-9.20300842&heading=155.83392301822892&pitch=5&fov=120"
1131.0,38.69661725614203,-9.221566196813626,Portugal,Lisbon,CR,LFINF,CDL,2,RES,BP1,Select Epoch of Construction,RSH3,RMT1,,CR/LFINF/CDL/H:2/BP1/RSH3+RMT1/RES,"https://www.google.com/maps/@?api=1&map_action=pano&viewpoint=38.69661726,-9.2215662&heading=81.77300766576764&pitch=5&fov=120"
1132.0,38.69973510025744,-9.215152425654225,Portugal,Lisbon,CR,LFINF,CDM,3,RES,BPD,Select Epoch of Construction,RSH3,RMT1,,CR/LFINF/CDM/H:3/BPD/RSH3+RMT1/RES,"https://www.google.com/maps/@?api=1&map_action=pano&viewpoint=38.6997351,-9.21515243&heading=176.85051375258308&pitch=5&fov=120"
1133.0,38.69672420188006,-9.21071834427981,Portugal,Lisbon,CR,LFM,CDM,6.0-7.0,MIX(RES;COM),BP2,Select Epoch of Construction,RSH1,RMN,,CR/LFM/CDM/H:6-7/BP2/RSH1+RMN/MIX(RES;COM),"https://www.google.com/maps/@?api=1&map_action=pano&viewpoint=38.6967242,-9.21071834&heading=216.5418311638673&pitch=5&fov=120"
1134.0,38.69844471917121,-9.192680581171729,Portugal,Lisbon,,,,,,,Select Epoch of Construction,,,,H:Select Number of Stories,
1135.0,38.70113434999999,-9.19666285,Portugal,Lisbon,MUR,LWAL,CDN,1,RES,BPD,Select Epoch of Construction,RSH2,RMT1,,MUR/LWAL/CDN/H:1/BPD/RSH2+RMT1/RES,"https://www.google.com/maps/@?api=1&map_action=pano&viewpoint=38.70113435,-9.19666285&heading=313.81301196092124&pitch=5&fov=120"
1136.0,38.6955798029327,-9.2201249305562,Portugal,Lisbon,,,,,,,Select Epoch of Construction,,,,H:Select Number of Stories,"https://www.google.com/maps/@?api=1&map_action=pano&viewpoint=38.6955798,-9.22012493&heading=202.02863536562018&pitch=5&fov=120"
1137.0,38.70298489999999,-9.210440499999995,Portugal,Lisbon,,,,,,,Select Epoch of Construction,,,,H:Select Number of Stories,"https://www.google.com/maps/@?api=1&map_action=pano&viewpoint=38.7029849,-9.2104405&heading=108.98679758183783&pitch=5&fov=120"
1138.0,38.70188945,-9.21102735,Portugal,Lisbon,,,,,,,Select Epoch of Construction,,,,H:Select Number of Stories,
1139.0,38.6975764616796,-9.194767409394858,Portugal,Lisbon,CR,LFM,CDL,4,MIX(RES;COM),BP2,Select Epoch of Construction,RSH3,RMT1,,CR/LFM/CDL/H:4/BP2/RSH3+RMT1/MIX(RES;COM),"https://www.google.com/maps/@?api=1&map_action=pano&viewpoint=38.69757646,-9.19476741&heading=47.44154340145997&pitch=5&fov=120"
1140.0,38.6953208800848,-9.219158798907824,Portugal,Lisbon,MUR,LWAL,CDL,2,RES,BP1,Select Epoch of Construction,RSH2,RMT1,,MUR/LWAL/CDL/H:2/BP1/RSH2+RMT1/RES,"https://www.google.com/maps/@?api=1&map_action=pano&viewpoint=38.69532088,-9.2191588&heading=14.64682089960678&pitch=5&fov=120"
1141.0,38.70358760900466,-9.202808881227698,Portugal,Lisbon,CR,LFM,CDM,4,MIX(RES;COM),BP2,Select Epoch of Construction,RSH3,RMT1,,CR/LFM/CDM/H:4/BP2/RSH3+RMT1/MIX(RES;COM),"https://www.google.com/maps/@?api=1&map_action=pano&viewpoint=38.70358761,-9.20280888&heading=346.42376788678285&pitch=5&fov=120"
1142.0,38.69819787036084,-9.192551366878403,Portugal,Lisbon,MCF,LWAL,CDL,3,MIX(RES;COM),BP1,Select Epoch of Construction,RSH2,RMT1,,MCF/LWAL/CDL/H:3/BP1/RSH2+RMT1/MIX(RES;COM),"https://www.google.com/maps/@?api=1&map_action=pano&viewpoint=38.69819787,-9.19255137&heading=46.28203484036658&pitch=5&fov=120"
1143.0,38.69771189808242,-9.217945403900131,Portugal,Lisbon,MUR,LWAL,CDN,2,RES,BP1,Select Epoch of Construction,RSH2,RMT1,,MUR/LWAL/CDN/H:2/BP1/RSH2+RMT1/RES,"https://www.google.com/maps/@?api=1&map_action=pano&viewpoint=38.6977119,-9.2179454&heading=99.02901559321691&pitch=5&fov=120"
1144.0,38.69714432376872,-9.215771318520792,Portugal,Lisbon,MCF,LWAL,CDL,2,RES,BP2,Select Epoch of Construction,RSH2,RMT1,,MCF/LWAL/CDL/H:2/BP2/RSH2+RMT1/RES,"https://www.google.com/maps/@?api=1&map_action=pano&viewpoint=38.69714432,-9.21577132&heading=80.41037885563037&pitch=5&fov=120"
1145.0,38.70037100281476,-9.204528723125026,Portugal,Lisbon,CR,LFINF,CDL,3,RES,BP1,Select Epoch of Construction,RSH3,RMT1,,CR/LFINF/CDL/H:3/BP1/RSH3+RMT1/RES,"https://www.google.com/maps/@?api=1&map_action=pano&viewpoint=38.700371,-9.20452872&heading=302.4222355471052&pitch=5&fov=120"
1146.0,38.69801245911093,-9.21920081361406,Portugal,Lisbon,,,,,,,Select Epoch of Construction,,,,H:Select Number of Stories,"https://www.google.com/maps/@?api=1&map_action=pano&viewpoint=38.69801246,-9.21920081&heading=284.4658645263288&pitch=5&fov=120"
1147.0,38.70430371746924,-9.202758745677206,Portugal,Lisbon,CR,LFINF,CDL,3,RES,BP2,Select Epoch of Construction,RSH2,RMT1,,CR/LFINF/CDL/H:3/BP2/RSH2+RMT1/RES,"https://www.google.com/maps/@?api=1&map_action=pano&viewpoint=38.70430372,-9.20275875&heading=148.94898022218422&pitch=5&fov=120"
1148.0,38.698356592610665,-9.219315389542064,Portugal,Lisbon,MCF,LWAL,CDL,2,RES,BP1,Select Epoch of Construction,RSH3,RMT1,,MCF/LWAL/CDL/H:2/BP1/RSH3+RMT1/RES,"https://www.google.com/maps/@?api=1&map_action=pano&viewpoint=38.69835659,-9.21931539&heading=286.95471652994246&pitch=5&fov=120"
1149.0,38.70068185,-9.223157799999996,Portugal,Lisbon,,,,,,,Select Epoch of Construction,,,,H:Select Number of Stories,"https://www.google.com/maps/@?api=1&map_action=pano&viewpoint=38.70068185,-9.2231578&heading=302.50190524979394&pitch=5&fov=120"
1150.0,38.69924730638887,-9.217625324329774,Portugal,Lisbon,MUR,LWAL,CDN,2,RES,BP2,Select Epoch of Construction,RSH2,RMT1,,MUR/LWAL/CDN/H:2/BP2/RSH2+RMT1/RES,"https://www.google.com/maps/@?api=1&map_action=pano&viewpoint=38.69924731,-9.21762532&heading=283.8419763331076&pitch=5&fov=120"
1151.0,38.69891592416015,-9.215097314584035,Portugal,Lisbon,,,,,,,Select Epoch of Construction,,,,H:Select Number of Stories,"https://www.google.com/maps/@?api=1&map_action=pano&viewpoint=38.69891592,-9.21509731&heading=70.51675749495718&pitch=5&fov=120"
1152.0,38.69642313585809,-9.2238119209062,Portugal,Lisbon,CR,LFM,CDH,4,RES,BPD,Select Epoch of Construction,RSH1,RMN,,CR/LFM/CDH/H:4/BPD/RSH1+RMN/RES,"https://www.google.com/maps/@?api=1&map_action=pano&viewpoint=38.69642314,-9.22381192&heading=183.71892151742355&pitch=5&fov=120"
1153.0,38.69635659485381,-9.215174066749322,Portugal,Lisbon,,,,,,,Select Epoch of Construction,,,,H:Select Number of Stories,"https://www.google.com/maps/@?api=1&map_action=pano&viewpoint=38.69635659,-9.21517407&heading=163.94629276586352&pitch=5&fov=120"
1154.0,38.69984369333391,-9.224718243813518,Portugal,Lisbon,CR,LFINF,CDL,3,MIX(RES;COM),BP1,Select Epoch of Construction,RSH2,RMT1,,CR/LFINF/CDL/H:3/BP1/RSH2+RMT1/MIX(RES;COM),"https://www.google.com/maps/@?api=1&map_action=pano&viewpoint=38.69984369,-9.22471824&heading=22.287797790821514&pitch=5&fov=120"
1155.0,38.69909145852327,-9.205083881528504,Portugal,Lisbon,CR,LFM,CDL,2,RES,BPD,Select Epoch of Construction,RSH5,RMT1,,CR/LFM/CDL/H:2/BPD/RSH5+RMT1/RES,"https://www.google.com/maps/@?api=1&map_action=pano&viewpoint=38.69909146,-9.20508388&heading=281.7955072648041&pitch=5&fov=120"
1156.0,38.69991135027324,-9.226141483766773,Portugal,Lisbon,CR,LFINF,CDL,4,MIX(RES;COM),BP2,Select Epoch of Construction,RSH2,RMT1,,CR/LFINF/CDL/H:4/BP2/RSH2+RMT1/MIX(RES;COM),"https://www.google.com/maps/@?api=1&map_action=pano&viewpoint=38.69991135,-9.22614148&heading=357.93957343154966&pitch=5&fov=120"
1157.0,38.69693905744855,-9.194656521367078,Portugal,Lisbon,,,,,,,Select Epoch of Construction,,,,H:Select Number of Stories,"https://www.google.com/maps/@?api=1&map_action=pano&viewpoint=38.69693906,-9.19465652&heading=237.0067992101748&pitch=5&fov=120"
1158.0,38.69698553166936,-9.217355478242164,Portugal,Lisbon,MUR,LWAL,CDN,2,RES,BP1,Select Epoch of Construction,RSH3,RMT1,,MUR/LWAL/CDN/H:2/BP1/RSH3+RMT1/RES,"https://www.google.com/maps/@?api=1&map_action=pano&viewpoint=38.69698553,-9.21735548&heading=90.52234016384028&pitch=5&fov=120"
1159.0,38.69435952055712,-9.202018268392647,Portugal,Lisbon,,,,,,,Select Epoch of Construction,,,,H:Select Number of Stories,
1160.0,38.69716323239966,-9.202578433693931,Portugal,Lisbon,CR,LFINF,CDN,4,MIX(RES;COM),BP2,Select Epoch of Construction,RSH2,RMT1,,CR/LFINF/CDN/H:4/BP2/RSH2+RMT1/MIX(RES;COM),"https://www.google.com/maps/@?api=1&map_action=pano&viewpoint=38.69716323,-9.20257843&heading=154.87509477339023&pitch=5&fov=120"
1161.0,38.6960993634064,-9.220778627649109,Portugal,Lisbon,CR,LFINF,CDN,4,MIX(RES;COM),BP2,Select Epoch of Construction,RSH2,RMT1,,CR/LFINF/CDN/H:4/BP2/RSH2+RMT1/MIX(RES;COM),"https://www.google.com/maps/@?api=1&map_action=pano&viewpoint=38.69609936,-9.22077863&heading=172.09120710515555&pitch=5&fov=120"
1162.0,38.69754487387159,-9.215247417109424,Portugal,Lisbon,MCF,LWAL,CDL,2,RES,BPD,Select Epoch of Construction,RSH3,RMT1,,MCF/LWAL/CDL/H:2/BPD/RSH3+RMT1/RES,"https://www.google.com/maps/@?api=1&map_action=pano&viewpoint=38.69754487,-9.21524742&heading=346.7057921095318&pitch=5&fov=120"
1163.0,38.69722486491025,-9.215167069063703,Portugal,Lisbon,MCF,LWAL,CDL,2,RES,BPD,Select Epoch of Construction,RSH2,RMT1,,MCF/LWAL/CDL/H:2/BPD/RSH2+RMT1/RES,"https://www.google.com/maps/@?api=1&map_action=pano&viewpoint=38.69722486,-9.21516707&heading=165.45120277936923&pitch=5&fov=120"
1164.0,38.69723123531732,-9.215231457899124,Portugal,Lisbon,MCF,LWAL,CDL,2,RES,BPD,Select Epoch of Construction,RSH3,RMT1,,MCF/LWAL/CDL/H:2/BPD/RSH3+RMT1/RES,"https://www.google.com/maps/@?api=1&map_action=pano&viewpoint=38.69723124,-9.21523146&heading=165.4511625216877&pitch=5&fov=120"
1165.0,38.69436551142645,-9.211888359240064,Portugal,Lisbon,,,,,,,Select Epoch of Construction,,,,H:Select Number of Stories,"https://www.google.com/maps/@?api=1&map_action=pano&viewpoint=38.69436551,-9.21188836&heading=129.83277479120886&pitch=5&fov=120"
1166.0,38.69160260766935,-9.21591836236203,Portugal,Lisbon,,,,,,,Select Epoch of Construction,,,,H:Select Number of Stories,"https://www.google.com/maps/@?api=1&map_action=pano&viewpoint=38.69160261,-9.21591836&heading=150&pitch=5&fov=120"
1167.0,38.70039454825696,-9.217998339750888,Portugal,Lisbon,,,,,,,Select Epoch of Construction,,,,H:Select Number of Stories,"https://www.google.com/maps/@?api=1&map_action=pano&viewpoint=38.70039455,-9.21799834&heading=31.264360695206335&pitch=5&fov=120"
1168.0,38.69994591546963,-9.220712511227298,Portugal,Lisbon,,,,,,,Select Epoch of Construction,,,,H:Select Number of Stories,"https://www.google.com/maps/@?api=1&map_action=pano&viewpoint=38.69994592,-9.22071251&heading=31.98010065050994&pitch=5&fov=120"
1169.0,38.70352483214159,-9.203447527520602,Portugal,Lisbon,CR,LFM,CDL,4,RES,BP2,Select Epoch of Construction,RSH2,RMT1,,CR/LFM/CDL/H:4/BP2/RSH2+RMT1/RES,"https://www.google.com/maps/@?api=1&map_action=pano&viewpoint=38.70352483,-9.20344753&heading=167.85851045192373&pitch=5&fov=120"
1170.0,38.69384905,-9.2234273,Portugal,Lisbon,,,,,,,Select Epoch of Construction,,,,H:Select Number of Stories,
1171.0,38.7043463494371,-9.203465135752062,Portugal,Lisbon,MUR,LWAL,CDL,2,RES,BP1,Select Epoch of Construction,RSH3,RMT1,,MUR/LWAL/CDL/H:2/BP1/RSH3+RMT1/RES,"https://www.google.com/maps/@?api=1&map_action=pano&viewpoint=38.70434635,-9.20346514&heading=157.32806636796295&pitch=5&fov=120"
1172.0,38.69537089999999,-9.221089779265087,Portugal,Lisbon,MUR,LWAL,CDN,1,COM,BP2,Select Epoch of Construction,RSH2,RMT1,,MUR/LWAL/CDN/H:1/BP2/RSH2+RMT1/COM,"https://www.google.com/maps/@?api=1&map_action=pano&viewpoint=38.6953709,-9.22108978&heading=359.58550724689496&pitch=5&fov=120"
1173.0,38.7037791369652,-9.202567839208973,Portugal,Lisbon,MCF,LFINF,CDM,5,MIX(RES;COM),BP2,Select Epoch of Construction,RSH1,RMN,,MCF/LFINF/CDM/H:5/BP2/RSH1+RMN/MIX(RES;COM),"https://www.google.com/maps/@?api=1&map_action=pano&viewpoint=38.70377914,-9.20256784&heading=243.24707339434002&pitch=5&fov=120"
1174.0,38.69308408289877,-9.218504298041177,Portugal,Lisbon,,,,,,,Select Epoch of Construction,,,,H:Select Number of Stories,"https://www.google.com/maps/@?api=1&map_action=pano&viewpoint=38.69308408,-9.2185043&heading=180.5258859021099&pitch=5&fov=120"
1175.0,38.69982747406457,-9.205608084300774,Portugal,Lisbon,,,,,,,Select Epoch of Construction,,,,H:Select Number of Stories,"https://www.google.com/maps/@?api=1&map_action=pano&viewpoint=38.69982747,-9.20560808&heading=41.140228453894906&pitch=5&fov=120"
1176.0,38.69448609437722,-9.216046468626764,Portugal,Lisbon,CR,LFINF,CDL,4,MIX(RES;COM),BP2,Select Epoch of Construction,RSH2,RMT1,,CR/LFINF/CDL/H:4/BP2/RSH2+RMT1/MIX(RES;COM),"https://www.google.com/maps/@?api=1&map_action=pano&viewpoint=38.69448609,-9.21604647&heading=228.47561074601452&pitch=5&fov=120"
1177,38.697491448852304,-9.218650173100809,Portugal,Lisbon,MCF,LWAL,CDN,2,RES,BP2,Select Epoch of Construction,RSH2,RMT1,,MCF/LWAL/CDN/H:2/BP2/RSH2+RMT1/RES,"https://www.google.com/maps/@?api=1&map_action=pano&viewpoint=38.69749145,-9.21865017&heading=101.27210270936041&pitch=5&fov=120"
1178,38.69651221565796,-9.214458068583616,Portugal,Lisbon,CR,LFM,CDM,2,RES,BPD,Select Epoch of Construction,RSH2,RMT1,,CR/LFM/CDM/H:2/BPD/RSH2+RMT1/RES,"https://www.google.com/maps/@?api=1&map_action=pano&viewpoint=38.69651222,-9.21445807&heading=69.73537954391793&pitch=5&fov=120"
1179,38.700012985232966,-9.199583650680117,Portugal,Lisbon,,,,,,,Select Epoch of Construction,,,,H:Select Number of Stories,"https://www.google.com/maps/@?api=1&map_action=pano&viewpoint=38.70001299,-9.19958365&heading=56.895020171890906&pitch=5&fov=120"
1180,38.70533003202428,-9.202522301789214,Portugal,Lisbon,CR,LFM,CDL,2,RES,BP1,Select Epoch of Construction,RSH1,RMN,,CR/LFM/CDL/H:2/BP1/RSH1+RMN/RES,"https://www.google.com/maps/@?api=1&map_action=pano&viewpoint=38.70533003,-9.2025223&heading=157.22624604934242&pitch=5&fov=120"
1181,38.70062363886985,-9.222891861656796,Portugal,Lisbon,,,,,,,Select Epoch of Construction,,,,H:Select Number of Stories,"https://www.google.com/maps/@?api=1&map_action=pano&viewpoint=38.70062364,-9.22289186&heading=302.5020715275991&pitch=5&fov=120"
1182,38.69931683854611,-9.220905889414585,Portugal,Lisbon,MUR,LWAL,CDL,2,RES,BP1,Select Epoch of Construction,RSH2,RMT1,,MUR/LWAL/CDL/H:2/BP1/RSH2+RMT1/RES,"https://www.google.com/maps/@?api=1&map_action=pano&viewpoint=38.69931684,-9.22090589&heading=212.46498645762176&pitch=5&fov=120"
,,,,,,,,,,,,,,,,
,,,,,,,,,,,,,,,,
,,,,,,,,,,,,,,,,
,,,,,,,,,,,,,,,,
,,,,,,,,,,,,,,,,
,,,,,,,,,,,,,,,,
,,,,,,,,,,,,,,,,
,,,,,,,,,,,,,,,,
,,,,,,,,,,,,,,,,
,,,,,,,,,,,,,,,,
,,,,,,,,,,,,,,,,
,,,,,,,,,,,,,,,,
,,,,,,,,,,,,,,,,
,,,,,,,,,,,,,,,,
,,,,,,,,,,,,,,,,
,,,,,,,,,,,,,,,,
,,,,,,,,,,,,,,,,
,,,,,,,,,,,,,,,,
,,,,,,,,,,,,,,,,
,,,,,,,,,,,,,,,,
,,,,,,,,,,,,,,,,
,,,,,,,,,,,,,,,,
,,,,,,,,,,,,,,,,
,,,,,,,,,,,,,,,,
,,,,,,,,,,,,,,,,
,,,,,,,,,,,,,,,,
,,,,,,,,,,,,,,,,
,,,,,,,,,,,,,,,,
,,,,,,,,,,,,,,,,
,,,,,,,,,,,,,,,,
,,,,,,,,,,,,,,,,
,,,,,,,,,,,,,,,,
,,,,,,,,,,,,,,,,
,,,,,,,,,,,,,,,,
,,,,,,,,,,,,,,,,
,,,,,,,,,,,,,,,,
,,,,,,,,,,,,,,,,
,,,,,,,,,,,,,,,,
,,,,,,,,,,,,,,,,
,,,,,,,,,,,,,,,,
,,,,,,,,,,,,,,,,
,,,,,,,,,,,,,,,,
,,,,,,,,,,,,,,,,
,,,,,,,,,,,,,,,,
,,,,,,,,,,,,,,,,
,,,,,,,,,,,,,,,,
,,,,,,,,,,,,,,,,
,,,,,,,,,,,,,,,,
,,,,,,,,,,,,,,,,
,,,,,,,,,,,,,,,,
,,,,,,,,,,,,,,,,
,,,,,,,,,,,,,,,,
,,,,,,,,,,,,,,,,
,,,,,,,,,,,,,,,,
,,,,,,,,,,,,,,,,
,,,,,,,,,,,,,,,,
,,,,,,,,,,,,,,,,
,,,,,,,,,,,,,,,,
,,,,,,,,,,,,,,,,
,,,,,,,,,,,,,,,,
,,,,,,,,,,,,,,,,
,,,,,,,,,,,,,,,,
,,,,,,,,,,,,,,,,
,,,,,,,,,,,,,,,,
,,,,,,,,,,,,,,,,
,,,,,,,,,,,,,,,,
,,,,,,,,,,,,,,,,
,,,,,,,,,,,,,,,,
,,,,,,,,,,,,,,,,
,,,,,,,,,,,,,,,,
,,,,,,,,,,,,,,,,
,,,,,,,,,,,,,,,,
,,,,,,,,,,,,,,,,
,,,,,,,,,,,,,,,,
,,,,,,,,,,,,,,,,
,,,,,,,,,,,,,,,,
,,,,,,,,,,,,,,,,
,,,,,,,,,,,,,,,,
,,,,,,,,,,,,,,,,
,,,,,,,,,,,,,,,,
,,,,,,,,,,,,,,,,
,,,,,,,,,,,,,,,,
,,,,,,,,,,,,,,,,
,,,,,,,,,,,,,,,,
,,,,,,,,,,,,,,,,
,,,,,,,,,,,,,,,,
,,,,,,,,,,,,,,,,
,,,,,,,,,,,,,,,,
,,,,,,,,,,,,,,,,
,,,,,,,,,,,,,,,,
,,,,,,,,,,,,,,,,
,,,,,,,,,,,,,,,,
,,,,,,,,,,,,,,,,
,,,,,,,,,,,,,,,,
,,,,,,,,,,,,,,,,
,,,,,,,,,,,,,,,,
,,,,,,,,,,,,,,,,
,,,,,,,,,,,,,,,,
,,,,,,,,,,,,,,,,
,,,,,,,,,,,,,,,,
,,,,,,,,,,,,,,,,
,,,,,,,,,,,,,,,,
,,,,,,,,,,,,,,,,
,,,,,,,,,,,,,,,,
,,,,,,,,,,,,,,,,
,,,,,,,,,,,,,,,,
,,,,,,,,,,,,,,,,
,,,,,,,,,,,,,,,,
,,,,,,,,,,,,,,,,
,,,,,,,,,,,,,,,,
,,,,,,,,,,,,,,,,
,,,,,,,,,,,,,,,,
,,,,,,,,,,,,,,,,
,,,,,,,,,,,,,,,,
,,,,,,,,,,,,,,,,
,,,,,,,,,,,,,,,,
,,,,,,,,,,,,,,,,
,,,,,,,,,,,,,,,,
,,,,,,,,,,,,,,,,
,,,,,,,,,,,,,,,,
,,,,,,,,,,,,,,,,
,,,,,,,,,,,,,,,,
,,,,,,,,,,,,,,,,
,,,,,,,,,,,,,,,,
,,,,,,,,,,,,,,,,
,,,,,,,,,,,,,,,,
,,,,,,,,,,,,,,,,
,,,,,,,,,,,,,,,,
,,,,,,,,,,,,,,,,
,,,,,,,,,,,,,,,,
,,,,,,,,,,,,,,,,
,,,,,,,,,,,,,,,,
,,,,,,,,,,,,,,,,
,,,,,,,,,,,,,,,,
,,,,,,,,,,,,,,,,
,,,,,,,,,,,,,,,,
,,,,,,,,,,,,,,,,
,,,,,,,,,,,,,,,,
,,,,,,,,,,,,,,,,
,,,,,,,,,,,,,,,,
,,,,,,,,,,,,,,,,
,,,,,,,,,,,,,,,,
,,,,,,,,,,,,,,,,
,,,,,,,,,,,,,,,,
,,,,,,,,,,,,,,,,
,,,,,,,,,,,,,,,,
,,,,,,,,,,,,,,,,
,,,,,,,,,,,,,,,,
,,,,,,,,,,,,,,,,
,,,,,,,,,,,,,,,,
,,,,,,,,,,,,,,,,
,,,,,,,,,,,,,,,,
,,,,,,,,,,,,,,,,
,,,,,,,,,,,,,,,,
,,,,,,,,,,,,,,,,
,,,,,,,,,,,,,,,,
,,,,,,,,,,,,,,,,
,,,,,,,,,,,,,,,,
,,,,,,,,,,,,,,,,
,,,,,,,,,,,,,,,,
,,,,,,,,,,,,,,,,
,,,,,,,,,,,,,,,,
,,,,,,,,,,,,,,,,
,,,,,,,,,,,,,,,,
,,,,,,,,,,,,,,,,
,,,,,,,,,,,,,,,,
,,,,,,,,,,,,,,,,
,,,,,,,,,,,,,,,,
,,,,,,,,,,,,,,,,
,,,,,,,,,,,,,,,,
,,,,,,,,,,,,,,,,
,,,,,,,,,,,,,,,,
,,,,,,,,,,,,,,,,
,,,,,,,,,,,,,,,,
,,,,,,,,,,,,,,,,
,,,,,,,,,,,,,,,,
,,,,,,,,,,,,,,,,
,,,,,,,,,,,,,,,,
,,,,,,,,,,,,,,,,
,,,,,,,,,,,,,,,,
,,,,,,,,,,,,,,,,
,,,,,,,,,,,,,,,,
,,,,,,,,,,,,,,,,
,,,,,,,,,,,,,,,,
,,,,,,,,,,,,,,,,
,,,,,,,,,,,,,,,,
,,,,,,,,,,,,,,,,
,,,,,,,,,,,,,,,,
,,,,,,,,,,,,,,,,
,,,,,,,,,,,,,,,,
,,,,,,,,,,,,,,,,
,,,,,,,,,,,,,,,,
,,,,,,,,,,,,,,,,
,,,,,,,,,,,,,,,,
,,,,,,,,,,,,,,,,
,,,,,,,,,,,,,,,,
,,,,,,,,,,,,,,,,
,,,,,,,,,,,,,,,,
,,,,,,,,,,,,,,,,
,,,,,,,,,,,,,,,,
,,,,,,,,,,,,,,,,
,,,,,,,,,,,,,,,,
,,,,,,,,,,,,,,,,
,,,,,,,,,,,,,,,,
,,,,,,,,,,,,,,,,
,,,,,,,,,,,,,,,,
,,,,,,,,,,,,,,,,
,,,,,,,,,,,,,,,,
,,,,,,,,,,,,,,,,
,,,,,,,,,,,,,,,,
,,,,,,,,,,,,,,,,
,,,,,,,,,,,,,,,,
,,,,,,,,,,,,,,,,
,,,,,,,,,,,,,,,,
,,,,,,,,,,,,,,,,
,,,,,,,,,,,,,,,,
,,,,,,,,,,,,,,,,
,,,,,,,,,,,,,,,,
,,,,,,,,,,,,,,,,
,,,,,,,,,,,,,,,,
,,,,,,,,,,,,,,,,
,,,,,,,,,,,,,,,,
,,,,,,,,,,,,,,,,
,,,,,,,,,,,,,,,,
,,,,,,,,,,,,,,,,
,,,,,,,,,,,,,,,,
,,,,,,,,,,,,,,,,
,,,,,,,,,,,,,,,,
,,,,,,,,,,,,,,,,
,,,,,,,,,,,,,,,,
,,,,,,,,,,,,,,,,
,,,,,,,,,,,,,,,,
,,,,,,,,,,,,,,,,
,,,,,,,,,,,,,,,,
,,,,,,,,,,,,,,,,
,,,,,,,,,,,,,,,,
,,,,,,,,,,,,,,,,
,,,,,,,,,,,,,,,,
,,,,,,,,,,,,,,,,
,,,,,,,,,,,,,,,,
,,,,,,,,,,,,,,,,
,,,,,,,,,,,,,,,,
,,,,,,,,,,,,,,,,
,,,,,,,,,,,,,,,,
,,,,,,,,,,,,,,,,
,,,,,,,,,,,,,,,,
,,,,,,,,,,,,,,,,
,,,,,,,,,,,,,,,,
,,,,,,,,,,,,,,,,
,,,,,,,,,,,,,,,,
,,,,,,,,,,,,,,,,
,,,,,,,,,,,,,,,,
,,,,,,,,,,,,,,,,
,,,,,,,,,,,,,,,,
,,,,,,,,,,,,,,,,
,,,,,,,,,,,,,,,,
,,,,,,,,,,,,,,,,
,,,,,,,,,,,,,,,,
,,,,,,,,,,,,,,,,
,,,,,,,,,,,,,,,,
,,,,,,,,,,,,,,,,
,,,,,,,,,,,,,,,,
,,,,,,,,,,,,,,,,
,,,,,,,,,,,,,,,,
,,,,,,,,,,,,,,,,
,,,,,,,,,,,,,,,,
,,,,,,,,,,,,,,,,
,,,,,,,,,,,,,,,,
,,,,,,,,,,,,,,,,
,,,,,,,,,,,,,,,,
,,,,,,,,,,,,,,,,
,,,,,,,,,,,,,,,,
,,,,,,,,,,,,,,,,
,,,,,,,,,,,,,,,,
,,,,,,,,,,,,,,,,
,,,,,,,,,,,,,,,,
,,,,,,,,,,,,,,,,
,,,,,,,,,,,,,,,,
,,,,,,,,,,,,,,,,
,,,,,,,,,,,,,,,,
,,,,,,,,,,,,,,,,
,,,,,,,,,,,,,,,,
,,,,,,,,,,,,,,,,
,,,,,,,,,,,,,,,,
,,,,,,,,,,,,,,,,
,,,,,,,,,,,,,,,,
,,,,,,,,,,,,,,,,
,,,,,,,,,,,,,,,,
,,,,,,,,,,,,,,,,
,,,,,,,,,,,,,,,,
,,,,,,,,,,,,,,,,
,,,,,,,,,,,,,,,,
,,,,,,,,,,,,,,,,
,,,,,,,,,,,,,,,,
,,,,,,,,,,,,,,,,
,,,,,,,,,,,,,,,,
,,,,,,,,,,,,,,,,
,,,,,,,,,,,,,,,,
,,,,,,,,,,,,,,,,
,,,,,,,,,,,,,,,,
,,,,,,,,,,,,,,,,
,,,,,,,,,,,,,,,,
,,,,,,,,,,,,,,,,
,,,,,,,,,,,,,,,,
,,,,,,,,,,,,,,,,
,,,,,,,,,,,,,,,,
,,,,,,,,,,,,,,,,
,,,,,,,,,,,,,,,,
,,,,,,,,,,,,,,,,
,,,,,,,,,,,,,,,,
,,,,,,,,,,,,,,,,
,,,,,,,,,,,,,,,,
,,,,,,,,,,,,,,,,
,,,,,,,,,,,,,,,,
,,,,,,,,,,,,,,,,
,,,,,,,,,,,,,,,,
,,,,,,,,,,,,,,,,
,,,,,,,,,,,,,,,,
,,,,,,,,,,,,,,,,
,,,,,,,,,,,,,,,,
,,,,,,,,,,,,,,,,
,,,,,,,,,,,,,,,,
,,,,,,,,,,,,,,,,
,,,,,,,,,,,,,,,,
,,,,,,,,,,,,,,,,
,,,,,,,,,,,,,,,,
,,,,,,,,,,,,,,,,
,,,,,,,,,,,,,,,,
,,,,,,,,,,,,,,,,
,,,,,,,,,,,,,,,,
,,,,,,,,,,,,,,,,
,,,,,,,,,,,,,,,,
,,,,,,,,,,,,,,,,
,,,,,,,,,,,,,,,,
,,,,,,,,,,,,,,,,
,,,,,,,,,,,,,,,,
,,,,,,,,,,,,,,,,
,,,,,,,,,,,,,,,,
,,,,,,,,,,,,,,,,
,,,,,,,,,,,,,,,,
,,,,,,,,,,,,,,,,
,,,,,,,,,,,,,,,,
,,,,,,,,,,,,,,,,
,,,,,,,,,,,,,,,,
,,,,,,,,,,,,,,,,
,,,,,,,,,,,,,,,,
,,,,,,,,,,,,,,,,
,,,,,,,,,,,,,,,,
,,,,,,,,,,,,,,,,
,,,,,,,,,,,,,,,,
,,,,,,,,,,,,,,,,
,,,,,,,,,,,,,,,,
,,,,,,,,,,,,,,,,
,,,,,,,,,,,,,,,,
,,,,,,,,,,,,,,,,
,,,,,,,,,,,,,,,,
,,,,,,,,,,,,,,,,
,,,,,,,,,,,,,,,,
,,,,,,,,,,,,,,,,
,,,,,,,,,,,,,,,,
,,,,,,,,,,,,,,,,
,,,,,,,,,,,,,,,,
,,,,,,,,,,,,,,,,
,,,,,,,,,,,,,,,,
,,,,,,,,,,,,,,,,
,,,,,,,,,,,,,,,,
,,,,,,,,,,,,,,,,
,,,,,,,,,,,,,,,,
,,,,,,,,,,,,,,,,
,,,,,,,,,,,,,,,,
,,,,,,,,,,,,,,,,
,,,,,,,,,,,,,,,,
,,,,,,,,,,,,,,,,
,,,,,,,,,,,,,,,,
,,,,,,,,,,,,,,,,
,,,,,,,,,,,,,,,,
,,,,,,,,,,,,,,,,
,,,,,,,,,,,,,,,,
,,,,,,,,,,,,,,,,
,,,,,,,,,,,,,,,,
,,,,,,,,,,,,,,,,
,,,,,,,,,,,,,,,,
,,,,,,,,,,,,,,,,
,,,,,,,,,,,,,,,,
,,,,,,,,,,,,,,,,
,,,,,,,,,,,,,,,,
,,,,,,,,,,,,,,,,
,,,,,,,,,,,,,,,,
,,,,,,,,,,,,,,,,
,,,,,,,,,,,,,,,,
,,,,,,,,,,,,,,,,
,,,,,,,,,,,,,,,,
,,,,,,,,,,,,,,,,
,,,,,,,,,,,,,,,,
,,,,,,,,,,,,,,,,
,,,,,,,,,,,,,,,,
,,,,,,,,,,,,,,,,
,,,,,,,,,,,,,,,,
,,,,,,,,,,,,,,,,
,,,,,,,,,,,,,,,,
,,,,,,,,,,,,,,,,
,,,,,,,,,,,,,,,,
,,,,,,,,,,,,,,,,
,,,,,,,,,,,,,,,,
,,,,,,,,,,,,,,,,
,,,,,,,,,,,,,,,,
,,,,,,,,,,,,,,,,
,,,,,,,,,,,,,,,,
,,,,,,,,,,,,,,,,
,,,,,,,,,,,,,,,,
,,,,,,,,,,,,,,,,
,,,,,,,,,,,,,,,,
,,,,,,,,,,,,,,,,
,,,,,,,,,,,,,,,,
,,,,,,,,,,,,,,,,
,,,,,,,,,,,,,,,,
,,,,,,,,,,,,,,,,
,,,,,,,,,,,,,,,,
,,,,,,,,,,,,,,,,
,,,,,,,,,,,,,,,,
,,,,,,,,,,,,,,,,
,,,,,,,,,,,,,,,,
,,,,,,,,,,,,,,,,
,,,,,,,,,,,,,,,,
,,,,,,,,,,,,,,,,
,,,,,,,,,,,,,,,,
,,,,,,,,,,,,,,,,
,,,,,,,,,,,,,,,,
,,,,,,,,,,,,,,,,
,,,,,,,,,,,,,,,,
,,,,,,,,,,,,,,,,
,,,,,,,,,,,,,,,,
,,,,,,,,,,,,,,,,
,,,,,,,,,,,,,,,,
,,,,,,,,,,,,,,,,
,,,,,,,,,,,,,,,,
,,,,,,,,,,,,,,,,
,,,,,,,,,,,,,,,,
,,,,,,,,,,,,,,,,
,,,,,,,,,,,,,,,,
,,,,,,,,,,,,,,,,
,,,,,,,,,,,,,,,,
,,,,,,,,,,,,,,,,
,,,,,,,,,,,,,,,,
,,,,,,,,,,,,,,,,
,,,,,,,,,,,,,,,,
,,,,,,,,,,,,,,,,
,,,,,,,,,,,,,,,,
,,,,,,,,,,,,,,,,
,,,,,,,,,,,,,,,,
,,,,,,,,,,,,,,,,
,,,,,,,,,,,,,,,,
,,,,,,,,,,,,,,,,
,,,,,,,,,,,,,,,,
,,,,,,,,,,,,,,,,
,,,,,,,,,,,,,,,,
,,,,,,,,,,,,,,,,
,,,,,,,,,,,,,,,,
,,,,,,,,,,,,,,,,
,,,,,,,,,,,,,,,,
,,,,,,,,,,,,,,,,
,,,,,,,,,,,,,,,,
,,,,,,,,,,,,,,,,
,,,,,,,,,,,,,,,,
,,,,,,,,,,,,,,,,
,,,,,,,,,,,,,,,,
,,,,,,,,,,,,,,,,
,,,,,,,,,,,,,,,,
,,,,,,,,,,,,,,,,
,,,,,,,,,,,,,,,,
,,,,,,,,,,,,,,,,
,,,,,,,,,,,,,,,,
,,,,,,,,,,,,,,,,
,,,,,,,,,,,,,,,,
,,,,,,,,,,,,,,,,
,,,,,,,,,,,,,,,,
,,,,,,,,,,,,,,,,
,,,,,,,,,,,,,,,,
,,,,,,,,,,,,,,,,
,,,,,,,,,,,,,,,,
,,,,,,,,,,,,,,,,
,,,,,,,,,,,,,,,,
,,,,,,,,,,,,,,,,
,,,,,,,,,,,,,,,,
,,,,,,,,,,,,,,,,
,,,,,,,,,,,,,,,,
,,,,,,,,,,,,,,,,
,,,,,,,,,,,,,,,,
,,,,,,,,,,,,,,,,
,,,,,,,,,,,,,,,,
,,,,,,,,,,,,,,,,
,,,,,,,,,,,,,,,,
,,,,,,,,,,,,,,,,
,,,,,,,,,,,,,,,,
,,,,,,,,,,,,,,,,
,,,,,,,,,,,,,,,,
,,,,,,,,,,,,,,,,
,,,,,,,,,,,,,,,,
,,,,,,,,,,,,,,,,
,,,,,,,,,,,,,,,,
,,,,,,,,,,,,,,,,
,,,,,,,,,,,,,,,,
,,,,,,,,,,,,,,,,
,,,,,,,,,,,,,,,,
,,,,,,,,,,,,,,,,
,,,,,,,,,,,,,,,,
,,,,,,,,,,,,,,,,
,,,,,,,,,,,,,,,,
,,,,,,,,,,,,,,,,
,,,,,,,,,,,,,,,,
,,,,,,,,,,,,,,,,
,,,,,,,,,,,,,,,,
,,,,,,,,,,,,,,,,
,,,,,,,,,,,,,,,,
,,,,,,,,,,,,,,,,
,,,,,,,,,,,,,,,,
,,,,,,,,,,,,,,,,
,,,,,,,,,,,,,,,,
,,,,,,,,,,,,,,,,
,,,,,,,,,,,,,,,,
,,,,,,,,,,,,,,,,
,,,,,,,,,,,,,,,,
,,,,,,,,,,,,,,,,
,,,,,,,,,,,,,,,,
,,,,,,,,,,,,,,,,
,,,,,,,,,,,,,,,,
,,,,,,,,,,,,,,,,
,,,,,,,,,,,,,,,,
,,,,,,,,,,,,,,,,
,,,,,,,,,,,,,,,,
,,,,,,,,,,,,,,,,
,,,,,,,,,,,,,,,,
,,,,,,,,,,,,,,,,
,,,,,,,,,,,,,,,,
,,,,,,,,,,,,,,,,
,,,,,,,,,,,,,,,,
,,,,,,,,,,,,,,,,
,,,,,,,,,,,,,,,,
,,,,,,,,,,,,,,,,
,,,,,,,,,,,,,,,,
,,,,,,,,,,,,,,,,
,,,,,,,,,,,,,,,,
,,,,,,,,,,,,,,,,
,,,,,,,,,,,,,,,,
,,,,,,,,,,,,,,,,
,,,,,,,,,,,,,,,,
,,,,,,,,,,,,,,,,
,,,,,,,,,,,,,,,,
,,,,,,,,,,,,,,,,
,,,,,,,,,,,,,,,,
,,,,,,,,,,,,,,,,
,,,,,,,,,,,,,,,,
,,,,,,,,,,,,,,,,
,,,,,,,,,,,,,,,,
,,,,,,,,,,,,,,,,
,,,,,,,,,,,,,,,,
,,,,,,,,,,,,,,,,
,,,,,,,,,,,,,,,,
,,,,,,,,,,,,,,,,
,,,,,,,,,,,,,,,,
,,,,,,,,,,,,,,,,
,,,,,,,,,,,,,,,,
,,,,,,,,,,,,,,,,
,,,,,,,,,,,,,,,,
,,,,,,,,,,,,,,,,
,,,,,,,,,,,,,,,,
,,,,,,,,,,,,,,,,
,,,,,,,,,,,,,,,,
,,,,,,,,,,,,,,,,
,,,,,,,,,,,,,,,,
,,,,,,,,,,,,,,,,
,,,,,,,,,,,,,,,,
,,,,,,,,,,,,,,,,
,,,,,,,,,,,,,,,,
,,,,,,,,,,,,,,,,
,,,,,,,,,,,,,,,,
,,,,,,,,,,,,,,,,
,,,,,,,,,,,,,,,,
,,,,,,,,,,,,,,,,
,,,,,,,,,,,,,,,,
,,,,,,,,,,,,,,,,
,,,,,,,,,,,,,,,,
,,,,,,,,,,,,,,,,
,,,,,,,,,,,,,,,,
,,,,,,,,,,,,,,,,
,,,,,,,,,,,,,,,,
,,,,,,,,,,,,,,,,
,,,,,,,,,,,,,,,,
,,,,,,,,,,,,,,,,
,,,,,,,,,,,,,,,,
,,,,,,,,,,,,,,,,
,,,,,,,,,,,,,,,,
,,,,,,,,,,,,,,,,
,,,,,,,,,,,,,,,,
,,,,,,,,,,,,,,,,
,,,,,,,,,,,,,,,,
,,,,,,,,,,,,,,,,
,,,,,,,,,,,,,,,,
,,,,,,,,,,,,,,,,
,,,,,,,,,,,,,,,,
,,,,,,,,,,,,,,,,
,,,,,,,,,,,,,,,,
,,,,,,,,,,,,,,,,
,,,,,,,,,,,,,,,,
,,,,,,,,,,,,,,,,
,,,,,,,,,,,,,,,,
,,,,,,,,,,,,,,,,
,,,,,,,,,,,,,,,,
,,,,,,,,,,,,,,,,
,,,,,,,,,,,,,,,,
,,,,,,,,,,,,,,,,
,,,,,,,,,,,,,,,,
,,,,,,,,,,,,,,,,
,,,,,,,,,,,,,,,,
,,,,,,,,,,,,,,,,
,,,,,,,,,,,,,,,,
,,,,,,,,,,,,,,,,
,,,,,,,,,,,,,,,,
,,,,,,,,,,,,,,,,
,,,,,,,,,,,,,,,,
,,,,,,,,,,,,,,,,
,,,,,,,,,,,,,,,,
,,,,,,,,,,,,,,,,
,,,,,,,,,,,,,,,,
,,,,,,,,,,,,,,,,
,,,,,,,,,,,,,,,,
,,,,,,,,,,,,,,,,
,,,,,,,,,,,,,,,,
,,,,,,,,,,,,,,,,
,,,,,,,,,,,,,,,,
,,,,,,,,,,,,,,,,
,,,,,,,,,,,,,,,,
,,,,,,,,,,,,,,,,
,,,,,,,,,,,,,,,,
,,,,,,,,,,,,,,,,
,,,,,,,,,,,,,,,,
,,,,,,,,,,,,,,,,
,,,,,,,,,,,,,,,,
,,,,,,,,,,,,,,,,
,,,,,,,,,,,,,,,,
,,,,,,,,,,,,,,,,
,,,,,,,,,,,,,,,,
,,,,,,,,,,,,,,,,
,,,,,,,,,,,,,,,,
,,,,,,,,,,,,,,,,
,,,,,,,,,,,,,,,,
,,,,,,,,,,,,,,,,
,,,,,,,,,,,,,,,,
,,,,,,,,,,,,,,,,
,,,,,,,,,,,,,,,,
,,,,,,,,,,,,,,,,
,,,,,,,,,,,,,,,,
,,,,,,,,,,,,,,,,
,,,,,,,,,,,,,,,,
,,,,,,,,,,,,,,,,
,,,,,,,,,,,,,,,,
,,,,,,,,,,,,,,,,
,,,,,,,,,,,,,,,,
,,,,,,,,,,,,,,,,
,,,,,,,,,,,,,,,,
,,,,,,,,,,,,,,,,
,,,,,,,,,,,,,,,,
,,,,,,,,,,,,,,,,
,,,,,,,,,,,,,,,,
,,,,,,,,,,,,,,,,
,,,,,,,,,,,,,,,,
,,,,,,,,,,,,,,,,
,,,,,,,,,,,,,,,,
,,,,,,,,,,,,,,,,
,,,,,,,,,,,,,,,,
,,,,,,,,,,,,,,,,
,,,,,,,,,,,,,,,,
,,,,,,,,,,,,,,,,
,,,,,,,,,,,,,,,,
,,,,,,,,,,,,,,,,
,,,,,,,,,,,,,,,,
,,,,,,,,,,,,,,,,
,,,,,,,,,,,,,,,,
,,,,,,,,,,,,,,,,
,,,,,,,,,,,,,,,,
,,,,,,,,,,,,,,,,
,,,,,,,,,,,,,,,,
,,,,,,,,,,,,,,,,
,,,,,,,,,,,,,,,,
,,,,,,,,,,,,,,,,
,,,,,,,,,,,,,,,,
,,,,,,,,,,,,,,,,
,,,,,,,,,,,,,,,,
,,,,,,,,,,,,,,,,
,,,,,,,,,,,,,,,,
,,,,,,,,,,,,,,,,
,,,,,,,,,,,,,,,,
,,,,,,,,,,,,,,,,
,,,,,,,,,,,,,,,,
,,,,,,,,,,,,,,,,
,,,,,,,,,,,,,,,,
,,,,,,,,,,,,,,,,
,,,,,,,,,,,,,,,,
,,,,,,,,,,,,,,,,
,,,,,,,,,,,,,,,,
,,,,,,,,,,,,,,,,
,,,,,,,,,,,,,,,,
,,,,,,,,,,,,,,,,
,,,,,,,,,,,,,,,,
,,,,,,,,,,,,,,,,
,,,,,,,,,,,,,,,,
,,,,,,,,,,,,,,,,
,,,,,,,,,,,,,,,,
,,,,,,,,,,,,,,,,
,,,,,,,,,,,,,,,,
,,,,,,,,,,,,,,,,
,,,,,,,,,,,,,,,,
,,,,,,,,,,,,,,,,
,,,,,,,,,,,,,,,,
,,,,,,,,,,,,,,,,
,,,,,,,,,,,,,,,,
,,,,,,,,,,,,,,,,
,,,,,,,,,,,,,,,,
,,,,,,,,,,,,,,,,
,,,,,,,,,,,,,,,,
,,,,,,,,,,,,,,,,
,,,,,,,,,,,,,,,,
,,,,,,,,,,,,,,,,
,,,,,,,,,,,,,,,,
,,,,,,,,,,,,,,,,
,,,,,,,,,,,,,,,,
,,,,,,,,,,,,,,,,
,,,,,,,,,,,,,,,,
,,,,,,,,,,,,,,,,
,,,,,,,,,,,,,,,,
,,,,,,,,,,,,,,,,
,,,,,,,,,,,,,,,,
,,,,,,,,,,,,,,,,
,,,,,,,,,,,,,,,,
,,,,,,,,,,,,,,,,
,,,,,,,,,,,,,,,,
,,,,,,,,,,,,,,,,
,,,,,,,,,,,,,,,,
,,,,,,,,,,,,,,,,
,,,,,,,,,,,,,,,,
,,,,,,,,,,,,,,,,
,,,,,,,,,,,,,,,,
,,,,,,,,,,,,,,,,
,,,,,,,,,,,,,,,,
,,,,,,,,,,,,,,,,
,,,,,,,,,,,,,,,,
,,,,,,,,,,,,,,,,
,,,,,,,,,,,,,,,,
,,,,,,,,,,,,,,,,
,,,,,,,,,,,,,,,,
,,,,,,,,,,,,,,,,
,,,,,,,,,,,,,,,,
,,,,,,,,,,,,,,,,
,,,,,,,,,,,,,,,,
,,,,,,,,,,,,,,,,
,,,,,,,,,,,,,,,,
,,,,,,,,,,,,,,,,
,,,,,,,,,,,,,,,,
,,,,,,,,,,,,,,,,
,,,,,,,,,,,,,,,,
,,,,,,,,,,,,,,,,
,,,,,,,,,,,,,,,,
,,,,,,,,,,,,,,,,
,,,,,,,,,,,,,,,,
,,,,,,,,,,,,,,,,
,,,,,,,,,,,,,,,,
,,,,,,,,,,,,,,,,
,,,,,,,,,,,,,,,,
,,,,,,,,,,,,,,,,
,,,,,,,,,,,,,,,,
,,,,,,,,,,,,,,,,
,,,,,,,,,,,,,,,,
,,,,,,,,,,,,,,,,
,,,,,,,,,,,,,,,,
,,,,,,,,,,,,,,,,
,,,,,,,,,,,,,,,,
,,,,,,,,,,,,,,,,
,,,,,,,,,,,,,,,,
,,,,,,,,,,,,,,,,
,,,,,,,,,,,,,,,,
,,,,,,,,,,,,,,,,
,,,,,,,,,,,,,,,,
,,,,,,,,,,,,,,,,
,,,,,,,,,,,,,,,,
,,,,,,,,,,,,,,,,
,,,,,,,,,,,,,,,,
,,,,,,,,,,,,,,,,
,,,,,,,,,,,,,,,,
,,,,,,,,,,,,,,,,
,,,,,,,,,,,,,,,,
,,,,,,,,,,,,,,,,
,,,,,,,,,,,,,,,,
,,,,,,,,,,,,,,,,
,,,,,,,,,,,,,,,,
,,,,,,,,,,,,,,,,
,,,,,,,,,,,,,,,,
,,,,,,,,,,,,,,,,
,,,,,,,,,,,,,,,,
,,,,,,,,,,,,,,,,
,,,,,,,,,,,,,,,,
,,,,,,,,,,,,,,,,
,,,,,,,,,,,,,,,,
,,,,,,,,,,,,,,,,
,,,,,,,,,,,,,,,,
,,,,,,,,,,,,,,,,
,,,,,,,,,,,,,,,,
,,,,,,,,,,,,,,,,
,,,,,,,,,,,,,,,,
,,,,,,,,,,,,,,,,
,,,,,,,,,,,,,,,,
,,,,,,,,,,,,,,,,
,,,,,,,,,,,,,,,,
,,,,,,,,,,,,,,,,
,,,,,,,,,,,,,,,,
,,,,,,,,,,,,,,,,
,,,,,,,,,,,,,,,,
,,,,,,,,,,,,,,,,
,,,,,,,,,,,,,,,,
,,,,,,,,,,,,,,,,
,,,,,,,,,,,,,,,,
,,,,,,,,,,,,,,,,
,,,,,,,,,,,,,,,,
,,,,,,,,,,,,,,,,
