id,latitude,longitude,country,city,material,llrs,code_level,n_stories,occupancy,block_position,roof_shape,roof_material,taxonomy,image filename or link
bd344804-048c-4aee-a3b8-08e0ab6f1f43,38.7022806,-9.218758374,,,,,,,,,,,,
4143b433-39c6-4acb-8d03-aa2aa0eacd25,38.70817153,-9.216848551,,,,,,,,,,,,
d6157173-104e-4278-8451-b0b41591a3b9,38.70456709,-9.193007271,Portugal,Lisbon,CR,LFM,CDN,06/jul,MIX(RES;COM),BP2,RSH1,RMN,,
a1c89bae-c6e9-42f4-8724-ce396ff886aa,38.7115894,-9.2052169,Portugal,Lisbon,MUR,LWAL,CDL,3,RES,BP1,RSH2,RMT1,,
a517537a-c461-4037-9733-6158af9d8dab,38.69985954,-9.20386228,Portugal,Lisbon,MUR,LWAL,CDL,2,RES,BP1,RSH2,RMT1,,
2d8c753e-bd1b-4049-a197-e00f5eac4283,38.70059313,-9.192520978,Portugal,Lisbon,CR,LFINF,CDL,5,MIX(RES;COM),BP1,RSH2,RMT1,,
c825b926-29d9-4e75-bc01-025cc29d7480,38.69967931,-9.204339091,,,,,,,,,,,,
973d1440-5cf7-4fc4-9239-39f8cef6423c,38.70153177,-9.184524142,Portugal,Lisbon,MCF,LWAL,CDH,2,RES,BP2,RSH2,RMT1,,
693f448e-2572-45a6-bc0d-0fd89a83bf80,38.70347084,-9.195821983,Portugal,Lisbon,CR,LFM,CDL,1,COM,BP2,RSH1,RMN,,
14bd130d-dad5-4a3e-aa9c-5c23383768a5,38.6969237,-9.21188175,Portugal,Lisbon,CR,LFM,CDM,4,RES,BP1,RSH1,RMN,,
7256abd8-1c13-43f4-be85-558242e5a734,38.70748691,-9.199337825,Portugal,Lisbon,CR,LDUAL,CDN,1,IND,BP1,RSH2,RMT1,,
4970e136-98a5-4396-9459-ced656ba2f64,38.70225807,-9.202934086,Portugal,Lisbon,MUR,LWAL,CDL,3,RES,BP2,RSH1,RMN,,
43fbab77-4fb4-48a6-81cb-558674da827c,38.70118825,-9.182157583,Portugal,Lisbon,MUR,LWAL,CDN,3,RES,BP2,RSH1,RMN,,
f0b3fc76-8f17-49c0-9278-e826a91828b3,38.7089281,-9.1981521,Portugal,Lisbon,MUR,LWAL,CDL,3,RES,BP2,RSH2,RMT1,,
4c076705-c911-4b47-a98c-6b1aa1136d48,38.70351655,-9.221329882,,,,,,,,,,,,
941bc555-cb2b-42fc-8580-de35463ada4f,38.70138595,-9.1902931,Portugal,Lisbon,CR,LFM,CDN,06/jul,RES,BP3,RSH1,RMN,,
5f6d81b9-f4d1-4787-b208-cf799fb1b7a4,38.70650061,-9.177401316,Portugal,Lisbon,MUR,LWAL,CDL,5,RES,BP2,RSH1,RMN,,
5cb61bf7-2e31-497a-87d6-80d806b50e9b,38.69818219,-9.182431033,,,,,,,,,,,,
80ca62ce-79cc-4572-bbf4-b1a3bfd1e1c9,38.71063243,-9.193018673,,,,,,,,,,,,
79dc847c-29a6-4399-8641-a61119f04f7b,38.70532156,-9.199410625,Portugal,Lisbon,MUR,LWAL,CDN,2,COM,BP1,RSH2,RMT1,,
f73e6ae9-d29f-4c94-b59d-22cd78a40582,38.69516974,-9.21567624,Portugal,Lisbon,CR,LFINF,CDL,4,RES,BP1,RSH3,RMT1,,
d5a23854-3744-42f0-8e86-3fb250fee0cc,38.71134073,-9.192818595,,,,,,,,,,,,
b3ed4eaf-f24d-460c-896f-f25699b579b9,38.70108368,-9.184390419,Portugal,Lisbon,CR,LFM,CDL,5,RES,BP2,RSH1,RMN,,
09a4a3d8-b99b-4c12-976d-89e38c147218,38.71065361,-9.20248595,Portugal,Lisbon,MCF,LWAL,CDH,4,RES,BP1,RSH1,RMN,,
d2ab3796-6006-401a-85f2-71ce5bfbf256,38.70672345,-9.177285613,Portugal,Lisbon,MUR,LWAL,CDL,4,RES,BP2,RSH2,RMT1,,
755dae0e-7d2b-4f49-afa1-029e63d2fd88,38.71262746,-9.209763086,,,,,,,,,,,,
fe3d566a-c481-4c58-a7e2-9dc25229c63e,38.70189055,-9.18441925,Portugal,Lisbon,MUR,LWAL,CDL,2,RES,BP2,RSH2,RMT1,,
1c3f406f-afe4-4a46-822f-a0f74bb1745b,38.70641517,-9.210525585,,,,,,,,,,,,
ea15e707-517c-469b-95a3-5e9b62915ecb,38.6984483,-9.18166275,,,,,,,,,,,,
22e64ee6-6d93-48ee-a663-b7611e2abad3,38.7082651,-9.199739626,,,,,,,,,,,,
e9c2d4a9-2af8-4e58-a936-f9570ee6df7a,38.69787638,-9.20328856,,,,,,,,,,,,
abdf6a4e-e66f-4bba-838e-1b3f86e5071e,38.69630168,-9.216156622,Portugal,Lisbon,MUR,LWAL,CDL,2,RES,BP1,RSH1,RMN,,
07f9ff39-b08d-48ed-b431-ac084c18d1c4,38.69847641,-9.188962562,Portugal,Lisbon,MUR,LWAL,CDL,2,RES,BP2,RSH1,RMN,,
0996f2be-39f4-4fea-9e6b-ef4d2cfdd28c,38.70552646,-9.183654861,Portugal,Lisbon,CR,LFM,CDN,4,COM,BP3,RSH1,RMN,,
9a0a9cc9-6c27-4963-aa45-782e5c9fe6fe,38.71985402,-9.179060245,,,,,,,,,,,,
20448c57-b1bd-47cd-b71d-2973e7987f36,38.71585856,-9.217179301,Portugal,Lisbon,MUR,LWAL,CDL,2,RES,BP1,RSH2,RMT1,,
40b760bc-bf54-455b-b901-fd6bdecacca4,38.70782267,-9.185462035,,,,,,,,,,,,
4ee68587-257e-4c82-9612-6d708aee9820,38.71124466,-9.205847433,Portugal,Lisbon,CR,LFM,CDN,2,COM,BP2,RSH1,RMN,,
6760b5c6-2dd1-4687-ae4d-410edf19238d,38.70553413,-9.216838215,,,,,,,,,,,,
ee3e7840-3482-4bf8-81ab-93d95fd99d3a,38.70489442,-9.181007506,Portugal,Lisbon,MCF,LWAL,CDN,4,MIX(RES;COM),BP2,RSH1,RMN,,
62af48db-0282-416d-81ab-cdac5d2eeeff,38.70240364,-9.191032721,Portugal,Lisbon,CR,LFINF,CDL,4,RES,BP2,RSH1,RMN,,
51f7fea0-2a03-4cb4-a6d6-9a310dbef224,38.71259911,-9.206171613,,,,,,,,,,,,
d89aa070-666b-48e5-8a94-b44c8713b901,38.69737317,-9.2170717,Portugal,Lisbon,MUR,LWAL,CDL,2,RES,BP1,RSH1,RMN,,
9c1e0d67-1319-442d-af19-78a72e7a4659,38.70802331,-9.199305996,Portugal,Lisbon,MUR,LWAL,CDN,1,RES,BP2,RSH2,RMT1,,
100d1543-51a5-49d3-b024-9c6fdefab86b,38.70493435,-9.1924043,,,,,,,,,,,,
b480b497-8d88-4086-a0aa-4e0d5975c6df,38.69695171,-9.224099582,,,,,,,,,,,,
32b540ce-3ec9-4c38-bedd-7a1276fd2dc1,38.70818392,-9.17489315,Portugal,Lisbon,MUR,LWAL,CDL,2,RES,BP1,RSH2,RMT1,,
ae7339fd-a176-4d65-a43b-4262f070f1d8,38.70089617,-9.182896806,Portugal,Lisbon,MUR,LWAL,CDL,4,RES,BP2,RSH1,RMN,,
0fc44b26-1077-4874-800d-a10e930ee773,38.70550995,-9.206659169,,,,,,,,,,,,
34308959-7f12-4c47-af41-8aabecd920db,38.70271129,-9.21673191,,,,,,,,,,,,
ceedf0d8-b0c2-419f-aaa4-ea22690439cd,38.70638505,-9.178560015,,,,,,,,,,,,
e86d05f9-24a9-480e-8e97-37a7671f5fbb,38.714635,-9.180179119,Portugal,Lisbon,MCF,LWAL,CDL,2,RES,BP1,RSH2,RMT1,,
437a81f5-38bf-4f53-84fe-aaf5aa079f73,38.70564602,-9.19935404,Portugal,Lisbon,CR,LFM,CDM,1,COM,BP2,RSH1,RMN,,
cb2cc0e5-d003-4cfb-8596-7bafbb046381,38.7070305,-9.212387951,Portugal,Lisbon,MCF,LWAL,CDM,3,RES,BP2,RSH1,RMN,,
9053ffaa-adf5-4c10-a958-ca2e0a8bdcfe,38.71486956,-9.205521559,,,,,,,,,,,,
c9a430f7-be7a-4734-ac52-5f8756e0de6f,38.70154508,-9.204309968,Portugal,Lisbon,MCF,LWAL,CDH,2,RES,BP1,RSH1,RMN,,
674c65f2-8b19-4d2f-86fd-2b5f80959a6c,38.70831797,-9.206982052,,,,,,,,,,,,
b8403876-ac09-48bd-834f-e633773be0b2,38.69813684,-9.208147808,Portugal,Lisbon,MCF,LWAL,CDM,2,COM,BP2,RSH1,RMN,,
ded3e8b0-df1c-4a38-83c4-43ee858234e6,38.71142121,-9.200280939,,,,,,,,,,,,
4f6b8805-f8b9-4c41-bad8-dc6c2be0d081,38.71763312,-9.211448138,Portugal,Lisbon,MUR,LWAL,CDL,4,RES,BP1,RSH1,RMN,,
c5e3b59f-c00f-4288-b418-bd224439915e,38.6997517,-9.210651569,,,,,,,,,,,,
9b5b0e60-5647-4483-b30f-aa404997a595,38.70330905,-9.217491892,,,,,,,,,,,,
b959afa1-7d9a-4624-8e74-2791567e5b9d,38.70255143,-9.20273445,Portugal,Lisbon,CR,LFINF,CDN,2,MIX(RES;COM),BP2,RSH2,RMT1,,
e2bc2e14-d0f8-47ad-ac2f-063add1d5c70,38.69990972,-9.208585384,,,,,,,,,,,,
69db4081-7896-42bc-96f5-0a5460258775,38.71297095,-9.190931,,,,,,,,,,,,
e32f23f7-4811-40b1-9be7-0977e5faa3e3,38.71717435,-9.211697044,,,,,,,,,,,,
ebc221c1-5577-4e14-9e9a-0abee2351b43,38.7023074,-9.20489655,Portugal,Lisbon,MUR,LWAL,CDN,1,RES,BP2,RSH1,RMN,,
98a4eb7d-a00a-43ac-8cc9-5282a52fb8a4,38.70741432,-9.210874485,Portugal,Lisbon,MUR,LWAL,CDN,2,RES,BP1,RSH2,RMT1,,
caaff78f-ad77-496d-966b-0759daa9d610,38.69866011,-9.21458807,,,,,,,,,,,,
272626f9-6279-489e-9b27-b851c9d1a795,38.70320249,-9.181453466,Portugal,Lisbon,MUR,LWAL,CDN,4,RES,BP2,RSH1,RMN,,
c3a65785-5396-44cd-9c45-2cdb83501d01,38.70301091,-9.196072366,Portugal,Lisbon,MUR,LWAL,CDL,4,RES,BP1,RSH2,RMT1,,
9232f193-3725-49e9-b476-2a606ab04f6a,38.70229367,-9.19712684,Portugal,Lisbon,CR,LFINF,CDL,4,RES,BP2,RSH1,RMN,,
ba4fbbc8-f2a5-4dc2-b205-d0299eb4b14a,38.71289269,-9.211300779,,,,,,,,,,,,
14a97287-da20-4935-9b6d-38077369a4f8,38.70211787,-9.199838131,Portugal,Lisbon,MUR,LWAL,CDN,3,RES,BP1,RSH1,RMN,,
a4f4682f-9296-429f-8ba8-4474d6e4b2a4,38.70841439,-9.21236815,Portugal,Lisbon,S,LFM,CDH,1,COM,BPD,RSH1,RMN,,
46c35cec-2579-4e59-9d19-23495cbb8849,38.7040611,-9.196018138,Portugal,Lisbon,MUR,LWAL,CDL,4,COM,BP1,RSH2,RMT1,,
9752c5a3-2825-4cf1-aa1f-4a10af0824f3,38.70579824,-9.179556546,Portugal,Lisbon,MUR,LWAL,CDL,4,RES,BP2,RSH2,RMT1,,
e924f66b-821a-4785-88cb-1c317bee5641,38.69999947,-9.192649999,Portugal,Lisbon,CR,LFM,CDL,4,RES,BP2,RSH1,RMN,,
85ddf4cb-44b7-47db-87db-1825774a0e03,38.69978305,-9.21635105,,,,,,,,,,,,
2ff3da11-c508-46ea-b19f-51ff225d3036,38.71603278,-9.213187121,Portugal,Lisbon,MUR,LWAL,CDL,2,RES,BP1,RSH2,RMT1,,
2b506450-1366-47f3-9fac-e271901a7b2f,38.71053207,-9.191285981,Portugal,Lisbon,CR,LFM,CDN,4,MIX(RES;COM),BP1,RSH1,RMN,,
a7bd0858-a292-4a25-ae8a-e36c793ae49f,38.70284125,-9.217751,,,,,,,,,,,,
890e64f2-de99-4495-8444-91de82ddfdd1,38.69717404,-9.203074963,Portugal,Lisbon,MUR,LWAL,CDL,2,COM,BP1,RSH2,RMT1,,
a5791917-9467-478e-ae99-a7087202aa67,38.71668316,-9.214650972,Portugal,Lisbon,MUR,LWAL,CDL,1,RES,BP1,RSH2,RMT1,,
7463a1ab-9ef5-41a2-b4c9-1c3e9e39680c,38.70136194,-9.216240717,,,,,,,,,,,,
9e750936-7429-4fb6-81ae-765f1233e235,38.70948968,-9.174990827,Portugal,Lisbon,MUR,LWAL,CDL,2,COM,BP2,RSH2,RMT1,,
b5c8beca-1d8e-4378-90fa-19c5cf61c53b,38.70007664,-9.194290967,,,,,,,,,,,,
735f9ef8-6831-4da3-be0b-c87813622c84,38.69857828,-9.217657341,Portugal,Lisbon,MUR,LWAL,CDN,2,RES,BP2,RSH1,RMN,,
b2c8d21f-6df3-4c9d-affb-fa2e4bdbc298,38.71118915,-9.19304865,,,,,,,,,,,,
953df89a-3cbe-4503-9490-c04c29fc4254,38.70026528,-9.190243954,Portugal,Lisbon,MUR,LWAL,CDN,2,RES,BP1,RSH1,RMN,,
398c17e3-33bd-4834-8de0-d964a4c999e8,38.70308863,-9.18227548,Portugal,Lisbon,HYB(MCF;MUR),LFM,CDL,5,MIX(RES;COM),BP1,RSH1,RMN,,
9211d848-0408-428a-b987-3cfe44c7ead0,38.706047,-9.18546215,Portugal,Lisbon,CR,LFM,CDH,4,RES,BP2,RSH1,RMN,,
5a4a021b-2915-45fa-a6d1-79d7df47abf5,38.70722277,-9.175135642,Portugal,Lisbon,MCF,LWAL,CDH,1,RES,BPD,RSH1,RMN,,
96295b7a-f213-42d1-b01d-38e66de037ff,38.7011457,-9.205029321,Portugal,Lisbon,MUR,LWAL,CDL,2,RES,BP1,RSH1,RMN,,
42493c5e-cd7e-4ac6-ace0-c300fa98cf59,38.70121294,-9.209637852,Portugal,Lisbon,S,LFM,CDH,1,RES,BPD,RSH1,RMN,,
491b47a3-90da-4a07-8d9b-de66e4c15cfb,38.70514661,-9.213491897,Portugal,Lisbon,MUR,LWAL,CDN,3,RES,BP2,RSH1,RMN,,
321784f3-7820-4639-b9d4-183b140a9573,38.70464647,-9.203354251,Portugal,Lisbon,CR,LFM,CDL,4,RES,BP2,RSH2,RMT1,,
a3dfd865-a67c-491a-b223-3a5950956b5b,38.70695858,-9.200415884,,,,,,,,,,,,
c7c88dc8-812e-4a02-b0b5-eb1b7b307745,38.70954696,-9.192667236,,,,,,,,,,,,
79aa6bf0-0f40-4591-9863-8e1212a30b07,38.70560952,-9.210858895,,,,,,,,,,,,
f92bc6d0-7868-4cb9-8628-7ef44fa19599,38.69762123,-9.193877682,Portugal,Lisbon,MUR,LWAL,CDN,3,COM,BP2,RSH1,RMN,,
6319ae3c-9cfa-4696-b445-8ef023171a2a,38.70138969,-9.204443953,Portugal,Lisbon,MUR,LWAL,CDL,2,RES,BP2,RSH1,RMN,,
27801b92-b45b-4615-999c-dab08b041b5e,38.70316796,-9.203285964,Portugal,Lisbon,CR,LFM,CDL,5,RES,BP3,RSH1,RMN,,
cf95d90a-c4d7-4020-9735-b25730c9a5cf,38.70608659,-9.179722356,Portugal,Lisbon,CR,LFM,CDL,4,RES,BP1,RSH1,RMN,,
e8515ed2-37d9-4244-b572-a60a1734823a,38.70024983,-9.200565344,,,,,,,,,,,,
51337fe5-60ad-4878-ad69-4c44d631343a,38.7107446,-9.196586249,Portugal,Lisbon,CR,LDUAL,CDM,10/dez,COM,BP1,RSH1,RMN,,
bac080fd-57b7-426e-b291-43204b853d45,38.7021869,-9.185057521,,,,,,,,,,,,
c77cc1e7-5c34-4efd-9557-d9dbd91e890a,38.70235334,-9.188798508,,,,,,,,,,,,
38adf692-8dbf-40dc-8ba7-cbd4a64d782d,38.70034886,-9.192963642,Portugal,Lisbon,MUR,LWAL,CDL,4,RES,BP1,RSH1,RMN,,
9e2734ba-ce3e-4426-a491-c2106d7c0e82,38.71440575,-9.1798635,,,,,,,,,,,,
bb6829c4-de9e-407e-99e4-60aeab2500ac,38.69965907,-9.205534942,,,,,,,,,,,,
42983fba-ae24-4516-aedf-a952bab8ca58,38.69287793,-9.209888414,Portugal,Lisbon,S,LFM,CDH,1,RES,BPD,RSH2,RMT1,,
a864fec4-83c1-407e-95da-4aef090f8fd9,38.70046158,-9.184007986,Portugal,Lisbon,S,LFM,CDM,4,COM,BP2,RSH2,RMT1,,
828801bf-6719-4244-b744-b8be6a51066e,38.7124054,-9.2048898,Portugal,Lisbon,MUR,LWAL,CDL,2,RES,BP1,RSH1,RMN,,
cb3a9d87-ea75-4cdd-b878-838d89232556,38.71090881,-9.195051075,,,,,,,,,,,,
12a91ec3-17c3-4325-8319-891fc223b96c,38.70744583,-9.214516963,,,,,,,,,,,,
0fe7c606-1dab-4f11-a565-06303d475220,38.70041454,-9.187633477,,,,,,,,,,,,
aee29bd4-57ec-4ef3-adeb-8f40e31ef57e,38.7134831,-9.208348429,Portugal,Lisbon,MCF,LWAL,CDH,2,RES,BP1,RSH1,RMN,,
e9de3ee5-7c98-4965-b9a3-6e3c12c7b1a3,38.70226976,-9.196387046,Portugal,Lisbon,CR,LFM,CDM,4,RES,BP2,RSH1,RMN,,
be59474b-cc24-43df-8d49-1640df8a7524,38.70002175,-9.188630581,,,,,,,,,,,,
cadd0291-9721-4b56-8ed0-2b4199f006db,38.70811902,-9.196056937,,,,,,,,,,,,
2d077dbd-3bba-4be0-a251-b9040584e263,38.71078832,-9.219736539,,,,,,,,,,,,
1726ef22-baa0-4e85-ad2f-8f6ad100c489,38.70167031,-9.178699492,,,,,,,,,,,,
a85f0f9e-ff1b-4086-9942-920adae110b4,38.71212362,-9.215923641,,,,,,,,,,,,
55a968ae-74f4-4cdb-9343-02e12c88bd0a,38.69951596,-9.22042128,,,,,,,,,,,,
e47d63ba-6103-4ea4-9b3a-4a43f4fc78d8,38.71144512,-9.199931493,Portugal,Lisbon,CR,LFM,CDH,1,COM,BP1,RSH1,RMN,,
cc7a78b5-6c25-404e-8ac5-9cbd7f0d3a98,38.70625565,-9.20375365,Portugal,Lisbon,HYB(MCF;MUR),LFM,CDN,5,RES,BP1,RSH1,RMN,,
0e85394e-f3c6-43f8-8273-73db27fb9550,38.70329153,-9.216720248,,,,,,,,,,,,
82059a2b-9cef-4520-b2e2-c55ddcc08eb5,38.71572828,-9.217313223,Portugal,Lisbon,MUR,LWAL,CDL,2,RES,BP1,RSH1,RMN,,
0d656444-840b-4ea5-a766-0fecf74d6f81,38.69987297,-9.216991564,Portugal,Lisbon,MUR,LWAL,CDN,2,RES,BP3,RSH1,RMN,,
8473b5b3-7902-409e-b6b1-f388b860c40f,38.7090848,-9.19009015,,,,,,,,,,,,
89656654-b164-453a-8aa5-12105755372b,38.70457473,-9.216152297,,,,,,,,,,,,
8b715f59-6212-4e97-9c55-432439914bb3,38.70832278,-9.212653055,Portugal,Lisbon,CR,LDUAL,CDH,1,COM,BPD,RSH1,RMN,,
b97c8df6-6977-4df3-9f38-8bb184dd3ef1,38.69752168,-9.192683235,Portugal,Lisbon,MUR,LWAL,CDL,2,RES,BPD,RSH2,RMT1,,
0f3ed62a-4873-4866-833c-01206e75ab3f,38.70039608,-9.203330749,Portugal,Lisbon,MUR,LWAL,CDN,1,RES,BP1,RSH2,RMT1,,
9708d360-3163-40a7-a070-a4b65ec68b0e,38.69611137,-9.221608837,,,,,,,,,,,,
f3802fa8-76bb-4f6b-8b32-9a66ad75d95e,38.70615318,-9.212908505,,,,,,,,,,,,
c8e9a089-21fe-450c-87a9-f94a888438c6,38.70977041,-9.199606257,Portugal,Lisbon,MCF,LWAL,CDH,2,RES,BPD,RSH2,RMT1,,
8d4895e5-475b-455e-bf17-ab7fc056fedf,38.71135743,-9.200242737,Portugal,Lisbon,MUR,LWAL,CDL,1,RES,BP2,RSH2,RMT1,,
99f254a7-1271-4f6b-8331-994fec2f4ff1,38.70614196,-9.17950871,Portugal,Lisbon,MUR,LWAL,CDL,4,RES,BP2,RSH1,RMN,,
67bc2c98-a559-48e9-bad4-9537d2d4a2b7,38.70227417,-9.189696838,,,,,,,,,,,,
dc098a5a-8181-4c79-8f17-65802a1541d9,38.70147035,-9.204002883,Portugal,Lisbon,MUR,LWAL,CDL,4,RES,BP1,RSH2,RMT1,,
d44418d3-2104-4287-97a7-dc0cd2bdf123,38.70146091,-9.211482873,,,,,,,,,,,,
b1684dd2-61f4-4644-ba36-abd320241bcc,38.71163097,-9.193083948,Portugal,Lisbon,CR,LFINF,CDL,5,RES,BP1,RSH1,RMN,,
185d482a-193d-4942-a4d1-e9323af1e222,38.70407396,-9.203420503,Portugal,Lisbon,CR,LFINF,CDL,2,MIX(RES;COM),BP2,RSH3,RMT1,,
028740cd-cba0-4c30-b6d0-5237dcd75734,38.70296851,-9.196287984,Portugal,Lisbon,MUR,LWAL,CDL,4,MIX(RES;COM),BP1,RSH1,RMN,,
32faa57d-bb1e-4584-b10e-dab4226acd5d,38.70248685,-9.181157252,Portugal,Lisbon,HYB(MCF;MUR),LFM,CDL,06/jul,MIX(RES;COM),BP1,RSH1,RMN,,
c8a4e9cf-5831-455c-81e2-26a57e7cbc0c,38.70844912,-9.18398712,,,,,,,,,,,,
800e7edd-652e-4d49-a579-96ceaa378d16,38.7062465,-9.194203476,Portugal,Lisbon,CR,LFM,CDL,06/jul,RES,BP1,RSH1,RMN,,
69ec3e0c-4958-4c5b-b195-5fa75a942d23,38.70451194,-9.197135516,Portugal,Lisbon,MUR,LWAL,CDL,1,RES,BP2,RSH2,RMT1,,
4d96019f-e774-44c2-b7e6-24d59fa11258,38.69705932,-9.217701639,Portugal,Lisbon,MUR,LWAL,CDL,2,RES,BP1,RSH1,RMN,,
245918fb-097d-4a69-b4df-0635e03ed9e2,38.7151958,-9.215892825,Portugal,Lisbon,MUR,LWAL,CDL,2,RES,BP1,RSH1,RMN,,
bb11f8cb-1882-4822-be07-8038d4e8ac0d,38.69908326,-9.191280636,Portugal,Lisbon,CR,LFM,CDL,5,RES,BP1,RSH1,RMN,,
38803c42-4be4-4d99-8041-4a54a4eadcff,38.72217239,-9.195539844,,,,,,,,,,,,
adbe450d-47ee-4465-b970-8fe38f5a132b,38.7030747,-9.217604652,,,,,,,,,,,,
327705a3-3a4f-4b93-82ad-207d61e6a31e,38.70353715,-9.1895904,,,,,,,,,,,,
c895799c-80af-422e-8788-35d1ee741ebd,38.70557259,-9.198213664,,,,,,,,,,,,
7965156c-0425-4a2b-9148-0ca49df0843b,38.69982032,-9.218092529,,,,,,,,,,,,
7db41a2d-29f5-40fa-ad6e-009ee578cb58,38.70192722,-9.185836333,,,,,,,,,,,,
bea3a68d-2037-4995-b535-1d7ef96f70a2,38.70504552,-9.200286799,Portugal,Lisbon,MUR,LWAL,CDL,2,RES,BP1,RSH2,RMT1,,
ad6d47c2-35ff-4960-8bcc-5a0e282e6bae,38.699272,-9.195483815,Portugal,Lisbon,MUR,LWAL,CDL,4,RES,BP2,RSH1,RMN,,
ff495bb0-af2f-4628-80d3-c23afd3aae11,38.70361968,-9.20293953,Portugal,Lisbon,CR,LFM,CDM,4,MIX(RES;COM),BP2,RSH1,RMN,,
0ce05aed-87c7-4690-90fd-ea00e42f2264,38.70716807,-9.175269996,Portugal,Lisbon,MUR,LWAL,CDN,1,RES,BP1,RSH2,RMT1,,
26c0d07a-e815-4f54-b2bb-0f91a0cc9ce9,38.71657775,-9.21425895,Portugal,Lisbon,MUR,LWAL,CDN,1,IND,BP1,RSH2,RMT1,,
0ec1f535-7dc6-4bdf-8a3e-f47edd574111,38.69734359,-9.224152299,,,,,,,,,,,,
666f11f7-db03-43e2-aa58-08744a508959,38.70994755,-9.19910405,Portugal,Lisbon,MUR,LWAL,CDL,2,RES,BP2,RSH1,RMN,,
35ae108f-3d19-43c4-a258-cbd0d086c453,38.7093275,-9.1919831,Portugal,Lisbon,CR,LFM,CDM,5,MIX(RES;COM),BP1,RSH1,RMN,,
86ef96ad-08ed-4d27-846b-acf4161feaff,38.71734554,-9.211750775,Portugal,Lisbon,MUR,LWAL,CDL,4,RES,BP1,RSH2,RMT1,,
3b86ca47-43e9-4c0b-bb12-7e59976f1c26,38.71168033,-9.204761149,,,,,,,,,,,,
1fa29d46-3192-488c-80da-b7f3373a3c4d,38.70444238,-9.186705693,Portugal,Lisbon,CR,LFM,CDH,3,IND,BPD,RSH1,RMN,,
0c54f2a1-eadf-4c53-b810-0b246f930965,38.7050128,-9.190208464,Portugal,Lisbon,MUR,LWAL,CDN,4,RES,BP1,RSH1,RMN,,
9e1509c0-f9c9-41d3-beea-a39f38202285,38.70241997,-9.204310443,Portugal,Lisbon,CR,LFM,CDL,5,MIX(RES;COM),BP3,RSH1,RMN,,
1fea1b0c-527b-4647-80c4-a979da9da494,38.70450193,-9.195725077,Portugal,Lisbon,CR,LFM,CDH,5,RES,BP1,RSH2,RMT1,,
ec2cd6af-417c-4c81-bf45-26e2277c4b52,38.71572064,-9.215180243,Portugal,Lisbon,MUR,LWAL,CDL,2,RES,BP2,RSH2,RMT1,,
1cd1565e-623e-4784-89de-0a5ea999a6a5,38.70515646,-9.202487275,Portugal,Lisbon,MUR,LWAL,CDL,4,RES,BP1,RSH1,RMN,,
3effe03c-6322-424e-b8d9-2272367a1c26,38.70153438,-9.215832008,Portugal,Lisbon,MUR,LWAL,CDN,2,RES,BP2,RSH1,RMN,,
957330a0-9b21-4e77-a351-4c57d78ae301,38.69518304,-9.219311597,Portugal,Lisbon,MUR,LWAL,CDN,1,RES,BPD,RSH2,RMT1,,
c56b9920-592d-4127-94ea-935a7b009458,38.69933137,-9.220629194,Portugal,Lisbon,MUR,LWAL,CDL,1,RES,BPD,RSH2,RMT1,,
2264c0e4-d97e-480c-bb3b-60f379460c23,38.70563237,-9.181773105,Portugal,Lisbon,CR,LFINF,CDL,3,MIX(RES;COM),BP3,RSH1,RMN,,
ec192cf7-76e5-47df-bf72-81588d67da5e,38.70533191,-9.194487441,Portugal,Lisbon,CR,LFM,CDL,4,RES,BP1,RSH1,RMN,,
0d6eb719-21ce-427b-9e76-5ac779826859,38.70172181,-9.184468571,Portugal,Lisbon,MUR,LWAL,CDL,2,RES,BP2,RSH1,RMN,,
08e9a8a2-ff21-4690-b1ae-fb9d03630144,38.69599011,-9.218602086,Portugal,Lisbon,CR,LFM,CDM,2,COM,BP2,RSH1,RMN,,
198aceb5-ffb8-4c53-9a59-5d1ff2829954,38.70639515,-9.176547156,Portugal,Lisbon,MUR,LWAL,CDL,4,RES,BP1,RSH1,RMN,,
4de2ae49-fe24-4217-985e-b3d4fe10a548,38.7106275,-9.196183887,,,,,,,,,,,,
63c1c29d-ea41-466d-b615-2a1eba15a36b,38.71438027,-9.181597712,Portugal,Lisbon,MCF,LWAL,CDL,2,RES,BP2,RSH1,RMN,,
1565bab0-696b-4ee9-b906-0d1605fa4fbb,38.70028162,-9.200132715,,,,,,,,,,,,
c8aab20a-6f6f-4f58-b7ef-68ad21c9247a,38.69958559,-9.215576308,,,,,,,,,,,,
ced86913-f2bc-48d1-9961-82cc5470b34a,38.70942995,-9.2003517,Portugal,Lisbon,MCF,LWAL,CDM,2,RES,BP1,RSH1,RMN,,
8a33d4f9-33d6-4721-9fb3-cad93bb5a640,38.69561295,-9.218573096,,,,,,,,,,,,
3abedaf7-e6f0-45dc-864a-6db654f6d81a,38.69968543,-9.199276703,Portugal,Lisbon,MCF,LWAL,CDH,2,RES,BPD,RSH1,RMN,,
f059c994-92ca-45f1-99fa-f7e5794adfc7,38.70041226,-9.219832179,,,,,,,,,,,,
94ecd1a1-d78a-4a0a-9669-98aa491b6778,38.70721395,-9.1872249,Portugal,Lisbon,CR,LFM,CDN,2,COM,BPD,RSH1,RMN,,
863b3a50-8689-486f-a861-9e4ad0a08ab8,38.69903657,-9.190854186,Portugal,Lisbon,CR,LFM,CDN,4,RES,BP1,RSH1,RMN,,
12259a24-3f50-4337-acf1-25bcc96e7ffa,38.69838129,-9.216520785,Portugal,Lisbon,W,LWAL,CDM,4,RES,BPD,RSH1,RMN,,
a72378e5-53f3-4335-abdc-f4d54bf2064e,38.7107727,-9.186537625,,,,,,,,,,,,
818130fd-0e4c-46d4-a7e8-cdf6dc79b66a,38.70862021,-9.194449828,,,,,,,,,,,,
c4c4216e-b800-4e40-bb20-95466749cc80,38.7097162,-9.175579646,Portugal,Lisbon,MCF,LWAL,CDL,3,COM,BP1,RSH2,RMT1,,
1c37c914-839b-4478-8540-7e66255a2cb6,38.69940655,-9.191866066,Portugal,Lisbon,CR,LFM,CDH,4,MIX(RES;COM),BP2,RSH1,RMN,,
61df1f4b-9c5a-40ae-953e-b665003a6dd6,38.7080305,-9.202162467,,,,,,,,,,,,
3d59ac31-ceb1-44b3-80ef-f6e853707cc0,38.69715089,-9.202512167,Portugal,Lisbon,MUR,LWAL,CDL,4,RES,BP2,RSH2,RMT1,,
f7234594-d49e-4d15-97c1-f484dc004bd7,38.70653687,-9.175466633,Portugal,Lisbon,MCF,LWAL,CDM,4,MIX(RES;COM),BP3,RSH2,RMT1,,
64786283-66ae-4783-81bf-066d9b9933a9,38.70012115,-9.19936345,Portugal,Lisbon,S,LFM,CDL,1,RES,BPD,RSH2,RMT1,,
bb4602f7-135a-4c5e-a068-5268dcee3c74,38.69639793,-9.220908168,Portugal,Lisbon,MUR,LWAL,CDN,4,RES,BP2,RSH1,RMN,,
6f25a0e1-2fbc-4acd-b45f-3ae0e027886e,38.7159656,-9.213474424,Portugal,Lisbon,MUR,LWAL,CDL,3,RES,BP2,RSH2,RMT1,,
e3a74c82-6126-4e3b-bc30-a877b7f621ee,38.70213189,-9.200719331,Portugal,Lisbon,CR,LFM,CDL,5,RES,BP1,RSH1,RMN,,
547f2606-844f-47d5-83b5-01fed307dc7c,38.70182617,-9.226174245,Portugal,Lisbon,MUR,LWAL,CDN,1,RES,BP1,RSH3,RMT1,,
3e9a36f9-9895-4b98-bc4c-563c46361302,38.70260077,-9.179901584,,,,,,,,,,,,
6a236664-de25-4566-ac90-12837bd51fd3,38.71679236,-9.216937575,Portugal,Lisbon,MUR,LWAL,CDL,3,RES,BP2,RSH1,RMN,,
dd1f87e5-9b80-4da7-b408-319dcad2b414,38.71609841,-9.214046219,Portugal,Lisbon,MUR,LWAL,CDL,2,RES,BP2,RSH2,RMT1,,
399d1756-e21c-4029-8ac3-eafc6f2bf4c5,38.71036609,-9.201713106,Portugal,Lisbon,MUR,LWAL,CDL,1,RES,BPD,RSH3,RMT1,,
0b4efb3b-065c-42ad-a4f3-0982d095610a,38.7039779,-9.188315446,,,,,,,,,,,,
bcd1a3c2-bff8-45b6-9be7-26263f022c29,38.70589489,-9.185384445,Portugal,Lisbon,CR,LFM,CDH,4,RES,BP2,RSH1,RMN,,
23e59f3e-4773-4a7d-b303-3a463dbc76e6,38.70313611,-9.195564491,Portugal,Lisbon,MCF,LWAL,CDM,3,RES,BP2,RSH1,RMN,,
f28e0df0-d357-4048-982d-41aa415efbcb,38.70037315,-9.199612897,,,,,,,,,,,,
f669f028-c97f-4c37-83aa-3c265a88f7a9,38.70033722,-9.205815487,,,,,,,,,,,,
6797c0e3-e8be-4e19-abdc-d3efcb752dfb,38.70202503,-9.182102465,,,,,,,,,,,,
fe72ac10-9fe5-4c31-b3ca-8912f13cf1c8,38.71104669,-9.198356098,Portugal,Lisbon,CR,LFM,CDH,4,RES,BP1,RSH2,RMT1,,
a055d29f-05d9-47e2-aa36-51891f2bd40f,38.70291501,-9.194474874,Portugal,Lisbon,MUR,LWAL,CDL,2,RES,BP1,RSH2,RMT1,,
e3f4c459-3650-4dce-82c1-8e8ae8aa91af,38.70783269,-9.175990189,Portugal,Lisbon,MUR,LWAL,CDL,4,RES,BP1,RSH2,RMT1,,
abceae38-dbea-418c-81dc-a6eee6463395,38.70017769,-9.19280969,Portugal,Lisbon,MUR,LWAL,CDL,4,RES,BP1,RSH1,RMN,,
4d6549e4-47e9-4b9f-971a-92da11edb7da,38.70435331,-9.182647887,,,,,,,,,,,,
08d12756-2bff-4584-81de-b7540064dc7f,38.7134269,-9.208075464,Portugal,Lisbon,MUR,LWAL,CDL,2,RES,BP1,RSH2,RMT1,,
cbd962a7-62ec-42ba-81f0-8739abd0839f,38.70177213,-9.205414378,,,,,,,,,,,,
5c06badd-f616-419a-88e4-8f52a22037d8,38.70074847,-9.184201692,Portugal,Lisbon,CR,LFM,CDL,4,RES,BP2,RSH1,RMN,,
7d8a7132-bc62-47df-9520-98fc17ded804,38.70368377,-9.202564681,Portugal,Lisbon,MUR,LWAL,CDL,4,RES,BP1,RSH1,RMN,,
c2a95cf2-6e4a-4884-8f2e-b92f3222500c,38.69980019,-9.219757128,Portugal,Lisbon,W,LFM,CDN,1,RES,BP1,RSH1,RMN,,
ef3e5c71-a212-40d0-a9fb-a072ccbed507,38.70778811,-9.193730601,Portugal,Lisbon,CR,LFM,CDL,3,RES,BP2,RSH1,RMN,,
3b30e20d-5f28-4ef3-b6a5-9c144b5ad2a9,38.69855811,-9.220046578,,,,,,,,,,,,
db922e95-e03d-4935-b069-f9d7336644e7,38.722803,-9.1840071,,,,,,,,,,,,
0869fa32-8222-4b64-aa10-c18c56a0a6f1,38.70348311,-9.211586876,,,,,,,,,,,,
34d68be9-f1fd-4636-a00f-49bf21fbd8cd,38.69829,-9.179006912,,,,,,,,,,,,
b0234450-82e2-4f5c-a06a-40a7ecac2615,38.69752382,-9.224550537,,,,,,,,,,,,
9a419f8e-a633-4709-a524-01fa467d25e6,38.70137117,-9.20532848,Portugal,Lisbon,MUR,LWAL,CDL,2,RES,BPD,RSH2,RMT1,,
5ad04a94-f225-4065-b0b1-eba5219baac0,38.70471742,-9.192554,,,,,,,,,,,,
00784020-e37a-4e87-9cfc-a79bdc58d340,38.70270732,-9.181405154,,,,,,,,,,,,
8a8afeb8-d703-48ea-b4de-237057ca0c65,38.69435067,-9.214360353,,,,,,,,,,,,
2e3dde0d-23b7-4816-993f-f5530cdeb8d7,38.70562463,-9.199787924,Portugal,Lisbon,MUR,LWAL,CDL,2,RES,BP1,RSH2,RMT1,,
2cee1119-a126-46ee-8694-f7b7f7460bdb,38.69394045,-9.217989,,,,,,,,,,,,
3ec833f2-1399-4c5b-81bf-25c2b55ffb01,38.70577187,-9.183894565,Portugal,Lisbon,CR,LFM,CDH,5,RES,BP1,RSH1,RMN,,
fd83592b-4304-46dc-a1c1-25e61cfc428e,38.71280668,-9.205513974,Portugal,Lisbon,MUR,LWAL,CDN,1,RES,BP2,RSH2,RMT1,,
ecbb99c6-8f8a-4254-bbf8-6d9594ecdb69,38.70585743,-9.180175607,Portugal,Lisbon,MUR,LWAL,CDL,4,RES,BP2,RSH2,RMT1,,
e717a4c3-708c-4154-bba7-2446fc5a6f82,38.7033,-9.17911525,,,,,,,,,,,,
304517d2-44e4-46e8-a54b-c0e135ecd4e8,38.70062998,-9.226110633,,,,,,,,,,,,
e99b0b3e-1901-403a-815f-f215528f0c74,38.70344002,-9.202309525,Portugal,Lisbon,CR,LFM,CDN,5,MIX(RES;COM),BP1,RSH1,RMN,,
2c54bae9-5951-4b6c-bd1e-c01d3f4d805f,38.71183983,-9.202158655,,,,,,,,,,,,
9e3cb65e-1608-4467-b518-cfa56f595588,38.69709435,-9.21810685,Portugal,Lisbon,MUR,LWAL,CDL,2,RES,BP1,RSH1,RMN,,
b4a44872-3996-4715-902b-5d167baa6c95,38.69803419,-9.19278053,Portugal,Lisbon,MUR,LWAL,CDL,2,RES,BP1,RSH2,RMT1,,
91785d9d-e051-400b-b2cb-5467dd960154,38.69702892,-9.223496128,,,,,,,,,,,,
65a54272-580b-4d89-8585-f96728bfb6b3,38.69928576,-9.199984024,,,,,,,,,,,,
6025ca57-2234-4852-b606-8386c6c82b36,38.71763978,-9.210884301,Portugal,Lisbon,MUR,LWAL,CDL,2,RES,BP1,RSH2,RMT1,,
a342ad2a-74ea-40ff-84eb-0c0dd0f3bc37,38.70588206,-9.189038758,Portugal,Lisbon,MUR,LWAL,CDL,4,RES,BP1,RSH1,RMN,,
fd3a74a5-88e3-409d-9ddf-6354b802a104,38.70633993,-9.174589901,Portugal,Lisbon,MUR,LWAL,CDL,4,COM,BP2,RSH1,RMN,,
72217c6d-fa6a-4eae-8908-d11c03cdf1ec,38.70642736,-9.174625355,Portugal,Lisbon,CR,LFINF,CDL,4,RES,BP1,RSH1,RMN,,
0e503eda-d4b4-4198-ae08-52948f6c6365,38.70665472,-9.190413171,,,,,,,,,,,,
b6de797f-9129-4821-bc69-27e3f95b5077,38.70713513,-9.181533367,,,,,,,,,,,,
2f00efa4-7e35-4884-b929-188cfc6bf056,38.69526648,-9.212886923,Portugal,Lisbon,MUR,LWAL,CDL,4,RES,BP2,RSH2,RMT1,,
776e7f66-7773-4451-8c31-970e6dc986d0,38.69995132,-9.178025202,Portugal,Lisbon,MUR,LWAL,CDN,1,COM,BP2,RSH1,RMN,,
6c0deca0-03d0-4c50-8ea5-a904f5ad2912,38.70939616,-9.199315325,,,,,,,,,,,,
fd30d346-8005-45bf-81a7-5ec09049ad3c,38.70398687,-9.197721566,Portugal,Lisbon,HYB(MCF;MUR),LWAL,CDL,5,RES,BP2,RSH1,RMN,,
2ec91837-7b99-456c-9347-64b08343979c,38.70724623,-9.192716967,,,,,,,,,,,,
efbf6055-51ba-4864-b27f-b8c5c5037866,38.70352574,-9.176485487,Portugal,Lisbon,HYB(MCF;MUR),LWAL,CDL,1,RES,BP3,RSH1,RMN,,
905eaf99-29cf-486d-9f1b-b7e8c86ed187,38.70582392,-9.179436767,Portugal,Lisbon,MUR,LWAL,CDL,4,COM,BP2,RSH2,RMT1,,
8aaf46a3-26ad-449b-aaf5-69de24d73d3f,38.71488618,-9.214486856,,,,,,,,,,,,
85f957bd-f43b-4766-91f9-9c9ec14d93a3,38.69580796,-9.211164981,Portugal,Lisbon,CR,LFM,CDL,5,RES,BP2,RSH1,RMN,,
f013ad80-17cb-4917-ba40-ef0414aa0bb5,38.70171912,-9.200674538,Portugal,Lisbon,MUR,LWAL,CDL,4,RES,BP1,RSH2,RMT1,,
44bbe712-f4ed-4941-aed6-3277a6e71b73,38.70055195,-9.192108222,Portugal,Lisbon,CR,LFM,CDL,5,RES,BP1,RSH1,RMN,,
d85396a8-a6c9-4f7e-bd24-9e51c39efd02,38.70088909,-9.223250745,,,,,,,,,,,,
06d7684c-6a8e-4f1f-8b46-3b172d31ab07,38.69961463,-9.204507108,Portugal,Lisbon,MUR,LWAL,CDL,2,RES,BPD,RSH2,RMT1,,
6411701a-c2d2-400d-9a3b-1469d7ea3eb8,38.6994104,-9.219750902,,,,,,,,,,,,
97ffb3f2-0531-4723-bc5f-1591406530f0,38.70140841,-9.196784909,Portugal,Lisbon,MUR,LWAL,CDL,2,RES,BP1,RSH2,RMT1,,
e6939d3a-9ace-4040-94ce-2eea14c0753d,38.71076074,-9.219309798,,,,,,,,,,,,
ca1a2f3b-a684-4671-919a-999f65af2d3a,38.70064664,-9.219519708,,,,,,,,,,,,
1ff4f073-873a-4da3-9893-f689e3c0dda4,38.70792637,-9.20571795,Portugal,Lisbon,MUR,LWAL,CDL,3,RES,BP1,RSH2,RMT1,,
64f7e3e1-56d6-4059-86d9-80c8e3a92a8a,38.69582683,-9.219189488,Portugal,Lisbon,MUR,LWAL,CDN,4,MIX(RES;COM),BP3,RSH1,RMN,,
137372ce-bbfb-46af-936c-614530724e7e,38.6979567,-9.18280095,,,,,,,,,,,,
bd78c6a4-a47b-439b-8b0d-6481443e6110,38.70449761,-9.196251668,Portugal,Lisbon,MUR,LWAL,CDN,5,RES,BP2,RSH1,RMN,,
b43c246e-53c7-463d-a851-ca3d0fb771bc,38.7113337,-9.202186541,Portugal,Lisbon,MUR,LWAL,CDL,2,RES,BP1,RSH1,RMN,,
2cd68778-eca3-4add-9862-6f2383fcbcd8,38.69870772,-9.21517088,Portugal,Lisbon,MUR,LWAL,CDN,1,RES,BP3,RSH1,RMN,,
f3a97932-08e7-4c14-ad7c-725705366f72,38.69751661,-9.203153207,Portugal,Lisbon,MUR,LWAL,CDN,4,MIX(RES;COM),BP1,RSH1,RMN,,
ddd31f12-6237-482b-8907-430bfbf36a9b,38.70767595,-9.207492303,Portugal,Lisbon,CR,LDUAL,CDH,10/dez,RES,BP1,RSH1,RMN,,
00c5707a-e71a-458d-9105-3cf91caa730e,38.70317512,-9.203698118,,,,,,,,,,,,
b28e52e4-96d9-44db-bb65-b4ee3e445819,38.71024448,-9.197581995,Portugal,Lisbon,CR,LFM,CDL,5,RES,BP1,RSH1,RMN,,
99609df8-ef2d-4e79-bbc2-3f72c0d2f1f2,38.69551495,-9.210674636,Portugal,Lisbon,CR,LFM,CDN,4,RES,BP1,RSH2,RMT1,,
9736c980-17da-4a19-b843-5ad655834934,38.70524013,-9.178473351,Portugal,Lisbon,CR,LFM,CDH,08/set,RES,BP2,RSH1,RMN,,
abea2a73-951a-427c-85d3-1d91015afe4d,38.70416651,-9.177097846,Portugal,Lisbon,CR,LFM,CDN,1,COM,BPD,RSH2,RMT1,,
0efb5840-5b41-421a-85b1-01f289241d35,38.69715,-9.218546487,Portugal,Lisbon,MCF,LWAL,CDL,3,RES,BP1,RSH1,RMN,,
fb5e117f-a4ba-4f0d-b37a-19377fe22749,38.70068277,-9.221265391,,,,,,,,,,,,
78960ae1-edc6-4ecd-881a-66d4f5c58983,38.71746955,-9.212003409,,,,,,,,,,,,
d451ecec-88ad-43eb-bc4c-445a869fe864,38.70565522,-9.184587157,,,,,,,,,,,,
1f584130-fe7c-46d2-aa85-99fae68868e9,38.69475682,-9.214609984,,,,,,,,,,,,
11e0ca73-dfa9-4714-9482-ec796dd8b6da,38.69942247,-9.221952126,,,,,,,,,,,,
6721f512-9080-4580-b4be-531b1a5fd3bb,38.72104785,-9.1869396,,,,,,,,,,,,
b715eb95-4fcd-4c50-9478-874275fd1242,38.70875756,-9.17477876,Portugal,Lisbon,MUR,LWAL,CDL,2,RES,BP1,RSH1,RMN,,
08cd6042-0808-465f-ad4a-a50bc741c320,38.70699876,-9.209482204,Portugal,Lisbon,CR,LFM,CDN,5,RES,BP1,RSH1,RMN,,
5ccb2feb-7618-4fa3-9920-7c4470ddd251,38.70817733,-9.193156272,Portugal,Lisbon,MUR,LWAL,CDL,4,RES,BP2,RSH1,RMN,,
8d8dea71-139e-4565-beed-8ba3da208380,38.69758709,-9.196244504,Portugal,Lisbon,MUR,LWAL,CDN,4,RES,BP2,RSH1,RMN,,
dbc6fdd1-e21d-41a8-a3a2-fcbd043faa19,38.6982623,-9.219372177,,,,,,,,,,,,
a3b6d22f-08db-4598-8c59-628f866b4ff7,38.70687705,-9.192518,,,,,,,,,,,,
27fbf6e4-0d7e-46ed-afe0-06542772ee80,38.70335555,-9.176220963,Portugal,Lisbon,MUR,LWAL,CDN,2,RES,BP2,RSH1,RMN,,
e289d1e5-e333-4d8c-bc37-52033bab10d3,38.7039808,-9.17647285,Portugal,Lisbon,CR,LFM,CDN,1,COM,BP1,RSH1,RMN,,
a335edb1-617f-4da7-a28e-e5c3dbc94576,38.69881505,-9.2205608,,,,,,,,,,,,
1f898052-2409-4fbf-a77c-aedf887c7184,38.70053915,-9.203194249,Portugal,Lisbon,MUR,LWAL,CDL,2,RES,BP2,RSH1,RMN,,
f9826eb7-167d-4d98-b0d0-84cce573e157,38.70455282,-9.190244828,Portugal,Lisbon,CR,LFINF,CDM,08/set,MIX(RES;COM),BP2,RSH1,RMN,,
2e130ed9-7550-4012-b495-d804f4c4daea,38.70251779,-9.177621381,,,,,,,,,,,,
b48350f0-0f07-41c9-9e05-20992eeeb35d,38.70990738,-9.199888132,,,,,,,,,,,,
4cac150a-ef74-4625-a96f-7c7837d5c595,38.70714465,-9.213309867,Portugal,Lisbon,MCF,LWAL,CDN,2,RES,BP2,RSH1,RMN,,
52efc745-b09e-4025-8af3-fa6619d12988,38.69872399,-9.2192672,Portugal,Lisbon,MUR,LWAL,CDL,3,RES,BP1,RSH2,RMT1,,
48cc6fc1-d47a-4a0e-9573-461c885ca403,38.69540457,-9.222022164,,,,,,,,,,,,
e3c7433c-100f-4543-afc0-7d87888e743b,38.70009709,-9.20331327,Portugal,Lisbon,MUR,LWAL,CDL,1,RES,BP1,RSH1,RMN,,
c56b1928-9b7f-41ee-a2cd-612e12a53ee4,38.69658423,-9.217216809,Portugal,Lisbon,MUR,LWAL,CDL,2,RES,BP1,RSH1,RMN,,
d7819420-101a-4d65-b4df-9658541129fd,38.70992569,-9.198844477,Portugal,Lisbon,MUR,LWAL,CDL,1,RES,BP2,RSH2,RMT1,,
a21692f7-cf70-45a4-b8ee-ff261719473e,38.71016655,-9.216274539,,,,,,,,,,,,
edb52e5e-f4b5-464e-832f-e1f17e9c1dba,38.71243831,-9.209679538,Portugal,Lisbon,MUR,LWAL,CDL,2,RES,BP1,RSH1,RMN,,
43237e19-9027-4f5b-bb51-9e587faf5eb7,38.71161313,-9.201528558,,,,,,,,,,,,
a38a712e-5ec4-4fcc-8a29-bb515243ebd9,38.7054548,-9.189843586,Portugal,Lisbon,MUR,LWAL,CDL,4,RES,BP2,RSH1,RMN,,
d1a7d7c8-87ed-428f-9ce0-37da88a1c71c,38.69897469,-9.211489583,,,,,,,,,,,,
8c9cb147-8e0f-4698-b606-9da2caa706eb,38.72080225,-9.19683105,,,,,,,,,,,,
64e3b56a-d8e7-4c51-a35b-5d6723413423,38.70845203,-9.202524795,,,,,,,,,,,,
ecef930e-b640-4234-9d43-dc536359a08d,38.7069289,-9.179681,,,,,,,,,,,,
66ffda56-8e16-48af-87bd-5eaf36ac4600,38.69950109,-9.204149832,Portugal,Lisbon,MUR,LWAL,CDL,2,RES,BPD,RSH2,RMT1,,
14c88324-8d38-4344-aeea-10d2147722a0,38.70131821,-9.181967907,Portugal,Lisbon,MUR,LWAL,CDL,2,RES,BP2,RSH1,RMN,,
5247b82d-697a-4ffe-830c-a3a867110158,38.70577044,-9.190221431,,,,,,,,,,,,
e519ac26-5273-465f-b1ab-dba54d0402a1,38.69679131,-9.218867145,,,,,,,,,,,,
1fc2ce94-8e6c-40f6-b3f4-25c3f852bb6f,38.7136553,-9.21492292,,,,,,,,,,,,
d2278744-444f-4993-8ff0-d7c6b1de6af5,38.70851507,-9.199075914,,,,,,,,,,,,
4784318e-288a-45ae-8d4b-445da145dc18,38.7173624,-9.183337964,,,,,,,,,,,,
b085bfd9-2c60-4a12-982a-57ca662cea2d,38.70409861,-9.192857119,Portugal,Lisbon,MUR,LWAL,CDN,1,RES,BP1,RSH1,RMN,,
3608de99-aab7-4bad-8a89-616af9aea49e,38.7150124,-9.193560362,,,,,,,,,,,,
27ddf756-5f53-4d0b-8621-40e6ebdef6e3,38.69706708,-9.196139664,Portugal,Lisbon,MUR,LWAL,CDL,3,RES,BP1,RSH2,RMT1,,
b17e51d1-9cac-4e1c-96ee-6fdc9f006c3a,38.694491,-9.217246,,,,,,,,,,,,
f97caf2c-1705-46aa-bb9a-d52279766d18,38.70175962,-9.191075443,,,,,,,,,,,,
1dc46b02-9d65-42c1-ba76-c0c259039f39,38.7025665,-9.200264818,Portugal,Lisbon,CR,LFM,CDH,4,RES,BP1,RSH1,RMN,,
3a0a5043-48b0-4978-94c3-b9efa670d8f0,38.70567314,-9.183398374,,,,,,,,,,,,
e15ceea5-2e38-40f7-b6b8-eb8d7932ea75,38.71339355,-9.204693133,Portugal,Lisbon,MUR,LWAL,CDL,2,RES,BP1,RSH1,RMN,,
d6bef2ac-c035-4262-8593-f392d88cdd75,38.71221017,-9.209870599,,,,,,,,,,,,
63807083-a07a-4000-8557-d5682e14d341,38.71017734,-9.199918223,,,,,,,,,,,,
cc7935fa-ebf4-4230-ac80-ff0b8ea82921,38.70679181,-9.202051098,,,,,,,,,,,,
13355ebd-c518-40da-bfab-99c32585e850,38.69695282,-9.195516628,,,,,,,,,,,,
65cd28c4-3395-4ea2-98af-8bd3c9810835,38.70529975,-9.193226642,Portugal,Lisbon,CR,LFM,CDN,3,MIX(RES;COM),BP1,RSH1,RMN,,
d87d755d-c92a-4818-90a2-a4ecc72e6844,38.70054848,-9.219067063,Portugal,Lisbon,MUR,LWAL,CDN,1,RES,BP2,RSH1,RMN,,
6a304e19-ab9f-4d57-aeb3-aa5d6f00b47a,38.69998879,-9.219068512,Portugal,Lisbon,MUR,LWAL,CDL,2,RES,BPD,RSH2,RMT1,,
55c2497d-f8c2-48e5-90cf-6de7acaa6a88,38.71696712,-9.212013761,Portugal,Lisbon,MUR,LWAL,CDL,2,RES,BP1,RSH2,RMT1,,
70875181-5331-4770-9b83-7fd4c3bca1f0,38.70800175,-9.1957213,Portugal,Lisbon,MUR,LWAL,CDL,4,RES,BP1,RSH2,RMT1,,
6c45e8df-fc0f-4298-a49f-a688f508ce3d,38.70945685,-9.214657848,,,,,,,,,,,,
82618fab-131a-4be1-9454-db11349049b7,38.71557349,-9.215734679,Portugal,Lisbon,MUR,LWAL,CDL,2,COM,BP2,RSH1,RMN,,
25fe119e-950e-4d27-80d8-7ba0398635e4,38.70458846,-9.202481753,,,,,,,,,,,,
368ed826-65e4-409c-af94-d49bf9f50973,38.71321515,-9.20725468,,,,,,,,,,,,
54199d86-a7f8-4603-80ad-3cbc1072c068,38.70265013,-9.195072017,Portugal,Lisbon,MUR,LWAL,CDL,4,RES,BP2,RSH2,RMT1,,
025fe200-e2f1-44ed-81a8-7dd1cd9dbf1a,38.7142289,-9.1799105,Portugal,Lisbon,MUR,LWAL,CDL,2,RES,BP1,RSH1,RMN,,
8b0b6c84-29c7-40ee-ad5b-0d081337ecf4,38.69697363,-9.194115569,,,,,,,,,,,,
c7fa16b4-61da-4795-93db-10648ddb38c3,38.70540386,-9.184334546,Portugal,Lisbon,MUR,LWAL,CDL,4,RES,BP1,RSH2,RMT1,,
ab59553f-5cc9-4bbf-a476-1a3c68d8a110,38.70065955,-9.203922925,,,,,,,,,,,,
a8080824-9778-4d46-9ba7-55d409edb596,38.71235819,-9.203336586,Portugal,Lisbon,MUR,LWAL,CDN,1,RES,BP1,RSH1,RMN,,
056b85ef-fcf9-410c-8cf3-149cf9fd8bcf,38.70725032,-9.205362465,Portugal,Lisbon,CR,LFM,CDL,4,RES,BP2,RSH2,RMT1,,
74262c50-fb74-42af-a9d9-206d8dcfe8a4,38.70024155,-9.202289,Portugal,Lisbon,MUR,LWAL,CDL,1,RES,BP1,RSH2,RMT1,,
97c8f12a-6c6d-4987-8f98-6f7c7bb639a1,38.70472681,-9.202776262,Portugal,Lisbon,MUR,LWAL,CDL,2,COM,BP2,RSH2,RMT1,,
75e6fef9-b45d-4064-acb8-30bf2a6d7454,38.70900471,-9.175297308,Portugal,Lisbon,MUR,LWAL,CDN,1,RES,BP1,RSH1,RMN,,
dbb6fdb3-aedb-44b4-9927-442c7e096a40,38.70788142,-9.175504831,Portugal,Lisbon,MUR,LWAL,CDN,2,COM,BP2,RSH1,RMN,,
d7967579-0c88-46d1-8e6e-138cc617322f,38.70120471,-9.200873101,Portugal,Lisbon,MUR,LWAL,CDL,1,RES,BP1,RSH2,RMT1,,
8ce557a4-ce71-42d5-bcaf-b7eeccabc287,38.71451705,-9.181398467,Portugal,Lisbon,MCF,LWAL,CDH,2,RES,BPD,RSH2,RMT1,,
0217ef85-1c0c-404e-8962-f5c0b402d0bc,38.69695062,-9.216211555,Portugal,Lisbon,MUR,LWAL,CDL,3,RES,BP1,RSH1,RMN,,
f655677b-d9fc-4fe3-bd04-ad247190233a,38.71559277,-9.193255381,,,,,,,,,,,,
2ae9c7ed-f224-4335-8d34-d5657099beb7,38.69998609,-9.221066442,Portugal,Lisbon,MUR,LWAL,CDL,2,RES,BP2,RSH1,RMN,,
151e8118-91fe-4921-81f5-43a887cd1ad3,38.69963015,-9.20468182,Portugal,Lisbon,S,LFM,CDM,2,RES,BP2,RSH2,RMT1,,
7d98a99f-3eec-45f0-8e89-b73540910432,38.70872435,-9.1910327,Portugal,Lisbon,S,LFM,CDH,1,COM,BPD,RSH1,RMN,,
ca08524c-7b55-43ef-8282-815aff587466,38.69971796,-9.219728526,Portugal,Lisbon,MUR,LWAL,CDL,13+,RES,BPD,RSH2,RMT1,,
b5ff13f6-c60e-45bb-9bd9-3d7589f07965,38.70460398,-9.182928721,Portugal,Lisbon,CR,LFM,CDL,5,MIX(RES;COM),BP3,RSH1,RMN,,
ee4ad7a9-0952-4828-9fd8-b6f7230520b0,38.70645128,-9.174537189,Portugal,Lisbon,CR,LFINF,CDL,4,RES,BP1,RSH1,RMN,,
355bd1e2-0c68-421f-abf0-310c0f036d68,38.7000934,-9.181196062,Portugal,Lisbon,MCF,LWAL,CDM,1,COM,BP1,RSH2,RMT1,,
9d29acb4-8e26-4b74-9c5c-3fdb883dff5d,38.70269972,-9.212912897,,,,,,,,,,,,
cba1f14d-adc8-431a-9b77-e2513d859d26,38.70733937,-9.201547468,,,,,,,,,,,,
a6b39c88-5a3c-459b-a04a-52825d1da44e,38.70007905,-9.219966712,,,,,,,,,,,,
549bfd2b-3251-477d-a8fd-1e0e08ddc732,38.69779821,-9.199717173,Portugal,Lisbon,MUR,LWAL,CDN,2,COM,BPD,RSH1,RMN,,
e8c5a0de-3741-42c0-a1f9-0cf8650eeffc,38.69854345,-9.19930619,Portugal,Lisbon,MCF,LWAL,CDL,2,RES,BP2,RSH1,RMN,,
66dc1485-fea2-4a88-b753-6d9628a4fd43,38.70732631,-9.195208561,Portugal,Lisbon,MUR,LWAL,CDL,2,RES,BP1,RSH2,RMT1,,
5c3a21b6-ee48-4a10-8431-1d140c73b763,38.69771845,-9.203144106,Portugal,Lisbon,MUR,LWAL,CDN,2,RES,BP1,RSH2,RMT1,,
942c7cdd-cee3-46ed-9e73-aefdc66c535f,38.70419136,-9.177273835,Portugal,Lisbon,MUR,LWAL,CDN,2,RES,BP2,RSH1,RMN,,
b45ada41-9dc9-4dc0-a087-2fae00e031b8,38.70510026,-9.20420948,,,,,,,,,,,,
a833c918-f9d8-4241-9a57-3812c38e0d5a,38.70344114,-9.195884203,Portugal,Lisbon,MCF,LWAL,CDL,2,COM,BP2,RSH1,RMN,,
62b6751d-696b-4d41-85f9-cba86f701865,38.7033755,-9.2028631,,,,,,,,,,,,
f9d57bd1-6c57-42fd-bee1-1fc08e7c3cda,38.69235178,-9.217494056,,,,,,,,,,,,
8243d3d7-6030-4b19-9a04-3a009642ab4f,38.70255169,-9.176857069,,,,,,,,,,,,
1d351786-f41e-4ff1-995e-7d29252b673b,38.71476072,-9.181422262,Portugal,Lisbon,MUR,LWAL,CDN,2,RES,BP1,RSH3,RMT1,,
e83b6520-7a51-4668-8e74-026c35f1dc94,38.70607618,-9.204439409,,,,,,,,,,,,
49d37877-37ce-4442-8911-5069765bd4f7,38.7019796,-9.220050765,,,,,,,,,,,,
09e47c09-cc79-4f55-8d67-17729947beb2,38.70839125,-9.212242248,Portugal,Lisbon,CR,LFINF,CDL,5,MIX(RES;COM),BP1,RSH1,RMN,,
35e2c055-f030-4c22-87ff-9dcb79717349,38.70363836,-9.213180491,,,,,,,,,,,,
0c065e4c-7ae7-4043-85c5-0ac92092299c,38.71075302,-9.219619733,,,,,,,,,,,,
c5244879-b912-4246-88c5-677620f9633e,38.70727068,-9.181162828,,,,,,,,,,,,
8b55d465-8b6e-4d26-8475-722552c51f91,38.70183701,-9.196620708,Portugal,Lisbon,MUR,LWAL,CDL,2,COM,BP2,RSH1,RMN,,
ad9b2fbd-42b4-4084-85b6-93ddee802742,38.70604226,-9.179260646,Portugal,Lisbon,CR,LFM,CDM,2,COM,BP2,RSH1,RMN,,
f9f51424-4027-4b73-bce0-d5e4a97638ab,38.7160098,-9.190058841,,,,,,,,,,,,
7bcf94c3-b195-429d-b605-6dd3bc4afcc6,38.71214202,-9.206077176,Portugal,Lisbon,MUR,LWAL,CDL,2,RES,BP1,RSH1,RMN,,
ce14197f-2171-4b11-9924-69b631f4336a,38.70114596,-9.19196685,Portugal,Lisbon,MUR,LWAL,CDN,2,RES,BP1,RSH2,RMT1,,
eff67eb2-af07-43b2-8f94-291d6dbddd1e,38.70486609,-9.191709789,,,,,,,,,,,,
e110c400-d093-41cf-ac32-a74de1c54ede,38.70202941,-9.181299183,Portugal,Lisbon,MUR,LWAL,CDL,2,COM,BP2,RSH1,RMN,,
082cb547-2492-40a3-90fa-7f92b80b9b57,38.70345942,-9.1822002,,,,,,,,,,,,
172218be-1967-4f27-9c9f-40fef2c4a876,38.70977217,-9.213190039,,,,,,,,,,,,
77a0cbdf-5c03-42e5-b6d7-f485f8cc916d,38.70976555,-9.196288157,Portugal,Lisbon,MUR,LWAL,CDN,2,RES,BP2,RSH1,RMN,,
83617b7f-e8d4-4386-9ed9-cccc9f3fc4f8,38.7044112,-9.175673419,,,,,,,,,,,,
468d2264-3790-49fd-8681-f24240a0d021,38.69751425,-9.214212219,,,,,,,,,,,,
d3d2470a-a5fe-46c8-9e99-94f01f9780b3,38.6983283,-9.22385915,,,,,,,,,,,,
07464ec0-a5d2-41a2-a7b4-2146cd59ccfa,38.70979341,-9.176007307,Portugal,Lisbon,MCF,LWAL,CDN,1,RES,BP2,RSH2,RMT1,,
5c87ddfc-8bf7-4c9e-8b88-e4aec25dbc5b,38.70421459,-9.204983743,,,,,,,,,,,,
679b98a0-9cc3-487d-86c8-1c999b9d010d,38.70549121,-9.190147922,Portugal,Lisbon,MUR,LWAL,CDL,4,RES,BP2,RSH1,RMN,,
db7dd625-d6c5-4850-a37e-993bcd9cf0f2,38.71109343,-9.197413032,Portugal,Lisbon,CR,LFM,CDH,5,RES,BP1,RSH1,RMN,,
9a0631e7-dc73-4005-93d3-163f85c20aaa,38.70857666,-9.194402017,,,,,,,,,,,,
e3650f2a-cd72-4083-b91a-98fff5b6e55c,38.70005051,-9.218319192,,,,,,,,,,,,
37cab627-1c28-4c5c-b7b3-86a5f01a53d6,38.70003421,-9.203855762,Portugal,Lisbon,MUR,LWAL,CDN,2,RES,BP1,RSH1,RMN,,
4d668e53-0ab1-42ea-9c8c-6f56635d00dd,38.70395323,-9.195454656,Portugal,Lisbon,CR,LFM,CDL,3,RES,BP2,RSH1,RMN,,
1a67b1f2-be18-4cc1-ac95-999ad59b1d16,38.70145126,-9.190690608,Portugal,Lisbon,MUR,LWAL,CDL,4,RES,BP1,RSH2,RMT1,,
062cae59-75f5-4324-a950-e03852e382e1,38.69614223,-9.215831146,Portugal,Lisbon,MUR,LWAL,CDL,2,RES,BP1,RSH1,RMN,,
a2b6ddcf-a0ef-4a55-840c-a3d1c963b9e2,38.7160232,-9.186060932,,,,,,,,,,,,
0dc0bad2-4275-4a4c-8f6d-7ab6f6706d93,38.70806945,-9.175236139,Portugal,Lisbon,MUR,LWAL,CDL,2,RES,BPD,RSH2,RMT1,,
64e61228-c91c-462c-bf1e-58073d7fdc8a,38.69673818,-9.213840944,,,,,,,,,,,,
78f1c379-5a60-40b7-b56a-ca8005870e4f,38.6988849,-9.217003368,,,,,,,,,,,,
3d27c5af-8330-46da-9ed1-8084e7a480fb,38.70604353,-9.186731657,Portugal,Lisbon,CR,LFM,CDN,1,RES,BPD,RSH1,RMN,,
e511ab1b-4c37-4a92-b8f9-860c5764a135,38.71291191,-9.207859685,Portugal,Lisbon,MUR,LWAL,CDN,1,RES,BP1,RSH2,RMT1,,
55e53a1a-dba7-4d9a-b57b-aa5103a0a27d,38.70056995,-9.225886323,,,,,,,,,,,,
81d5a76b-fc4d-4249-9821-04528320dc06,38.69918105,-9.18774725,,,,,,,,,,,,
e48e1399-a57f-4db5-877d-45f1bd841105,38.69973461,-9.220560718,Portugal,Lisbon,MUR,LWAL,CDL,3,RES,BPD,RSH3,RMT1,,
a3e05ebb-9584-4e3d-b9df-3c4675d5fb2c,38.7062475,-9.204103,Portugal,Lisbon,CR,LFM,CDM,5,RES,BP1,RSH1,RMN,,
140662d5-b72a-4fbc-94bd-3b8ab99a0b67,38.709965,-9.198608,Portugal,Lisbon,S,LFM,CDN,1,COM,BP1,RSH1,RMN,,
128f2fd3-f332-454a-a088-b0674b9d0f3d,38.70362963,-9.182385,,,,,,,,,,,,
cbf29557-0411-4a7f-b0e0-8d0af774262d,38.70032156,-9.204092274,Portugal,Lisbon,MUR,LWAL,CDL,2,RES,BP1,RSH2,RMT1,,
fcb31079-920e-450b-8663-2889d520f483,38.70977305,-9.175445019,Portugal,Lisbon,MUR,LWAL,CDL,2,RES,BP1,RSH2,RMT1,,
81b7a462-4074-4eb8-95b4-273ebf528ecf,38.72374995,-9.184099177,,,,,,,,,,,,
4c979c71-f139-4c1a-8153-0d0283a43b27,38.7143829,-9.1810272,,,,,,,,,,,,
6b07cbd3-9bdb-4a33-b018-18e27527b52f,38.71270019,-9.204843293,Portugal,Lisbon,MUR,LWAL,CDL,1,RES,BP2,RSH2,RMT1,,
b90faf49-e852-4631-b314-1995385459c7,38.71203551,-9.207883185,,,,,,,,,,,,
0ec28a4e-17b6-42f9-97ab-88976cdf08e6,38.69765362,-9.209373489,,,,,,,,,,,,
1e0e9cc9-8dc1-46c8-b90a-846ca6b43b8b,38.71060639,-9.193402263,Portugal,Lisbon,MUR,LWAL,CDN,2,RES,BP2,RSH1,RMN,,
1097a927-148b-477d-99f9-0a41ebb65f9e,38.70356865,-9.201319282,,,,,,,,,,,,
b0b008f0-e6b3-49f7-b74b-6f40cdf40bfa,38.71536275,-9.214650377,Portugal,Lisbon,MUR,LWAL,CDL,1,RES,BP1,RSH2,RMT1,,
070d7e2d-b0e4-4d3f-a6c0-7456731f1608,38.7051845,-9.18109293,Portugal,Lisbon,CR,LFM,CDL,4,RES,BPD,RSH1,RMN,,
6386d405-b273-4a85-90c1-ec2af20905d7,38.69672632,-9.21893674,,,,,,,,,,,,
e9a20513-383c-4a51-84cd-e3565e450053,38.71630994,-9.215346931,,,,,,,,,,,,
868661eb-0b87-4ca7-82c0-76460926b7a7,38.69634744,-9.22172483,Portugal,Lisbon,MUR,LWAL,CDN,1,COM,BP2,RSH1,RMN,,
6b45e856-c3f5-4a0b-b2eb-091189f72d6e,38.71065002,-9.201610505,Portugal,Lisbon,MUR,LWAL,CDL,2,RES,BP1,RSH2,RMT1,,
ffbdec13-a299-4a27-ba12-6d7c8fdb27c0,38.7015548,-9.20388997,Portugal,Lisbon,MUR,LWAL,CDL,4,RES,BP1,RSH2,RMT1,,
5340f0ec-8a52-458b-a1d2-6187fde4d75d,38.70689767,-9.194327831,Portugal,Lisbon,MUR,LWAL,CDN,1,RES,BP1,RSH1,RMN,,
05c918f0-8ecb-4758-8562-4934b0c15cf3,38.69874676,-9.198944551,Portugal,Lisbon,S,LFM,CDN,1,COM,BPD,RSH2,RMT1,,
a7289748-7fbb-4ccc-9db0-2ffec197d573,38.70839085,-9.196225386,Portugal,Lisbon,MUR,LWAL,CDN,1,RES,BP1,RSH2,RMT1,,
30374aca-b316-4dd2-bac2-b49a637cafeb,38.70888909,-9.175777349,Portugal,Lisbon,MCF,LWAL,CDL,2,RES,BP1,RSH2,RMT1,,
f48420d8-725b-4987-8266-da39926b23f7,38.70010644,-9.220350298,,,,,,,,,,,,
00582a3b-d420-4a56-a713-13751c31920d,38.70194348,-9.214352098,,,,,,,,,,,,
0356bab0-a2de-4337-b2eb-fe3bf46c8879,38.70211665,-9.18613855,,,,,,,,,,,,
4fc1e404-48f3-4607-9d7e-cf7702afc109,38.7074576,-9.211512315,Portugal,Lisbon,MUR,LWAL,CDL,5,RES,BP1,RSH1,RMN,,
39670e8c-2652-46cf-a01b-bebe87d9937b,38.69293743,-9.209907027,Portugal,Lisbon,MUR,LWAL,CDN,1,IND,BPD,RSH2,RMT1,,
8d186ee9-f4d4-4f40-9f91-98bbc863086b,38.70339638,-9.19617834,Portugal,Lisbon,CR,LFM,CDL,4,MIX(RES;COM),BP1,RSH2,RMT1,,
f866ae0a-6e40-4102-9712-0e578f8f169f,38.70029076,-9.221617054,,,,,,,,,,,,
f785141c-381b-4ac4-8c31-1119c9eaea47,38.71084305,-9.2004996,,,,,,,,,,,,
9caf769f-633c-43e6-a4dc-8625a21c1800,38.70073363,-9.180936469,Portugal,Lisbon,MCF,LWAL,CDL,2,RES,BP2,RSH1,RMN,,
6f32a2ca-c7ea-4ff9-8100-c9c7c49bb43f,38.69900299,-9.219953277,,,,,,,,,,,,
ab9eb39e-28bf-4307-8699-2b54187d1775,38.70737005,-9.21139592,Portugal,Lisbon,CR,LFM,CDL,5,RES,BP1,RSH2,RMT1,,
4048e400-9eb8-4da8-80ec-737e97d5eef9,38.70108109,-9.220117874,,,,,,,,,,,,
053138a5-4eeb-4ad4-a589-d645a497bbbc,38.70731647,-9.191945564,Portugal,Lisbon,MUR,LWAL,CDN,3,RES,BP1,RSH1,RMN,,
ff5c0c95-e9fc-4fba-9ec8-9ca0c0bd45bd,38.70568164,-9.179252782,Portugal,Lisbon,MUR,LWAL,CDL,4,RES,BP2,RSH1,RMN,,
4046ae41-e570-45b8-953d-df41c832c6aa,38.70560016,-9.178150931,Portugal,Lisbon,CR,LFM,CDN,5,COM,BP2,RSH1,RMN,,
4de1868e-121e-4571-b198-827f5eefce25,38.7094238,-9.19354135,Portugal,Lisbon,MUR,LWAL,CDN,1,RES,BP1,RSH1,RMN,,
844aa02e-0dc6-45f5-9446-212d8cc4b532,38.70969239,-9.200508233,Portugal,Lisbon,MUR,LWAL,CDL,2,RES,BP1,RSH2,RMT1,,
2718a466-f0a0-4f36-854f-df8f301f5984,38.69693412,-9.219255875,,,,,,,,,,,,
5a6f899d-4e0a-4ec7-8b32-f8a881db1762,38.70147189,-9.206125872,,,,,,,,,,,,
c50e4811-b81f-4042-8d1d-02fc12d0c54e,38.70185686,-9.218409194,,,,,,,,,,,,
73c5ba66-3998-4ab6-8106-26902dfcf734,38.70071639,-9.190334515,Portugal,Lisbon,MUR,LWAL,CDL,4,RES,BP2,RSH1,RMN,,
af5c2ee9-64b1-4e48-805a-4169b186ff1f,38.69764207,-9.201999294,Portugal,Lisbon,MUR,LWAL,CDL,2,RES,BP2,RSH1,RMN,,
fff6f793-77e0-473f-ba3f-a6cedb438ea5,38.7040424,-9.214784608,,,,,,,,,,,,
4bb5e25e-788b-4f04-837f-b5008924bacd,38.70513167,-9.199634066,Portugal,Lisbon,MCF,LWAL,CDL,2,RES,BP2,RSH1,RMN,,
82bfde4e-f053-4e89-9234-88d7697e8387,38.713136,-9.175940533,,,,,,,,,,,,
d2f1ce57-db79-40cf-b550-aba359407103,38.70410143,-9.181877087,Portugal,Lisbon,HYB(MCF;MUR),LWAL,CDL,5,RES,BP2,RSH1,RMN,,
98a87135-f952-4d3e-9aa3-7dbbacdebd55,38.70353878,-9.196270967,Portugal,Lisbon,MUR,LWAL,CDL,4,RES,BP1,RSH1,RMN,,
27d72fec-c236-4e55-bc77-a7a986809544,38.7068873,-9.213063265,Portugal,Lisbon,CR,LFM,CDL,5,RES,BP1,RSH1,RMN,,
e045f361-05cd-49d8-a354-b49ef6726c38,38.70151031,-9.194333016,Portugal,Lisbon,CR,LFM,CDL,5,RES,BP1,RSH1,RMN,,
41e65491-6af1-417c-a825-69a7a67b474a,38.70829084,-9.19531871,Portugal,Lisbon,MUR,LWAL,CDN,1,RES,BP3,RSH2,RMT1,,
8ea4f21a-548b-491d-bce7-f46187ef1184,38.70480631,-9.200067068,Portugal,Lisbon,MUR,LWAL,CDL,2,RES,BP1,RSH1,RMN,,
7ce93435-bcda-4ec2-93e6-c0a4b0854db8,38.7049632,-9.176935948,Portugal,Lisbon,CR,LFM,CDL,1,COM,BP2,RSH1,RMN,,
4266ea29-1cd4-4050-93eb-c5c4aa2dfc55,38.70511165,-9.178419752,Portugal,Lisbon,S,LFM,CDL,4,RES,BP1,RSH1,RMN,,
2110bdd5-a8a2-4355-beeb-a81c11862de7,38.70798598,-9.203318833,,,,,,,,,,,,
296b308b-a523-45eb-8012-e7017875e4f0,38.70103875,-9.187521914,,,,,,,,,,,,
8561950b-fe69-4d89-8392-6a9e862085d1,38.71356014,-9.205295525,Portugal,Lisbon,MUR,LWAL,CDL,2,RES,BP1,RSH2,RMT1,,
d5b6fa48-d554-4909-b563-7d5b31e1a078,38.69844537,-9.198753696,Portugal,Lisbon,MUR,LWAL,CDN,1,RES,BP2,RSH2,RMT1,,
dba32bd3-cf67-401c-acad-71a4b65cdf1c,38.7058217,-9.190845163,Portugal,Lisbon,CR,LFM,CDN,5,COM,BP3,RSH1,RMN,,
d12c092c-ffe7-4f61-88fa-93cc748be5f2,38.70091555,-9.190456066,Portugal,Lisbon,MUR,LWAL,CDL,4,RES,BP1,RSH1,RMN,,
5e471948-c7a7-44ee-a1db-69c8dc28a73b,38.69482713,-9.218256139,Portugal,Lisbon,MUR,LWAL,CDL,4,RES,BP1,RSH2,RMT1,,
d7302100-6a12-46fa-a1ce-0f188c9fd7ae,38.70410516,-9.203602132,Portugal,Lisbon,CR,LFINF,CDL,4,MIX(RES;COM),BP3,RSH1,RMN,,
bb771e56-84ac-4a17-a88d-dae6fa3adffd,38.7000226,-9.215830997,,,,,,,,,,,,
661a18cf-384c-4cbc-8413-04b2f3fc9158,38.69798683,-9.217706165,Portugal,Lisbon,MUR,LWAL,CDL,2,RES,BP1,RSH1,RMN,,
ea175169-15a5-43e7-b1a0-70e04fa4b50e,38.71479543,-9.180195588,Portugal,Lisbon,MUR,LWAL,CDL,4,RES,BPD,RSH2,RMT1,,
081bcf04-2b83-4e3a-8391-9bdf078cc4ba,38.69992206,-9.203399218,Portugal,Lisbon,MUR,LWAL,CDL,3,RES,BP1,RSH2,RMT1,,
00eaa337-8795-436e-bf97-2a532c66e2b9,38.7003028,-9.182566889,Portugal,Lisbon,MUR,LWAL,CDN,4,RES,BP1,RSH1,RMN,,
e321ee6e-20bb-4ec8-ba3e-5a8d72786066,38.70832545,-9.17553655,Portugal,Lisbon,MUR,LWAL,CDL,2,RES,BP1,RSH2,RMT1,,
a18fbf75-f985-4a70-83b8-8aaeabf4d06a,38.70377651,-9.198078509,Portugal,Lisbon,CR,LFM,CDH,3,RES,BP2,RSH1,RMN,,
604d7a88-435e-4cac-8e2a-aa450da99629,38.70106793,-9.191407226,Portugal,Lisbon,CR,LFM,CDL,5,MIX(RES;COM),BP1,RSH1,RMN,,
57aa23cf-9d76-45c2-a185-af54ad3bbe16,38.69804921,-9.224630122,Portugal,Lisbon,CR,LFM,CDN,1,COM,BP1,RSH1,RMN,,
814c7b30-9615-4312-a6e3-181c89fa0051,38.70625071,-9.187809673,Portugal,Lisbon,CR,LFM,CDL,4,MIX(RES;COM),BP1,RSH1,RMN,,
aae05890-b009-4d21-9ea3-cace28d6817f,38.70487295,-9.2123762,,,,,,,,,,,,
221e76de-a030-4e78-ad4d-69b948a50c21,38.6991643,-9.220234809,Portugal,Lisbon,MUR,LWAL,CDL,2,RES,BP1,RSH1,RMN,,
ba728ebb-8d96-4d3f-855b-5c61f9ba22d5,38.71648954,-9.21666163,Portugal,Lisbon,MUR,LWAL,CDN,3,RES,BP2,RSH1,RMN,,
3688b26e-a29c-445e-b7e6-e7180677c1a8,38.69334608,-9.222147688,,,,,,,,,,,,
a32924d3-65f2-4ba3-8197-2bd87fd4860f,38.7014054,-9.18421141,Portugal,Lisbon,CR,LFM,CDH,4,RES,BP2,RSH2,RMT1,,
66033328-7b34-482c-9040-399bae001bef,38.70237619,-9.190649268,Portugal,Lisbon,CR,LFM,CDL,06/jul,RES,BP1,RSH1,RMN,,
50766a2b-3828-4330-84ef-755623b69bbf,38.71747138,-9.211415189,Portugal,Lisbon,S,LFM,CDH,2,RES,BP1,RSH1,RMN,,
fde8cbc4-b429-4a31-8b73-6e137e6fbe24,38.70809465,-9.213580721,,,,,,,,,,,,
c8bba19d-b9d2-4723-8b0f-479393fb2c4a,38.69665362,-9.217597725,Portugal,Lisbon,MUR,LWAL,CDL,2,RES,BPD,RSH2,RMT1,,
2881732f-2f1c-4965-bb02-0016aa80224e,38.70075175,-9.176276573,,,,,,,,,,,,
9c3f0f85-f7e0-41f0-b43f-718bc811b0ee,38.70074331,-9.190955604,Portugal,Lisbon,CR,LFM,CDL,4,MIX(RES;COM),BP2,RSH1,RMN,,
330191c3-3acb-425c-9e2a-6414d3f5d38e,38.70358687,-9.195099868,Portugal,Lisbon,MUR,LWAL,CDL,4,RES,BP2,RSH2,RMT1,,
315a04e3-f496-4fa0-8119-1fbe7d126144,38.71147908,-9.199256201,Portugal,Lisbon,S,LFM,CDL,2,RES,BP1,RSH2,RMT1,,
3399bd32-9a73-474f-97e0-ff04803cc7a6,38.70571054,-9.176317939,Portugal,Lisbon,MUR,LWAL,CDN,3,RES,BP2,RSH1,RMN,,
9879efe0-f7a7-4b98-94ef-477434b196f4,38.70889207,-9.202872423,,,,,,,,,,,,
9f4b1571-6cbc-4e11-ad2f-a199f418d745,38.70574953,-9.179866737,Portugal,Lisbon,MUR,LWAL,CDL,4,RES,BP1,RSH2,RMT1,,
a923bcbf-4754-4d4f-b4e0-619c759b856a,38.7029849,-9.2104405,,,,,,,,,,,,
1e3489b5-8f03-463a-80d2-62d007e1423c,38.71199363,-9.204961466,Portugal,Lisbon,MUR,LWAL,CDN,1,RES,BPD,RSH2,RMT1,,
18a04ad3-84dd-41f4-934c-fade5ecc2898,38.7038813,-9.178558707,Portugal,Lisbon,MUR,LWAL,CDL,2,RES,BP1,RSH1,RMN,,
799560e4-246d-4e5b-a876-56c1cba1b8f7,38.70002035,-9.216766922,,,,,,,,,,,,
861c742e-ead4-4df5-9992-d57498cea8c0,38.6955081,-9.196241649,,,,,,,,,,,,
7f877788-d300-4eec-aa7e-f96150c77e10,38.70913766,-9.194775999,,,,,,,,,,,,
c051bead-6ee8-4896-9598-0e1a54f44599,38.69518661,-9.215946476,Portugal,Lisbon,MUR,LWAL,CDL,4,RES,BP1,RSH1,RMN,,
69b94f53-7125-438f-9866-f97e308b4d14,38.70584443,-9.213768539,,,,,,,,,,,,
b32d4e46-df9f-4920-9ebf-5b25f963d9fd,38.70332855,-9.190983457,Portugal,Lisbon,CR,LFINF,CDL,4,RES,BP3,RSH1,RMN,,
48108a8b-3637-456a-8050-b64f9646abd8,38.70383765,-9.205983078,,,,,,,,,,,,
6a9f3f14-795e-4fdd-8bff-926240f33ffc,38.70178368,-9.202369531,Portugal,Lisbon,S,LFM,CDH,4,RES,BP1,RSH1,RMN,,
9c81bcc8-6b28-4acd-849d-ebcbeb766440,38.70129136,-9.191173453,Portugal,Lisbon,CR,LFM,CDL,4,MIX(RES;COM),BP2,RSH1,RMN,,
7885a0d2-2f05-4f39-b9c5-0691eb7b27a5,38.70027551,-9.219725502,Portugal,Lisbon,MUR,LWAL,CDN,2,RES,BP1,RSH1,RMN,,
08e8c4c5-2b7c-4369-8998-48b57005a4e1,38.69897005,-9.191820618,Portugal,Lisbon,CR,LFM,CDL,5,RES,BP2,RSH1,RMN,,
c4904007-c9f0-42fb-aee3-f9ff41288e1d,38.71084747,-9.192445117,Portugal,Lisbon,CR,LFINF,CDL,06/jul,RES,BPD,RSH1,RMN,,
c4822bbb-3425-4fc6-81cd-075b743b9ab0,38.69924137,-9.203713869,Portugal,Lisbon,MUR,LWAL,CDN,1,RES,BP2,RSH2,RMT1,,
6c4d6aff-d85e-4280-b1de-f4e286a82c4b,38.70116856,-9.194513722,,,,,,,,,,,,
976d6652-3ff7-4bf1-b87f-0776f860eb12,38.70811745,-9.208505351,Portugal,Lisbon,CR,LFM,CDM,06/jul,RES,BP2,RSH1,RMN,,
fe980c68-0bde-46d2-82f8-918a32da9ea2,38.70733297,-9.175550601,Portugal,Lisbon,MUR,LWAL,CDN,1,RES,BP1,RSH2,RMT1,,
d75b613c-4288-4767-8a86-78e1350242e2,38.6992104,-9.213564622,,,,,,,,,,,,
a260b98f-bcc4-45ed-8cb5-82bd45d8a6df,38.70236497,-9.200281813,Portugal,Lisbon,MR,LWAL,CDH,3,RES,BP1,RSH2,RMT1,,
f6b86fb5-a039-4682-b7c2-915771451816,38.70021968,-9.177248797,,,,,,,,,,,,
33dc09e6-2fae-4e83-b3e2-a9315d42b889,38.69963448,-9.178918569,,,,,,,,,,,,
2d368b1a-b1d8-4a6f-bbd9-0956467a2c47,38.69963909,-9.193852213,,,,,,,,,,,,
fa0ff4d9-aed0-44ab-98f6-6a24d163b394,38.70700045,-9.1923812,Portugal,Lisbon,S,LFM,CDH,4,RES,BP1,RSH2,RMT1,,
d212cde7-af20-4314-88bf-c24260a42b1f,38.69723124,-9.215231458,Portugal,Lisbon,MUR,LWAL,CDN,2,RES,BP2,RSH2,RMT1,,
a0916254-17ae-4b15-89cd-dc6d2ae48b9d,38.71289824,-9.19086528,,,,,,,,,,,,
4b1991f6-9b38-4441-8553-25646ecfaaed,38.71319582,-9.204212428,Portugal,Lisbon,MUR,LWAL,CDL,2,RES,BP2,RSH1,RMN,,
8af42433-8e32-4dcf-b7e1-233a987910c7,38.71649306,-9.216317345,Portugal,Lisbon,MUR,LWAL,CDN,2,RES,BP1,RSH1,RMN,,
b10388b3-d991-48be-a4fa-c1a2b28b1036,38.70359156,-9.19075883,Portugal,Lisbon,MUR,LWAL,CDL,3,RES,BP1,RSH1,RMN,,
bbbabc10-8f2c-4995-a29f-f775ebb155ca,38.70500923,-9.213954411,Portugal,Lisbon,MUR,LWAL,CDN,3,RES,BP1,RSH1,RMN,,
1032a80b-4025-41da-b18b-54570c58caba,38.7079601,-9.194964122,Portugal,Lisbon,CR,LFM,CDL,5,RES,BP1,RSH1,RMN,,
a42064b8-3417-4895-bc7b-b1b6ee25bced,38.70151812,-9.204221045,Portugal,Lisbon,MUR,LWAL,CDL,1,RES,BP1,RSH2,RMT1,,
0a6afb5c-8992-43c9-bf6f-6ae9ec868370,38.70249702,-9.182443599,Portugal,Lisbon,MUR,LWAL,CDL,4,RES,BP1,RSH2,RMT1,,
31b886d7-0b69-4a19-8c53-451887650d77,38.71101528,-9.192501647,Portugal,Lisbon,MUR,LWAL,CDL,4,RES,BP1,RSH1,RMN,,
6bd95d39-e81b-4099-a853-adcf00a84851,38.71479424,-9.193840201,,,,,,,,,,,,
e797f1f2-0272-4f5e-98d8-25a3b3973ba6,38.69618154,-9.216615738,,,,,,,,,,,,
5e9166c1-dffe-46a1-967e-136874284ddd,38.69662201,-9.218560957,,,,,,,,,,,,
402e1472-88f0-4fa0-b8fc-70b5192125b0,38.7144928,-9.180691173,,,,,,,,,,,,
bb7bb4e5-15d3-4a0c-af6b-844a1e3aee6e,38.71086485,-9.19988875,Portugal,Lisbon,MUR,LWAL,CDL,4,RES,BP1,RSH2,RMT1,,
0baeb2f3-f074-4192-bd3a-368333b9e03e,38.70596472,-9.180309343,Portugal,Lisbon,CR,LFM,CDL,4,MIX(RES;COM),BP2,RSH1,RMN,,
d989114a-d1ca-47d7-b2d2-6c382b14200b,38.7022809,-9.182241358,Portugal,Lisbon,MCF,LWAL,CDL,3,MIX(RES;COM),BP2,RSH1,RMN,,
6b180c87-fa15-4912-b4f3-cd590465dec1,38.70036082,-9.219339325,,,,,,,,,,,,
f527f2be-1b93-4af0-bad0-3b702f361a26,38.70612551,-9.211246822,Portugal,Lisbon,MUR,LWAL,CDL,1,RES,BP1,RSH1,RMN,,
ae0da51b-37b7-47b9-9cd2-f58ba56e17c1,38.69751715,-9.217347082,Portugal,Lisbon,MUR,LWAL,CDL,2,RES,BP1,RSH2,RMT1,,
85ca2971-e3ed-4b40-bb47-bdf4c251a4be,38.70200913,-9.205734325,Portugal,Lisbon,MUR,LWAL,CDL,2,RES,BP1,RSH2,RMT1,,
631b4f11-7862-4e19-8c4d-45e224957dbb,38.70203723,-9.219729507,Portugal,Lisbon,W,LFM,CDN,2,RES,BP1,RSH1,RMN,,
05e2e891-275a-475f-972f-ff5ecd5e71f6,38.70716041,-9.21411566,Portugal,Lisbon,MUR,LWAL,CDN,1,RES,BP1,RSH1,RMN,,
557a952f-543d-4125-8911-71706c1dcbbf,38.71494423,-9.215244591,Portugal,Lisbon,MUR,LWAL,CDL,2,RES,BP2,RSH1,RMN,,
f98b30e2-5003-4158-a96f-3bfbc6a1b7bf,38.70706543,-9.192287114,Portugal,Lisbon,MUR,LWAL,CDL,4,RES,BP2,RSH2,RMT1,,
8ffc7efe-9a34-4777-930a-a3d20b1a094f,38.70442062,-9.210757163,,,,,,,,,,,,
9c53cb58-fccd-4cc9-ada6-d3c56f242f92,38.69883016,-9.188374302,,,,,,,,,,,,
7fade334-6d97-4cdd-b96a-cf0c1dc35e51,38.70363465,-9.181287466,,,,,,,,,,,,
1a85c584-51c5-4bd0-8c0c-88a027cb6acc,38.70861469,-9.215897878,,,,,,,,,,,,
d077ebfb-2589-4b7f-ae98-619f6b7f4c62,38.72061576,-9.196608768,,,,,,,,,,,,
b7c1a2ab-a046-4588-8b5d-92ccf0da080a,38.71749337,-9.210575999,Portugal,Lisbon,MUR,LWAL,CDL,2,RES,BP2,RSH1,RMN,,
3cee1563-06f3-465f-ac90-41ffb02d9dea,38.69680826,-9.217911341,Portugal,Lisbon,MUR,LWAL,CDL,2,RES,BP1,RSH2,RMT1,,
70b23a47-3b1a-43d8-83f5-e4d40e5e7a7e,38.6989326,-9.183588712,Portugal,Lisbon,CR,LFM,CDL,2,IND,BPD,RSH2,RMT1,,
93804b4b-c8ed-420f-a4db-04f7121a1ef8,38.69863272,-9.191580279,Portugal,Lisbon,CR,LFM,CDL,4,RES,BP1,RSH1,RMN,,
c67075c4-9c40-4131-8835-53f4e90ecea8,38.70650096,-9.188556203,,,,,,,,,,,,
95f2096c-edc5-4ff4-89fd-6df99a4393ec,38.70859434,-9.200210749,,,,,,,,,,,,
aa30a2a8-d5d4-4498-8ef5-8f72e24a5e87,38.69652495,-9.21587865,Portugal,Lisbon,MUR,LWAL,CDN,1,IND,BP3,RSH1,RMN,,
d674bb48-be84-4572-a921-529c08c4692c,38.70842458,-9.19590518,Portugal,Lisbon,MUR,LWAL,CDN,4,RES,BP2,RSH1,RMN,,
392a752b-4a9a-4d16-b356-30bd7636f03e,38.7014017,-9.20421075,,,,,,,,,,,,
e6712ab7-7ef7-4f13-a26c-5a2ea76c2ca0,38.70523474,-9.190878431,Portugal,Lisbon,CR,LFM,CDH,10/dez,RES,BPD,RSH1,RMN,,
860cbffb-5e23-4a11-9dd8-11acf5502c22,38.7039635,-9.20974235,,,,,,,,,,,,
fea3877a-061e-49bc-92e3-7f0b2e0529fe,38.69755817,-9.223932457,,,,,,,,,,,,
1589ef2e-0a04-443e-8b1a-3d46989cee7c,38.69384238,-9.207273387,Portugal,Lisbon,MUR,LWAL,CDN,1,RES,BPD,RSH1,RMN,,
bc267985-dab3-46fe-b498-62422c495667,38.70113176,-9.215459591,,,,,,,,,,,,
47cd5f62-393b-4ab4-8b0a-77dfa4b02170,38.70608553,-9.176640514,Portugal,Lisbon,MCF,LWAL,CDL,4,MIX(RES;COM),BP2,RSH1,RMN,,
3056921b-f503-4dfc-9077-859ab6c3aaf7,38.70426873,-9.212641011,,,,,,,,,,,,
34da763b-9df0-4c7e-8ef3-adbba48fedac,38.70113965,-9.182984751,,,,,,,,,,,,
003aedf5-f056-4a19-8a52-7819f67dff11,38.71264488,-9.208119131,Portugal,Lisbon,MUR,LWAL,CDN,1,RES,BP1,RSH2,RMT1,,
1d94aeda-c161-467e-8d29-ced2116d0984,38.70248006,-9.209996712,,,,,,,,,,,,
e68a0f20-d7cd-4ad1-873f-159c8061c1d1,38.70537747,-9.192229603,Portugal,Lisbon,W,LWAL,CDN,1,RES,BP1,RSH2,RMT1,,
b24fc7c0-4713-424b-b920-cd44bdc6e4d8,38.70401942,-9.197559434,Portugal,Lisbon,CR,LFINF,CDL,4,RES,BP2,RSH1,RMN,,
32156366-f672-4908-83d8-8adff36575ed,38.69974212,-9.191763592,Portugal,Lisbon,MCF,LWAL,CDN,5,RES,BP2,RSH1,RMN,,
f0394357-f7be-447a-b177-c227d745adb4,38.71168428,-9.194184632,Portugal,Lisbon,CR,LFM,CDL,3,IND,BP2,RSH1,RMN,,
1bbbd91d-a838-4d8b-a411-a40c09321b59,38.69718786,-9.222497039,Portugal,Lisbon,CR,LFINF,CDN,3,RES,BPD,RSH1,RMN,,
baee4559-9f2c-4458-a210-9fe47b49a87c,38.70430245,-9.196796971,Portugal,Lisbon,CR,LFM,CDL,2,RES,BP1,RSH1,RMN,,
8bfe1e23-5ca0-4803-9fc1-5bb4adf544a8,38.69909166,-9.213801705,,,,,,,,,,,,
18e7c84c-001d-46c3-9ea1-cdab905287b6,38.70784414,-9.218110316,Portugal,Lisbon,MCF,LWAL,CDM,2,RES,BPD,RSH2,RMT1,,
42f3f85b-8758-4e58-90f5-ccdfe88d3fb4,38.70736065,-9.2080267,Portugal,Lisbon,CR,LFM,CDN,08/set,RES,BP1,RSH1,RMN,,
fe5f2f1a-b8a1-4643-b2b9-5d3f58e6ee37,38.708126,-9.189474269,,,,,,,,,,,,
32bf1fe8-8a02-4a0e-8895-3484a0e45bd6,38.70078191,-9.190373162,Portugal,Lisbon,CR,LFM,CDH,4,RES,BP2,RSH1,RMN,,
db42c912-bdec-4f5a-8fca-86ad8bfbaeb9,38.69884686,-9.213854097,,,,,,,,,,,,
d35942fd-29a1-4f56-9ac3-bfe6b30961bf,38.70344473,-9.189954906,,,,,,,,,,,,
065b1d90-6475-4592-a204-81a5360935ae,38.70802613,-9.210092536,,,,,,,,,,,,
c7acdfae-51f4-4aee-9a7f-6b46b232e771,38.70454355,-9.20964585,Portugal,Lisbon,MUR,LWAL,CDL,2,RES,BP2,RSH1,RMN,,
c8ede944-5370-43ed-a5c0-cd9a2a3cc4c3,38.70033436,-9.192299843,Portugal,Lisbon,MUR,LWAL,CDL,4,RES,BP1,RSH2,RMT1,,
1f0db3a9-2451-448f-b5ef-e81b9048ae41,38.70160163,-9.200896126,Portugal,Lisbon,CR,LFM,CDN,4,RES,BP1,RSH1,RMN,,
6b3f3669-3f67-4a13-9240-2e6ae18290a2,38.7050791,-9.181250993,Portugal,Lisbon,CR,LFINF,CDN,4,RES,BP1,RSH1,RMN,,
21b554b4-222b-4525-9b55-e1e881ca59bc,38.70098847,-9.197552747,,,,,,,,,,,,
fccf461f-65b1-47f5-89ca-2b8eabeb549b,38.70494895,-9.191249999,Portugal,Lisbon,MUR,LWAL,CDN,2,RES,BP1,RSH1,RMN,,
6815392e-6f66-4ef0-94b8-345519f181fa,38.70015217,-9.201666963,Portugal,Lisbon,MUR,LWAL,CDN,2,COM,BP1,RSH2,RMT1,,
ba027108-c75d-4e28-b52c-79bbb5fbbd68,38.70709794,-9.192534269,Portugal,Lisbon,MCF,LWAL,CDL,1,RES,BP1,RSH1,RMN,,
d54f9230-2cc5-42d6-af67-86f7e0f9dd1d,38.70163765,-9.196095228,Portugal,Lisbon,MUR,LWAL,CDN,1,RES,BPD,RSH2,RMT1,,
2afe90da-242b-4db1-83a8-eac9280d78fa,38.71711986,-9.20091383,,,,,,,,,,,,
23d435d6-be66-499e-9767-d653c04b427a,38.69495001,-9.216088171,Portugal,Lisbon,MCF,LWAL,CDM,1,RES,BP1,RSH2,RMT1,,
8460691b-890b-499e-86ac-dda1a7e8cddc,38.70069286,-9.226322051,Portugal,Lisbon,MUR,LWAL,CDN,5,RES,BP1,RSH1,RMN,,
618b89e9-8b9a-427a-817e-37100ca364c4,38.69938415,-9.213214804,,,,,,,,,,,,
d166f275-9bef-456a-aa0c-fa19ea05bff0,38.69796803,-9.218158897,Portugal,Lisbon,MUR,LWAL,CDL,2,RES,BP1,RSH1,RMN,,
455dfd24-df80-4d10-a81e-e29f4252e42b,38.71571662,-9.217498449,Portugal,Lisbon,MUR,LWAL,CDL,2,RES,BP1,RSH1,RMN,,
8018151e-cc5b-4063-979b-08a6943e8863,38.71037401,-9.199341595,Portugal,Lisbon,MUR,LWAL,CDL,1,RES,BP2,RSH2,RMT1,,
1bd76f1e-76bc-493c-b2dd-ce9abe28a4d6,38.70158148,-9.202916167,Portugal,Lisbon,MCF,LWAL,CDL,1,RES,BPD,RSH1,RMN,,
619abc74-4648-4749-a1c1-836798a07e8f,38.71268716,-9.185820343,,,,,,,,,,,,
edae8319-c1d2-4dfa-b5bf-4f92a38afa52,38.7044354,-9.189102238,Portugal,Lisbon,MUR,LWAL,CDL,2,RES,BP2,RSH2,RMT1,,
8b2aa1ae-7574-4bd7-a8ca-57ac7aa9c427,38.70548439,-9.214954797,Portugal,Lisbon,MUR,LWAL,CDL,3,RES,BPD,RSH2,RMT1,,
e0acbf07-3ba1-46e5-9329-002caa728275,38.69906547,-9.191896996,Portugal,Lisbon,CR,LFINF,CDL,4,RES,BP1,RSH1,RMN,,
8d4d6f31-9875-4eda-8f2d-e745a5a3648b,38.70552072,-9.199603685,Portugal,Lisbon,MUR,LWAL,CDL,2,RES,BP2,RSH2,RMT1,,
66cdc729-7ea5-43c3-86e0-696c5f4cace0,38.70428798,-9.175640789,,,,,,,,,,,,
3a977684-7e00-482d-957d-23f3d3a633ae,38.70174212,-9.181979674,Portugal,Lisbon,MUR,LWAL,CDL,1,RES,BP1,RSH2,RMT1,,
746dddd1-491d-453d-82ea-b3e742256939,38.70472537,-9.195232351,Portugal,Lisbon,MUR,LWAL,CDL,5,RES,BP2,RSH2,RMT1,,
cadb6b11-e712-4ecb-b97a-4c6c2fd86032,38.70407342,-9.192351603,Portugal,Lisbon,CR,LFM,CDM,06/jul,RES,BP2,RSH1,RMN,,
5440046c-ca45-46c5-a9bd-ee1cc8d332c0,38.69874547,-9.189227378,Portugal,Lisbon,INF,LN,CDN,1,RES,BP2,RSH2,RMT1,,
b74a4df6-56eb-4dc6-978a-ee10d154afa7,38.69698221,-9.201968058,,,,,,,,,,,,
a3a9a00d-1f1a-4dc6-9344-2497c1d2e7ce,38.71097565,-9.21033895,,,,,,,,,,,,
38e33625-898c-465d-b831-0169badf9c59,38.70907432,-9.195471971,Portugal,Lisbon,MUR,LWAL,CDN,1,RES,BP1,RSH1,RMN,,
9c765f31-71d8-4b9c-816d-833f2f354553,38.70848024,-9.211786941,,,,,,,,,,,,
7b0ee8a9-93b2-4bfd-a953-8e35454db80c,38.70452375,-9.19951795,Portugal,Lisbon,MUR,LWAL,CDL,5,RES,BP1,RSH1,RMN,,
b529c381-1687-47d5-85f5-e570f20cb631,38.70449363,-9.203110326,Portugal,Lisbon,MUR,LWAL,CDL,1,RES,BP2,RSH1,RMN,,
6b1038f5-fbe5-4263-8aab-a8b29519f896,38.70809701,-9.207235244,,,,,,,,,,,,
643fbc91-c138-4341-915f-47149a10a7e1,38.70728518,-9.20268104,Portugal,Lisbon,MUR,LWAL,CDN,1,RES,BP2,RSH1,RMN,,
618ab09e-3074-4c4b-af43-c8c399d89c9f,38.70153051,-9.220767367,,,,,,,,,,,,
cc98b182-401b-4f44-8f1c-f2f5721d1838,38.70986322,-9.175565918,Portugal,Lisbon,MUR,LWAL,CDL,2,COM,BP2,RSH2,RMT1,,
0f55fb95-73a2-458a-8e46-e1bd7ddb192d,38.6961641,-9.214423768,,,,,,,,,,,,
7a66ec47-36ac-4435-8dbe-cbfdf2c50805,38.71648424,-9.21718813,Portugal,Lisbon,MUR,LWAL,CDL,3,RES,BP1,RSH1,RMN,,
0b4fa3da-032c-45d6-97db-f98ffd00421f,38.70343346,-9.203094178,Portugal,Lisbon,MUR,LWAL,CDL,3,RES,BP2,RSH1,RMN,,
093d62fe-d939-4918-a5d2-586802a998ed,38.70259416,-9.181277946,Portugal,Lisbon,CR,LFM,CDN,06/jul,MIX(RES;COM),BP2,RSH1,RMN,,
7e3eb04f-3f87-4eb3-b818-a30ea671fbb0,38.70364224,-9.19608848,Portugal,Lisbon,MUR,LWAL,CDL,4,RES,BP2,RSH1,RMN,,
cfbac1be-71a4-48d9-90c2-79d608597fb6,38.70729964,-9.17449308,Portugal,Lisbon,MCF,LWAL,CDL,1,RES,BPD,RSH1,RMN,,
eb696c1b-15dd-4b0e-bd86-fe527680ac05,38.70742625,-9.191227092,Portugal,Lisbon,HYB(MCF;MUR),LWAL,CDL,2,RES,BP1,RSH1,RMN,,
dc881bf1-8110-4ece-8fea-d6140a145c50,38.7047295,-9.2022427,Portugal,Lisbon,CR,LFM,CDL,4,MIX(RES;COM),BP2,RSH1,RMN,,
217c2f16-3dc8-45d1-bc97-7e4f304c6471,38.71755835,-9.212146825,Portugal,Lisbon,S,LFM,CDM,2,IND,BP1,RSH2,RMT1,,
c9f08b08-bd65-4cd8-81c3-127a82b3d1d7,38.69747282,-9.216270397,,,,,,,,,,,,
4748f9c5-8d3d-4e15-8efd-c6dc1652bdef,38.69651347,-9.215651519,,,,,,,,,,,,
97d787dc-5af4-4209-8cea-a9d5a970d90f,38.70614997,-9.188315147,Portugal,Lisbon,CR,LFINF,CDL,4,RES,BP1,RSH1,RMN,,
bd04dab2-279c-461f-8020-5ab8b4046fd1,38.69827129,-9.198022026,,,,,,,,,,,,
cb5b9c29-498e-4b64-ba62-099cf86f7e89,38.70565569,-9.190187068,,,,,,,,,,,,
acb2848b-d916-4dad-bcc1-02def0284bb3,38.70363408,-9.198847328,Portugal,Lisbon,MUR,LWAL,CDL,1,RES,BP1,RSH1,RMN,,
3a4a7f62-8c4a-44d4-b741-c85cc038470a,38.70607215,-9.204611974,Portugal,Lisbon,CR,LFM,CDN,08/set,RES,BP1,RSH1,RMN,,
8f9ef1a9-3a0a-4969-9dc0-1acab12397ad,38.69862388,-9.21235069,Portugal,Lisbon,MCF,LWAL,CDM,2,RES,BP2,RSH1,RMN,,
8ac52bb6-6dbd-44c3-9513-aa4ca3f57dc3,38.7120644,-9.21160935,,,,,,,,,,,,
847b3afa-31fe-4447-b141-93798846bb4f,38.69619496,-9.22009387,Portugal,Lisbon,MUR,LWAL,CDN,4,MIX(RES;COM),BP2,RSH1,RMN,,
fd0b1cc9-613b-4a7d-a2f9-8a72479e475f,38.71657345,-9.21335465,Portugal,Lisbon,MUR,LWAL,CDL,3,RES,BPD,RSH2,RMT1,,
a87fc7d0-eee0-4c59-87de-9d7c302bf3f9,38.70219464,-9.181927112,Portugal,Lisbon,MUR,LWAL,CDL,1,RES,BP1,RSH2,RMT1,,
9da6009c-34b9-48c6-a63c-79079a916196,38.70658186,-9.20566048,,,,,,,,,,,,
18053df7-7c47-496e-a5e7-e60910ed4262,38.71318823,-9.208354992,Portugal,Lisbon,MUR,LWAL,CDL,2,RES,BP1,RSH2,RMT1,,
6a921b02-1eb0-4489-928a-a575b6be15de,38.70531558,-9.202742143,,,,,,,,,,,,
e27be7eb-6e31-468d-98dc-90981cf84571,38.71005238,-9.197894308,,,,,,,,,,,,
e1a241b7-5e95-43d3-96f2-343bb2280ba1,38.70534026,-9.18231269,Portugal,Lisbon,CR,LFM,CDL,3,RES,BP1,RSH1,RMN,,
68fb88e5-dec9-4d91-a901-b154443268ff,38.70957442,-9.193334801,Portugal,Lisbon,CR,LFM,CDL,5,RES,BP3,RSH1,RMN,,
ca77ddde-d151-4668-bc2f-5cf004201fc8,38.7040548,-9.197364023,Portugal,Lisbon,CR,LFM,CDH,4,RES,BP1,RSH1,RMN,,
ab0f3b93-8023-4644-8272-51f57aa1d32f,38.70387282,-9.203481429,Portugal,Lisbon,MUR,LWAL,CDL,2,RES,BP1,RSH1,RMN,,
1c8f5143-76c5-4a63-81bf-64f9432f68c7,38.6961924,-9.21243315,Portugal,Lisbon,CR,LFM,CDM,08/set,RES,BP1,RSH1,RMN,,
518ce27a-0038-4de1-8caf-e52b0e909b4a,38.70179955,-9.178541811,,,,,,,,,,,,
b31eacff-a037-4c29-a22c-6898944fdbd9,38.6976971,-9.216808799,Portugal,Lisbon,MUR,LWAL,CDL,3,RES,BP1,RSH1,RMN,,
c941ec04-d129-43aa-850d-68decff6951b,38.70426277,-9.201005769,Portugal,Lisbon,MUR,LWAL,CDL,1,RES,BP1,RSH1,RMN,,
3bfe08c1-a2f2-4d69-acbe-59c845b90d3d,38.70478206,-9.193539982,Portugal,Lisbon,CR,LFM,CDN,4,RES,BP1,RSH1,RMN,,
5cfc59e6-7d17-45d3-aef3-91e1fa7cb95f,38.70638234,-9.215057069,,,,,,,,,,,,
86df3f22-6db4-4e64-b0d9-782fc872783c,38.70675296,-9.191733176,Portugal,Lisbon,CR,LFM,CDL,5,RES,BP1,RSH1,RMN,,
43a6ca9e-d4db-49fd-9a00-c854b6b7b233,38.71283177,-9.20757255,Portugal,Lisbon,MUR,LWAL,CDN,1,RES,BP1,RSH2,RMT1,,
e34ddcc7-d1d3-4b96-aaa5-4f1e9a2d1f00,38.69946097,-9.212862125,,,,,,,,,,,,
02c30a1b-5285-47d3-8526-860ba22a1ec6,38.7142204,-9.20693866,,,,,,,,,,,,
6883d273-746c-4435-b682-00472eca41be,38.70917981,-9.196160067,Portugal,Lisbon,CR,LFM,CDN,4,COM,BP2,RSH1,RMN,,
c49873fe-9f08-40f6-83b5-3d56056ad578,38.70472998,-9.216182815,,,,,,,,,,,,
1dbc8bc2-7983-4992-8f32-ef836d36865f,38.70387639,-9.213230457,Portugal,Lisbon,S,LFM,CDM,2,RES,BP1,RSH1,RMN,,
b5f51352-a9eb-4092-87bd-a39c07820082,38.70415632,-9.179119483,Portugal,Lisbon,MUR,LWAL,CDN,2,RES,BP1,RSH2,RMT1,,
a89fef34-f501-4b77-94b8-b89ff6cbbec3,38.70096368,-9.193967642,,,,,,,,,,,,
8c0c7718-fce1-4e49-8b3b-4cf0d956bf68,38.70553892,-9.184469301,Portugal,Lisbon,MUR,LWAL,CDN,4,MIX(RES;COM),BP3,RSH1,RMN,,
7082c9e5-79a9-4d7d-bedd-d09031cd6d26,38.70314266,-9.196126193,Portugal,Lisbon,MUR,LWAL,CDL,4,RES,BP1,RSH2,RMT1,,
b08b7699-d028-451b-9e69-1312eba9d1ad,38.71100043,-9.214054655,,,,,,,,,,,,
0f18bc22-b2cb-418a-9b3d-8a8450214145,38.7149205,-9.180329383,Portugal,Lisbon,MCF,LWAL,CDM,3,RES,BP1,RSH2,RMT1,,
528fc268-9460-41a5-a664-646ab8526cdc,38.70867168,-9.193416911,Portugal,Lisbon,CR,LFM,CDM,5,RES,BP2,RSH1,RMN,,
915c0945-0d5f-4dcd-ad34-3a4b6623ef0b,38.69635659,-9.215174067,,,,,,,,,,,,
6187736a-26aa-43ca-90dc-32433842ee51,38.6956505,-9.2264901,,,,,,,,,,,,
64910f31-f520-464f-bfff-cff1e7815fa1,38.70697031,-9.191184272,Portugal,Lisbon,MUR,LWAL,CDL,2,COM,BP2,RSH1,RMN,,
237aaacf-7b83-46d2-b6ec-b126728a170f,38.71734759,-9.211396575,Portugal,Lisbon,MUR,LWAL,CDL,4,RES,BP1,RSH1,RMN,,
dee64b4c-ae64-4bab-b4f0-acacc52dd643,38.7039439,-9.19795345,Portugal,Lisbon,MUR,LWAL,CDL,4,RES,BP2,RSH2,RMT1,,
2f6f292f-0c07-4c0c-bf44-34ca6419bab8,38.7148525,-9.1811105,Portugal,Lisbon,MCF,LWAL,CDN,2,RES,BP2,RSH2,RMT1,,
54ca0cd6-6316-407b-91b4-f2c6b8aaf18d,38.69504498,-9.207249048,Portugal,Lisbon,MCF,LWAL,CDM,1,COM,BP2,RSH1,RMN,,
3b3dba3e-c50f-4567-a701-124571eb99fc,38.7067542,-9.194592144,,,,,,,,,,,,
783affb4-4c7f-447d-8491-fd21587246d0,38.69824127,-9.21998784,Portugal,Lisbon,MUR,LWAL,CDL,3,RES,BP1,RSH2,RMT1,,
774444b4-10f3-4d43-aef4-3a601f99e7a5,38.69769601,-9.198020444,Portugal,Lisbon,MUR,LWAL,CDL,4,RES,BP2,RSH2,RMT1,,
469626fd-4409-4688-8f9c-a0378a9dd739,38.71048356,-9.200028228,Portugal,Lisbon,CR,LFINF,CDM,2,RES,BPD,RSH2,RMT1,,
3862f58c-ff12-44cc-83b8-6fb050386cac,38.7019648,-9.22028175,,,,,,,,,,,,
ce1645fe-782d-4dcb-a4c9-253567b48470,38.70101767,-9.178426816,,,,,,,,,,,,
228860b0-7082-4a42-8cd1-8c2434f8036c,38.70116328,-9.21467187,,,,,,,,,,,,
b9d530d9-5382-4073-847a-5e9a6ae2d36c,38.70528365,-9.1957728,Portugal,Lisbon,CR,LFINF,CDN,06/jul,MIX(RES;COM),BP3,RSH1,RMN,,
e01f19bf-ef6f-4031-9a6a-6d78aadf5b9d,38.70429269,-9.192985173,Portugal,Lisbon,CR,LFM,CDL,4,MIX(RES;COM),BP1,RSH3,RMT1,,
d542f7b1-778f-4054-90b9-c462e5d3ec81,38.69945195,-9.191501105,Portugal,Lisbon,CR,LFM,CDM,4,COM,BP2,RSH1,RMN,,
2a22d7ad-f3f9-407a-a020-100f7a96a450,38.69282745,-9.21351125,,,,,,,,,,,,
54b456bf-bc2f-490e-b3fe-43619f3a6883,38.70608186,-9.17613061,Portugal,Lisbon,MUR,LWAL,CDL,2,RES,BP2,RSH2,RMT1,,
3da50f11-9f47-41bc-aaae-0c2c711dea87,38.70550362,-9.177238395,Portugal,Lisbon,CR,LFM,CDL,3,RES,BP1,RSH1,RMN,,
5b8e38ce-d495-4d93-8e35-e1e0d5b87bd5,38.70564049,-9.184097428,Portugal,Lisbon,MUR,LWAL,CDN,5,MIX(RES;COM),BP1,RSH1,RMN,,
dc4afab9-10e4-4d74-acf7-89518a9521a8,38.71013107,-9.200946533,Portugal,Lisbon,MUR,LWAL,CDL,2,RES,BPD,RSH2,RMT1,,
1edde891-4cb3-48b5-a4db-76bf522b764c,38.71129148,-9.193412566,,,,,,,,,,,,
1d8c3e9b-a80a-40cb-90e1-cf5cb5ac4c05,38.70632927,-9.174801242,Portugal,Lisbon,MUR,LWAL,CDN,3,MIX(RES;COM),BP2,RSH1,RMN,,
eb4643db-5133-4c58-a418-5aa6c8897654,38.71144262,-9.205508581,,,,,,,,,,,,
c6d14307-e917-44b9-accd-389a4a79565f,38.70135505,-9.2156253,,,,,,,,,,,,
c721175e-5829-40f9-93b8-bed4ea4fdcd9,38.70787139,-9.195135881,Portugal,Lisbon,CR,LFM,CDL,5,RES,BP1,RSH1,RMN,,
3e735d34-7840-4493-974b-36050146397d,38.71181514,-9.204872396,Portugal,Lisbon,MUR,LWAL,CDN,1,IND,BP1,RSH2,RMT1,,
1f501524-9152-483a-af45-cca8a5cce9f6,38.71044573,-9.186770058,,,,,,,,,,,,
c7b666de-54d4-4b30-aeea-275753988c92,38.70900112,-9.195963658,Portugal,Lisbon,MUR,LWAL,CDN,2,RES,BP2,RSH2,RMT1,,
7d43c55b-5702-4c02-9bdb-5f298d752895,38.70415771,-9.200141192,Portugal,Lisbon,MUR,LWAL,CDL,2,RES,BP2,RSH1,RMN,,
d613f193-9a77-4184-9859-6f51c3962f98,38.70919679,-9.196896573,,,,,,,,,,,,
04145396-d8a1-4778-936a-b5d34538137f,38.69869933,-9.191465365,,,,,,,,,,,,
5d5296a5-58ec-4096-9c6c-84e0567f3841,38.71035805,-9.20336595,Portugal,Lisbon,MUR,LWAL,CDL,2,RES,BP1,RSH1,RMN,,
84ee8fe0-39d7-4f07-b197-7bfe07281e9e,38.7022247,-9.178276282,,,,,,,,,,,,
970d06ab-3afd-4939-88a7-74ffe470cace,38.70930802,-9.203357309,Portugal,Lisbon,MUR,LWAL,CDN,1,RES,BP1,RSH2,RMT1,,
5f7e3005-01f2-4d5b-acd6-1ef8740c8af6,38.70193265,-9.20277875,Portugal,Lisbon,MCF,LWAL,CDL,2,COM,BP1,RSH1,RMN,,
dc1df610-c595-48b7-89d5-19a9c3c8859c,38.70830229,-9.208134085,Portugal,Lisbon,CR,LDUAL,CDH,06/jul,RES,BP1,RSH1,RMN,,
73150779-2b04-4a4c-90d6-214688b723a2,38.7006823,-9.22030752,,,,,,,,,,,,
fc3e5d4d-9ffe-4d26-ae0b-37ea8ab454a9,38.71273268,-9.206728093,,,,,,,,,,,,
a001182f-fd11-4f11-a324-a7688e220693,38.70972809,-9.201271843,Portugal,Lisbon,MUR,LWAL,CDL,2,RES,BP2,RSH2,RMT1,,
c98a309b-6547-4292-8001-b1ba9476f072,38.69734175,-9.216358497,,,,,,,,,,,,
b505ee3d-6dc4-46aa-8b69-1d93b8375133,38.7040289,-9.196209847,Portugal,Lisbon,MCF,LWAL,CDL,4,RES,BP1,RSH2,RMT1,,
b5b5eeb8-3d12-4fb4-bf7d-088622413564,38.70654577,-9.210836816,Portugal,Lisbon,MCF,LWAL,CDH,2,RES,BP1,RSH1,RMN,,
e70f6988-f7ac-4136-9017-f5c6aeb3705e,38.70090346,-9.203718992,Portugal,Lisbon,MUR,LWAL,CDL,2,RES,BPD,RSH2,RMT1,,
1e721233-b58a-4d4b-8e04-3bd39a7b4918,38.69699354,-9.202449484,,,,,,,,,,,,
ec48b6ee-d723-4804-870c-3207e1200e3d,38.70298512,-9.193248561,Portugal,Lisbon,MUR,LWAL,CDL,4,MIX(RES;COM),BP3,RSH1,RMN,,
eeef101e-19f4-4866-83db-e70dd068c7fb,38.70560076,-9.183512682,Portugal,Lisbon,MUR,LWAL,CDN,4,COM,BP2,RSH1,RMN,,
bc24a47f-c038-4929-b12c-7dad5d526fb2,38.70939372,-9.17584373,Portugal,Lisbon,MUR,LWAL,CDL,1,RES,BPD,RSH1,RMN,,
8532017c-f5f7-449c-aa55-4ac5cf6c9769,38.6987182,-9.2110552,,,,,,,,,,,,
f4aa7a71-d91a-4d58-a91b-5653e7c67473,38.69731556,-9.192824781,Portugal,Lisbon,MUR,LWAL,CDN,2,RES,BP1,RSH2,RMT1,,
97c5501d-8b5f-4776-b0d3-6c90dbd9ac6b,38.70285879,-9.193683407,Portugal,Lisbon,MUR,LWAL,CDL,2,RES,BP2,RSH2,RMT1,,
b9ff5375-9614-45ff-b872-cbd26e957951,38.70537511,-9.181752518,Portugal,Lisbon,CR,LFINF,CDL,5,RES,BP1,RSH1,RMN,,
69e91b9d-3bcf-4208-8743-2c9bd4afd6ab,38.7114079,-9.1921631,Portugal,Lisbon,MUR,LWAL,CDN,1,RES,BP1,RSH2,RMT1,,
2fbc6402-cf27-4f97-beda-d6299a8248b0,38.70287057,-9.213245567,,,,,,,,,,,,
8405d5c8-ebd5-42c9-bdeb-ba1b7e42c7da,38.70379552,-9.190891222,Portugal,Lisbon,CR,LFINF,CDN,4,MIX(RES;COM),BP1,RSH1,RMN,,
4fa82f05-9ae4-443f-9043-c17dcb6b380d,38.70706805,-9.21230689,Portugal,Lisbon,MCF,LWAL,CDM,3,RES,BP2,RSH1,RMN,,
6de933ed-a429-46ca-abe5-9c27ff42c2a1,38.70580192,-9.183774415,Portugal,Lisbon,MUR,LWAL,CDL,4,RES,BP2,RSH1,RMN,,
7c8d4dbd-b57d-4959-a54e-1fb1b1837216,38.70040525,-9.190647707,Portugal,Lisbon,CR,LFINF,CDL,4,MIX(RES;COM),BP1,RSH2,RMT1,,
8972d5c0-1b8f-4916-be40-8df92cb60cc4,38.70208744,-9.217504108,,,,,,,,,,,,
e36b1efe-af13-4d30-9de1-3abec17d7867,38.7024238,-9.181818562,Portugal,Lisbon,MUR,LWAL,CDL,1,RES,BP1,RSH2,RMT1,,
9b3ba6dc-356f-418a-9707-9b2a55534e6e,38.71659323,-9.212598775,Portugal,Lisbon,MUR,LWAL,CDL,1,RES,BP1,RSH2,RMT1,,
1fcc095b-a22a-42eb-87c7-f059129b973e,38.69979096,-9.225902616,Portugal,Lisbon,MUR,LWAL,CDL,5,RES,BP1,RSH1,RMN,,
13a5ea5c-1509-4ffd-ac16-282cae1fd9c3,38.70062393,-9.189952781,Portugal,Lisbon,CR,LFM,CDL,5,RES,BP3,RSH1,RMN,,
f5538431-3192-4914-afef-8b2e0ad5074e,38.7076629,-9.1885011,,,,,,,,,,,,
8b2169bb-64f3-44c0-9e42-ce517102e495,38.70552582,-9.180300657,Portugal,Lisbon,MUR,LWAL,CDL,4,RES,BP1,RSH1,RMN,,
fdcd21ef-c50b-4767-af04-1d20d325d3b3,38.69774623,-9.196364424,Portugal,Lisbon,MUR,LWAL,CDL,2,RES,BP2,RSH1,RMN,,
625e8ed6-fd1c-438c-a761-2a2f3589ead1,38.70580464,-9.188402264,Portugal,Lisbon,MUR,LWAL,CDL,4,RES,BP2,RSH1,RMN,,
51815cc8-2f73-4c59-ab86-c611c5d82600,38.70644763,-9.190427921,Portugal,Lisbon,MCF,LWAL,CDH,4,COM,BP1,RSH1,RMN,,
0516415c-7091-47d0-888d-9ea67dca92fd,38.69729401,-9.217101493,,,,,,,,,,,,
dc9d7359-823b-4401-9958-3589c8a13722,38.70202952,-9.201997769,Portugal,Lisbon,CR,LFM,CDM,4,MIX(RES;COM),BP3,RSH1,RMN,,
4f0d6310-ceff-4760-8973-d9405e3858e4,38.69623476,-9.216189792,,,,,,,,,,,,
f22f88dd-b55b-4c1d-8746-73f9f527bb1f,38.69998382,-9.226395851,Portugal,Lisbon,MUR,LWAL,CDL,5,RES,BP1,RSH2,RMT1,,
973a845c-f153-4832-82c1-9cbdafcfcceb,38.70799505,-9.20126035,,,,,,,,,,,,
2bfb7472-be4c-4aea-832f-dab0888c73fe,38.69814251,-9.208920297,Portugal,Lisbon,CR,LFM,CDL,4,COM,BP3,RSH2,RMT1,,
8815d0fd-e336-4e5d-9f0d-ad5ee83f7186,38.71178214,-9.205185112,Portugal,Lisbon,MUR,LWAL,CDL,1,RES,BPD,RSH2,RMT1,,
331c240a-386d-4606-b5e7-44e52ab9343f,38.69764461,-9.203008806,Portugal,Lisbon,MUR,LWAL,CDN,4,MIX(RES;COM),BP1,RSH1,RMN,,
50f6cea7-68b6-4116-a703-9aa3ae55b675,38.7167052,-9.188967969,,,,,,,,,,,,
9723b580-d609-4df5-b2fe-b8dc1e704117,38.71128087,-9.199140623,Portugal,Lisbon,MUR,LWAL,CDL,2,RES,BP2,RSH2,RMT1,,
2100f8a0-ddbb-40f6-af65-7f95add178d6,38.70060087,-9.205594598,Portugal,Lisbon,MUR,LWAL,CDN,1,RES,BPD,RSH2,RMT1,,
ff8a77d8-a860-40e9-9a7b-acfc40380269,38.70317376,-9.190927805,Portugal,Lisbon,HYB(MCF;MUR),LFM,CDL,5,MIX(RES;COM),BP1,RSH1,RMN,,
a21ea391-b2b3-4304-be71-7bf032f456c0,38.70477325,-9.18726945,,,,,,,,,,,,
a552cf80-e1a2-4e8b-b886-ab1cbcbe6973,38.70088405,-9.210254779,,,,,,,,,,,,
e2d3e739-aa19-49b5-b989-6ed5fe2eb631,38.69998034,-9.188458713,,,,,,,,,,,,
9acbe433-b305-46b2-a3ac-4ea64d9d2a2b,38.708043,-9.206949031,,,,,,,,,,,,
de78b977-33cd-44da-945a-905bf28c7c44,38.71354994,-9.215731221,,,,,,,,,,,,
4272f97e-37e4-469d-ab08-a4a4f706b64e,38.71446913,-9.181295988,Portugal,Lisbon,MCF,LWAL,CDH,2,RES,BP1,RSH2,RMT1,,
191a5107-7969-44be-a1f8-1b91ed058998,38.69707422,-9.215445858,Portugal,Lisbon,MUR,LWAL,CDL,2,RES,BP1,RSH2,RMT1,,
cec98db1-78ce-4221-b7ae-231ecf4bbaed,38.70481254,-9.199167841,Portugal,Lisbon,W,LWAL,CDN,1,RES,BP1,RSH1,RMN,,
99fa811e-6a25-4202-9d02-2e16d78e95cd,38.71060859,-9.192268564,Portugal,Lisbon,CR,LFM,CDM,06/jul,RES,BP1,RSH1,RMN,,
961dc9e2-1e75-4be0-88a7-df2891231f41,38.70766965,-9.20615435,Portugal,Lisbon,CR,LFINF,CDL,06/jul,MIX(RES;COM),BP1,RSH1,RMN,,
da7cf4ec-8e88-42df-b5fd-66b7a6c164cc,38.70659435,-9.20733085,Portugal,Lisbon,CR,LDUAL,CDH,08/set,RES,BP1,RSH1,RMN,,
928b32dd-cafc-45fd-a354-48b04c68be8f,38.69761418,-9.195930414,Portugal,Lisbon,MUR,LWAL,CDN,2,RES,BP2,RSH1,RMN,,
8ee32d79-86b4-4c1c-9bba-8bb71a1f32ad,38.69705041,-9.195905321,,,,,,,,,,,,
10772e4c-1f73-4c5e-81a7-14f9766bd0de,38.70314303,-9.183991469,Portugal,Lisbon,CR,LFM,CDM,5,RES,BP2,RSH1,RMN,,
57ffd170-4e68-4da5-8ca9-5685ce569804,38.6977735,-9.210798582,,,,,,,,,,,,
e387309e-400e-47e6-aaa0-54dd7f888bad,38.70452574,-9.214353624,,,,,,,,,,,,
25338741-5f2e-452a-8dd8-a5611b77d4fa,38.69951546,-9.214729672,,,,,,,,,,,,
2744555c-3403-4ff6-900f-d53252c6b97c,38.70548119,-9.178536637,Portugal,Lisbon,MUR,LWAL,CDL,4,RES,BP2,RSH1,RMN,,
4c91fc7f-844b-4712-96dc-7e6cac5eaeec,38.70580201,-9.180466449,Portugal,Lisbon,MUR,LWAL,CDL,2,RES,BP2,RSH1,RMN,,
9da78d54-145b-4d8d-a055-59ee3a4cc866,38.70168223,-9.220415553,,,,,,,,,,,,
6c095b7e-3710-4081-a6f2-c0b6a80a2e35,38.69707689,-9.213930073,,,,,,,,,,,,
e16bb7ea-5bcf-4bc0-83dd-f0dfe996194a,38.69895532,-9.204486825,Portugal,Lisbon,MUR,LWAL,CDL,2,RES,BP1,RSH1,RMN,,
b64628d0-49f8-486a-872e-12d869f5d534,38.71029146,-9.19956142,Portugal,Lisbon,MUR,LWAL,CDL,2,RES,BP1,RSH2,RMT1,,
5eb3f081-618e-41c6-a0df-a06ec477f819,38.70831874,-9.189794159,,,,,,,,,,,,
10726672-7014-47da-abcf-990968175ec0,38.7026013,-9.187192586,,,,,,,,,,,,
dee1c644-aae9-443c-891b-dda0f23f2e44,38.70275717,-9.177818149,,,,,,,,,,,,
a2e5095e-af6d-4a7c-9f51-f02311f93473,38.69903475,-9.199351672,,,,,,,,,,,,
23ad815b-c033-40fa-ac5c-235d0948b5c8,38.69725183,-9.218909717,Portugal,Lisbon,MUR,LWAL,CDL,2,RES,BPD,RSH2,RMT1,,
f04461b8-28ec-4bfa-826d-d87c0cdb1352,38.69628965,-9.216909211,Portugal,Lisbon,MUR,LWAL,CDL,2,RES,BPD,RSH2,RMT1,,
a4d8dc20-7546-4291-b49d-f3ade08cf2f4,38.69666311,-9.196906757,,,,,,,,,,,,
5b68f8a6-c693-4517-94e1-69e0138ff4b7,38.69902272,-9.214689879,,,,,,,,,,,,
e30ceb3e-abdc-4099-ba33-317ed34e46b0,38.69893362,-9.220769181,Portugal,Lisbon,MUR,LWAL,CDL,4,RES,BP1,RSH1,RMN,,
99768ec2-2a03-44e3-8918-9f806e63d5a4,38.70078621,-9.191977501,Portugal,Lisbon,CR,LFM,CDL,4,RES,BP1,RSH1,RMN,,
13b935a0-d891-4abc-9916-203073ebd953,38.70811361,-9.189120438,,,,,,,,,,,,
4caed7c0-5002-4f8a-beaf-aa8ad98b614d,38.69781006,-9.217891399,Portugal,Lisbon,MUR,LWAL,CDN,2,RES,BP2,RSH1,RMN,,
3a9b757f-073d-49d7-9035-7cfeb6a811f1,38.7055073,-9.181069576,Portugal,Lisbon,MUR,LWAL,CDL,4,RES,BP1,RSH1,RMN,,
a3e88cf9-6f87-4560-a54e-08062907caf6,38.70812314,-9.175345492,Portugal,Lisbon,MUR,LWAL,CDN,2,RES,BP1,RSH2,RMT1,,
8befc4cf-1d6d-43a9-9742-764cc34281ef,38.69931902,-9.190994114,Portugal,Lisbon,MCF,LWAL,CDH,5,RES,BP2,RSH1,RMN,,
15007401-5b35-4895-b4ae-5d6dfb269eaf,38.70591636,-9.186766247,Portugal,Lisbon,MCF,LWAL,CDH,4,MIX(RES;COM),BP1,RSH1,RMN,,
0d47dbb6-82c9-45e6-baa8-805c3ab10a3b,38.70828475,-9.199492077,,,,,,,,,,,,
d890e8b4-0d5f-406b-9a1c-96f643f3a01b,38.71088387,-9.192968241,Portugal,Lisbon,CR,LFM,CDM,4,MIX(RES;COM),BP1,RSH1,RMN,,
4020651d-c7de-410d-8b75-562d7a18189c,38.71628837,-9.214014003,Portugal,Lisbon,MUR,LWAL,CDL,2,RES,BP1,RSH1,RMN,,
26fb942e-7e0f-4de4-83db-12081402f747,38.70692599,-9.214140257,,,,,,,,,,,,
1b11b00e-cd0b-432c-8111-514a68ee5120,38.69813091,-9.199102164,,,,,,,,,,,,
71e11767-52e6-4883-9ac2-463f1dc5a91a,38.7034747,-9.1873383,Portugal,Lisbon,MUR,LWAL,CDL,2,RES,BP1,RSH1,RMN,,
9e922144-3b8a-47ab-a505-2d176703f1cb,38.71168978,-9.201836963,Portugal,Lisbon,MUR,LWAL,CDL,2,RES,BPD,RSH1,RMN,,
5a5ef06f-ede7-41c4-82ba-f03ef39c5dd0,38.71226855,-9.187419987,,,,,,,,,,,,
aed1809e-7561-4f29-bfab-91642fa526df,38.71112066,-9.196804901,Portugal,Lisbon,CR,LDUAL,CDN,08/set,RES,BP2,RSH1,RMN,,
6a6c698c-d8bf-4fcc-972c-7be364ce3f0e,38.70967066,-9.175029549,Portugal,Lisbon,MUR,LWAL,CDL,2,RES,BP2,RSH2,RMT1,,
dc3228b9-07a3-483c-924b-64d71522ec57,38.6992999,-9.181590885,Portugal,Lisbon,CR,LFM,CDN,1,COM,BPD,RSH2,RMT1,,
bd13c393-e80d-4e16-b742-0526bee7fcec,38.71545805,-9.21465185,Portugal,Lisbon,CR,LFM,CDL,1,COM,BP1,RSH2,RMT1,,
f7c4650d-bb64-4d4e-a3ef-cea3052368a1,38.70522135,-9.216083831,Portugal,Lisbon,MUR,LWAL,CDN,1,RES,BP2,RSH1,RMN,,
59660319-6fac-4882-a4a0-28611cab8b64,38.70428772,-9.213929962,,,,,,,,,,,,
3d6face0-0c28-4ae3-b41e-729210f01de4,38.69671969,-9.21672858,Portugal,Lisbon,MUR,LWAL,CDL,3,RES,BP1,RSH2,RMT1,,
763e3569-327d-4c4f-a301-9bc84914a5e0,38.69810691,-9.193119227,,,,,,,,,,,,
117b2fa5-3c69-4086-8953-e49c662c6ae4,38.693819,-9.21766345,,,,,,,,,,,,
ef47f075-98c1-4e46-855f-f1a6f0217be8,38.7033487,-9.19987265,Portugal,Lisbon,MUR,LWAL,CDL,2,RES,BP2,RSH2,RMT1,,
01b07857-91ed-4cf3-943b-e23ce24c50ed,38.70803635,-9.176414766,Portugal,Lisbon,S,LFM,CDH,1,RES,BPD,RSH2,RMT1,,
2b7ecaac-a2e4-4a38-9016-59c5d6a92491,38.69870547,-9.219830611,,,,,,,,,,,,
bcd9e22c-9713-4016-8f76-23dbf78a9bc1,38.69883548,-9.204478538,,,,,,,,,,,,
4b33e113-4953-4186-8f25-8451ebe97869,38.70239226,-9.195510359,Portugal,Lisbon,MUR,LWAL,CDL,4,RES,BP1,RSH2,RMT1,,
5d46f3ea-52fa-468e-8374-ebd58dd5dbfa,38.70645672,-9.189013088,Portugal,Lisbon,CR,LFM,CDM,08/set,COM,BP1,RSH1,RMN,,
1b957cee-91e3-4482-ac28-bda39c312749,38.70217317,-9.183719735,Portugal,Lisbon,MUR,LWAL,CDL,2,RES,BPD,RSH1,RMN,,
3151359c-1efc-4cd5-aae6-73776da83600,38.70880121,-9.200269064,,,,,,,,,,,,
279d773e-081b-492b-b2da-0e0f28df1fd7,38.69839,-9.1936971,,,,,,,,,,,,
b7ec793b-103b-4c54-bb24-7c1ff8fcbe4f,38.70470861,-9.21050969,,,,,,,,,,,,
affc14f7-7248-473e-94a3-d06fc72e1ca0,38.70464429,-9.175469366,Portugal,Lisbon,CR,LDUAL,CDH,08/set,RES,BP1,RSH1,RMN,,
3f98b80e-8469-464f-bc39-38c057304619,38.70709552,-9.195595091,Portugal,Lisbon,MUR,LWAL,CDL,2,RES,BPD,RSH2,RMT1,,
8f51b6d2-8956-442f-8c79-e1d2220d1c38,38.7077993,-9.208787952,Portugal,Lisbon,CR,LFM,CDH,10/dez,MIX(RES;COM),BP2,RSH1,RMN,,
bdb93a40-0e40-4f28-b992-a7ec75d7d33a,38.69719167,-9.224660218,Portugal,Lisbon,MUR,LWAL,CDL,2,RES,BP1,RSH2,RMT1,,
3f9daa5d-3712-4f71-accd-70c6f568c7ca,38.70008869,-9.212065967,,,,,,,,,,,,
87bf91a8-15ac-4b25-8eb5-9223908cc0c0,38.69406622,-9.222149088,,,,,,,,,,,,
cdb822ca-2490-4f87-b30d-723fafbd0aaa,38.71302873,-9.209431676,Portugal,Lisbon,MUR,LWAL,CDL,2,RES,BPD,RSH2,RMT1,,
f2995331-5358-455e-af99-19bfa3948e47,38.70287362,-9.196901302,Portugal,Lisbon,MUR,LWAL,CDL,2,RES,BP1,RSH1,RMN,,
8571d887-2130-432a-9734-2ae55294861d,38.70389645,-9.204219821,Portugal,Lisbon,MUR,LWAL,CDL,2,RES,BP1,RSH2,RMT1,,
cd24748e-2f84-4f09-918e-bf8374a391e3,38.70210108,-9.198190542,Portugal,Lisbon,MUR,LWAL,CDN,1,RES,BP2,RSH3,RMT1,,
46f1d470-a90d-4ca2-9f85-7dd1e418b459,38.70562289,-9.205752097,Portugal,Lisbon,CR,LFM,CDN,4,MIX(RES;COM),BP2,RSH1,RMN,,
3a61518f-68a9-45f4-8326-3ceb2bb13bf7,38.70185316,-9.203904385,Portugal,Lisbon,CR,LFM,CDM,5,RES,BP2,RSH1,RMN,,
9ad669a7-277c-40dd-a5bc-15b739882432,38.69398162,-9.218173143,Portugal,Lisbon,CR,LFINF,CDN,5,RES,BP1,RSH1,RMN,,
65a73bdd-1373-4010-808a-3e3de68d0bb4,38.699318,-9.191361258,Portugal,Lisbon,CR,LFM,CDL,5,RES,BP2,RSH1,RMN,,
bfeac9e8-2355-430d-aeda-925610e961e8,38.70635712,-9.174482678,Portugal,Lisbon,MUR,LWAL,CDL,4,COM,BP1,RSH1,RMN,,
7cafe93b-ed0c-4089-bcf9-ed1eb362b403,38.70039977,-9.179827572,,,,,,,,,,,,
b0acaa21-0e70-47bf-be1c-d149b604f974,38.70465755,-9.2029907,Portugal,Lisbon,MUR,LWAL,CDL,2,RES,BP2,RSH2,RMT1,,
4b7f98f2-4507-4228-878f-b0a50ee4e198,38.70776216,-9.210170906,Portugal,Lisbon,MUR,LWAL,CDN,5,RES,BP2,RSH1,RMN,,
ea0d33dd-1555-4b88-ad21-5dc518e90063,38.7091802,-9.193160879,Portugal,Lisbon,CR,LFM,CDN,3,COM,BP2,RSH1,RMN,,
95b1d0dd-6bf9-476b-9cf3-b81fa8a5d1b2,38.69959336,-9.219990221,Portugal,Lisbon,MUR,LWAL,CDN,1,RES,BPD,RSH2,RMT1,,
dad12b00-c933-492d-ae6c-f504a9e8363a,38.7040599,-9.2051505,,,,,,,,,,,,
a6efd33a-911a-4ca5-8f4d-a843807a2e67,38.71755037,-9.211980571,,,,,,,,,,,,
33adb491-5eb2-49a7-ba82-9e7b34895c5b,38.7161117,-9.185828038,,,,,,,,,,,,
043b1c44-795f-4a3f-8c0b-71807908e342,38.71371706,-9.206837829,Portugal,Lisbon,MUR,LWAL,CDL,1,RES,BP2,RSH2,RMT1,,
e6151aae-f396-4813-9c38-2dae2dddfec5,38.71054473,-9.197602367,Portugal,Lisbon,S,LFM,CDH,5,RES,BP1,RSH1,RMN,,
8bc6978a-9a3f-44e1-88c9-21c30f4f484b,38.7063238,-9.19939885,,,,,,,,,,,,
996784ec-1fbf-4f31-a245-2fb8f1078128,38.69506427,-9.203423315,Portugal,Lisbon,MCF,LWAL,CDH,1,IND,BPD,RSH1,RMN,,
a3719fcf-54fa-40d9-93e3-b2a1644904ee,38.69947758,-9.223193309,Portugal,Lisbon,MUR,LWAL,CDL,2,RES,BP2,RSH2,RMT1,,
fa70beed-e92a-4051-8bb7-d2d20dfee3bd,38.71683916,-9.217728233,Portugal,Lisbon,MCF,LWAL,CDN,2,RES,BP2,RSH1,RMN,,
7f2c507c-43ef-46eb-82dd-f6b40b15f0c7,38.70113786,-9.204350022,Portugal,Lisbon,MCF,LWAL,CDH,3,RES,BP2,RSH1,RMN,,
cbf48bf2-849f-426b-bef0-df3bff513b56,38.7142415,-9.1809597,Portugal,Lisbon,MUR,LWAL,CDL,1,RES,BP1,RSH1,RMN,,
2bb577a9-d141-4ff2-9b92-90b0058994d6,38.70649804,-9.199396937,Portugal,Lisbon,CR,LFM,CDN,1,COM,BP2,RSH1,RMN,,
7a9d5807-2aaf-43b5-b79c-6268971062e7,38.70275025,-9.19112813,,,,,,,,,,,,
f56dc70e-588d-4b96-b8f1-50e039e40c9b,38.70837256,-9.212115372,Portugal,Lisbon,CR,LFM,CDH,5,RES,BP1,RSH1,RMN,,
886853e5-32eb-4851-b1a4-55dd3f224f21,38.71168605,-9.2032004,,,,,,,,,,,,
c219cb02-6987-4663-9b06-ee3e13f88101,38.70267847,-9.193507288,Portugal,Lisbon,MUR,LWAL,CDL,2,RES,BP2,RSH2,RMT1,,
c4fa9c55-91df-4256-83a7-83a8e4896c7d,38.70009651,-9.180226239,Portugal,Lisbon,CR,LFM,CDN,1,COM,BP3,RSH1,RMN,,
79822280-d00a-458c-b2ff-d5f8ef63db3b,38.70496386,-9.191058975,Portugal,Lisbon,MUR,LWAL,CDN,2,RES,BP1,RSH2,RMT1,,
7ee06394-f888-4dac-9eac-5b97b9906c1f,38.71296851,-9.183864945,,,,,,,,,,,,
95bbb351-0a63-4cda-8dde-dfdb69d9ef8a,38.70107432,-9.190568995,Portugal,Lisbon,MUR,LWAL,CDL,4,RES,BP1,RSH2,RMT1,,
866c5a36-63ce-4582-9341-6f27dd40bdca,38.70053577,-9.205093863,Portugal,Lisbon,MUR,LWAL,CDL,2,RES,BPD,RSH1,RMN,,
c43bf173-d5e4-4471-9e87-8e33da71b83f,38.69699737,-9.196731404,,,,,,,,,,,,
3abe1f0b-12b9-46a8-8638-aa0e249ba2d7,38.7077757,-9.2147615,Portugal,Lisbon,MUR,LWAL,CDN,2,RES,BP1,RSH1,RMN,,
4e302fd3-3c78-4567-9685-440b61fe4100,38.69512284,-9.225648848,,,,,,,,,,,,
34ba52eb-8a78-45df-9781-df1dde480ae8,38.70252124,-9.193341319,Portugal,Lisbon,CR,LFM,CDL,4,COM,BP2,RSH1,RMN,,
773e272d-bf25-46b8-8a29-99698e04d50c,38.70467082,-9.198154826,Portugal,Lisbon,CR,LFINF,CDL,5,RES,BP1,RSH2,RMT1,,
e8f1227f-52a6-4e1b-9c0c-93e01b0c39f5,38.69795647,-9.201674336,Portugal,Lisbon,MUR,LWAL,CDL,1,RES,BPD,RSH2,RMT1,,
44d09661-a9bb-4924-bca1-a747e47bc8ac,38.69693553,-9.217815401,,,,,,,,,,,,
157496b7-b7fe-4143-94f8-806a04b115fe,38.70345908,-9.203233303,Portugal,Lisbon,MUR,LWAL,CDL,4,RES,BP3,RSH1,RMN,,
6a0d80ca-b635-4759-8c36-e5c8b9b77f42,38.70610198,-9.210614559,,,,,,,,,,,,
38e00efc-58a4-454b-ba5a-303f703434a7,38.7037039,-9.1856885,,,,,,,,,,,,
8b692632-7733-4941-8a0e-c15bb78628ce,38.70216203,-9.203926679,Portugal,Lisbon,CR,LFINF,CDL,4,RES,BP2,RSH1,RMN,,
dd25e191-8496-4794-8fd0-66b771ae60b6,38.69775819,-9.20344377,,,,,,,,,,,,
708af758-aa88-464d-9caf-6bf7e520628b,38.70640402,-9.191544602,Portugal,Lisbon,CR,LFINF,CDL,5,RES,BP1,RSH1,RMN,,
163ca639-42b8-40ef-9619-3d1d62713de8,38.70632735,-9.182415395,,,,,,,,,,,,
60285185-a963-4601-bda6-7bc4b31802f3,38.70361192,-9.193185101,Portugal,Lisbon,CR,LFM,CDL,4,RES,BP3,RSH1,RMN,,
22cca58d-4a40-4655-8df4-316c77aee758,38.69774899,-9.215973917,,,,,,,,,,,,
5e8c679d-c6e5-4a0a-8055-4d58bdfd7286,38.70478692,-9.201462374,Portugal,Lisbon,CR,LFM,CDM,4,RES,BP2,RSH1,RMN,,
d1b93ddf-27ed-45cb-8c70-a98daf2260e2,38.70780126,-9.206228854,Portugal,Lisbon,CR,LFM,CDL,06/jul,MIX(RES;COM),BP2,RSH1,RMN,,
83b12ec8-ec91-4b5b-a251-bb81e6027d57,38.70947664,-9.200586684,Portugal,Lisbon,S,LFM,CDM,3,RES,BP2,RSH1,RMN,,
da52ac15-58ca-4555-8636-de7766e1fe1e,38.70207601,-9.201877007,Portugal,Lisbon,CR,LFM,CDM,4,MIX(RES;COM),BP2,RSH1,RMN,,
51dd40ad-d55d-4e94-9819-c6d25bb66d0a,38.7066413,-9.174984675,Portugal,Lisbon,MUR,LWAL,CDL,2,RES,BP1,RSH1,RMN,,
986d9fd8-5298-48ce-91ab-9981e4ab5fbb,38.70162147,-9.192419262,Portugal,Lisbon,MCF,LWAL,CDL,4,RES,BP1,RSH1,RMN,,
d9509e8e-9b27-48cb-bec0-6e294ebf30df,38.70674877,-9.217389938,,,,,,,,,,,,
d7847323-86e2-452a-a97e-d196a11b2608,38.70214384,-9.18776642,,,,,,,,,,,,
48f6f63c-6c40-4d43-bcce-e766414313e4,38.70574306,-9.193867993,Portugal,Lisbon,CR,LFM,CDL,4,MIX(RES;COM),BP1,RSH1,RMN,,
600cfc3e-421c-43fe-a48c-59f69fc21210,38.69997024,-9.180928639,Portugal,Lisbon,CR,LFM,CDN,2,COM,BP1,RSH1,RMN,,
17c32211-8eeb-4c72-ae64-5c0a62ec3d77,38.69715477,-9.218052769,Portugal,Lisbon,MCF,LWAL,CDM,2,RES,BP1,RSH5,RMT1,,
a3a9fa38-2565-417e-81ad-9ca24f7b984b,38.70267746,-9.194489459,Portugal,Lisbon,MUR,LWAL,CDL,2,RES,BP1,RSH1,RMN,,
8e5f250a-daef-4b33-a295-ade117b90d36,38.71697583,-9.211490448,Portugal,Lisbon,MUR,LWAL,CDL,2,RES,BPD,RSH2,RMT1,,
238fdede-5bbf-4a07-9cea-d80ec0ef3778,38.7180293,-9.2108666,Portugal,Lisbon,MUR,LWAL,CDL,4,RES,BP1,RSH1,RMN,,
dc8cdbb8-ac6e-424f-829e-b732386f0c8a,38.70596635,-9.194014555,Portugal,Lisbon,CR,LFINF,CDL,4,RES,BP1,RSH1,RMN,,
23795d93-4e92-4e05-b844-2f8c80ebc32f,38.70554141,-9.183986114,Portugal,Lisbon,MUR,LWAL,CDL,4,MIX(RES;COM),BP1,RSH1,RMN,,
25e26c5f-0f2f-4828-bec3-beb48b1a0270,38.7010186,-9.182168568,Portugal,Lisbon,MUR,LWAL,CDN,06/jul,RES,BPD,RSH1,RMN,,
84bd6cbc-9cc4-4d65-8733-79a59a3a5fe0,38.70099925,-9.22052375,,,,,,,,,,,,
a30e58a6-9de1-49db-91e9-0063f7a0155f,38.70334083,-9.217752592,,,,,,,,,,,,
3868fe55-5599-4628-82aa-0df55315f742,38.70990095,-9.215868999,,,,,,,,,,,,
917d9095-7a96-456c-9c7e-14d656be2ce2,38.6966437,-9.217165582,Portugal,Lisbon,MCF,LWAL,CDH,2,RES,BP1,RSH1,RMN,,
66c8cf0f-d957-4768-8482-f4201d322e36,38.7143163,-9.1801675,Portugal,Lisbon,MCF,LWAL,CDL,1,RES,BP1,RSH1,RMN,,
fb68e774-cf24-465b-91a5-317948bec850,38.69962762,-9.189688318,,,,,,,,,,,,
e8b8bcca-0e4f-49d0-aa19-ccc2ac79fa81,38.70508499,-9.195742522,Portugal,Lisbon,CR,LFM,CDH,5,RES,BP2,RSH1,RMN,,
92c915df-6dd4-43fa-aee4-28e7bf8812e7,38.70037448,-9.217675165,Portugal,Lisbon,MUR,LWAL,CDL,3,RES,BP1,RSH1,RMN,,
1e2f8119-636b-4f3a-ae5e-35207df9f7aa,38.70446273,-9.183688637,Portugal,Lisbon,MUR,LWAL,CDL,5,RES,BP2,RSH1,RMN,,
b4f70011-14d1-4b85-b0fb-9ab411cb0269,38.69776185,-9.202422098,Portugal,Lisbon,CR,LDUAL,CDL,08/set,COM,BP2,RSH2,RMT1,,
b81df68d-53b3-4d29-b762-1d46b4330265,38.7052457,-9.192026156,Portugal,Lisbon,MUR,LWAL,CDN,1,RES,BP2,RSH1,RMN,,
c224805d-cf7e-410b-bbdd-752dcd2942f0,38.69913752,-9.193160304,,,,,,,,,,,,
60bd97dd-d139-4729-bacc-b5574ba6d6c7,38.7024306,-9.192880399,Portugal,Lisbon,MUR,LWAL,CDL,4,RES,BP2,RSH1,RMN,,
7eb1f32d-45ce-4da7-8209-21aedc57d2e4,38.71181384,-9.199911023,Portugal,Lisbon,MUR,LWAL,CDL,2,RES,BP1,RSH2,RMT1,,
60c4f2dc-dd79-436c-87a0-81ab340c6842,38.70705916,-9.200417022,,,,,,,,,,,,
f60b104e-8142-420c-8d5f-7a26240f799a,38.71022133,-9.213423716,,,,,,,,,,,,
900caf6e-2103-4bb7-9240-46dae875a19e,38.70027609,-9.190858737,,,,,,,,,,,,
65cf79c7-d27f-4fe3-9787-44e9bf343101,38.7000441,-9.218633,,,,,,,,,,,,
d2e4efa4-5a42-4678-8a3b-493475898c21,38.7083856,-9.19503405,,,,,,,,,,,,
31f4ceb8-d17e-4c19-8eba-44293dd70b4e,38.70426244,-9.193124681,Portugal,Lisbon,CR,LFM,CDL,2,MIX(RES;COM),BP1,RSH1,RMN,,
d8669d0f-bb89-44b2-9b97-7d22a1ac7327,38.69684548,-9.21589682,Portugal,Lisbon,MUR,LWAL,CDL,2,RES,BP1,RSH2,RMT1,,
930be4f3-9934-4599-89e0-321d5cf104c2,38.70832295,-9.207207907,,,,,,,,,,,,
55aac7ce-e362-4c0d-b65a-cbd996cb5c0e,38.70432569,-9.176975345,Portugal,Lisbon,MUR,LWAL,CDN,2,RES,BP1,RSH1,RMN,,
244e68d6-03c8-4f7f-8b97-4c5471fed3b0,38.7065201,-9.20324085,Portugal,Lisbon,CR,LFM,CDL,5,RES,BP1,RSH1,RMN,,
bf487dd9-7d58-4744-b5d5-29dce5ffd1ba,38.70237055,-9.194959561,Portugal,Lisbon,CR,LFM,CDH,4,COM,BP1,RSH1,RMN,,
eb493c66-bac9-48cf-aac8-0f14aaf7734b,38.69941593,-9.218092501,Portugal,Lisbon,MUR,LWAL,CDL,2,RES,BPD,RSH2,RMT1,,
5d367850-eee6-44b7-b83e-61f7147f3123,38.7029608,-9.181690696,,,,,,,,,,,,
c847002c-cd50-4a9b-a34e-f0e2ea97d460,38.70785802,-9.192770559,Portugal,Lisbon,MUR,LWAL,CDL,1,RES,BP1,RSH1,RMN,,
8d72d60a-4b90-42b1-a491-237fe1eb2561,38.71051539,-9.187434203,,,,,,,,,,,,
601f172b-658c-405e-bb72-0d78e3b6b895,38.71371955,-9.186728771,,,,,,,,,,,,
5cc714e0-7e6f-4a63-9ff0-8eb32c2f119d,38.70215262,-9.20058025,Portugal,Lisbon,CR,LFM,CDL,5,RES,BP1,RSH1,RMN,,
781a262b-f551-492f-97cd-8da62a53366f,38.70285349,-9.202973393,Portugal,Lisbon,MUR,LWAL,CDL,2,RES,BP2,RSH2,RMT1,,
2e785a33-a9b5-471f-b75e-e5b4a442c98c,38.7073187,-9.18804665,,,,,,,,,,,,
a0b094f2-6dcb-4fee-8b2b-0e0cbf02f87a,38.71337151,-9.205824132,,,,,,,,,,,,
1066c1cb-903e-480d-b5ae-d37916d01564,38.69715025,-9.202441654,Portugal,Lisbon,MUR,LWAL,CDL,3,RES,BP2,RSH1,RMN,,
9e5d2d5b-2060-4952-a725-df5b9a4848b6,38.71168411,-9.200604824,Portugal,Lisbon,MUR,LWAL,CDN,3,RES,BP1,RSH1,RMN,,
37480f52-fc58-40ff-a956-6b0e1c3a9299,38.70701664,-9.190495388,Portugal,Lisbon,CR,LFM,CDM,1,COM,BP2,RSH1,RMN,,
a9dafc34-07a5-44ad-aeb9-f13663fee8bb,38.69609936,-9.220778628,Portugal,Lisbon,CR,LFM,CDL,4,MIX(RES;COM),BP2,RSH1,RMN,,
a6de2a46-0ccf-4f53-9c64-a5e7b9d7b167,38.70720658,-9.175010924,Portugal,Lisbon,S,LFM,CDL,1,COM,BP1,RSH2,RMT1,,
f45aa4db-656e-4ad1-ae6c-691409865c9f,38.70489197,-9.201631622,Portugal,Lisbon,CR,LFM,CDH,4,RES,BP2,RSH2,RMT1,,
9536115e-4532-4917-bfe6-7f88679d8dcb,38.70433526,-9.214358976,Portugal,Lisbon,MUR,LWAL,CDN,1,RES,BP2,RSH1,RMN,,
21d84430-8713-490b-ae20-df797bc90cb2,38.71868104,-9.186417565,,,,,,,,,,,,
67600b9a-488a-400e-8cc3-4655a0f8934a,38.7041669,-9.181749768,Portugal,Lisbon,CR,LDUAL,CDM,06/jul,RES,BP2,RSH1,RMN,,
90b00743-5b85-437f-99b1-ff1a1aa0b2e5,38.70233977,-9.195971848,Portugal,Lisbon,MUR,LWAL,CDL,4,RES,BP1,RSH2,RMT1,,
e9aabec3-7834-4ac6-b54f-30b8a2db3fc2,38.70282071,-9.211554095,Portugal,Lisbon,CR,LFM,CDN,3,RES,BP2,RSH1,RMN,,
e859fcd1-732c-4c07-94df-d0b5c57453eb,38.70296796,-9.183479831,Portugal,Lisbon,MUR,LWAL,CDL,4,RES,BP1,RSH2,RMT1,,
1ba462a6-440c-4ccd-a9f7-cf9e17bceeed,38.70528,-9.1771661,Portugal,Lisbon,CR,LFINF,CDL,4,COM,BP1,RSH1,RMN,,
579dfd1f-41da-4607-9ffd-2cda95f1b9ee,38.70135707,-9.221095905,,,,,,,,,,,,
aef33265-6a96-47d6-a1c8-6fe30bd2fcff,38.7071021,-9.20320645,Portugal,Lisbon,S,LFM,CDN,3,COM,BPD,RSH2,RMT1,,
fac1bfb2-30bf-48f0-ab9c-03ff665394cb,38.70262404,-9.204631691,Portugal,Lisbon,MCF,LWAL,CDL,2,RES,BP2,RSH1,RMN,,
0870c939-09cc-4132-b1b7-8d39007eef6b,38.71354283,-9.190575422,,,,,,,,,,,,
e4d3111c-ad06-457a-9b46-c193bf267ef9,38.6999076,-9.201201697,,,,,,,,,,,,
53e063c2-1cd0-44ab-a1ce-5da89e6060ca,38.7000806,-9.203513503,Portugal,Lisbon,MUR,LWAL,CDL,3,RES,BP1,RSH2,RMT1,,
6197def6-d0f4-4f52-9ad8-f49af99e77b3,38.69799753,-9.192641137,Portugal,Lisbon,MUR,LWAL,CDL,1,RES,BPD,RSH2,RMT1,,
f0fef751-7438-4f89-bbe9-e470975b35a1,38.7063107,-9.213697207,,,,,,,,,,,,
9c16b0a8-a211-4779-ab17-909515b4a023,38.70187347,-9.204852272,Portugal,Lisbon,MCF,LWAL,CDH,2,RES,BP1,RSH1,RMN,,
51f519ed-dfa5-4746-8b6e-2f41f2fb7d68,38.71133969,-9.198808272,Portugal,Lisbon,CR,LFINF,CDL,4,RES,BP1,RSH2,RMT1,,
ad5c53df-ea68-468f-8e01-4430a80e0ded,38.6969436,-9.22272605,Portugal,Lisbon,CR,LFINF,CDN,3,RES,BPD,RSH1,RMN,,
97e492bc-3e51-4e4f-9761-4a83377f891f,38.70620141,-9.175199706,,,,,,,,,,,,
c30c95ad-7764-41b6-8a31-34f1e964dded,38.70121221,-9.180299793,,,,,,,,,,,,
49829b26-768c-4399-808a-bf0a9412185f,38.70295613,-9.194396443,Portugal,Lisbon,MCF,LWAL,CDL,4,RES,BP2,RSH1,RMN,,
d2bf56ed-4b56-42c7-a20a-4ed71942f462,38.70566726,-9.214462607,Portugal,Lisbon,MUR,LWAL,CDL,2,RES,BPD,RSH1,RMN,,
2720376e-cb9e-4fac-afe8-44c35ae99b0c,38.70044265,-9.193446167,Portugal,Lisbon,MCF,LWAL,CDL,1,IND,BP1,RSH2,RMT1,,
c4d8eaa8-2ca0-454c-ba97-23e75cd09310,38.70273808,-9.195236244,Portugal,Lisbon,MUR,LWAL,CDL,2,RES,BPD,RSH1,RMN,,
b2342695-8cc8-4239-87e7-f25f40d7c484,38.70542239,-9.199618622,Portugal,Lisbon,S,LFM,CDN,1,RES,BP1,RSH1,RMN,,
4d45cf8f-67f6-40ea-89ec-3592c509d746,38.70636063,-9.178683764,,,,,,,,,,,,
04ecbd15-6b7f-49ef-8bf6-d58ec1746bee,38.70152677,-9.177688352,,,,,,,,,,,,
9233098a-a7f4-4034-bd4a-caa0fee86035,38.69959251,-9.218502983,Portugal,Lisbon,MUR,LWAL,CDL,2,RES,BPD,RSH1,RMN,,
07478400-eea1-41cf-8e01-298b85036830,38.70564201,-9.180543932,Portugal,Lisbon,MUR,LWAL,CDL,5,RES,BP1,RSH2,RMT1,,
59c63f1b-bbb8-4bb6-8e93-5ba6ed392483,38.71159178,-9.205625425,Portugal,Lisbon,MUR,LWAL,CDL,2,RES,BP2,RSH2,RMT1,,
3e946395-b835-4265-a57b-b2f30f03bddd,38.69651103,-9.219426712,,,,,,,,,,,,
e7e4ec95-118d-4cce-a748-d681508a4c56,38.70767307,-9.211733034,Portugal,Lisbon,CR,LFM,CDL,3,RES,BP1,RSH1,RMN,,
e4f20d7b-70dd-40fb-807a-948bf087ee9f,38.71802565,-9.2128622,Portugal,Lisbon,MUR,LWAL,CDL,4,RES,BP1,RSH1,RMN,,
4c48d5d9-9305-452c-9bfb-6d3096fa3676,38.71801375,-9.19177685,,,,,,,,,,,,
4ffbb766-04dd-4a36-8820-2f98da865689,38.69820962,-9.188132278,Portugal,Lisbon,MUR,LWAL,CDL,1,RES,BP2,RSH2,RMT1,,
1cb441f6-6d3b-4292-960f-67eefa8a1184,38.70117448,-9.183849794,Portugal,Lisbon,CR,LFM,CDL,4,MIX(RES;COM),BP2,RSH1,RMN,,
56dc298a-c414-4295-8bbb-d96a93cbd56e,38.706591,-9.216894958,,,,,,,,,,,,
a6f6095c-c13d-4a5d-8c03-e867f4ff1fc0,38.70587541,-9.179158067,Portugal,Lisbon,MUR,LWAL,CDL,4,RES,BP2,RSH2,RMT1,,
785dc906-b76a-49cf-a44b-e32953bea209,38.70003258,-9.195681407,,,,,,,,,,,,
0918c7bb-3ab3-4c6c-af49-3c278aa2a2f5,38.70235346,-9.215293109,Portugal,Lisbon,MUR,LWAL,CDN,1,RES,BP2,RSH1,RMN,,
5cce1562-498c-4f73-8014-d2935b1545ab,38.70830823,-9.188953809,,,,,,,,,,,,
3ccccb7e-aa08-45e9-8359-02a7a1569699,38.71610939,-9.217172508,Portugal,Lisbon,MCF,LWAL,CDH,2,RES,BP1,RSH1,RMN,,
c1b1423a-b975-4abc-b270-10f86abbf584,38.70784639,-9.189327469,,,,,,,,,,,,
78d5ec54-9e4c-4681-b077-003e805e2eee,38.69901382,-9.220562203,Portugal,Lisbon,MUR,LWAL,CDL,2,RES,BP2,RSH2,RMT1,,
26befb51-6ed4-40fa-a0a5-13d2ca9bf594,38.69977415,-9.20088805,,,,,,,,,,,,
509bbc02-889c-4c59-a064-b60918aa2139,38.70720013,-9.195966215,Portugal,Lisbon,MUR,LWAL,CDN,1,COM,BP1,RSH2,RMT1,,
756a2dbc-f01e-45f6-a254-18912b34e783,38.70903474,-9.195129076,,,,,,,,,,,,
98e960c4-0ad4-4203-84f6-e59c3151058a,38.70292276,-9.203081058,Portugal,Lisbon,CR,LDUAL,CDL,06/jul,RES,BP1,RSH1,RMN,,
39b7ee7b-c78b-45e7-bd66-93742cd3b30b,38.69868451,-9.193006003,,,,,,,,,,,,
cbe0d059-d752-4ea0-abf0-b064b23ddbc9,38.70066139,-9.19291317,Portugal,Lisbon,MUR,LWAL,CDL,4,RES,BP1,RSH2,RMT1,,
b9f98fde-b62c-459e-95f4-e819604495b5,38.69751534,-9.218163259,Portugal,Lisbon,MUR,LWAL,CDL,3,RES,BP1,RSH2,RMT1,,
23f8ccc1-7dd8-479e-9e79-c54b7a6a318e,38.71241555,-9.18705945,,,,,,,,,,,,
45374be8-5dad-4929-98b9-4c47aa10b9ca,38.70483835,-9.200768637,Portugal,Lisbon,MUR,LWAL,CDL,2,RES,BP2,RSH2,RMT1,,
d49e0fdf-c937-4226-984b-4a7960ac2584,38.7029872,-9.193941862,Portugal,Lisbon,MUR,LWAL,CDN,1,COM,BP2,RSH2,RMT1,,
f2e697d1-a17f-44ce-8099-7f4427420273,38.71414445,-9.19316415,,,,,,,,,,,,
22165483-8d28-466d-b0fd-299ac07016e4,38.71783122,-9.211356467,Portugal,Lisbon,MUR,LWAL,CDL,2,RES,BP1,RSH1,RMN,,
8d5fa4a2-d113-4705-8ae4-6113cd9d8c6c,38.7026973,-9.194837063,Portugal,Lisbon,HYB(MCF;MUR),LFM,CDL,4,RES,BP3,RSH1,RMN,,
6d82c976-ef9b-4b49-a0b1-726253b6743a,38.70135417,-9.191233284,,,,,,,,,,,,
50c55818-6814-4aaf-b8fd-437e0ed12ff1,38.7058225,-9.180354322,Portugal,Lisbon,MUR,LWAL,CDL,4,RES,BP2,RSH2,RMT1,,
74cddc1e-e7a7-468a-bebb-3f16264c4114,38.69978839,-9.182207737,Portugal,Lisbon,CR,LFM,CDN,5,RES,BP1,RSH1,RMN,,
c0e0253f-7ae5-42c8-824f-97d8f2d0731f,38.70533596,-9.213188982,,,,,,,,,,,,
656d9a75-07a9-40ef-b057-59b86da3d15a,38.69716868,-9.209330818,,,,,,,,,,,,
f24495f5-66fc-409e-9bb6-e859b123d33f,38.71296836,-9.204439915,Portugal,Lisbon,MUR,LWAL,CDL,2,RES,BP1,RSH3,RMT1,,
dbf142ba-52f4-4474-8971-3ded04046852,38.70040176,-9.210957124,,,,,,,,,,,,
d9ff2ab0-1489-4d9f-b8c2-244b55d601c5,38.69976365,-9.220934845,,,,,,,,,,,,
b1d4204c-31e0-4f09-a51f-adf9232855ac,38.7151958,-9.21617955,Portugal,Lisbon,MCF,LWAL,CDL,3,RES,BP1,RSH1,RMN,,
685d5741-35f0-4df8-9436-e78c7f8e8ab2,38.70236921,-9.185840308,,,,,,,,,,,,
23bd588c-6ac3-40ef-a279-d632e992c15e,38.70459343,-9.192879922,Portugal,Lisbon,CR,LFINF,CDN,4,MIX(RES;COM),BP1,RSH2,RMT1,,
6d34bca9-b13e-496d-b9fe-c9dca4da5d82,38.7023202,-9.2050589,Portugal,Lisbon,MUR,LWAL,CDN,1,RES,BP1,RSH2,RMT1,,
af701d7e-cf4f-4066-8283-27ea60fe5452,38.70565571,-9.181526742,Portugal,Lisbon,MCF,LWAL,CDL,4,RES,BP1,RSH1,RMN,,
20cb98b9-cb04-46ac-adce-55bf7f811108,38.6979606,-9.219816534,,,,,,,,,,,,
f53613a5-85ed-4fcd-812c-380a8db69362,38.7019393,-9.2037798,Portugal,Lisbon,CR,LFM,CDM,4,MIX(RES;COM),BP2,RSH1,RMN,,
1393dac5-8a88-445e-8923-88981a096d84,38.70587981,-9.181464966,Portugal,Lisbon,CR,LFM,CDN,3,MIX(RES;COM),BP2,RSH1,RMN,,
7340b269-7ace-4ff2-b52f-7bc5feec856a,38.71725676,-9.210990625,Portugal,Lisbon,MUR,LWAL,CDL,2,RES,BP1,RSH2,RMT1,,
efb887e9-0da4-4a1d-963a-ab6c9f8bed44,38.70499029,-9.195725188,Portugal,Lisbon,CR,LFM,CDN,5,RES,BP2,RSH1,RMN,,
62a2f1aa-bded-4c67-90be-66fb95e91dea,38.70014101,-9.180522424,Portugal,Lisbon,MUR,LWAL,CDN,1,COM,BPD,RSH2,RMT1,,
4e59ecf9-611a-4f6b-b28f-bc941d76789d,38.69818541,-9.220070863,Portugal,Lisbon,MUR,LWAL,CDL,3,RES,BP1,RSH2,RMT1,,
f3bc9a7a-426d-44d1-a68d-36cf07f5fd04,38.70719375,-9.1908984,Portugal,Lisbon,MUR,LWAL,CDL,1,IND,BPD,RSH1,RMN,,
efa01991-c095-4132-b558-e2d48e010389,38.70727465,-9.21194275,Portugal,Lisbon,MCF,LWAL,CDH,2,RES,BP1,RSH1,RMN,,
85a00265-fb9c-4fee-a0f1-eeacc7e6e41c,38.69935435,-9.21462665,,,,,,,,,,,,
a8842848-b02c-46f2-86bb-974ff8b3dc46,38.70108534,-9.203932547,Portugal,Lisbon,MCF,LWAL,CDM,3,RES,BP2,RSH1,RMN,,
aeba2b3e-2869-4515-864a-e6554bdb1d4a,38.6970427,-9.216504061,Portugal,Lisbon,MUR,LWAL,CDL,2,RES,BP2,RSH1,RMN,,
ebec267c-7cb6-4a60-86e5-487572b86bbc,38.70303725,-9.21342885,,,,,,,,,,,,
33dc79b0-c587-4762-b8e6-81c4d389d0a2,38.70382994,-9.190305991,Portugal,Lisbon,MUR,LWAL,CDL,4,RES,BP1,RSH2,RMT1,,
3dedac8a-cef0-4ae9-809f-c83ea0098f7e,38.70288885,-9.218393102,,,,,,,,,,,,
be8918ba-9dfb-4592-a998-2f9dfe2637c6,38.7051724,-9.215240151,,,,,,,,,,,,
2a679e25-e6c8-475c-8a0d-0a0a7610637e,38.70523078,-9.206086144,Portugal,Lisbon,CR,LFM,CDH,08/set,MIX(RES;COM),BP1,RSH1,RMN,,
061f5ded-8b34-4750-ace1-62d5190293a2,38.70391075,-9.21027965,,,,,,,,,,,,
5ed806ae-3b48-4874-8c70-9f93fc4062e5,38.70809031,-9.190308364,Portugal,Lisbon,MUR,LWAL,CDN,2,RES,BP1,RSH1,RMN,,
8f000cbb-5099-4709-bfca-02f0df00a9ff,38.71906147,-9.186498605,,,,,,,,,,,,
4b268788-06f4-48bf-b6ea-f0265ecac939,38.7069481,-9.200797666,,,,,,,,,,,,
f3d292b6-9d6b-4842-bd19-66688786595e,38.70964745,-9.174346214,Portugal,Lisbon,MUR,LWAL,CDN,08/set,RES,BP1,RSH2,RMT1,,
8f9ae12b-38e6-402d-9ea2-4e2ea0869cfe,38.7037128,-9.18248898,,,,,,,,,,,,
b2644225-b6cb-4295-8038-5c87221b3b31,38.70387934,-9.190791054,Portugal,Lisbon,MUR,LWAL,CDL,4,RES,BP1,RSH2,RMT1,,
ab668a41-ddb1-44a6-a21c-b2b1a10be76e,38.70153465,-9.211717233,,,,,,,,,,,,
31dc59c0-4bde-4ba6-a446-39940189f942,38.70434796,-9.200605708,Portugal,Lisbon,CR,LFM,CDN,1,COM,BP1,RSH1,RMN,,
2eafb5ba-a8d9-479e-a727-c0c9d54e94b6,38.70075827,-9.20517183,Portugal,Lisbon,MUR,LWAL,CDL,2,RES,BP1,RSH1,RMN,,
88d60b4b-13e8-4c16-8938-aae1fc5f0267,38.70920342,-9.176171818,Portugal,Lisbon,MUR,LWAL,CDN,2,COM,BP1,RSH2,RMT1,,
e0689781-d859-468c-b84e-59718fbdb53f,38.71070503,-9.200929738,,,,,,,,,,,,
02845b71-fd48-4d58-aef4-c5bf1822df21,38.70434635,-9.203465136,Portugal,Lisbon,MUR,LWAL,CDL,2,IND,BP1,RSH3,RMT1,,
40fdf415-bc56-4349-888b-b4c7dc05cae1,38.69661726,-9.221566197,Portugal,Lisbon,MUR,LWAL,CDL,3,RES,BP2,RSH3,RMT1,,
4f5c7d03-df51-4f78-96b5-49cec96762cd,38.70492227,-9.177688374,Portugal,Lisbon,CR,LFINF,CDN,4,MIX(RES;COM),BP2,RSH3,RMT1,,
8d1f03df-da51-4d7f-8889-8806859a8ecd,38.70311297,-9.184170729,,,,,,,,,,,,
fba50a4b-12b8-4308-9b60-30fa1e4806ef,38.7083835,-9.17462305,Portugal,Lisbon,MUR,LWAL,CDL,3,RES,BP2,RSH2,RMT1,,
8901217f-fc0d-4039-938f-e8730124e1c5,38.69602802,-9.193632549,,,,,,,,,,,,
ccdd32cd-d898-4dc5-b735-40b68523b094,38.70013545,-9.225607109,Portugal,Lisbon,MUR,LWAL,CDL,4,RES,BP1,RSH1,RMN,,
38aceaaf-7db3-4638-8fee-ebdd81b3d0f2,38.7034706,-9.191002135,Portugal,Lisbon,CR,LFM,CDL,4,MIX(RES;COM),BP1,RSH2,RMT1,,
b98585f3-58bd-4d1c-9c80-ccd6ee001b29,38.71123008,-9.200634483,Portugal,Lisbon,MUR,LWAL,CDL,3,RES,BP1,RSH2,RMT1,,
292ab983-f92f-48a3-b4a7-8b1d9e005486,38.70175387,-9.186342759,Portugal,Lisbon,MUR,LWAL,CDN,1,RES,BP2,RSH2,RMT1,,
14f226fc-4561-4a96-b5ea-359bf235b6d7,38.70180252,-9.20101701,Portugal,Lisbon,MUR,LWAL,CDN,2,RES,BP2,RSH2,RMT1,,
773c5d78-a698-4076-9e0f-a78eb7ca83e3,38.7076046,-9.21175165,Portugal,Lisbon,MCF,LWAL,CDL,2,RES,BP2,RSH1,RMN,,
f31d542c-c77a-4b13-b88d-c24ba926e809,38.70487999,-9.179312982,,,,,,,,,,,,
6ee0be57-4dba-4100-b55c-a4aa2b20d897,38.70225081,-9.183336836,Portugal,Lisbon,MUR,LWAL,CDN,2,RES,BP1,RSH2,RMT1,,
7014caf0-dfce-44c4-91a0-c56575bccf6c,38.71612214,-9.216021748,Portugal,Lisbon,MUR,LWAL,CDL,2,RES,BP1,RSH1,RMN,,
46e70a83-b876-45a8-b7ac-236a3ef0b8fb,38.70230789,-9.21987486,,,,,,,,,,,,
2cd7c395-262a-4fad-9ead-bb06674a820c,38.71735049,-9.212310041,Portugal,Lisbon,MUR,LWAL,CDL,2,RES,BP1,RSH3,RMT1,,
db784db0-d49c-4507-93d4-a09884f9acf7,38.70013108,-9.200250357,,,,,,,,,,,,
d843b713-eca6-436c-87a8-af7ad028d9b7,38.70914128,-9.175174151,Portugal,Lisbon,MUR,LWAL,CDL,1,RES,BP1,RSH2,RMT1,,
72f705f2-a54d-4ee3-81fc-2d31a306ff2b,38.71571793,-9.216364524,Portugal,Lisbon,MUR,LWAL,CDL,2,RES,BP2,RSH2,RMT1,,
b67a8110-72fe-49bc-b117-de421eae695b,38.71747396,-9.211738569,Portugal,Lisbon,MUR,LWAL,CDL,2,RES,BP1,RSH2,RMT1,,
2752e065-8358-4c64-86d9-157acbd36356,38.7176382,-9.211669725,Portugal,Lisbon,MUR,LWAL,CDL,2,RES,BP2,RSH2,RMT1,,
7d8cd750-b278-4bc6-b0c3-027f7e931c31,38.69606833,-9.210810096,Portugal,Lisbon,CR,LFM,CDN,5,MIX(RES;COM),BP1,RSH1,RMN,,
c6b74016-eb15-4ca9-ac48-79ec352fea04,38.71081871,-9.193083961,Portugal,Lisbon,CR,LFM,CDN,5,RES,BP1,RSH1,RMN,,
049f6eb9-043b-4d3a-8e0f-8ce5529cf704,38.70287089,-9.194141429,Portugal,Lisbon,CR,LFM,CDL,2,COM,BP2,RSH1,RMN,,
1ab3c66d-9ff5-418b-9ee1-1590ddfca065,38.69971133,-9.221282899,,,,,,,,,,,,
3dd84535-0a45-4a7f-98f8-3d34ff7b9b26,38.71849703,-9.191896153,,,,,,,,,,,,
4a518992-ddc2-4018-aec8-7c19e4bf8a68,38.70143575,-9.205575906,Portugal,Lisbon,MUR,LWAL,CDL,1,RES,BP1,RSH2,RMT1,,
837f81c3-b515-4b6d-86ef-d97e8d2d8f51,38.70109776,-9.204143197,Portugal,Lisbon,MCF,LWAL,CDH,3,RES,BP1,RSH2,RMT1,,
a044aebc-3acd-4d05-a2be-20ecd998c42e,38.7015491,-9.20363835,Portugal,Lisbon,CR,LFM,CDL,5,IND,BP2,RSH1,RMN,,
1867026d-bcc8-4dad-a988-092a282b8fe9,38.70042481,-9.190320249,Portugal,Lisbon,MUR,LWAL,CDL,2,RES,BP1,RSH2,RMT1,,
ffbe23ad-72f9-4333-8595-dbff4aee3303,38.70253547,-9.191069006,Portugal,Lisbon,CR,LFINF,CDM,4,RES,BP1,RSH1,RMN,,
e71b598c-4b94-4e07-a3be-427591890b85,38.70638927,-9.202690906,,,,,,,,,,,,
6691ea24-304d-4532-89ea-4d718b9a5130,38.70205159,-9.192887238,Portugal,Lisbon,CR,LFINF,CDM,1,RES,BP3,RSH1,RMN,,
962d2dc2-a062-4c3b-8750-e0cc38252536,38.7155029,-9.214422469,,,,,,,,,,,,
7d9de0c9-8051-47cf-9ab9-c7539670cae2,38.70860822,-9.213071974,,,,,,,,,,,,
dadf04bb-14bd-48a8-9307-f018d7063d5e,38.69583404,-9.211693116,Portugal,Lisbon,CR,LFM,CDM,06/jul,RES,BP1,RSH1,RMN,,
116eb91c-ffb8-4b63-8e83-19778e83e830,38.69761238,-9.213921761,,,,,,,,,,,,
a7816d4a-1020-4edd-8595-0ca0870422d7,38.70066683,-9.215650177,,,,,,,,,,,,
0772ba0b-1dc6-4154-a258-9d62d874688b,38.71332687,-9.208855653,,,,,,,,,,,,
eb161398-e698-4fde-bed8-3a07218da3e0,38.7108049,-9.201476938,Portugal,Lisbon,MUR,LWAL,CDL,4,RES,BP1,RSH2,RMT1,,
e2fd9b82-d806-4eb8-b488-3213ea9acecf,38.6957891,-9.219075881,,,,,,,,,,,,
4fd87740-f50f-46e2-acd6-bcc3e6aced88,38.70582361,-9.178488433,Portugal,Lisbon,CR,LFINF,CDM,4,MIX(RES;COM),BP1,RSH1,RMN,,
3907c7fb-2e5b-4a41-a54a-4db63ec703c6,38.69953628,-9.189666114,,,,,,,,,,,,
e78732ee-3171-48bd-8af0-b311c6e4ce9a,38.70589588,-9.182019974,Portugal,Lisbon,CR,LFM,CDN,4,COM,BP1,RSH1,RMN,,
276273c5-4947-440a-8519-0dbe4a959c46,38.69961618,-9.191259159,Portugal,Lisbon,CR,LFINF,CDL,4,RES,BP1,RSH2,RMT1,,
08d4793b-a099-4688-a199-bd303154dd5a,38.7227188,-9.1840151,,,,,,,,,,,,
45ba8831-8759-4586-9153-f71a79708618,38.7169007,-9.215112847,,,,,,,,,,,,
1c10b14e-39b9-4413-8e67-892a18e601a1,38.69996281,-9.220257387,,,,,,,,,,,,
857d2b21-a826-4e7d-8c11-ffae59459f3b,38.71316029,-9.18348872,,,,,,,,,,,,
93ecb463-e270-40bc-b733-259bf79ef7f8,38.70351293,-9.205822292,,,,,,,,,,,,
780265df-62fa-4861-8ac9-f6da5ad6fe53,38.69918564,-9.179211143,,,,,,,,,,,,
4f53127e-2c95-497b-9c9c-c924f4ebe4c9,38.70134985,-9.178927689,,,,,,,,,,,,
e6315269-19d6-43a2-a05f-fca3f244ef5b,38.7087193,-9.176437,Portugal,Lisbon,MUR,LWAL,CDL,4,RES,BP2,RSH1,RMN,,
0dd160cd-d698-4674-b19c-575f2e9c87c4,38.69912138,-9.219153982,Portugal,Lisbon,MUR,LWAL,CDL,2,RES,BP1,RSH1,RMN,,
30fa8626-2ab9-4893-921b-0189ce3f4c22,38.69590135,-9.220013221,Portugal,Lisbon,MUR,LWAL,CDL,2,RES,BP1,RSH1,RMN,,
6e13d460-1751-4a09-9d3f-ff1acaf91593,38.70639944,-9.215724162,,,,,,,,,,,,
32e1c7ec-199b-421e-9731-285ba14da097,38.69701837,-9.224303004,,,,,,,,,,,,
5ef8164a-5096-4ed7-95a0-0b9c1c52db64,38.69982384,-9.191949984,Portugal,Lisbon,CR,LFM,CDL,4,RES,BP2,RSH1,RMN,,
ff10495f-b3c0-4a76-9ba0-5c04a8b93c1f,38.70210587,-9.1940255,,,,,,,,,,,,
6a421a7a-226a-4670-960a-469131b5367f,38.70988173,-9.194540401,Portugal,Lisbon,MUR,LWAL,CDL,4,RES,BP1,RSH1,RMN,,
b94d1a38-c407-49b1-a3bb-843f95dd4252,38.70451209,-9.193259026,Portugal,Lisbon,CR,LFM,CDL,2,COM,BP3,RSH2,RMT1,,
dad08b08-750d-42bf-ae95-4a8c00cc320f,38.70055784,-9.223716033,,,,,,,,,,,,
8c6985b4-f06b-4324-916c-072ab3769f4a,38.6968628,-9.21810395,,,,,,,,,,,,
2e735797-3ce3-49c6-851e-5f2c8b495207,38.70279059,-9.186981281,,,,,,,,,,,,
4f876937-5718-450c-ba16-a04c45c5f6d7,38.70207208,-9.199148237,,,,,,,,,,,,
aed18d03-548d-47f8-82e0-16bf2b3ca4e2,38.70812117,-9.174999655,Portugal,Lisbon,MUR,LWAL,CDL,2,RES,BP1,RSH2,RMT1,,
ad74636f-4c80-4897-8d58-da1ea5dce901,38.70335486,-9.214708613,Portugal,Lisbon,MUR,LWAL,CDL,2,RES,BP1,RSH1,RMN,,
c5a2bb8d-ae5e-4adb-991e-c892841a7fe1,38.71116514,-9.204817986,,,,,,,,,,,,
449c354f-ba10-4345-bbc0-d21feb5c7e4d,38.70074254,-9.191044619,Portugal,Lisbon,MUR,LWAL,CDL,3,RES,BP2,RSH1,RMN,,
b14f4049-74d2-4d42-a977-6900e9526d31,38.70379338,-9.177750328,Portugal,Lisbon,MUR,LWAL,CDN,2,RES,BP1,RSH2,RMT1,,
7fb6cb97-7b2d-4de7-9444-c774bee68e25,38.71625805,-9.21513425,Portugal,Lisbon,MCF,LWAL,CDL,2,RES,BPD,RSH1,RMN,,
99ba437b-eb6c-4841-aa0c-b7a61e17c9cd,38.70414467,-9.199983522,Portugal,Lisbon,CR,LFINF,CDM,4,COM,BP2,RSH1,RMN,,
559aad75-0c11-48de-856e-0e99a1bb2d89,38.70612737,-9.176471976,Portugal,Lisbon,CR,LFM,CDL,4,RES,BP1,RSH1,RMN,,
5bb5ef2e-9b94-4dda-9f62-7552e250c33b,38.6964183,-9.218726083,Portugal,Lisbon,CR,LFM,CDN,13+,COM,BPD,RSH2,RMT1,,
33ed37ed-b8b6-4bf0-86d8-0c41dcbe67e1,38.71030922,-9.19161033,Portugal,Lisbon,CR,LFM,CDN,06/jul,RES,BPD,RSH1,RMN,,
d9a183b7-7cd0-449e-8842-86b575486e42,38.7026605,-9.204159727,Portugal,Lisbon,MUR,LWAL,CDL,2,RES,BP2,RSH1,RMN,,
e6e1596c-b9a3-4b35-8840-017931f91b6a,38.7050014,-9.194934545,Portugal,Lisbon,CR,LFM,CDL,5,RES,BP2,RSH1,RMN,,
47338c64-2695-4a29-9256-b3f7e2c3a702,38.70749492,-9.176162652,Portugal,Lisbon,W,LWAL,CDN,1,RES,BPD,RSH2,RMT1,,
2113b7ce-7b99-44ce-9797-59120f9eeaec,38.6987615,-9.200693389,,,,,,,,,,,,
5187d330-7d23-4f57-b661-ac5803f2df33,38.69285907,-9.213321299,Portugal,Lisbon,MUR,LWAL,CDN,3,RES,BP1,RSH2,RMT1,,
e72fe307-43cc-44e0-a5e2-e863b4179edb,38.70275835,-9.193610053,Portugal,Lisbon,MUR,LWAL,CDL,2,RES,BP2,RSH3,RMT1,,
1fe02660-4f76-4e59-aab0-90d9891ea0f3,38.70978426,-9.175755487,Portugal,Lisbon,MCF,LWAL,CDL,2,MIX(RES;COM),BP2,RSH2,RMT1,,
789a52b8-ebc9-44a8-9711-78b2ee3b8c4d,38.7003419,-9.21920355,,,,,,,,,,,,
609ec602-5645-44ff-bdfa-964cbf585399,38.70292064,-9.183813863,Portugal,Lisbon,MUR,LWAL,CDL,5,RES,BP1,RSH1,RMN,,
f462c0b7-34b6-4963-9d30-be61537bb6e1,38.7002841,-9.204776529,Portugal,Lisbon,MUR,LWAL,CDL,2,RES,BP1,RSH1,RMN,,
9789ff87-4e54-4d63-a77b-07e763f68cc6,38.70867708,-9.198034514,Portugal,Lisbon,MUR,LWAL,CDN,2,RES,BP1,RSH2,RMT1,,
ba9f7e89-d9f1-4d04-b1c6-3b77cd874820,38.69856101,-9.192964024,,,,,,,,,,,,
1a8d8cd3-34d2-4ef0-a5ee-58edd37dae02,38.71145047,-9.197863482,Portugal,Lisbon,MUR,LWAL,CDL,4,RES,BP1,RSH1,RMN,,
e518a9ee-4f0d-40fe-8c71-656fd9587277,38.70234315,-9.181652049,Portugal,Lisbon,MUR,LWAL,CDL,2,RES,BP2,RSH1,RMN,,
7b2d7bc6-5086-45ba-92a6-b4f2a35e6db8,38.7063022,-9.2060841,Portugal,Lisbon,CR,LFM,CDH,06/jul,RES,BP1,RSH1,RMN,,
4e937d56-d526-4755-badb-907dc0d54173,38.71140446,-9.200799507,,,,,,,,,,,,
aa0498ae-6d64-4a87-a1f2-84e06b73ad0d,38.70205658,-9.215560525,Portugal,Lisbon,W,LFM,CDN,3,RES,BP2,RSH1,RMN,,
c363165a-0ee5-44f4-a135-5527aeed97a4,38.70763569,-9.209691217,Portugal,Lisbon,CR,LDUAL,CDH,5,RES,BP1,RSH1,RMN,,
94d4c892-241a-4180-9b08-7a96f1be6932,38.70463165,-9.1999253,Portugal,Lisbon,MCF,LWAL,CDH,3,RES,BP2,RSH2,RMT1,,
5605f499-82bb-4c49-9b86-76de7e2cc268,38.7240224,-9.1839507,,,,,,,,,,,,
f383558d-aa94-4905-a89f-90a7d18d7f87,38.70116232,-9.222664716,,,,,,,,,,,,
2b8f1723-aac0-4f19-87bb-52185511a8b3,38.7001989,-9.211717829,,,,,,,,,,,,
746d39bc-a05c-4974-a5f1-1da4c422cba8,38.70337457,-9.195594005,Portugal,Lisbon,CR,LFM,CDL,3,MIX(RES;COM),BP2,RSH1,RMN,,
741aea46-f347-46fb-8204-9294ccc3478d,38.70566887,-9.202966088,Portugal,Lisbon,CR,LFM,CDM,08/set,RES,BP1,RSH1,RMN,,
43c6e7a1-7138-4456-b2b1-a490faebd1e7,38.70136668,-9.199593135,,,,,,,,,,,,
ff7669d9-d0fa-4022-8eb7-904dce2ebf4b,38.71495106,-9.214198122,Portugal,Lisbon,MUR,LWAL,CDL,5,RES,BP1,RSH1,RMN,,
acb4ab4f-8012-48a3-9b70-4a63078f1f8b,38.71022555,-9.202930987,Portugal,Lisbon,CR,LFM,CDH,2,IND,BP2,RSH2,RMT1,,
fbad95de-11dd-4110-b474-92dee51800ef,38.71002664,-9.203131871,Portugal,Lisbon,CR,LFM,CDH,5,RES,BP1,RSH2,RMT1,,
caf7769f-adf9-4eea-ad89-fea520f02677,38.70724199,-9.191365049,,,,,,,,,,,,
1436b254-5843-41f1-b0fc-1e1b5ca60839,38.71271621,-9.204447361,Portugal,Lisbon,MUR,LWAL,CDL,2,RES,BP1,RSH1,RMN,,
18720a11-1fc7-4f00-851c-bf3c862a59a2,38.699421,-9.20085105,,,,,,,,,,,,
3f5454a4-8c57-47a0-a3a9-9f8487298093,38.70840737,-9.193023306,Portugal,Lisbon,CR,LFM,CDH,3,RES,BP1,RSH1,RMN,,
957b5d97-b346-4ba2-b31b-27c0c99af0b6,38.70352608,-9.184460322,,,,,,,,,,,,
3f175d01-3ca9-4921-a934-53bd280b65c1,38.70533448,-9.199825765,Portugal,Lisbon,MUR,LWAL,CDL,2,RES,BP2,RSH2,RMT1,,
22fe1e99-07c1-4efa-89f7-e20eba475e54,38.69786681,-9.217820982,Portugal,Lisbon,MUR,LWAL,CDN,2,RES,BP2,RSH1,RMN,,
9dfb5f42-224e-4559-a56c-6be3afffa04c,38.70474832,-9.178249768,Portugal,Lisbon,CR,LFM,CDL,5,MIX(RES;COM),BP1,RSH1,RMN,,
d2d77c20-ca45-4f35-ac79-ebacc2b57c44,38.7127425,-9.201691341,,,,,,,,,,,,
5172dd08-ff86-4d5a-869a-4ff37e5e021a,38.69940643,-9.192167711,Portugal,Lisbon,MUR,LWAL,CDL,4,RES,BP1,RSH2,RMT1,,
00db0d4b-ce16-453d-9f2a-0ea2493a5071,38.700371,-9.204528723,Portugal,Lisbon,MUR,LWAL,CDL,4,RES,BP2,RSH2,RMT1,,
2631346a-8d7e-405c-b56f-d16f0f162195,38.70256598,-9.200836154,Portugal,Lisbon,CR,LFM,CDL,4,MIX(RES;COM),BP2,RSH1,RMN,,
cd4f501b-034e-411d-9017-e027f2939b11,38.69880014,-9.192894672,,,,,,,,,,,,
570915ab-09fb-4c9e-9d6b-916fdc319873,38.7061097,-9.19410885,Portugal,Lisbon,CR,LFM,CDM,4,COM,BP1,RSH1,RMN,,
c0489c0b-5155-4015-bae2-56578471f7e6,38.70084858,-9.190417816,Portugal,Lisbon,MUR,LWAL,CDL,4,RES,BP2,RSH1,RMN,,
0678ecdb-3722-4eac-b849-e03afbf6e01d,38.70435759,-9.182326719,Portugal,Lisbon,CR,LFM,CDL,5,RES,BP2,RSH1,RMN,,
eb5ca2fc-e023-4ee8-b334-dc69e3a0ff31,38.70082183,-9.20542587,Portugal,Lisbon,MUR,LWAL,CDL,2,RES,BPD,RSH2,RMT1,,
9471b41e-7f49-4d71-84ef-beeffaa113ce,38.70178588,-9.183554141,,,,,,,,,,,,
fcd491ca-d67d-428f-9072-afc263a647f4,38.6989199,-9.217500273,,,,,,,,,,,,
13e9a95d-3f33-48d8-b23d-0fd8cbaac013,38.70519016,-9.176543084,,,,,,,,,,,,
6f348d15-2ae7-4a74-9f7d-4083a91cf6b1,38.69783522,-9.213930391,,,,,,,,,,,,
c5b232b5-e3ad-49b7-854f-b3fcd7cd3016,38.7043168,-9.2024898,Portugal,Lisbon,MUR,LWAL,CDL,4,RES,BP1,RSH2,RMT1,,
a61cecff-7738-481b-9158-96a6d87b594b,38.69700612,-9.217991949,Portugal,Lisbon,MCF,LWAL,CDH,1,RES,BP2,RSH1,RMN,,
eb53dd90-a2bc-4db8-95d8-6cdd851398a4,38.69870145,-9.203949364,Portugal,Lisbon,MUR,LWAL,CDL,3,RES,BP2,RSH3,RMT1,,
520295d7-da50-464b-8d00-3d959b4b15c5,38.70470565,-9.197730629,Portugal,Lisbon,MUR,LWAL,CDL,3,RES,BP1,RSH1,RMN,,
479182e6-a0d1-4286-8379-170f83ed825d,38.69601992,-9.217063444,Portugal,Lisbon,MCF,LWAL,CDN,2,RES,BP1,RSH2,RMT1,,
95803555-4914-469a-bcc3-e4bbaecf362a,38.70329524,-9.194650009,Portugal,Lisbon,CR,LFM,CDL,5,MIX(RES;COM),BP1,RSH1,RMN,,
d5ad8961-f888-461a-877d-014fd8f88ff5,38.70539183,-9.177202667,Portugal,Lisbon,MUR,LWAL,CDN,3,RES,BP1,RSH1,RMN,,
cb31a089-cafe-49ca-a882-08e3e999d72d,38.70508566,-9.180162395,Portugal,Lisbon,MUR,LWAL,CDL,4,RES,BP1,RSH1,RMN,,
5720fe41-6e85-4c34-b901-73d0933f8d9d,38.7145923,-9.18032415,,,,,,,,,,,,
b0c178ff-767e-465f-8fe5-e3e2931988a5,38.71272107,-9.204583616,Portugal,Lisbon,MUR,LWAL,CDN,1,RES,BP2,RSH1,RMN,,
b41bd66b-26e9-4e92-9f5f-a5ba065dfcb2,38.69788356,-9.218224622,,,,,,,,,,,,
bfdefc35-4412-4b1a-9752-98fee75f6a1a,38.69715521,-9.202714529,Portugal,Lisbon,MUR,LWAL,CDL,3,RES,BP2,RSH2,RMT1,,
8baa8012-9f9c-4ae8-8a5c-06bc23548f7d,38.7058133,-9.2053314,Portugal,Lisbon,CR,LFINF,CDM,06/jul,MIX(RES;COM),BP2,RSH1,RMN,,
1f4b162e-5854-4047-9eb1-eb143d383710,38.70482927,-9.208504076,Portugal,Lisbon,S,LFM,CDH,1,IND,BPD,RSH2,RMT1,,
f4816615-052d-45f7-9fb1-d860a0dddcdc,38.70345152,-9.212165261,,,,,,,,,,,,
27d72efc-d8eb-4065-ba6e-5b9d17699169,38.69642314,-9.223811921,,,,,,,,,,,,
602f970b-b950-4c9e-86a6-04fd0362d416,38.70684752,-9.20801001,Portugal,Lisbon,CR,LFM,CDL,08/set,RES,BP3,RSH1,RMN,,
e1b11ca4-248e-426b-8c11-cd29e7554ab3,38.70886181,-9.19918222,,,,,,,,,,,,
68449875-edd3-43da-86f6-ae502f5bf5b0,38.70062596,-9.207596665,,,,,,,,,,,,
03fcd492-5885-4b6f-b940-82c077256fd5,38.70368628,-9.177501402,Portugal,Lisbon,MUR,LWAL,CDL,2,RES,BP1,RSH2,RMT1,,
79c3b142-ad38-490b-a89d-4691bfacd819,38.69435952,-9.202018268,,,,,,,,,,,,
d28ade35-d368-4cdc-ad19-3a3ee6f2c2b6,38.70161594,-9.181593535,Portugal,Lisbon,MUR,LWAL,CDL,5,RES,BP2,RSH2,RMT1,,
6bdfd995-45bf-4e35-9237-cd3aa6b4967b,38.70838435,-9.174769439,Portugal,Lisbon,MCF,LWAL,CDL,3,RES,BP2,RSH2,RMT1,,
c425a0c0-5812-4be4-af9a-aa62fb315f46,38.70965833,-9.179912089,Portugal,Lisbon,CR,LFM,CDL,5,RES,BP1,RSH1,RMN,,
5e40f51c-89cc-4f3a-afaf-98dffa092263,38.70469701,-9.197850644,Portugal,Lisbon,CR,LFM,CDN,4,MIX(RES;COM),BP2,RSH1,RMN,,
500eefdc-76b5-4de3-9e9b-a27027ab56f1,38.70394651,-9.192050291,Portugal,Lisbon,CR,LFM,CDL,3,MIX(RES;COM),BP2,RSH1,RMN,,
ff8782b0-71b3-49e9-b422-cf6eb468637f,38.71404765,-9.1810716,Portugal,Lisbon,CR,LFM,CDL,1,COM,BPD,RSH2,RMT1,,
0a4ce177-c669-4a71-9f2a-b5285166474a,38.69729691,-9.194289949,Portugal,Lisbon,MUR,LWAL,CDN,2,COM,BP2,RSH2,RMT1,,
0a56eaaa-85dc-4484-83e9-54dcb3b60df0,38.7023303,-9.195626285,Portugal,Lisbon,MUR,LWAL,CDL,4,RES,BP1,RSH1,RMN,,
7bcb8900-9453-49ed-a52f-231b3256ce18,38.70320547,-9.213928382,,,,,,,,,,,,
36851e69-06ab-4ab3-8625-d0376f631570,38.71091488,-9.192168347,Portugal,Lisbon,CR,LFINF,CDL,4,RES,BP1,RSH1,RMN,,
6c2b607b-b0cd-4638-bb83-da8c83537245,38.6993663,-9.218602867,Portugal,Lisbon,MUR,LWAL,CDL,2,RES,BP1,RSH1,RMN,,
e121c18b-57cd-4b39-9cfc-a9ff4ef13ca1,38.70388521,-9.202590869,Portugal,Lisbon,CR,LFM,CDL,4,RES,BP1,RSH2,RMT1,,
bf97a5d3-3d66-485a-a974-421c7b0c9914,38.70087683,-9.190972698,Portugal,Lisbon,MUR,LWAL,CDL,3,RES,BP2,RSH1,RMN,,
8fbfcf2d-9679-4ca3-a5e4-58cebc03b94d,38.7005679,-9.22408565,,,,,,,,,,,,
04399d42-9d6c-4c62-b3b7-2bb3a8d1400b,38.70266149,-9.186585104,,,,,,,,,,,,
6e53e2dd-d55e-4936-9f1f-1e6379dec45e,38.70166377,-9.218488339,,,,,,,,,,,,
84409f0e-d07c-491b-a7ec-682fba72936a,38.71488365,-9.17989595,Portugal,Lisbon,MCF,LWAL,CDL,1,RES,BP1,RSH2,RMT1,,
bfa71e23-c052-46d0-ac37-2576a71afbb9,38.70059648,-9.210091961,,,,,,,,,,,,
6d4bf0a8-5a84-4056-ba76-c29b3f24e7e5,38.70183504,-9.218082462,,,,,,,,,,,,
73d04b40-5184-4bdb-a9eb-8fa335caf794,38.71583555,-9.213474949,Portugal,Lisbon,MUR,LWAL,CDL,2,RES,BP2,RSH1,RMN,,
5ab3bda0-62da-4e46-99c2-201a7bcbabc8,38.71636994,-9.215341768,Portugal,Lisbon,MUR,LWAL,CDN,1,RES,BP1,RSH2,RMT1,,
2c31ccc3-33fd-45b9-8bf2-c4bcffbc9685,38.69480928,-9.213591843,Portugal,Lisbon,MUR,LWAL,CDL,2,RES,BP1,RSH1,RMN,,
731b66b6-0739-4a3a-b0b2-de363fed8273,38.7019994,-9.2060653,,,,,,,,,,,,
04cf174c-c95b-4df9-aa9c-33b5acb147f1,38.70034026,-9.200291566,,,,,,,,,,,,
d6a8fcba-dcd4-4bfd-9029-7b84dcd6f8ac,38.69688532,-9.21986794,,,,,,,,,,,,
82cec158-20e0-4730-a265-8f588f5036f5,38.69881413,-9.199416567,,,,,,,,,,,,
6bf3358c-626a-4665-8de0-c961e44cfafb,38.70135152,-9.201056365,Portugal,Lisbon,MUR,LWAL,CDL,5,RES,BP2,RSH2,RMT1,,
4a4b32bd-838c-4da4-a95b-a02ea079cfbc,38.70933847,-9.191683435,Portugal,Lisbon,MCF,LWAL,CDH,3,RES,BP1,RSH1,RMN,,
e47d9215-ee1a-4f7f-9522-db73cc4a51fe,38.70155803,-9.183443558,Portugal,Lisbon,MUR,LWAL,CDL,2,RES,BPD,RSH2,RMT1,,
d669d48e-20cb-4008-a6e6-c40393ba957f,38.7099299,-9.201052855,Portugal,Lisbon,MUR,LWAL,CDL,2,RES,BP2,RSH2,RMT1,,
bd204947-e46a-46fa-aa90-39a687c97f5c,38.70755163,-9.210837156,Portugal,Lisbon,MUR,LWAL,CDN,2,RES,BP1,RSH2,RMT1,,
1c860127-f520-4330-b1f4-58bab9b78283,38.70108446,-9.206546664,,,,,,,,,,,,
3417a1c7-64f6-4876-acd3-09149cd066d5,38.69960911,-9.223224904,Portugal,Lisbon,MUR,LWAL,CDL,2,RES,BP2,RSH2,RMT1,,
cd8837b5-b27b-42f4-b2aa-5822f67e2e57,38.6978163,-9.20261685,Portugal,Lisbon,CR,LFM,CDM,4,COM,BP2,RSH2,RMT1,,
ea6e44af-bcfc-4cc3-b569-7b64aaada6c6,38.70463492,-9.215186177,Portugal,Lisbon,MUR,LWAL,CDN,2,RES,BP1,RSH1,RMN,,
ca201282-4ca2-473f-aa3f-33507c86d052,38.71068743,-9.219598753,,,,,,,,,,,,
f68d1146-f236-4eca-8b1c-3b4eeaef4397,38.69989049,-9.220212866,,,,,,,,,,,,
e10bba75-9a87-4ad5-9979-232065afa136,38.70689754,-9.208717266,,,,,,,,,,,,
0bcec72e-339e-4e40-9eb0-4a4c637c936c,38.71122072,-9.202343416,Portugal,Lisbon,MUR,LWAL,CDL,3,RES,BP1,RSH1,RMN,,
3684da88-4057-462a-bc05-bd322bfea8bf,38.69720805,-9.215737403,Portugal,Lisbon,MUR,LWAL,CDL,2,RES,BP1,RSH1,RMN,,
500ae2ec-1a59-4384-a47b-c9accfc02dab,38.70521329,-9.184169422,Portugal,Lisbon,CR,LFM,CDN,5,MIX(RES;COM),BP1,RSH1,RMN,,
7fed3add-aae0-4326-be5c-9b3801916d77,38.70335574,-9.195623744,Portugal,Lisbon,CR,LFM,CDL,3,MIX(RES;COM),BP2,RSH1,RMN,,
875530df-c370-48d6-980b-827fcea75927,38.7027978,-9.193319916,Portugal,Lisbon,MCF,LWAL,CDL,2,RES,BP1,RSH1,RMN,,
52d4087b-b90a-49b2-bfcf-e7f6eaa96357,38.71792905,-9.212029775,Portugal,Lisbon,MUR,LWAL,CDL,4,RES,BP1,RSH1,RMN,,
acbce32c-a4ff-4c17-a09c-b3e11e5c1dab,38.7080733,-9.17443455,,,,,,,,,,,,
277f5764-0626-410a-9573-023dc5f1b093,38.70054872,-9.184423264,Portugal,Lisbon,CR,LFM,CDN,2,RES,BP1,RSH2,RMT1,,
30324d51-0e89-4ad7-81e6-699877a3565a,38.7058728,-9.19029905,,,,,,,,,,,,
b8c14ae1-1a1d-4322-bd0e-eca3031c6642,38.70505434,-9.184386533,Portugal,Lisbon,MUR,LWAL,CDL,4,RES,BP1,RSH1,RMN,,
05e1d5d5-4e3a-4ecc-9b42-f28b6f608e4c,38.71159334,-9.192234619,Portugal,Lisbon,MUR,LWAL,CDL,2,RES,BP2,RSH1,RMN,,
72a3b50e-7673-4678-9802-6091f5025560,38.69718827,-9.214949816,Portugal,Lisbon,HYB(MCF;MUR),LWAL,CDN,1,RES,BP1,RSH2,RMT1,,
6773e44e-6669-4bf4-b109-5acc4ec71ff2,38.70140101,-9.180654702,,,,,,,,,,,,
a28dc11f-93ce-4e00-b6b4-786429f6006a,38.70038756,-9.18091533,,,,,,,,,,,,
751d0c29-3f61-4e26-ba69-11bc87dae2f8,38.70444491,-9.180957694,,,,,,,,,,,,
45dfaa89-8e60-4168-ad92-31e817affc7e,38.70362213,-9.184498577,Portugal,Lisbon,MUR,LWAL,CDL,4,RES,BP1,RSH1,RMN,,
6ec0c83b-aa78-4e53-8dce-4d9f6a659117,38.70323537,-9.176464931,Portugal,Lisbon,MUR,LWAL,CDL,2,RES,BP2,RSH2,RMT1,,
f41f1d40-8a4d-4bea-a4fa-75c044de986d,38.7080921,-9.192729101,Portugal,Lisbon,MCF,LWAL,CDL,1,RES,BP1,RSH1,RMN,,
ab8eb7fd-abec-46dc-b390-eee9c79fa6a9,38.70009852,-9.179421338,,,,,,,,,,,,
4b7676e0-d0a7-466f-a0a6-f1519285623b,38.71077387,-9.205673651,Portugal,Lisbon,CR,LFM,CDN,3,MIX(RES;COM),BP1,RSH1,RMN,,
60c2070f-3425-49ae-9f2f-2567f2962e24,38.71147,-9.192621074,,,,,,,,,,,,
eb96d21c-266a-4d96-a3fc-f4aa38993c4f,38.70981595,-9.200670078,Portugal,Lisbon,MUR,LWAL,CDL,3,RES,BP2,RSH2,RMT1,,
fe5504ca-e199-43a5-b9c2-e9b248990257,38.69825553,-9.20461644,Portugal,Lisbon,HYB(MCF;MUR),LWAL,CDL,2,RES,BP1,RSH1,RMN,,
caf3e431-feab-4001-ac41-7b33e8d222f4,38.7171618,-9.191573726,,,,,,,,,,,,
e1411d10-e66f-4bfe-93ec-20b6c3a74bfe,38.69923917,-9.191305908,Portugal,Lisbon,CR,LFM,CDH,5,COM,BP2,RSH1,RMN,,
187abe69-c6a7-4483-a9c9-42cee2108dd5,38.70198974,-9.180521095,,,,,,,,,,,,
850b882b-5f3e-404a-b09c-1d6e4d461c38,38.69988923,-9.191866871,Portugal,Lisbon,CR,LFM,CDH,5,RES,BP2,RSH1,RMN,,
95597597-0cc1-4980-a7e6-c518f669dc0e,38.69879977,-9.19980782,,,,,,,,,,,,
cc697b19-8509-4be4-bd10-e122d0bbcb0a,38.70307547,-9.191385794,Portugal,Lisbon,CR,LFINF,CDH,4,RES,BP2,RSH1,RMN,,
bf9feeda-4bb0-4c8f-a4a7-e36b49a4985d,38.70461894,-9.213911778,,,,,,,,,,,,
064272b3-51d5-4f1e-b90d-3a33b4f79425,38.70014979,-9.202615667,,,,,,,,,,,,
9bdc3d29-de57-44c5-acfa-7d003c005ce3,38.70787352,-9.193199598,,,,,,,,,,,,
3f31def9-bd10-4150-8b1e-b78b0893a16e,38.7054681,-9.199418702,Portugal,Lisbon,MUR,LWAL,CDL,4,RES,BP2,RSH2,RMT1,,
80428f79-53e3-4cb7-ad95-77619ac805a2,38.69831111,-9.186616906,,,,,,,,,,,,
577eb21e-6bf7-43e4-a988-f5568290f15c,38.69924513,-9.192054306,Portugal,Lisbon,CR,LFM,CDH,4,MIX(RES;COM),BP2,RSH1,RMN,,
e439e18e-9ccb-4618-811b-914f097b7873,38.7040086,-9.2010017,Portugal,Lisbon,MUR,LWAL,CDL,4,RES,BP2,RSH1,RMN,,
dda283e6-5663-45c9-9367-14dce3c029e0,38.70102698,-9.200832439,Portugal,Lisbon,CR,LFM,CDH,1,COM,BPD,RSH2,RMT1,,
5f433631-a6d4-4a02-b9e6-d7e1609b1725,38.7004894,-9.179175013,,,,,,,,,,,,
753bdde5-346f-42b1-90bd-bfed18df6f3a,38.70334965,-9.181618491,,,,,,,,,,,,
0436fdc3-10ea-4347-995d-a23523b67791,38.69936693,-9.187438856,,,,,,,,,,,,
ce8a51f2-6a36-46cf-82f0-8d09884257eb,38.69680592,-9.21939514,,,,,,,,,,,,
652f0869-afbc-4b7e-9ede-9ac81460d950,38.7040152,-9.199644516,Portugal,Lisbon,MUR,LWAL,CDL,5,COM,BP1,RSH1,RMN,,
fdd024fa-3e76-4c3b-87d3-e77e23555818,38.71191616,-9.200431228,Portugal,Lisbon,MCF,LWAL,CDH,2,RES,BP1,RSH1,RMN,,
166143e8-3f42-4d10-bb99-e61bcec0a4cf,38.70160255,-9.180472297,,,,,,,,,,,,
e1ad5d44-b921-4cc4-8af2-9d776af2ef32,38.70227411,-9.21396562,,,,,,,,,,,,
9b79f1e7-9b56-443e-883f-bbb146c67bd7,38.70537672,-9.183322979,Portugal,Lisbon,CR,LFM,CDM,4,RES,BP2,RSH1,RMN,,
06121b8a-1ba7-4298-a5a2-2d18a6fea230,38.70117893,-9.204484801,Portugal,Lisbon,MCF,LWAL,CDH,4,RES,BP1,RSH2,RMT1,,
8e3d5ca6-d621-4926-a9fa-23c3f8193407,38.70698773,-9.199527523,,,,,,,,,,,,
ee3cb9d7-1356-4ca3-ab52-402d3af22eea,38.69390262,-9.206941985,Portugal,Lisbon,CR,LFM,CDN,1,RES,BPD,RSH1,RMN,,
7602cb82-7efa-4c54-bc97-19e429cb44db,38.69986937,-9.215533946,,,,,,,,,,,,
df297a19-59dc-436b-b034-e093e39e1ae4,38.70957185,-9.175495065,Portugal,Lisbon,MCF,LWAL,CDL,3,COM,BP1,RSH2,RMT1,,
4db3b938-90f1-4e55-952e-a6802c82e164,38.69819649,-9.191808388,Portugal,Lisbon,CR,LFM,CDN,5,RES,BP1,RSH1,RMN,,
ff75375c-cb0e-4a19-8fab-020db5c26649,38.69724659,-9.195937112,,,,,,,,,,,,
f5084450-bcf6-4451-ba19-3379e3f0a461,38.69474958,-9.223767887,,,,,,,,,,,,
682f91cc-45e0-42b2-8bd9-541feaaa3e10,38.7036487,-9.1757516,Portugal,Lisbon,MCF,LWAL,CDN,1,RES,BP1,RSH2,RMT1,,
2d50c27c-32d3-44ee-b4d5-84fa34f32c7e,38.7031201,-9.175446334,,,,,,,,,,,,
064dcd50-afd3-40d0-a706-a784412a4d06,38.708899,-9.195224578,,,,,,,,,,,,
b935fadf-50f6-4ab7-8a5e-2e239e9be3ad,38.69691205,-9.21698175,,,,,,,,,,,,
d3c6b378-9401-4eab-9a5d-a5655f0d141f,38.70085515,-9.2099847,,,,,,,,,,,,
c61a6fde-0e61-4e63-8f91-25e2b07306d2,38.69927982,-9.221004771,,,,,,,,,,,,
16b2ce29-4603-4310-b28d-157218d86a48,38.70556789,-9.186444305,,,,,,,,,,,,
90957a29-7353-4f03-a0ff-b627b11c2af8,38.7005583,-9.217298633,Portugal,Lisbon,MUR,LWAL,CDL,2,RES,BPD,RSH2,RMT1,,
57a51433-d63a-4496-85bf-3d827f71c168,38.70448423,-9.20355272,Portugal,Lisbon,HYB(MCF;MUR),LWAL,CDH,2,RES,BP1,RSH2,RMT1,,
981f4515-34c7-423b-9e42-0ddbe396303e,38.7042588,-9.20992205,,,,,,,,,,,,
0d07dbe4-9880-43b1-a62f-1ccec59b6280,38.69928919,-9.191747063,Portugal,Lisbon,CR,LFM,CDL,4,RES,BP2,RSH1,RMN,,
77bae1f1-2586-4804-93a8-d69b1844e9e0,38.70539262,-9.20058494,Portugal,Lisbon,MUR,LWAL,CDL,3,RES,BP2,RSH1,RMN,,
ee0d1b46-6dc0-40a3-a215-edfebdb957a9,38.6992609,-9.218909702,Portugal,Lisbon,MUR,LWAL,CDL,3,RES,BP1,RSH1,RMN,,
ee4f0cd2-f361-46fc-b3bc-3924aef6d800,38.71098665,-9.213808559,Portugal,Lisbon,S,LFM,CDH,1,IND,BP2,RSH2,RMT1,,
f9253561-2c5e-4b08-8ba2-1496c470fdbf,38.70497657,-9.193083424,Portugal,Lisbon,CR,LFM,CDN,10/dez,RES,BP3,RSH1,RMN,,
584e4133-4edb-416c-8e25-0630af2650ab,38.70951623,-9.175764341,Portugal,Lisbon,MUR,LWAL,CDL,1,RES,BP2,RSH1,RMN,,
218d58ce-fee5-48dd-a841-cfe8e3a1efb2,38.69913133,-9.189541561,Portugal,Lisbon,MCF,LWAL,CDL,2,RES,BP2,RSH2,RMT1,,
8f8d4e60-9807-4557-8e11-1f2090669e50,38.70002252,-9.19157112,Portugal,Lisbon,CR,LFINF,CDL,4,RES,BP1,RSH1,RMN,,
aa082f49-4224-4daa-813e-f5b58c9b61c9,38.71689045,-9.215316246,,,,,,,,,,,,
43570bdb-4bfb-47ef-a197-1268d682d747,38.70674965,-9.177440705,Portugal,Lisbon,MUR,LWAL,CDN,3,RES,BP2,RSH1,RMN,,
0e29d005-0291-4be2-b41e-45d0f0c866ad,38.7093044,-9.18145875,,,,,,,,,,,,
823fa91d-733f-4eea-b98c-be2604e18cef,38.70292243,-9.196537658,Portugal,Lisbon,MUR,LWAL,CDL,4,RES,BP1,RSH1,RMN,,
324e4623-afa8-47bf-92db-fc945cadb582,38.7033251,-9.182651516,Portugal,Lisbon,MUR,LWAL,CDL,4,RES,BP2,RSH1,RMN,,
47cca684-748b-4939-81a2-a7b59bd02529,38.70230474,-9.182324547,Portugal,Lisbon,CR,LFM,CDL,2,COM,BP2,RSH2,RMT1,,
a935ceb6-cf95-45c3-931f-707edc694a6a,38.71385689,-9.205929163,Portugal,Lisbon,MUR,LWAL,CDL,2,RES,BP2,RSH2,RMT1,,
ca41a89d-0bb3-4ac3-96cb-af44ca46df91,38.70367842,-9.214753117,Portugal,Lisbon,MUR,LWAL,CDN,2,RES,BP1,RSH1,RMN,,
94966a41-2fcf-4d2b-80c8-4600dcf993a9,38.70362725,-9.17832985,Portugal,Lisbon,MCF,LWAL,CDL,2,COM,BP2,RSH2,RMT1,,
3c7eec56-fe5d-471c-a259-9732d890d02d,38.70720153,-9.213851906,,,,,,,,,,,,
27109bb0-d710-432d-baca-482833dc0965,38.70054866,-9.178328595,,,,,,,,,,,,
9f1d2a32-0436-49f5-8872-9778dd09f1ff,38.7134218,-9.18469745,,,,,,,,,,,,
78e12142-14b0-4c41-b085-1ab0760a2aeb,38.70212701,-9.178368893,,,,,,,,,,,,
730eb180-775b-48fe-9d32-6c509f765094,38.70779065,-9.212263,Portugal,Lisbon,S,LFM,CDH,2,RES,BPD,RSH1,RMN,,
b58bcc80-0460-44f5-b704-d4f7c8fc71d9,38.6969099,-9.217406134,Portugal,Lisbon,MUR,LWAL,CDL,2,RES,BP1,RSH1,RMN,,
02f9eb6b-8ac3-4a01-bba3-1f9751b2e08c,38.70469269,-9.215606224,,,,,,,,,,,,
cf1e2c39-a0c9-4694-8576-b7b582b6d601,38.70229308,-9.199816223,Portugal,Lisbon,CR,LFM,CDN,4,RES,BP1,RSH1,RMN,,
675fce2a-492e-4137-98d1-e5fded2e10a0,38.70645216,-9.20614808,,,,,,,,,,,,
023fff6a-722b-432a-a0c6-4fbd9831bed7,38.7224957,-9.179241043,,,,,,,,,,,,
5fb665ca-37fa-4c8a-a8f2-ddfc304c7158,38.7060407,-9.21552695,,,,,,,,,,,,
74b45b57-83ab-4971-8bf7-26fb41302bfd,38.70558936,-9.179930525,Portugal,Lisbon,MUR,LWAL,CDL,4,RES,BP2,RSH1,RMN,,
bebe9f3a-7475-41d0-9072-8e20074d1393,38.70305339,-9.188972933,,,,,,,,,,,,
a226497e-2a3b-4997-9c2d-0a9eda333c3f,38.70793309,-9.216198166,,,,,,,,,,,,
6085fcb4-4bc8-486a-9e01-13f12e4df594,38.7008916,-9.218899323,Portugal,Lisbon,MUR,LWAL,CDL,2,RES,BPD,RSH2,RMT1,,
cb0a1326-1347-4a66-bb81-0be09e078b97,38.69740318,-9.216318808,,,,,,,,,,,,
5c01d45d-1e51-4f97-9784-cbcb1c668273,38.69720826,-9.218485059,Portugal,Lisbon,MUR,LWAL,CDL,2,RES,BP1,RSH1,RMN,,
39bc7f39-03a7-47da-9898-1d0ebfdc40e7,38.70415334,-9.215574722,,,,,,,,,,,,
9087e548-9cf7-493f-af9c-01f7233fa0ec,38.70063959,-9.225227718,,,,,,,,,,,,
d0f26993-84ee-4861-956f-b1827232ebd8,38.70010204,-9.179635561,,,,,,,,,,,,
b0c9feb0-da60-43dc-852a-7e58ccca6886,38.69752307,-9.220429851,,,,,,,,,,,,
6e7ec6b2-5f1a-4c65-b314-93fb41058401,38.70523537,-9.210253074,,,,,,,,,,,,
ca742d8d-899f-4c81-b174-341bec8b5a45,38.71045119,-9.190671424,,,,,,,,,,,,
c9854b60-0416-4828-808a-20e09025657a,38.7022057,-9.18590805,Portugal,Lisbon,S,LFM,CDL,1,COM,BP1,RSH2,RMT1,,
72580228-3a23-43da-9aa6-2f87522692d6,38.70468791,-9.178788802,,,,,,,,,,,,
3277ff83-c412-4481-9b97-bd7f04ad2f46,38.69723039,-9.197087624,,,,,,,,,,,,
a32e2ba8-f578-47c2-bfc5-a71b511e9e5f,38.70262638,-9.215372857,,,,,,,,,,,,
80723017-d06a-48c0-a656-3cd118be178d,38.6972102,-9.2188423,,,,,,,,,,,,
0a2be59b-2f81-43f7-91bd-9f4838808b5f,38.69534306,-9.217652663,,,,,,,,,,,,
e21e04ab-4b24-4aad-901b-08eb0745b190,38.70625542,-9.206645105,Portugal,Lisbon,CR,LFM,CDH,08/set,MIX(RES;COM),BP3,RSH1,RMN,,
2e682b44-fbf0-4080-95f4-7acf8d5a003b,38.70484646,-9.177901139,Portugal,Lisbon,MUR,LWAL,CDN,4,COM,BP1,RSH1,RMN,,
260d4333-ee78-46b9-9550-d481d29e3e01,38.71304071,-9.183549543,,,,,,,,,,,,
a8345aa0-56ed-478b-8130-4178d3591a88,38.70874132,-9.194280342,Portugal,Lisbon,S,LFM,CDL,2,RES,BP1,RSH2,RMT1,,
806855e2-8976-4368-bb28-1bf7d56ad874,38.69880614,-9.220292803,,,,,,,,,,,,
cbd85a30-4904-487d-a483-7011331cd8b3,38.7040745,-9.194027034,,,,,,,,,,,,
a160ae35-dc56-4ac2-bf9a-e9b8f452103d,38.71081996,-9.191553146,Portugal,Lisbon,CR,LFM,CDM,5,COM,BP1,RSH1,RMN,,
b0e8cb51-598a-4387-a567-ece9d47f6760,38.6977597,-9.21675995,,,,,,,,,,,,
de297f3f-51ce-4fd4-ada4-ecf5e52348a6,38.69539214,-9.220186908,,,,,,,,,,,,
71e8bc2d-3598-4e91-a8cf-9d2cbb29a9a5,38.6988319,-9.219093634,Portugal,Lisbon,MUR,LWAL,CDN,2,RES,BP1,RSH1,RMN,,
2a40f07d-9f66-4b79-bf3c-97be785e3593,38.7004599,-9.181414779,Portugal,Lisbon,MUR,LWAL,CDL,1,COM,BP2,RSH1,RMN,,
f5a59827-fc21-4293-809f-1a303a6de568,38.71771114,-9.213145727,Portugal,Lisbon,MUR,LWAL,CDL,2,RES,BP1,RSH1,RMN,,
a53d6949-a320-427a-a0fc-cd09583a7de1,38.69780436,-9.202840198,Portugal,Lisbon,MCF,LWAL,CDH,1,IND,BP1,RSH2,RMT1,,
24966b94-7102-4b91-a987-785978af8339,38.69518979,-9.213872294,Portugal,Lisbon,CR,LFM,CDN,4,RES,BP1,RSH1,RMN,,
3dedad83-472a-4693-92cc-db0a647e4570,38.70621112,-9.189071343,Portugal,Lisbon,CR,LFM,CDM,08/set,RES,BP2,RSH1,RMN,,
ae367d91-fa9a-45e5-89cc-5570a0e94453,38.69853444,-9.220141765,Portugal,Lisbon,MUR,LWAL,CDL,2,RES,BP1,RSH1,RMN,,
afc24337-8606-4043-84ad-20e1492db8c1,38.70790264,-9.209804998,Portugal,Lisbon,CR,LFM,CDN,1,COM,BP1,RSH1,RMN,,
2e727b10-1cf1-474e-adba-95a980acf0fe,38.70261376,-9.19071432,Portugal,Lisbon,CR,LFM,CDL,06/jul,MIX(RES;COM),BP3,RSH1,RMN,,
ccbea710-d498-4836-a549-84a12cbd5561,38.71630275,-9.2134375,Portugal,Lisbon,MUR,LWAL,CDL,3,RES,BP1,RSH2,RMT1,,
0ebf5589-bf6d-4ddc-bec6-98ea17f48c1f,38.70858285,-9.17494995,Portugal,Lisbon,MUR,LWAL,CDL,2,RES,BP1,RSH2,RMT1,,
4ea916dd-a894-462c-b062-a436f71040f9,38.6977584,-9.2117264,Portugal,Lisbon,MUR,LWAL,CDL,2,RES,BP2,RSH2,RMT1,,
41f658af-6b5e-419e-bb63-ce091a62ffdc,38.71347059,-9.204366721,Portugal,Lisbon,MUR,LWAL,CDL,3,RES,BP1,RSH1,RMN,,
f25ce0f9-e11c-416a-b770-2864c8efa7a6,38.70719138,-9.192409856,Portugal,Lisbon,MCF,LWAL,CDH,2,RES,BP1,RSH1,RMN,,
e392b73b-86b3-445d-b2f0-3b9176478584,38.7163702,-9.212826185,Portugal,Lisbon,MUR,LWAL,CDL,3,COM,BP2,RSH1,RMN,,
6436a311-0f05-4736-a588-a6c57111e11d,38.70620286,-9.210930019,Portugal,Lisbon,MCF,LWAL,CDH,2,RES,BPD,RSH1,RMN,,
9a123a43-a887-4130-b6d4-10f796e8aad2,38.70969262,-9.192010363,Portugal,Lisbon,CR,LFM,CDH,4,RES,BP1,RSH1,RMN,,
3bd3e0f5-1f8d-4493-85c3-d62493e507d2,38.71077973,-9.197346046,Portugal,Lisbon,CR,LFM,CDH,4,RES,BP1,RSH1,RMN,,
868c0501-b953-453a-b5eb-5719228705a6,38.70053938,-9.20065466,Portugal,Lisbon,CR,LFINF,CDL,3,RES,BP1,RSH1,RMN,,
ee22567a-e919-44cb-b545-7446a0488e48,38.70182503,-9.220342197,,,,,,,,,,,,
56a41f9c-4ae7-4314-ae29-c606c1cb308c,38.696053,-9.219830411,Portugal,Lisbon,HYB(MCF;MUR),LFINF,CDL,3,COM,BP1,RSH2,RMT1,,
5834c1f4-eede-482f-9611-0f0a9ea82a52,38.718038,-9.1920051,,,,,,,,,,,,
2107ff83-1783-4024-b785-472b9ac0df76,38.71433845,-9.206706506,Portugal,Lisbon,MUR,LWAL,CDL,2,RES,BP2,RSH1,RMN,,
a6d06c90-6b90-4b81-a605-e63e9df56445,38.70763795,-9.18664765,,,,,,,,,,,,
cdb61860-3a53-480b-bd2e-e370c2ac815d,38.70201455,-9.181942988,Portugal,Lisbon,MUR,LWAL,CDL,3,RES,BP2,RSH2,RMT1,,
58c2da92-88c6-4731-b6d0-99a9d82092d0,38.70584563,-9.193936681,Portugal,Lisbon,CR,LFINF,CDN,2,RES,BP1,RSH1,RMN,,
d448ecf7-627a-44fb-a762-ef901ec4d7e1,38.70752997,-9.212437599,Portugal,Lisbon,MCF,LWAL,CDN,2,RES,BP2,RSH1,RMN,,
18015a02-3772-41b3-8869-4edabbed6650,38.69792751,-9.194039505,Portugal,Lisbon,MUR,LWAL,CDL,1,RES,BP1,RSH2,RMT1,,
f589e5ed-7593-4da4-9782-2bd551cfb2f9,38.70900201,-9.185946352,,,,,,,,,,,,
0806b15a-ac92-40ad-bdee-eb592ce1fa16,38.71448412,-9.214429734,Portugal,Lisbon,MUR,LWAL,CDL,4,RES,BP1,RSH2,RMT1,,
07dc4e39-cddb-4f0b-ba80-2a985872a2e7,38.70758104,-9.191571214,Portugal,Lisbon,MCF,LWAL,CDM,1,RES,BP1,RSH1,RMN,,
f9ddf066-c48d-4899-bf4e-e44dd3d914d8,38.70492862,-9.202600714,Portugal,Lisbon,MUR,LWAL,CDL,3,RES,BP2,RSH2,RMT1,,
9500d9da-0087-49ee-9a1f-49c397cd526a,38.71095238,-9.191671069,Portugal,Lisbon,CR,LFM,CDM,08/set,COM,BP2,RSH1,RMN,,
57cd9be4-0608-418c-ba10-e4eaa00456d9,38.69937272,-9.216848045,,,,,,,,,,,,
105b2f26-c654-4470-a0c5-86809300cd94,38.70158255,-9.18357265,Portugal,Lisbon,MUR,LWAL,CDN,2,COM,BP2,RSH1,RMN,,
e130f638-a987-4f13-8854-2d0145c0d5c0,38.69688904,-9.218293425,Portugal,Lisbon,MUR,LWAL,CDL,3,RES,BPD,RSH1,RMN,,
dfa120b5-1049-41a8-9df1-ce7da61a2904,38.70473237,-9.197227756,Portugal,Lisbon,CR,LFM,CDN,2,COM,BP2,RSH2,RMT1,,
e83d065c-e4b8-4d7c-a477-1f581eec0b16,38.70018147,-9.193209726,Portugal,Lisbon,MCF,LWAL,CDM,2,RES,BP2,RSH2,RMT1,,
fe46028e-edae-416e-b275-87ce05cdfab7,38.70601046,-9.177109411,Portugal,Lisbon,CR,LFM,CDL,5,MIX(RES;COM),BP3,RSH1,RMN,,
c0cfc26f-a9ac-4db0-869b-7c5179a030ba,38.70481478,-9.19041137,Portugal,Lisbon,MUR,LWAL,CDL,4,MIX(RES;COM),BP2,RSH1,RMN,,
213052c5-f2ca-488b-b929-b3345bc39b3d,38.71747909,-9.191545528,,,,,,,,,,,,
c16f01ca-bb9d-463f-94dd-48c07bb38432,38.70497059,-9.212938966,Portugal,Lisbon,MUR,LWAL,CDL,2,RES,BP2,RSH2,RMT1,,
d7ef7a89-02b0-4b13-91e7-ee4c6554d9e9,38.70222152,-9.200771943,Portugal,Lisbon,MCF,LWAL,CDL,1,COM,BP1,RSH1,RMN,,
289a0de5-a736-484a-874c-ca9195128b64,38.70817619,-9.202587373,,,,,,,,,,,,
b4ab47df-cb6f-4c95-805c-610f8e4a9036,38.6980639,-9.185349463,,,,,,,,,,,,
242b8302-e532-48fb-9ad8-4a6ed6004d84,38.69889536,-9.179104354,,,,,,,,,,,,
e4b5cdb7-56e4-4256-97ef-e3605c6628eb,38.70426212,-9.203244522,Portugal,Lisbon,CR,LFM,CDN,4,COM,BP1,RSH1,RMN,,
d15de1d6-0e4c-4e81-be14-1610dc0808b1,38.70936272,-9.202983627,,,,,,,,,,,,
7bb2180d-8600-4fa6-bef5-6250a44b3fc6,38.70977713,-9.206518638,,,,,,,,,,,,
1ed0ba56-4790-474f-9276-72d3090b11aa,38.70923922,-9.175714199,Portugal,Lisbon,MUR,LWAL,CDL,2,RES,BP2,RSH2,RMT1,,
06d4678b-f586-4292-8f7a-93e1a51e67bb,38.69808258,-9.194532471,Portugal,Lisbon,MUR,LWAL,CDN,2,COM,BP2,RSH2,RMT1,,
47e38dd9-07c4-4d7e-b3d7-71ab1c0a039a,38.70751499,-9.20838281,Portugal,Lisbon,CR,LFM,CDL,5,RES,BP3,RSH1,RMN,,
e5cdcddc-86c8-49ba-b429-7ec87cfdf7af,38.70510055,-9.191335653,Portugal,Lisbon,HYB(MCF;MUR),LDUAL,CDH,2,RES,BPD,RSH2,RMT1,,
fe5c5a93-38c7-44f9-9808-f76d24a1fef4,38.70523867,-9.199647587,Portugal,Lisbon,MUR,LWAL,CDL,4,RES,BP2,RSH2,RMT1,,
d1813995-f3cd-42f1-90a8-a67026ad1e2d,38.70539887,-9.199399335,Portugal,Lisbon,MUR,LWAL,CDN,4,RES,BP2,RSH2,RMT1,,
7f6f967f-5415-4fe6-9de5-ca882eacad97,38.70919972,-9.197181698,,,,,,,,,,,,
214f47c8-003b-4a20-b862-dca1ff603450,38.70008835,-9.192731321,Portugal,Lisbon,CR,LFINF,CDL,4,RES,BP2,RSH1,RMN,,
f1935253-4a8a-4855-8d05-8bdd4f3bb125,38.70411228,-9.175765802,Portugal,Lisbon,CR,LFM,CDH,1,COM,BPD,RSH2,RMT1,,
b74e4a65-559a-4e41-bf88-d59e8640221e,38.71640056,-9.189223826,,,,,,,,,,,,
2e7adc43-2f0c-4e54-bd0c-bef3fa9831d5,38.71657147,-9.193510126,,,,,,,,,,,,
9a5c885a-2a47-4a79-a69f-4c3f050f7589,38.70969535,-9.193997769,Portugal,Lisbon,MUR,LWAL,CDL,1,RES,BP2,RSH1,RMN,,
8eb426f6-52db-4a8c-85fa-e0eeeae45b59,38.71671479,-9.21715778,Portugal,Lisbon,MUR,LWAL,CDL,3,RES,BP1,RSH2,RMT1,,
f442a886-afb2-46df-a824-51c7f6fe0dc0,38.70866505,-9.198746815,Portugal,Lisbon,MUR,LWAL,CDL,2,RES,BP1,RSH2,RMT1,,
c330d381-6d6c-4c35-8175-c7b3c46d97a9,38.71554479,-9.214643865,Portugal,Lisbon,MUR,LWAL,CDN,1,COM,BP1,RSH2,RMT1,,
47df1539-72c2-4fc3-960d-5b6fe98b9118,38.69744515,-9.202022741,Portugal,Lisbon,MUR,LWAL,CDL,2,COM,BP2,RSH2,RMT1,,
20b6e163-0fdd-4b8a-997b-f606440453b9,38.70240235,-9.2038422,Portugal,Lisbon,MCF,LWAL,CDH,4,RES,BP1,RSH2,RMT1,,
adccc260-4a72-4900-92bd-57b49fc27287,38.70354108,-9.178445905,Portugal,Lisbon,MUR,LWAL,CDL,2,RES,BP1,RSH2,RMT1,,
6d5d2056-e5ad-4e2d-8f79-c874a98df12a,38.70281136,-9.194231895,Portugal,Lisbon,MCF,LWAL,CDL,4,COM,BP1,RSH2,RMT1,,
94edee77-6917-45dd-a195-92f372586f5b,38.69187725,-9.213882156,,,,,,,,,,,,
0ab380c5-4d18-4cb1-84b2-e0cfac6e6037,38.70966466,-9.175724609,Portugal,Lisbon,MUR,LWAL,CDL,2,RES,BP2,RSH2,RMT1,,
92a8cf5c-78d0-4fe5-b8c4-3924ed69577b,38.71216359,-9.187927094,,,,,,,,,,,,
8cf68564-d4c4-4593-82e0-13ca81005e33,38.71704506,-9.215021939,,,,,,,,,,,,
972cf889-b51f-4a81-9d00-83e0efaefc17,38.69706305,-9.20316339,Portugal,Lisbon,CR,LFM,CDL,1,COM,BP1,RSH1,RMN,,
96b6c764-137e-4a10-b3e2-879cbe08cd35,38.70280142,-9.18196763,,,,,,,,,,,,
4a4f512a-ac0e-4c09-a446-1c3af515446a,38.71617695,-9.214599019,,,,,,,,,,,,
532febad-32c9-42e4-83a4-8c0dfbd29f86,38.71134853,-9.201559273,Portugal,Lisbon,HYB(MCF;MUR),LWAL,CDM,3,RES,BP2,RSH1,RMN,,
cd51e074-0bc3-4d00-9a85-6eaccd1f1c58,38.7154011,-9.216880425,Portugal,Lisbon,MUR,LWAL,CDL,2,RES,BPD,RSH1,RMN,,
95d981be-ab62-4ecd-8380-073a2d51c2c8,38.72334577,-9.184962141,,,,,,,,,,,,
68dd5519-b1d2-4c47-b804-e4b80d885426,38.70880789,-9.196514732,Portugal,Lisbon,MUR,LWAL,CDN,1,COM,BP2,RSH1,RMN,,
17998369-c25d-4209-8180-ca961daf6ce9,38.71105315,-9.199602502,Portugal,Lisbon,CR,LFM,CDL,2,COM,BP2,RSH2,RMT1,,
950c3e2a-5964-404d-aba3-6ab7d79df71f,38.70170938,-9.22070569,,,,,,,,,,,,
fffe4981-7c6f-4817-b75b-2442091d5c6a,38.70093753,-9.185463658,,,,,,,,,,,,
03d6cacc-6860-42aa-9951-fc73a5ba22e4,38.71276044,-9.21502808,Portugal,Lisbon,CR,LFM,CDN,2,COM,BPD,RSH1,RMN,,
2b132e8a-d46b-4e20-9eb4-c8535b1cd82f,38.71332284,-9.176406755,Portugal,Lisbon,MCF,LWAL,CDN,2,COM,BP1,RSH1,RMN,,
c86e39ba-b5b0-4a24-be9d-7ff243870d91,38.70228782,-9.192614146,Portugal,Lisbon,CR,LFINF,CDL,4,RES,BP1,RSH2,RMT1,,
4955c082-18c1-4a93-9145-e162b3eaae11,38.69709879,-9.204614973,,,,,,,,,,,,
187c4714-5ac6-484d-bacf-98e787a2dc36,38.7022832,-9.2055627,,,,,,,,,,,,
a8a06075-5f71-445b-960f-6b8bc04e2457,38.713978,-9.204480428,Portugal,Lisbon,MUR,LWAL,CDL,2,RES,BP2,RSH1,RMN,,
3884a36b-9a61-429e-acf9-25b659bd7b0a,38.6995974,-9.19163329,Portugal,Lisbon,MUR,LWAL,CDL,4,MIX(RES;COM),BP2,RSH1,RMN,,
032b177a-303f-4069-972b-63449e9da606,38.70155605,-9.193055134,,,,,,,,,,,,
dcd90c1d-f54e-4b3f-8e25-4a7b7de475fc,38.70308985,-9.184574223,Portugal,Lisbon,MUR,LWAL,CDL,4,RES,BP2,RSH2,RMT1,,
5e83cd21-01ad-459d-a80f-273ad7e237e4,38.7115316,-9.19231015,,,,,,,,,,,,
44eb960d-822c-4653-9cbf-aefd3e072715,38.71583995,-9.217481546,Portugal,Lisbon,MUR,LWAL,CDL,2,RES,BP1,RSH1,RMN,,
f4c850c9-c1c7-49f9-a457-d31837b946ba,38.7039056,-9.190193629,Portugal,Lisbon,MUR,LWAL,CDL,4,RES,BP1,RSH1,RMN,,
35e88c8d-497a-4de4-aed0-2ae1781e13e2,38.70553959,-9.20521357,Portugal,Lisbon,CR,LFM,CDM,06/jul,MIX(RES;COM),BP2,RSH1,RMN,,
11860147-cbfc-45ad-a195-497c6e741ed6,38.69946463,-9.191146626,Portugal,Lisbon,MUR,LWAL,CDL,4,RES,BP1,RSH1,RMN,,
41583bb1-e5f1-4fab-b074-8c0694f5acec,38.71717277,-9.212024272,Portugal,Lisbon,MUR,LWAL,CDL,2,RES,BP2,RSH2,RMT1,,
7d5ada77-09d7-4496-b109-25ed78acc0fc,38.71093585,-9.191282046,Portugal,Lisbon,CR,LFINF,CDM,4,MIX(RES;COM),BP1,RSH1,RMN,,
7822d2e0-cc55-46ad-9622-1a085d6f55db,38.71571942,-9.214012597,Portugal,Lisbon,MUR,LWAL,CDL,2,RES,BP2,RSH1,RMN,,
96f87929-1793-46cd-af30-ec1c49048ea2,38.71496211,-9.210306758,,,,,,,,,,,,
ba83aee4-c9a2-4f0e-b1aa-d186c7206aba,38.70725764,-9.205141921,Portugal,Lisbon,MUR,LWAL,CDN,1,COM,BP3,RSH2,RMT1,,
6bcef05f-a793-468f-9871-99f3176756d5,38.69909437,-9.220399942,Portugal,Lisbon,MUR,LWAL,CDL,3,RES,BP1,RSH1,RMN,,
73b7fcb3-6cd5-493b-a769-b8ccf729c24a,38.70110574,-9.212508669,Portugal,Lisbon,CR,LDUAL,CDM,2,RES,BPD,RSH1,RMN,,
eafaf0fe-1493-45b1-85f5-65a4d39c2c51,38.70230185,-9.1942102,Portugal,Lisbon,CR,LFM,CDN,1,RES,BP1,RSH1,RMN,,
84a0eb61-cd6f-4740-87af-1b1f3fb8c734,38.7061116,-9.2071248,Portugal,Lisbon,CR,LDUAL,CDN,08/set,MIX(RES;COM),BP2,RSH1,RMN,,
d4907327-8ce9-4c94-ac79-c4aef70cb4f8,38.70938827,-9.21186837,,,,,,,,,,,,
1802cd66-0611-456d-8569-319c3360addc,38.70088327,-9.200448656,Portugal,Lisbon,CR,LFM,CDN,3,COM,BP1,RSH1,RMN,,
9416180c-095e-4b5b-922a-2906510cf779,38.69557632,-9.220444416,,,,,,,,,,,,
62bea9cb-5592-4ee5-bc87-0d0bfea95f1e,38.70248,-9.18467219,,,,,,,,,,,,
1d8aae57-a53b-4f2e-a44b-347065b7fb0c,38.71473285,-9.21572395,,,,,,,,,,,,
69907839-a17e-4681-9834-bf2b12a23898,38.71541003,-9.21662708,Portugal,Lisbon,MUR,LWAL,CDL,3,RES,BP1,RSH1,RMN,,
541524fb-b427-4025-a6cf-ce4c206f3954,38.69445466,-9.219316256,,,,,,,,,,,,
2d2492a9-cf3d-472e-b1ae-102ebb104641,38.69884875,-9.220204084,Portugal,Lisbon,MUR,LWAL,CDL,2,RES,BPD,RSH1,RMN,,
0c479344-62ee-4e27-9f59-a300b7ac5829,38.70371198,-9.177915807,Portugal,Lisbon,HYB(MCF;MUR),LFM,CDH,13+,RES,BP2,RSH1,RMN,,
31008714-bc4a-46da-8107-7b05fe3044ec,38.71802627,-9.212027225,Portugal,Lisbon,MUR,LWAL,CDL,4,RES,BP1,RSH1,RMN,,
e220d427-3ee4-44b5-b3e9-71ceaab43d94,38.69924788,-9.216992606,,,,,,,,,,,,
ee922450-b72c-4917-8787-fb418e67c892,38.71210118,-9.203726835,Portugal,Lisbon,MCF,LWAL,CDH,1,RES,BP1,RSH1,RMN,,
35320c86-a827-4fc2-ba1e-be3135bff978,38.70647368,-9.194260612,,,,,,,,,,,,
6d511982-b198-47b7-bd6b-bf4af94d9901,38.70309858,-9.179194651,Portugal,Lisbon,CR,LDUAL,CDN,1,RES,BPD,RSH1,RMN,,
a78b681c-497c-483b-b1cd-ccf91b7cf7ec,38.70278995,-9.2028669,Portugal,Lisbon,MUR,LWAL,CDL,3,RES,BP1,RSH2,RMT1,,
5988adc8-27fb-40f4-b9b2-2bdd9c5a8b5d,38.70425103,-9.199752846,Portugal,Lisbon,MUR,LWAL,CDL,2,RES,BP1,RSH1,RMN,,
b9e0c8b7-350c-4e28-9ef5-56d416bc4c1c,38.69982023,-9.220588237,Portugal,Lisbon,MUR,LWAL,CDL,2,RES,BP1,RSH2,RMT1,,
ebb3cc69-af41-4caf-acc9-e369221f981b,38.71598873,-9.217495124,Portugal,Lisbon,MUR,LWAL,CDL,2,RES,BP1,RSH1,RMN,,
b4c9085b-135b-42e5-ab2e-654a322c1b36,38.7165549,-9.2129904,Portugal,Lisbon,MUR,LWAL,CDL,3,RES,BP2,RSH2,RMT1,,
16f4b0b2-1ec4-4428-94f5-fdbd14823860,38.69990511,-9.183352059,,,,,,,,,,,,
d72dd11a-6fa5-4ec6-bece-cafd45aa1b8e,38.70440148,-9.19146788,Portugal,Lisbon,MCF,LWAL,CDM,1,RES,BP2,RSH1,RMN,,
fa83bcab-eaf3-4b63-b2aa-468a937ab41a,38.6987249,-9.2136256,Portugal,Lisbon,MUR,LWAL,CDN,4,RES,BPD,RSH2,RMT1,,
b0ba359b-a914-4082-9360-6949c6e227ae,38.70011486,-9.221577093,Portugal,Lisbon,MUR,LWAL,CDL,1,RES,BPD,RSH2,RMT1,,
8b410e6a-5451-4e1f-96bd-3452cc3e6e9d,38.70089371,-9.183138634,Portugal,Lisbon,MUR,LWAL,CDL,4,RES,BP1,RSH1,RMN,,
327b72e3-c565-47e1-9798-abaa045e03e0,38.69983023,-9.191798323,Portugal,Lisbon,CR,LFM,CDL,5,RES,BP3,RSH1,RMN,,
5106b199-be1a-4746-b373-ecb279ddf0e1,38.7036061,-9.207768846,,,,,,,,,,,,
1ba61904-adfd-48bb-86d2-a19956221d29,38.70502223,-9.188766597,Portugal,Lisbon,MUR,LWAL,CDL,1,RES,BP2,RSH2,RMT1,,
4c7f40fd-df22-4fcc-bcaa-c290c2537596,38.69947875,-9.192234674,Portugal,Lisbon,MUR,LWAL,CDL,4,RES,BP1,RSH2,RMT1,,
fb8c2234-9682-4ef2-b605-258871d49a8f,38.70244988,-9.184828486,Portugal,Lisbon,MUR,LWAL,CDN,1,RES,BP1,RSH2,RMT1,,
9d97ff74-b2c8-4918-a197-b9baaab82969,38.70122758,-9.181453877,Portugal,Lisbon,MUR,LWAL,CDL,2,RES,BP1,RSH2,RMT1,,
a60a8dac-2cd2-4995-aa6a-c3a3ad1fb16e,38.70021678,-9.219222851,,,,,,,,,,,,
327d668d-e09b-4d62-aaf3-70dc6d296ad9,38.69602484,-9.215265118,,,,,,,,,,,,
6116ac2c-7602-41db-affb-e204e9490d67,38.7008767,-9.210593559,Portugal,Lisbon,MUR,LWAL,CDN,1,RES,BPD,RSH1,RMN,,
8ac8a30a-90ed-4190-a87a-b5097b2d8ca9,38.70713968,-9.210949165,Portugal,Lisbon,MUR,LWAL,CDN,2,RES,BP1,RSH2,RMT1,,
f14ad1bd-693d-41b2-84b3-ed04739848b0,38.71792895,-9.2112568,Portugal,Lisbon,MUR,LWAL,CDL,4,RES,BP1,RSH1,RMN,,
e0a7ec70-3782-4bd5-b1ea-94bcfc613d84,38.70708575,-9.21325685,Portugal,Lisbon,MUR,LWAL,CDN,1,RES,BPD,RSH1,RMN,,
8d623880-b240-402f-acff-dcd4e307cd31,38.7082592,-9.17515895,Portugal,Lisbon,MUR,LWAL,CDN,1,COM,BP2,RSH2,RMT1,,
fc1a174a-3892-4dd0-9031-a5d77c70d30a,38.70634,-9.210892728,Portugal,Lisbon,MCF,LWAL,CDH,2,RES,BPD,RSH1,RMN,,
7d4756bd-db07-402f-822b-527546d9673a,38.71571099,-9.215432567,Portugal,Lisbon,MUR,LWAL,CDL,2,RES,BP1,RSH2,RMT1,,
e580caf3-5d10-405d-ad1f-1e7776b432d9,38.7012853,-9.19023495,Portugal,Lisbon,CR,LFM,CDN,06/jul,RES,BP3,RSH1,RMN,,
fe499943-0490-48e1-98e1-b6dced5c171d,38.70609869,-9.188076273,Portugal,Lisbon,CR,LFINF,CDM,5,RES,BP2,RSH2,RMT1,,
a487e7e8-0546-47c1-9acb-2c6a594ef7f6,38.71725847,-9.212307411,Portugal,Lisbon,MUR,LWAL,CDL,2,RES,BP1,RSH3,RMT1,,
c04097f3-6c65-4097-8ceb-ddc090b9ce20,38.69694367,-9.195106518,,,,,,,,,,,,
e50d1fec-84fb-4b70-b413-e73c7c0d427c,38.70785877,-9.212244484,Portugal,Lisbon,MCF,LWAL,CDH,2,RES,BPD,RSH1,RMN,,
5cb8c4a2-a0e5-416a-a58a-73aeaa92474e,38.71558158,-9.216589424,Portugal,Lisbon,MUR,LWAL,CDL,2,RES,BP1,RSH1,RMN,,
0f700638-2bba-45f6-a40c-b58504759f13,38.71092173,-9.187584313,,,,,,,,,,,,
9880cbbe-bb30-4ce2-b133-eefa52732764,38.7033519,-9.196298481,Portugal,Lisbon,CR,LFM,CDL,4,COM,BP1,RSH1,RMN,,
fc6bc2da-4786-4c13-b71c-81c5ee2b89c6,38.70443904,-9.182219595,,,,,,,,,,,,
9f98dce5-868e-40cc-8336-b9425f6fd40c,38.70392619,-9.200534822,Portugal,Lisbon,MUR,LWAL,CDL,2,RES,BP1,RSH2,RMT1,,
3727a8b6-47f0-4a77-8f50-a19a6201eac2,38.69371775,-9.2234472,,,,,,,,,,,,
83e36d52-cfc0-458f-9efa-03e964f844d6,38.70861751,-9.194748382,,,,,,,,,,,,
6b822dcf-1a98-4f6a-8008-f1aadbd20f14,38.71020175,-9.199244533,Portugal,Lisbon,MUR,LWAL,CDL,1,RES,BPD,RSH2,RMT1,,
4fe54cc5-05d4-4daf-b910-c4c1bfe74a25,38.6967996,-9.219135534,,,,,,,,,,,,
b0606904-07ab-4bb0-b5a9-f0efc1e74767,38.69863298,-9.217735351,,,,,,,,,,,,
06fa9a6d-c318-41bf-a242-2a4427b1a5e7,38.69729466,-9.196251526,Portugal,Lisbon,MUR,LWAL,CDL,4,RES,BP1,RSH2,RMT1,,
2a7bacb4-34bd-476e-98d7-37eb6dee80e1,38.70336828,-9.177173357,Portugal,Lisbon,MUR,LWAL,CDN,2,COM,BPD,RSH3,RMT1,,
4a368663-c824-41bc-97a3-bc385d2bd0fd,38.71612193,-9.213926088,Portugal,Lisbon,MUR,LWAL,CDL,2,RES,BP2,RSH2,RMT1,,
3e530ce1-f715-45c2-8022-2d5bdf965dca,38.69928137,-9.219416326,Portugal,Lisbon,MCF,LWAL,CDM,2,RES,BP1,RSH5,RMT1,,
64d032fc-bfbc-40f7-b1ba-a184558a9fb8,38.69700064,-9.215473421,Portugal,Lisbon,MUR,LWAL,CDL,2,RES,BP1,RSH1,RMN,,
3f629cdc-b950-4ae9-b4ea-87bafcae1787,38.70025101,-9.192226523,Portugal,Lisbon,MUR,LWAL,CDL,4,RES,BP1,RSH1,RMN,,
e753f9e0-b1fc-4ed2-885e-a0357fb10f9f,38.70723533,-9.214810162,,,,,,,,,,,,
cf6f4bb5-756a-4c24-b338-88938d78ac39,38.71655347,-9.215272412,,,,,,,,,,,,
3a900f9f-e170-47e8-85bf-13eb45a1bc8f,38.70334502,-9.196452175,Portugal,Lisbon,CR,LFINF,CDL,4,MIX(RES;COM),BP1,RSH1,RMN,,
fe954e5f-b8e5-49cd-975a-03a03f826b65,38.70900002,-9.192479643,,,,,,,,,,,,
73ee7dde-bbef-4956-b72d-6f92c71d389c,38.70441249,-9.187543414,Portugal,Lisbon,MUR,LWAL,CDL,2,COM,BP1,RSH1,RMN,,
e2445d86-27e5-4126-898b-14a0b1596227,38.70361257,-9.20813519,,,,,,,,,,,,
53fd349c-6a87-4da8-b162-062f2720a864,38.70866013,-9.195966296,Portugal,Lisbon,MUR,LWAL,CDN,2,RES,BP1,RSH2,RMT1,,
0f0a6ce1-deca-40e8-b667-3eed74baaba7,38.71611265,-9.213488905,Portugal,Lisbon,MCF,LWAL,CDL,2,RES,BP2,RSH1,RMN,,
b168557c-0e9d-4068-886c-2c7ea6191822,38.70397594,-9.204010219,,,,,,,,,,,,
9843f808-f3c0-4ded-8dfa-6ad9ac3127a0,38.7078897,-9.18627368,,,,,,,,,,,,
c53bf6e0-efa2-4c53-9c0e-b21ad194a903,38.70064169,-9.189814372,Portugal,Lisbon,CR,LFM,CDN,2,RES,BP2,RSH1,RMN,,
9868d9e1-02c3-4ddf-abe0-cb9237e33c02,38.70409567,-9.197089268,Portugal,Lisbon,CR,LFM,CDL,4,RES,BP1,RSH2,RMT1,,
25ae879b-abff-4afb-883d-30817d44c736,38.70788655,-9.213034993,Portugal,Lisbon,CR,LFM,CDN,4,COM,BP1,RSH1,RMN,,
0ea68bb7-cd70-4a9c-ab7f-696e1c8dbae9,38.70565345,-9.185573468,Portugal,Lisbon,CR,LFINF,CDL,4,MIX(RES;COM),BP1,RSH2,RMT1,,
386d4ef8-2a5e-4111-a554-0c0daa42040f,38.71058886,-9.19981538,Portugal,Lisbon,CR,LFM,CDL,3,RES,BPD,RSH2,RMT1,,
7f1d840b-f0e4-4e06-982e-5b40907a6a27,38.70429686,-9.22440817,,,,,,,,,,,,
35491334-87c9-48fc-8dec-7b38eebdac9e,38.70366518,-9.191435385,,,,,,,,,,,,
dd2f0c87-2a1f-4747-8fce-32f93b8a688f,38.71452688,-9.176599954,,,,,,,,,,,,
b420bc9a-23bb-43f5-af96-998f5de434cd,38.69503508,-9.218104909,,,,,,,,,,,,
118f17f9-b99a-42e3-8613-cab9f181f279,38.70267465,-9.202796699,Portugal,Lisbon,CR,LFM,CDL,2,RES,BP1,RSH2,RMT1,,
f469057b-121c-478b-b8c9-b8612b90dbec,38.69724361,-9.196719411,Portugal,Lisbon,MUR,LWAL,CDN,1,MIX(RES;COM),BP1,RSH2,RMT1,,
1b25f098-bc76-410a-82e3-e0b278a287d7,38.70559957,-9.184747873,Portugal,Lisbon,MUR,LWAL,CDN,1,COM,BP3,RSH1,RMN,,
1d938cd4-0360-4e8b-b122-903fd65725b7,38.70394917,-9.182235456,,,,,,,,,,,,
896df616-f2fc-4cd0-bc9d-003ba00ad881,38.69909735,-9.188773,,,,,,,,,,,,
3c4fd88c-0775-4d8e-8e98-701762541982,38.70723884,-9.216546883,,,,,,,,,,,,
948dbe49-0dc9-4f58-9714-007ea1966632,38.69755091,-9.212067013,,,,,,,,,,,,
6da89568-26ae-43d3-be58-db0463b112ba,38.70589004,-9.181194708,Portugal,Lisbon,CR,LFM,CDN,4,RES,BP2,RSH1,RMN,,
612499dc-4d42-4400-9243-8c5ec8d8af4d,38.70622148,-9.214945717,Portugal,Lisbon,MUR,LWAL,CDN,1,RES,BP1,RSH1,RMN,,
0fac99f1-2669-4aca-9cae-bad881ba3e89,38.7175655,-9.201452923,Portugal,Lisbon,CR,LFM,CDH,2,COM,BPD,RSH7,RMT6,,
bcc056b9-5856-43cf-9826-e33701c20e6a,38.69877335,-9.21134765,Portugal,Lisbon,MUR,LWAL,CDN,2,RES,BP1,RSH1,RMN,,
cd1ce284-5491-45c8-84ec-791d1e831a8d,38.7050923,-9.176720042,Portugal,Lisbon,MCF,LWAL,CDL,2,COM,BP2,RSH2,RMT1,,
3a8ba2ce-b5fe-4036-be14-61a5c9d17094,38.69517735,-9.218826573,Portugal,Lisbon,MCF,LWAL,CDL,2,RES,BP2,RSH2,RMT1,,
a41b5ca9-67a6-4f9b-b1a2-ee79a4456b95,38.70995679,-9.210613024,,,,,,,,,,,,
ee23f36d-9e8b-4120-b3a9-0e3d897a7902,38.7079693,-9.20774995,Portugal,Lisbon,CR,LFM,CDH,08/set,RES,BP1,RSH1,RMN,,
5c980f5f-243b-419f-b5c8-18091bc8e4d9,38.71590453,-9.186081651,,,,,,,,,,,,
f5b5f44e-b67e-47c9-ad01-b7b186ad29ca,38.69868074,-9.217814211,,,,,,,,,,,,
82456066-8b62-42b6-9841-510de938cde5,38.7018014,-9.183013864,Portugal,Lisbon,MUR,LWAL,CDL,4,RES,BPD,RSH1,RMN,,
d1a97d7e-0fc9-40ec-9b85-4989b196343b,38.7012506,-9.2057877,Portugal,Lisbon,MUR,LWAL,CDN,1,RES,BP2,RSH2,RMT1,,
67ab213a-2afa-4e32-b0e4-d87b79163635,38.70770379,-9.213728383,,,,,,,,,,,,
27fb7ba2-f29e-444c-998b-d1732300c22b,38.71066234,-9.191406405,Portugal,Lisbon,CR,LFM,CDM,08/set,COM,BPD,RSH1,RMN,,
ab6293f6-7a01-4fd1-a0e3-0e1604a57c9a,38.70337911,-9.198031983,Portugal,Lisbon,MUR,LWAL,CDL,1,RES,BP1,RSH1,RMN,,
9c70f395-73aa-41f4-9984-5e9eabe26dc2,38.70005328,-9.21959306,,,,,,,,,,,,
a827fcba-a9c7-4c66-b005-b84b27934444,38.70445101,-9.212589209,,,,,,,,,,,,
b2733254-301f-471d-a8a1-d2ae81253309,38.70902657,-9.17852927,Portugal,Lisbon,MUR,LWAL,CDL,2,RES,BP1,RSH2,RMT1,,
73b27ec7-ce46-4ef4-80df-79dd6ca1eb3d,38.71133936,-9.192516471,Portugal,Lisbon,MCF,LWAL,CDL,2,COM,BP2,RSH2,RMT1,,
207dff42-81e5-40cf-807d-1dba71e8954f,38.7035038,-9.203366658,Portugal,Lisbon,CR,LFM,CDL,3,MIX(RES;COM),BP3,RSH1,RMN,,
52fe5b5f-e20a-4981-b7ea-d55b267c65fe,38.70309352,-9.197526152,Portugal,Lisbon,HYB(MCF;MUR),LWAL,CDN,08/set,RES,BP1,RSH1,RMN,,
c05a573a-87aa-4a75-a023-b8b901befcfc,38.70398912,-9.202577111,Portugal,Lisbon,MUR,LWAL,CDL,4,RES,BP1,RSH1,RMN,,
2fee9f99-3b36-45c5-ba28-6cb5ba2e7102,38.69695031,-9.219798345,,,,,,,,,,,,
522de4de-bc38-49b9-a601-d810030b94a0,38.7043301,-9.2155773,Portugal,Lisbon,MUR,LWAL,CDL,2,RES,BP2,RSH2,RMT1,,
62c0e98c-2eb3-4a2b-ad16-54daf8e77584,38.70109915,-9.22285705,Portugal,Lisbon,MUR,LWAL,CDN,2,RES,BP2,RSH1,RMN,,
0c628ad9-2daa-439d-b3b7-a32df07f9fe8,38.70458743,-9.20086834,,,,,,,,,,,,
f62301c5-aa3b-44c8-a6e6-4d645098751f,38.69671845,-9.2178086,,,,,,,,,,,,
0c78a438-cd15-40ee-9894-f2ef47a6262e,38.70987793,-9.199418319,Portugal,Lisbon,MUR,LWAL,CDN,2,RES,BP2,RSH1,RMN,,
e4ef35bc-763a-43af-b15d-7f5854fbc1d1,38.7049931,-9.18992085,Portugal,Lisbon,MUR,LWAL,CDL,2,RES,BP1,RSH2,RMT1,,
b3c4c821-f965-4941-b169-3056047e15af,38.70289451,-9.183553029,Portugal,Lisbon,CR,LFM,CDL,5,MIX(RES;COM),BP1,RSH1,RMN,,
7ad3a010-f3c9-447d-b399-dcb23267d189,38.70399681,-9.187726688,,,,,,,,,,,,
7841a310-a59f-4479-9449-9d5b79a7b2ae,38.70007695,-9.18011872,,,,,,,,,,,,
2f5615e9-f449-47e1-9249-4fec93a0fa88,38.70797784,-9.177145658,Portugal,Lisbon,MUR,LWAL,CDL,2,RES,BP1,RSH2,RMT1,,
385fbeaf-a7ab-4d06-b22e-8af4daeba6e6,38.69947239,-9.192660662,,,,,,,,,,,,
12d1ae6f-b83f-479f-90b1-47d480376ad1,38.70929975,-9.19635695,Portugal,Lisbon,MUR,LWAL,CDL,1,RES,BP1,RSH1,RMN,,
d95f46d8-723a-4dad-b230-fa7d85be8c27,38.70890841,-9.175487053,Portugal,Lisbon,MUR,LWAL,CDL,2,RES,BP2,RSH1,RMN,,
d4453da6-120c-46c8-b38a-22833e623178,38.70555425,-9.176060206,Portugal,Lisbon,MUR,LWAL,CDN,1,COM,BP1,RSH2,RMT1,,
7e075238-edb2-43a3-80ec-a9085ad26cec,38.70176642,-9.19055599,Portugal,Lisbon,CR,LFINF,CDL,4,MIX(RES;COM),BP1,RSH1,RMN,,
17ca23d2-0f47-4f63-8103-868c3900cc80,38.70023215,-9.197927428,,,,,,,,,,,,
ed06c4a0-ccfd-4d97-b543-89e2566a1a70,38.70057387,-9.218112359,Portugal,Lisbon,MUR,LWAL,CDN,1,RES,BP2,RSH1,RMN,,
27487444-0312-46f3-8c79-493f9521b1c4,38.70561169,-9.210623353,,,,,,,,,,,,
5b0446e0-6b3d-4c30-aabb-690411d268d5,38.69764169,-9.195557819,Portugal,Lisbon,MUR,LWAL,CDN,4,RES,BP2,RSH1,RMN,,
074a80ff-9a6c-4dc9-8c9f-cbb6e58b7795,38.69951748,-9.217810319,Portugal,Lisbon,MUR,LWAL,CDL,2,RES,BPD,RSH2,RMT1,,
87c73ba9-ab97-4b46-8cb8-601fb12b6b4b,38.7026058,-9.215250518,,,,,,,,,,,,
93c0771f-b446-46cb-88d0-d5c0ac4c7fcf,38.70325356,-9.213190538,,,,,,,,,,,,
fdeecf4d-583f-4a95-a45d-053f3aded45c,38.6997537,-9.2041392,Portugal,Lisbon,MUR,LWAL,CDL,2,RES,BP1,RSH1,RMN,,
48704a2f-2035-4793-b8b8-45457d4d807d,38.70402787,-9.213236587,,,,,,,,,,,,
83d7eec7-3156-4832-b16b-ded85ca55b9b,38.71147903,-9.192076899,Portugal,Lisbon,MUR,LWAL,CDN,1,COM,BP2,RSH1,RMN,,
6a2b3e0a-ff13-47b1-aff6-3ef5a609ab05,38.70538041,-9.196499203,Portugal,Lisbon,MUR,LWAL,CDL,2,RES,BP2,RSH2,RMT1,,
302a92d7-d8e7-47c1-8d2a-f7df793a724f,38.71611033,-9.217737658,Portugal,Lisbon,MUR,LWAL,CDL,2,RES,BP1,RSH2,RMT1,,
92a1a976-20c4-4476-a35c-c65896cd24e3,38.70547187,-9.184401699,Portugal,Lisbon,MUR,LWAL,CDN,4,MIX(RES;COM),BP3,RSH1,RMN,,
40473c1c-5471-4fcc-8697-f67fa7b290cf,38.7141932,-9.1811237,Portugal,Lisbon,MCF,LWAL,CDL,1,RES,BP3,RSH2,RMT1,,
0ae403df-f47c-4731-845b-2ba1dd8f0b84,38.70601899,-9.187548976,Portugal,Lisbon,MUR,LWAL,CDL,4,RES,BP1,RSH2,RMT1,,
1db0125f-dd1f-4cb1-a4a0-3b88b4588cc0,38.71005037,-9.217190938,,,,,,,,,,,,
022f1cfe-fe5e-4c22-8df7-36f0f842379e,38.69935789,-9.194097673,,,,,,,,,,,,
2407e225-d1c8-47f9-a93d-3e3452fd6201,38.70713353,-9.191134548,Portugal,Lisbon,MUR,LWAL,CDL,1,RES,BP2,RSH1,RMN,,
1dc9549a-77df-49e0-a077-2a500d225bbd,38.70886035,-9.196011079,Portugal,Lisbon,MUR,LWAL,CDN,1,RES,BP1,RSH1,RMN,,
51a08ce1-127e-4bce-bd8e-6be2ce724554,38.70245624,-9.184979619,,,,,,,,,,,,
a5ca9f9d-fcc5-4bfc-844e-b1bf086c8d33,38.71049285,-9.17481345,Portugal,Lisbon,S,LFM,CDN,1,COM,BPD,RSH2,RMT1,,
292a5403-9736-4e59-addd-a5cb0fbbf476,38.69725051,-9.216772197,Portugal,Lisbon,MUR,LWAL,CDL,2,RES,BP1,RSH2,RMT1,,
cd3f525f-689f-45a7-8f53-a120ffd9ee78,38.70018103,-9.203855986,Portugal,Lisbon,MUR,LWAL,CDL,2,RES,BP2,RSH1,RMN,,
63987399-92b3-4fb9-b1c5-250e8ad44e3a,38.70979112,-9.181761676,Portugal,Lisbon,MUR,LWAL,CDN,1,COM,BP1,RSH2,RMT1,,
a5de781e-a366-452c-81c6-c76f5fec9b09,38.69729932,-9.194709681,Portugal,Lisbon,MUR,LWAL,CDL,4,COM,BP1,RSH2,RMT1,,
e41485f5-6eea-4a29-b9cd-e5a0884dfad5,38.70672945,-9.180168694,,,,,,,,,,,,
ee71749e-ab73-4b48-95b9-8dbdb596b09d,38.70325785,-9.203831442,,,,,,,,,,,,
9e446e4b-879a-4c26-aa8e-2b62dadf7ce1,38.69975025,-9.203481202,Portugal,Lisbon,MUR,LWAL,CDL,2,MIX(RES;COM),BP1,RSH3,RMT1,,
b3a0bbd6-d056-4b3b-9ff6-80a4d16d6eea,38.69816936,-9.201312542,,,,,,,,,,,,
c775a6db-670b-4689-8138-c6aea1b65dcb,38.70338282,-9.184789308,,,,,,,,,,,,
e4a609dc-67dc-41ee-aab7-5fe47731ed84,38.71064629,-9.202220196,Portugal,Lisbon,CR,LFM,CDH,1,RES,BP1,RSH1,RMN,,
caa2bb51-eb24-4fa5-9a18-ba714d2be857,38.69509133,-9.220989953,,,,,,,,,,,,
b252a8bb-69d6-45b4-9c99-d20b4d2fd300,38.70894155,-9.20119878,,,,,,,,,,,,
ebd7dd4e-52f4-4984-83f9-0bb9cc553985,38.69623301,-9.210902881,Portugal,Lisbon,CR,LFM,CDL,5,RES,BP1,RSH1,RMN,,
dc54aafc-7458-42d3-82b3-4b6a271657ef,38.70324127,-9.183521148,Portugal,Lisbon,CR,LFM,CDM,5,MIX(RES;COM),BP1,RSH1,RMN,,
3be4be9c-1ad2-474f-94ab-e599b4009d2a,38.70412562,-9.213942086,,,,,,,,,,,,
17c917a7-6c91-4298-8390-17e64def8a02,38.70750896,-9.174686239,Portugal,Lisbon,MCF,LWAL,CDL,1,RES,BP2,RSH1,RMN,,
985b26f7-9b08-47ba-9877-3470b91aec96,38.70926127,-9.174889432,Portugal,Lisbon,MUR,LWAL,CDL,2,RES,BP2,RSH2,RMT1,,
4654fb71-d6f7-4d33-8748-854c24988904,38.69964914,-9.187445403,,,,,,,,,,,,
89e4d68f-0b11-403e-9874-c1ac7911bc2b,38.70839607,-9.213767262,Portugal,Lisbon,CR,LFM,CDH,2,RES,BP1,RSH1,RMN,,
1d60e799-0281-4cd4-8d49-a3467e531891,38.7116554,-9.204550385,Portugal,Lisbon,MUR,LWAL,CDL,2,COM,BP2,RSH2,RMT1,,
e9627097-3e7a-4547-a872-708c4889c5e8,38.70128895,-9.2039747,,,,,,,,,,,,
1c6e1f83-d77a-4c05-8d33-25db9d17a81e,38.6971357,-9.216477051,Portugal,Lisbon,MUR,LWAL,CDL,3,RES,BP1,RSH2,RMT1,,
957110e6-1c4b-437f-b9e4-138e98fb7bd4,38.70144672,-9.191076686,Portugal,Lisbon,MUR,LWAL,CDN,2,COM,BP1,RSH2,RMT1,,
5bb2dc24-08c8-4a2f-9710-3a5bd6bf2ffa,38.70496096,-9.176827842,Portugal,Lisbon,CR,LFM,CDL,1,COM,BP1,RSH1,RMN,,
93bf5813-95e5-4336-b15c-b769d41a78c3,38.71270594,-9.208492781,,,,,,,,,,,,
045369de-00f2-43bf-946f-087a246ac66b,38.70394323,-9.182951071,Portugal,Lisbon,S,LFM,CDM,4,MIX(RES;COM),BP1,RSH1,RMN,,
bfa48656-b8a0-4000-83a8-aaae9b710b55,38.70482828,-9.181647871,Portugal,Lisbon,MUR,LWAL,CDL,5,RES,BP2,RSH1,RMN,,
e58584ab-fe43-418e-9a56-16f69663338a,38.7071025,-9.1818264,,,,,,,,,,,,
da7d23b6-59ba-4c4e-a35a-7895ccc59010,38.69726855,-9.210472638,,,,,,,,,,,,
a5ca7f74-5646-47de-9472-165a91ce12c1,38.71708983,-9.215170368,,,,,,,,,,,,
5a8ae4e6-8f41-4cb0-9e6e-9ff1bd6afbc7,38.71031644,-9.199991486,Portugal,Lisbon,MUR,LWAL,CDL,2,RES,BPD,RSH2,RMT1,,
eafedd1e-425c-46c2-bd48-31451db211f1,38.6993708,-9.219264814,,,,,,,,,,,,
7e421878-6569-4de8-811b-10d8c81d4f44,38.70620096,-9.179277686,Portugal,Lisbon,CR,LFINF,CDM,4,MIX(RES;COM),BP1,RSH1,RMN,,
730c0933-ffb0-48e6-b6ce-cb51e0d23c69,38.7158381,-9.216909518,Portugal,Lisbon,MUR,LWAL,CDL,2,RES,BP2,RSH2,RMT1,,
d69acb3f-ee2f-440d-93c3-c02a28caf773,38.72292663,-9.184601851,,,,,,,,,,,,
a7f3eee4-706b-491e-aaf3-8a22f8f54e75,38.70331315,-9.204581,Portugal,Lisbon,HYB(MCF;MUR),LWAL,CDL,4,RES,BP1,RSH2,RMT1,,
dee8bedd-f6cf-4c35-969e-630c76531080,38.71459787,-9.194111552,Portugal,Lisbon,CR,LFM,CDL,5,RES,BP1,RSH1,RMN,,
34617c13-d273-4be6-949b-9c3a8f347db3,38.6997423,-9.217103384,,,,,,,,,,,,
69abac53-b830-4a56-8fa6-b2d7bb0e0f44,38.70891489,-9.19430553,Portugal,Lisbon,MUR,LWAL,CDL,2,RES,BP1,RSH2,RMT1,,
29a0efc2-d5aa-4a75-8bf5-ddbcd5ad5582,38.6970735,-9.219117275,,,,,,,,,,,,
154d583e-4aad-4b0f-9456-c56a8cda9b56,38.70087448,-9.178899603,,,,,,,,,,,,
d9752394-80bf-4333-a0a3-8f048b825dc8,38.70468609,-9.197987726,Portugal,Lisbon,CR,LFM,CDM,5,MIX(RES;COM),BP2,RSH1,RMN,,
c45dfac7-9c5a-49c1-b85c-298bd3527c87,38.69901785,-9.218805948,Portugal,Lisbon,MUR,LWAL,CDL,3,RES,BP1,RSH1,RMN,,
d0de9db2-a6a2-42bd-8dce-0955d992fe6a,38.71585306,-9.216060233,Portugal,Lisbon,MUR,LWAL,CDL,3,RES,BP2,RSH1,RMN,,
16aa59e2-bf9f-4a1a-98e5-66a2dc9f7180,38.70136131,-9.218799993,,,,,,,,,,,,
9f9baf90-738e-4e6d-90e3-8160d5a96a02,38.7052626,-9.201765055,Portugal,Lisbon,MUR,LWAL,CDN,1,COM,BP2,RSH1,RMN,,
6a9a2047-cbff-4c29-8e52-94b3aa1ce506,38.71274277,-9.215234662,,,,,,,,,,,,
73a548bf-a1a2-4d87-b15f-e22d91b59265,38.69769398,-9.20201098,Portugal,Lisbon,MUR,LWAL,CDL,2,RES,BP2,RSH1,RMN,,
c5769fb5-c900-437f-89c5-aa60728546ba,38.70653931,-9.191112292,Portugal,Lisbon,CR,LFM,CDL,06/jul,MIX(RES;COM),BP2,RSH1,RMN,,
422bc100-fd9c-4c31-b903-c5c5944594a7,38.70333956,-9.183790063,Portugal,Lisbon,MUR,LWAL,CDL,3,RES,BP2,RSH2,RMT1,,
7eea241c-d70b-4b4a-8227-334713994b74,38.70158725,-9.190409452,Portugal,Lisbon,CR,LFM,CDL,5,MIX(RES;COM),BP3,RSH1,RMN,,
267e4bb6-a016-4492-a289-cbeaa2494ee5,38.7114167,-9.211934458,Portugal,Lisbon,CR,LFINF,CDN,08/set,MIX(RES;COM),BP1,RSH1,RMN,,
363de179-a23b-437f-8480-2b40a224d596,38.71143635,-9.192110913,Portugal,Lisbon,MUR,LWAL,CDN,1,COM,BP2,RSH1,RMN,,
a10c044d-4b34-4636-8078-1debe514c478,38.71611152,-9.213720314,Portugal,Lisbon,MUR,LWAL,CDL,2,RES,BP1,RSH1,RMN,,
6b32bcdc-ee22-47f9-b04b-7af92cc99556,38.70025797,-9.177137983,,,,,,,,,,,,
cd474ed3-086d-4fd3-8b0e-4f6347a3502c,38.70515849,-9.182598935,Portugal,Lisbon,MUR,LWAL,CDL,4,RES,BP1,RSH1,RMN,,
6d5963d1-01b5-45ff-9095-5921fcfe0f74,38.70397135,-9.20288836,Portugal,Lisbon,MCF,LWAL,CDL,2,RES,BP1,RSH3,RMT1,,
afd77c07-18f9-4e75-aeb3-2d0494c3af44,38.69809195,-9.217261316,,,,,,,,,,,,
0cd847be-0ff2-4275-bb8a-51b9256a263e,38.70504901,-9.192018172,Portugal,Lisbon,W,LWAL,CDL,3,RES,BP1,RSH1,RMN,,
23d7c8b2-0301-4dbb-a3e3-b8b29d63fa82,38.7139406,-9.1808814,,,,,,,,,,,,
2cf9d7af-79c8-4f26-b827-ba65e8f2e533,38.70488204,-9.183275102,Portugal,Lisbon,MUR,LWAL,CDN,4,COM,BP2,RSH1,RMN,,
dbd571c9-2e22-473a-a7b9-66430a03f398,38.69961635,-9.216482614,,,,,,,,,,,,
f4729b9b-c84e-464b-ab3c-b9b91a9ff9e9,38.71663778,-9.193130025,,,,,,,,,,,,
4a70a54d-92bf-4549-af32-8bbef16664c5,38.69972484,-9.199012033,,,,,,,,,,,,
5ede4b21-dfff-489f-bcf5-9dfaec1a5f0d,38.69998113,-9.219539232,,,,,,,,,,,,
a31319d4-3e03-40f2-aace-152ade3cd24b,38.70128377,-9.221779582,,,,,,,,,,,,
727541e1-39af-4a3a-bdcf-011846d5f9ac,38.7044282,-9.2212481,,,,,,,,,,,,
b5b106ff-dd73-45a2-91f9-c52f4b8616b8,38.70198703,-9.185727149,,,,,,,,,,,,
30b39a93-0559-4d72-b589-fec0a6727f0f,38.70222748,-9.195847989,Portugal,Lisbon,CR,LFM,CDL,4,RES,BP1,RSH2,RMT1,,
34c8d896-b13a-469d-8d1b-c5dfd1f9a504,38.6970353,-9.198693428,Portugal,Lisbon,S,LFM,CDH,2,IND,BP3,RSH1,RMN,,
f1ff454e-14df-4c29-bc09-fafb0850161d,38.71071892,-9.198058258,Portugal,Lisbon,CR,LFM,CDH,4,RES,BP1,RSH1,RMN,,
55717676-daca-4205-ae7a-2958b096f8c3,38.69830025,-9.220891803,,,,,,,,,,,,
7e23bb46-7cda-4953-b30e-92332d13a3e0,38.69891755,-9.20475895,,,,,,,,,,,,
eb496ad7-4755-42ae-918c-cb7d88473c3e,38.71000585,-9.198221973,Portugal,Lisbon,CR,LFM,CDN,5,MIX(RES;COM),BP1,RSH1,RMN,,
70c6a7ca-5ebf-47a5-b75e-eff83b023434,38.69845503,-9.215147776,,,,,,,,,,,,
669200af-253a-4e40-80ef-25764b80fa55,38.70506812,-9.215710883,,,,,,,,,,,,
c06be5c0-0510-41e5-9d61-1b8ba68d44cb,38.703686,-9.20013875,,,,,,,,,,,,
842ec35e-2d2c-4def-a1c9-17978d589724,38.6995528,-9.179133964,,,,,,,,,,,,
fe87195c-17f2-49aa-a629-ed41a78b0c6c,38.70787642,-9.204982461,,,,,,,,,,,,
d570bbba-2bb2-450f-9931-3e6826435127,38.70034433,-9.190061094,Portugal,Lisbon,MUR,LWAL,CDL,2,RES,BP1,RSH2,RMT1,,
5fcb068d-8cfa-4643-b409-8249587ff88d,38.71307581,-9.200365629,Portugal,Lisbon,CR,LFM,CDH,1,COM,BPD,RSH1,RMN,,
e1881829-f0b8-4749-9160-dae945cfe4c1,38.70640374,-9.206716778,Portugal,Lisbon,CR,LFM,CDN,1,RES,BP1,RSH1,RMN,,
b7784f9f-9967-4200-8ab1-0fb3e3cd24ea,38.71154378,-9.212609651,Portugal,Lisbon,CR,LFM,CDL,4,MIX(RES;COM),BP2,RSH1,RMN,,
846e696a-bc4a-4263-ac70-5474c15f4612,38.7014866,-9.19035125,Portugal,Lisbon,CR,LFM,CDL,06/jul,MIX(RES;COM),BP3,RSH1,RMN,,
9149ff6e-b168-4b1a-b100-eaf08751065b,38.70028161,-9.219289432,,,,,,,,,,,,
6db173de-1ab7-47a7-9818-55a236aa36b6,38.70032748,-9.21677444,,,,,,,,,,,,
92932a20-a0db-4a3d-ba28-565152c8f0e5,38.70355532,-9.202603009,Portugal,Lisbon,CR,LFINF,CDL,4,RES,BP2,RSH1,RMN,,
608af5b3-fa23-4b24-9426-92cec08fdcce,38.70099256,-9.1905183,Portugal,Lisbon,MUR,LWAL,CDL,4,RES,BP1,RSH2,RMT1,,
ed2668b8-898b-4d40-a061-fb420477418f,38.7016364,-9.20417205,,,,,,,,,,,,
456c1982-dbc5-44ab-845c-f3fe1aeeb92d,38.70870628,-9.194766851,,,,,,,,,,,,
4a8e5cc6-6265-462f-83d6-89cd1bcf683a,38.70315101,-9.181396994,Portugal,Lisbon,MUR,LWAL,CDN,4,RES,BP1,RSH1,RMN,,
e20239c2-5f60-40d7-8d55-6a66b78ddf2f,38.71221922,-9.19150871,,,,,,,,,,,,
92192597-87a0-4bfa-84c9-8ef7bdd6350c,38.70029653,-9.177026314,,,,,,,,,,,,
4d1313f2-169a-477b-956c-0abd7fe9cb78,38.71038426,-9.199756339,Portugal,Lisbon,MUR,LWAL,CDL,2,RES,BP1,RSH2,RMT1,,
7064d032-e8f5-46c0-a192-b87c84fc4f7e,38.69546485,-9.19536955,,,,,,,,,,,,
444ae659-fdb9-41ac-b702-ac3c9389cf98,38.70126119,-9.200932554,Portugal,Lisbon,MUR,LWAL,CDL,4,RES,BP1,RSH2,RMT1,,
b8137d52-a52b-4392-864c-22465d528b58,38.71614695,-9.1759201,,,,,,,,,,,,
7bc1809c-ce62-4c76-ab90-714493d3cc46,38.7094945,-9.1919913,Portugal,Lisbon,HYB(MCF;MUR),LWAL,CDM,5,RES,BP1,RSH1,RMN,,
4ca23714-c04e-482b-ba66-fa4df77024b9,38.71124322,-9.201291746,Portugal,Lisbon,MUR,LWAL,CDL,2,RES,BP1,RSH2,RMT1,,
58036cb2-4d68-452c-838e-11e338cf6b2e,38.7112233,-9.205284473,Portugal,Lisbon,MUR,LWAL,CDL,2,RES,BP1,RSH2,RMT1,,
b5302587-1036-4013-a72c-24cf9005550d,38.7000357,-9.177272167,Portugal,Lisbon,S,LFM,CDL,1,IND,BP1,RSH2,RMT1,,
ecb1e0e0-0730-4b57-b03d-72818d35dce5,38.7178279,-9.211218559,Portugal,Lisbon,MUR,LWAL,CDL,2,RES,BP2,RSH1,RMN,,
85c7d469-98be-4438-a4d2-37292fe0f3db,38.69983867,-9.191454279,Portugal,Lisbon,MUR,LWAL,CDL,5,RES,BP2,RSH1,RMN,,
9499518d-4f02-4c4e-9cbc-54bb55603ade,38.69719093,-9.217576932,Portugal,Lisbon,MUR,LWAL,CDN,3,RES,BPD,RSH2,RMT1,,
08c8c16e-8244-4a23-98c0-e9f9f3d0a129,38.7052336,-9.181635123,Portugal,Lisbon,MUR,LWAL,CDL,4,RES,BP2,RSH1,RMN,,
00b5fa7c-3039-4041-b6d7-cbf559404a22,38.7079202,-9.211938219,Portugal,Lisbon,CR,LFM,CDH,1,COM,BP1,RSH1,RMN,,
e0743412-2a9b-4033-940d-6924d556aa89,38.69759363,-9.196175199,Portugal,Lisbon,MUR,LWAL,CDN,4,MIX(RES;COM),BP2,RSH1,RMN,,
abca9f53-c30e-43ff-b696-ee3119fc50e1,38.70652619,-9.198854695,Portugal,Lisbon,MUR,LWAL,CDL,2,RES,BP2,RSH1,RMN,,
75e1eab8-3176-47cb-ba6b-fc85124b5a9b,38.70580605,-9.189877543,Portugal,Lisbon,MUR,LWAL,CDN,3,RES,BP2,RSH2,RMT1,,
688e6312-7963-482c-9c0b-380068b6975f,38.7024699,-9.216503877,,,,,,,,,,,,
6ea4a86a-850b-41b6-a05d-25560ed75381,38.70035029,-9.218517117,Portugal,Lisbon,W,LWAL,CDL,2,RES,BPD,RSH2,RMT1,,
00fac6c0-3795-4f93-84d3-8643eeee4335,38.70520525,-9.1944555,Portugal,Lisbon,CR,LFM,CDL,5,RES,BP1,RSH1,RMN,,
ac7fe5a4-742d-46e3-a8f4-72d1bb1c3dc4,38.70583226,-9.178682176,,,,,,,,,,,,
4abc9050-bfa6-42fd-8f80-abe57c02cf75,38.71215465,-9.216084,,,,,,,,,,,,
ccefd6fa-e65f-4cd1-9c39-649ded1a8e78,38.70543425,-9.18730365,Portugal,Lisbon,MUR,LWAL,CDL,2,RES,BP1,RSH2,RMT1,,
2dac3634-ec9c-49e8-a3df-d56aa6dfd573,38.71181306,-9.203547571,,,,,,,,,,,,
06d43c56-8082-4bbb-8a3e-a7ba5b7a202e,38.70939477,-9.175188055,Portugal,Lisbon,MUR,LWAL,CDL,1,RES,BP1,RSH2,RMT1,,
4773ed0b-fa45-451b-89cb-a4059b578ae3,38.70359468,-9.177015604,,,,,,,,,,,,
49e2a8ac-de9c-4323-9a90-217285425a6f,38.70940398,-9.193792949,Portugal,Lisbon,MUR,LWAL,CDL,1,RES,BP1,RSH1,RMN,,
112c02ad-54bd-46f4-a1d8-413a4de6c516,38.70046365,-9.2251352,Portugal,Lisbon,MUR,LWAL,CDL,4,RES,BP2,RSH1,RMN,,
d8a18e14-84dc-4378-ab4c-3bc9a42538f6,38.70185615,-9.203743613,Portugal,Lisbon,CR,LFINF,CDM,4,MIX(RES;COM),BP1,RSH1,RMN,,
7cdbab80-cd11-4ef7-8b9a-d36281260019,38.70578357,-9.203520817,Portugal,Lisbon,CR,LFINF,CDL,3,RES,BP1,RSH1,RMN,,
393876b2-c862-4ce5-8855-6395eadd5f2a,38.70639095,-9.177892082,Portugal,Lisbon,MUR,LWAL,CDN,2,RES,BP1,RSH3,RMT1,,
8fdd52c0-7835-45ab-b67f-548ca3cd18e9,38.70214446,-9.22024545,,,,,,,,,,,,
7dbfccd1-32ee-4b53-ba12-f32f5440f27a,38.7017774,-9.2159237,Portugal,Lisbon,W,LFM,CDN,2,RES,BPD,RSH1,RMN,,
f717c3a2-9ae7-4905-a693-62dbf69f994a,38.71263555,-9.206456482,Portugal,Lisbon,MUR,LWAL,CDL,2,RES,BP2,RSH2,RMT1,,
e92fdcd9-3ec5-4243-a2c8-9da3758784fe,38.71127797,-9.199646992,Portugal,Lisbon,MUR,LWAL,CDL,2,RES,BP1,RSH1,RMN,,
a7b985d6-9d68-440b-b76f-3081dd50837c,38.71176402,-9.187512155,,,,,,,,,,,,
5f53160d-6ba4-44e7-92fd-171549f47ae6,38.7028904,-9.18183517,Portugal,Lisbon,CR,LFM,CDH,4,RES,BP1,RSH1,RMN,,
8f32c6cf-7c6e-4417-8a0f-2f3231be6763,38.7004591,-9.21256575,,,,,,,,,,,,
d088407f-2e6a-4e97-b021-1af4c1ba5ca8,38.69986933,-9.210400849,,,,,,,,,,,,
061dc05f-8c02-455c-b76e-8e5ac28c4be9,38.70560271,-9.193765712,Portugal,Lisbon,CR,LFM,CDM,06/jul,MIX(RES;COM),BP2,RSH1,RMN,,
4885a781-a82b-47fe-8c7f-1c0519fdf4a2,38.71165297,-9.192120484,,,,,,,,,,,,
204dec63-67eb-406d-88fb-bd0956cf4ea0,38.70212253,-9.186259381,,,,,,,,,,,,
d1823a1b-6479-473d-a184-854b984605c4,38.71288175,-9.184588284,,,,,,,,,,,,
84278aa5-9052-4ccd-ad44-5e65f3ff3455,38.71851853,-9.211947939,,,,,,,,,,,,
2502ead3-e96f-40c9-89f8-0f2437fe616d,38.70609052,-9.215797238,,,,,,,,,,,,
f2cf348b-06bc-4545-9a05-1d8f22d6358c,38.71087951,-9.19963565,Portugal,Lisbon,MUR,LWAL,CDL,4,RES,BP1,RSH2,RMT1,,
322a473b-dca2-4c12-96ca-2d03d3e57032,38.7048566,-9.19989575,Portugal,Lisbon,MUR,LWAL,CDL,2,RES,BP1,RSH2,RMT1,,
32a2b8fb-b441-4535-a90b-0a1b1989f3d7,38.71640997,-9.215493381,,,,,,,,,,,,
d4b00afc-0a46-45d2-8b8a-b4ffa8b366e4,38.6978462,-9.224543865,,,,,,,,,,,,
e471306b-12bb-47dd-8e02-e9a33ba52342,38.70746288,-9.176328048,Portugal,Lisbon,MUR,LWAL,CDL,4,RES,BP1,RSH1,RMN,,
45902c81-ac1e-4f5d-8cc6-a5149d8e67d3,38.6952617,-9.215281653,,,,,,,,,,,,
0191886f-a6ef-4cf3-aee2-acf62f2a460f,38.70419813,-9.202567554,Portugal,Lisbon,MUR,LWAL,CDL,4,RES,BP2,RSH1,RMN,,
f3819ef2-d856-4b22-b5de-786247e661e7,38.7060765,-9.210952282,Portugal,Lisbon,MCF,LWAL,CDH,2,RES,BPD,RSH1,RMN,,
a705cc8f-4375-4745-b782-f91cec40764f,38.71153601,-9.199379167,Portugal,Lisbon,MUR,LWAL,CDL,2,RES,BPD,RSH2,RMT1,,
8d1810fc-3701-4ea4-8779-5f971b84f653,38.70591073,-9.185196531,Portugal,Lisbon,HYB(MCF;MUR),LFINF,CDM,06/jul,MIX(RES;COM),BP1,RSH1,RMN,,
eef10fc5-dc6b-4698-ae40-2c4d7d7fc64b,38.7116196,-9.205348375,Portugal,Lisbon,MUR,LWAL,CDL,3,RES,BP2,RSH2,RMT1,,
067d3d04-0b3b-4b3e-89be-75f0fbaa07f6,38.70086388,-9.193368272,Portugal,Lisbon,S,LFM,CDN,1,IND,BPD,RSH2,RMT1,,
a15ba4a3-ae81-4cb9-a0ce-0e730f333a82,38.70378507,-9.197131834,Portugal,Lisbon,MUR,LWAL,CDL,1,RES,BP1,RSH2,RMT1,,
fbb47a58-59ad-4e47-8e07-fa224c51b084,38.71359728,-9.184260715,,,,,,,,,,,,
a314b71e-bab6-44d1-a022-b62d6baad7e5,38.71199688,-9.213548889,Portugal,Lisbon,CR,LFM,CDH,1,IND,BP1,RSH2,RMT1,,
14c3ac25-1de8-42a0-a500-f8f92a425949,38.70536784,-9.179468108,Portugal,Lisbon,MUR,LWAL,CDN,3,RES,BP1,RSH3,RMT1,,
5042001d-f2a0-4ca5-8152-cf9c5f411cc4,38.71588623,-9.215486169,Portugal,Lisbon,MUR,LWAL,CDL,3,RES,BP1,RSH1,RMN,,
892cbcb5-f626-4112-bb34-d31161105855,38.70317732,-9.211015598,,,,,,,,,,,,
72e246e9-a094-4ced-bf96-7fadc7486038,38.70971357,-9.191411314,Portugal,Lisbon,CR,LFINF,CDH,4,MIX(RES;COM),BPD,RSH1,RMN,,
be320b14-5a94-422d-88c9-b9f16b6f03b9,38.7060803,-9.20426265,Portugal,Lisbon,CR,LFM,CDL,5,MIX(RES;COM),BP1,RSH1,RMN,,
982c15c2-6c4e-4479-b52b-3c00e52c7d70,38.69873044,-9.199174645,Portugal,Lisbon,MUR,LWAL,CDL,1,COM,BP2,RSH2,RMT1,,
352a6335-9a69-496d-a917-f55d11c8140a,38.7062119,-9.1833016,,,,,,,,,,,,
a2105523-4be6-4ae4-99b2-3b0a552d3e0e,38.7060835,-9.177448635,Portugal,Lisbon,CR,LFM,CDM,3,MIX(RES;COM),BP2,RSH1,RMN,,
f04e5563-62b4-490e-aeeb-794b9513a087,38.69625968,-9.191938041,Portugal,Lisbon,MCF,LWAL,CDN,1,COM,BP2,RSH1,RMN,,
ed667908-ad2b-4997-b81c-48ad49ef84a9,38.6971455,-9.202368748,,,,,,,,,,,,
ba671442-f325-4bdb-a1d7-22db5a61b8ce,38.70183507,-9.212447795,,,,,,,,,,,,
197abfa4-9798-4478-ad3b-591a5ec96f64,38.70683195,-9.20901095,,,,,,,,,,,,
0c5b9f15-fb31-4186-ae4a-e8d5a9b7b365,38.70001299,-9.199583651,,,,,,,,,,,,
f4f1fbd6-6ad5-4c6f-9b58-9e433472af85,38.70349822,-9.18175527,,,,,,,,,,,,
981e8117-80c0-4310-96b3-0b120086e923,38.70434412,-9.200805813,Portugal,Lisbon,CR,LFM,CDL,3,MIX(RES;COM),BP2,RSH2,RMT1,,
a1cddd54-bc5f-43a0-bd45-9ba454af6a1d,38.70194812,-9.202209039,Portugal,Lisbon,CR,LFM,CDL,5,MIX(RES;COM),BP2,RSH1,RMN,,
0efbcb1c-8ca0-4123-89cd-16db591616f8,38.70208387,-9.194699178,,,,,,,,,,,,
c85a9987-fad6-4f4a-9568-b5678227648e,38.70822634,-9.19716097,,,,,,,,,,,,
ce6cf89e-fbb2-484f-8e2b-d5ff284b7ee2,38.7019707,-9.20518678,Portugal,Lisbon,MUR,LWAL,CDL,1,RES,BP3,RSH2,RMT1,,
d280822c-6c07-4e0d-b34d-88340c173d23,38.7015018,-9.20519115,Portugal,Lisbon,MUR,LWAL,CDL,2,RES,BP2,RSH1,RMN,,
08d76b8c-81ce-4dd7-a8cc-187dd9415c5e,38.70213942,-9.183590937,Portugal,Lisbon,MUR,LWAL,CDL,2,RES,BP2,RSH2,RMT1,,
5a1fed45-1e02-4627-a5cc-40533ba49a9f,38.70713135,-9.215369783,Portugal,Lisbon,CR,LFM,CDM,1,RES,BPD,RSH1,RMN,,
8a989a49-da1a-4398-a882-b4bdc41e2dfd,38.70007529,-9.21912854,,,,,,,,,,,,
81070617-19dd-4d29-857e-fb807cc72f4f,38.71114235,-9.205819795,Portugal,Lisbon,S,LFM,CDH,1,COM,BPD,RSH2,RMT1,,
f8666b25-cfd2-4b80-a6d1-1d91188e80c3,38.69658832,-9.216810441,Portugal,Lisbon,MCF,LWAL,CDM,2,RES,BP1,RSH3,RMT1,,
bfb81185-19d3-4356-abf8-ee6d40b4d70f,38.71166301,-9.199503013,Portugal,Lisbon,MCF,LWAL,CDH,2,RES,BP1,RSH1,RMN,,
0fa9a573-6d77-4e1a-a240-a8aa86078971,38.6976751,-9.21570445,,,,,,,,,,,,
1452acab-4804-4456-b6df-47ba49aceca8,38.70027295,-9.21232395,Portugal,Lisbon,MUR,LWAL,CDN,1,COM,BPD,RSH2,RMT1,,
15105061-348e-4e66-991c-60be6a061275,38.70092797,-9.181040638,Portugal,Lisbon,CR,LFM,CDL,2,COM,BP2,RSH1,RMN,,
80c30f8c-eb18-4c5c-b86c-bf1896d0b03a,38.7062999,-9.2166357,,,,,,,,,,,,
2c460430-6eee-41bb-99a6-c5dc9e968208,38.70022589,-9.18855784,,,,,,,,,,,,
a47010a7-8bd0-4b04-8a1b-3e068c641339,38.71611993,-9.216364338,Portugal,Lisbon,MUR,LWAL,CDL,2,RES,BP2,RSH2,RMT1,,
18597d88-ff4f-4caa-b1c6-5141c278885d,38.71112462,-9.214454158,,,,,,,,,,,,
200e3a94-275e-49d7-9a7f-94c0d104c56f,38.7179844,-9.1853243,,,,,,,,,,,,
dbd9f949-fc69-48f2-9999-2f7b7114c06b,38.70537771,-9.179149997,,,,,,,,,,,,
1412365a-82a3-4858-b4a7-bd0065b3da29,38.69820405,-9.218321078,,,,,,,,,,,,
f0e832ef-e6ef-4c6e-bfd8-8f7378bed465,38.70496021,-9.195225232,Portugal,Lisbon,MUR,LWAL,CDL,5,RES,BP1,RSH2,RMT1,,
89e27328-54f4-482f-806c-4bdd824d3da6,38.70440123,-9.192153242,Portugal,Lisbon,CR,LFM,CDL,1,COM,BP1,RSH1,RMN,,
58ff507c-3615-4363-b256-a37c299b7619,38.70087416,-9.191169367,Portugal,Lisbon,CR,LFINF,CDN,3,MIX(RES;COM),BP2,RSH2,RMT1,,
e8b51c48-3341-4e80-9949-06f489f136ce,38.70478218,-9.211614336,Portugal,Lisbon,MUR,LWAL,CDL,3,RES,BP1,RSH1,RMN,,
3bb31237-ce9f-4898-a391-965c40eccb4d,38.70851035,-9.175601116,Portugal,Lisbon,MUR,LWAL,CDN,3,RES,BP2,RSH2,RMT1,,
74e7f321-cd4e-44d3-968c-c44ecc4d3ec2,38.70710421,-9.191321881,Portugal,Lisbon,CR,LFM,CDH,1,IND,BPD,RSH2,RMT1,,
d2f69b48-cc88-4e3b-b7f4-972c40251c8f,38.70299223,-9.194282845,Portugal,Lisbon,HYB(MCF;MUR),LFINF,CDH,4,RES,BP1,RSH2,RMT1,,
aa83e110-4b74-48bb-95f6-018072c9f30d,38.71254653,-9.205339434,Portugal,Lisbon,MUR,LWAL,CDL,2,RES,BP1,RSH1,RMN,,
c6356299-01bb-4263-8ec5-1a9a283952bc,38.69716074,-9.20264272,Portugal,Lisbon,MUR,LWAL,CDN,4,RES,BP2,RSH1,RMN,,
6126a2a6-2503-484c-b368-484859432a1a,38.69692389,-9.196037556,Portugal,Lisbon,HYB(MCF;MUR),LWAL,CDL,2,RES,BP1,RSH1,RMN,,
56bd9775-1371-449e-87df-5ff638679b50,38.71678151,-9.214341358,,,,,,,,,,,,
d9dce58f-30b1-4bfe-86ff-583fc19f823c,38.70566968,-9.180333673,Portugal,Lisbon,MUR,LWAL,CDL,4,RES,BP1,RSH2,RMT1,,
106b2d99-4ca6-4212-a204-d61868b91ca2,38.70551488,-9.194138645,,,,,,,,,,,,
2879e2d2-0500-4023-82f5-6a4f884da380,38.70534257,-9.184257111,Portugal,Lisbon,MUR,LWAL,CDN,1,MIX(RES;COM),BP1,RSH1,RMN,,
be03cb1c-1f4e-4137-8fdb-74234f89b411,38.71159908,-9.199788213,Portugal,Lisbon,MUR,LWAL,CDL,2,RES,BP1,RSH1,RMN,,
4076f2a8-46cf-4f00-a817-b03b85eada5a,38.70327116,-9.212801126,,,,,,,,,,,,
c2507704-4e2a-415d-8736-3e3eaa92ca65,38.71242247,-9.212494489,,,,,,,,,,,,
f7b5d4bb-6240-4bfa-a97d-bea7b1b5b72c,38.70393602,-9.201004295,Portugal,Lisbon,MUR,LWAL,CDL,4,RES,BP2,RSH1,RMN,,
75cc9387-b618-4ec1-9b74-ac0e6b773956,38.70768636,-9.18345679,,,,,,,,,,,,
6b4a22a4-c5a1-4ae4-8371-9e72164c9ad7,38.70206775,-9.21522165,Portugal,Lisbon,MCF,LWAL,CDM,2,RES,BPD,RSH3,RMT1,,
1ec44f9c-35d4-41e8-b4db-9bcaf5210d09,38.69694403,-9.208731768,,,,,,,,,,,,
d4169820-4b32-41da-b840-60e7d7185305,38.70445777,-9.213936414,,,,,,,,,,,,
45dc8223-8d31-4da9-8e0a-e207ee10c706,38.71199402,-9.205272692,Portugal,Lisbon,MUR,LWAL,CDN,1,RES,BP1,RSH2,RMT1,,
8622e432-8bfa-4dac-9362-9f08e4fe51ff,38.69693659,-9.22314933,,,,,,,,,,,,
ac7cdff4-232a-4669-be8d-be2940d8cc85,38.71012542,-9.202131429,Portugal,Lisbon,CR,LFM,CDL,2,COM,BP2,RSH2,RMT1,,
cb9fba44-95e1-4301-a90a-91724cfa19de,38.70441251,-9.19738603,Portugal,Lisbon,MUR,LWAL,CDL,2,RES,BP1,RSH2,RMT1,,
9a1d7719-1e3e-4f42-a411-c640d3b7b269,38.70302249,-9.18411453,Portugal,Lisbon,MUR,LWAL,CDL,4,RES,BP1,RSH2,RMT1,,
27b45a88-3f43-4b15-801f-5f5684d1f3ed,38.70355904,-9.191670651,Portugal,Lisbon,CR,LFINF,CDL,5,MIX(RES;COM),BP1,RSH1,RMN,,
4960564f-5253-4eee-ae95-3f9ead07da62,38.7006231,-9.21639725,,,,,,,,,,,,
817965e2-4a55-4223-89e3-24d4f2aec827,38.7047771,-9.185844473,,,,,,,,,,,,
4a8043fa-c8ba-4e5e-89d5-ed546cf79ea5,38.70618759,-9.209661759,Portugal,Lisbon,CR,LFM,CDH,5,RES,BP1,RSH1,RMN,,
1341937d-7fb3-4912-b478-09ae2090fc0b,38.69899322,-9.189957129,,,,,,,,,,,,
95839fd1-32ba-4819-8ce3-05cad6344c10,38.70772719,-9.174279151,Portugal,Lisbon,MUR,LWAL,CDN,5,RES,BP1,RSH1,RMN,,
25b354f1-ad22-45ce-8107-b090d291116a,38.70065784,-9.223872751,,,,,,,,,,,,
9d81bca8-1977-455c-927d-34f7cf938bca,38.70384645,-9.179277648,Portugal,Lisbon,MUR,LWAL,CDN,3,COM,BP2,RSH1,RMN,,
8dd751b8-ea9b-4439-8064-1d52dbfccc7e,38.70296702,-9.201271354,,,,,,,,,,,,
1e06c416-de29-4eab-b79d-88dd99d51ae4,38.70657005,-9.190713615,Portugal,Lisbon,MUR,LWAL,CDL,1,RES,BP2,RSH1,RMN,,
8000080f-49ef-42b3-9eed-5e55183d9790,38.70420434,-9.210743488,,,,,,,,,,,,
cd9ae10d-5298-4ee3-b5fe-7e42476a367a,38.70327915,-9.182601684,Portugal,Lisbon,CR,LFM,CDL,4,COM,BP2,RSH1,RMN,,
54ded649-2398-4860-94f9-cf1168ddf225,38.70134897,-9.217109455,,,,,,,,,,,,
770c9be9-0e13-4695-ba8c-0be2b9af0020,38.69780774,-9.193972529,Portugal,Lisbon,MUR,LWAL,CDN,1,RES,BP2,RSH3,RMT1,,
94a63144-fa0b-4da3-89d2-16c0a677327c,38.70656945,-9.175610924,Portugal,Lisbon,MUR,LWAL,CDL,4,MIX(RES;COM),BP2,RSH2,RMT1,,
b45a36ab-ea12-4cbe-8702-bcb6e3d4c1e4,38.70753613,-9.211770266,Portugal,Lisbon,MCF,LWAL,CDH,2,RES,BP1,RSH1,RMN,,
5fc5e16b-1614-4601-8a99-a63ab78f63e1,38.71329488,-9.208047566,Portugal,Lisbon,MUR,LWAL,CDL,2,RES,BP2,RSH1,RMN,,
eb7b2a96-0919-4fb2-9e0a-6370299434e8,38.69914515,-9.191187319,Portugal,Lisbon,CR,LFM,CDL,5,RES,BP1,RSH1,RMN,,
5a761624-51ac-43cd-82bd-cf3ad8351a8a,38.71319554,-9.183818834,Portugal,Lisbon,MUR,LWAL,CDN,1,RES,BPD,RSH2,RMT1,,
aa581a2c-f215-44d5-8584-4b6e89894edd,38.69992348,-9.222511479,,,,,,,,,,,,
69c7c029-534c-4edb-8fb9-91f72de75280,38.70908995,-9.194651393,Portugal,Lisbon,MUR,LWAL,CDL,3,RES,BP1,RSH2,RMT1,,
7acf4a99-7da3-4573-95d4-549f7dd2cd1a,38.7121776,-9.20581137,Portugal,Lisbon,MUR,LWAL,CDL,3,RES,BP1,RSH1,RMN,,
490e477b-7146-4a86-81d2-d7d2181457bd,38.700873,-9.2202995,,,,,,,,,,,,
ee2d60e4-3be4-43fd-b3e2-bce85e03c93a,38.70231295,-9.200825524,Portugal,Lisbon,MUR,LWAL,CDL,4,RES,BP2,RSH2,RMT1,,
8099b749-b5ea-4119-bdbb-9a87207e4657,38.70430372,-9.202758746,,,,,,,,,,,,
0d31c04a-3807-4e40-9704-61093a79aaa8,38.70415218,-9.182983604,,,,,,,,,,,,
057c9e07-cfff-41d5-8752-9f2aaf8cea4e,38.71113267,-9.202072026,,,,,,,,,,,,
1784f014-faa7-47f8-b26a-bac2ae9c937a,38.71132246,-9.198246476,Portugal,Lisbon,CR,LFM,CDH,5,RES,BP1,RSH1,RMN,,
bfedd28c-161c-4e83-87bd-151c40f23a8a,38.69770374,-9.217569229,Portugal,Lisbon,MUR,LWAL,CDL,2,RES,BP1,RSH2,RMT1,,
05320a84-8e44-44cf-b7aa-739f77061875,38.70706367,-9.191791955,Portugal,Lisbon,MUR,LWAL,CDL,1,RES,BP1,RSH2,RMT1,,
e821f514-28f7-40bb-be5c-a9052925a7a6,38.71661112,-9.212273899,Portugal,Lisbon,MUR,LWAL,CDL,2,RES,BP1,RSH2,RMT1,,
b113d0a5-433b-4d6c-a357-1ff393c98f1e,38.7021555,-9.1757148,,,,,,,,,,,,
ccecc0a8-e6fe-4ef3-8a4f-033e2dc487a5,38.71414104,-9.210043187,,,,,,,,,,,,
71e7f1b4-8af9-4048-8e23-8066cc578cd9,38.7121051,-9.21852145,,,,,,,,,,,,
088a380e-5ca3-4650-b877-1bcbd6f327bc,38.70034705,-9.1893852,Portugal,Lisbon,CR,LFINF,CDH,4,RES,BP1,RSH1,RMN,,
1b726c51-2c48-43a3-b378-7da22927d2dc,38.70472864,-9.20087894,Portugal,Lisbon,MUR,LWAL,CDL,2,RES,BP1,RSH2,RMT1,,
6387f5b3-75c2-4fba-85bf-042af52dc26d,38.69629967,-9.197298457,,,,,,,,,,,,
8d0e55a8-0582-44fd-b783-819d1fbfaa6a,38.7064613,-9.175101399,Portugal,Lisbon,MUR,LWAL,CDN,2,COM,BP2,RSH1,RMN,,
1cac03f0-38d0-4523-8982-3bb8cc4c6ea8,38.7035462,-9.213858718,Portugal,Lisbon,MUR,LWAL,CDN,3,RES,BP1,RSH1,RMN,,
85c7d6b5-922b-4efa-9860-16d9db337498,38.69878218,-9.210862035,,,,,,,,,,,,
cf122739-7b44-413b-8f00-6058197b060f,38.69871934,-9.20568735,,,,,,,,,,,,
68d2e5c0-fb75-43c4-82af-7d9fffd6cb2f,38.69996743,-9.21271312,,,,,,,,,,,,
174ccc18-21b7-4f4a-a8a4-5fd96f213fa6,38.70042868,-9.200834817,,,,,,,,,,,,
f737b0fb-8a3f-4814-95fd-2fc8f2ad811b,38.69765221,-9.201492393,,,,,,,,,,,,
2ad376af-1f32-481e-8e40-508496983979,38.69939928,-9.204546618,Portugal,Lisbon,MUR,LWAL,CDL,2,RES,BP1,RSH1,RMN,,
d5069cad-b8f8-42ca-aa70-61d82a57b8d1,38.70532074,-9.182528711,Portugal,Lisbon,MUR,LWAL,CDL,5,RES,BP1,RSH1,RMN,,
df14142b-b8f6-4961-af62-1cca057e7f16,38.71751418,-9.210953111,Portugal,Lisbon,MUR,LWAL,CDL,2,RES,BP2,RSH2,RMT1,,
96343a06-bba9-4d1b-a0db-3ef98f4c84f3,38.7054693,-9.194470921,,,,,,,,,,,,
39040625-fad6-4a5c-99fa-c16c1f05b3fa,38.69766675,-9.195015664,Portugal,Lisbon,MCF,LWAL,CDL,2,RES,BP2,RSH2,RMT1,,
7f0ab995-8bb1-437e-bf95-ff9409e8c1c3,38.70525512,-9.202925755,,,,,,,,,,,,
a816d6da-65b9-4db9-bef2-3f8b37a70f9e,38.71065736,-9.198650882,Portugal,Lisbon,CR,LFM,CDH,4,RES,BP1,RSH1,RMN,,
66ef1a79-6e1b-4c4a-8bf1-3382faff33f2,38.71573169,-9.213751065,Portugal,Lisbon,MCF,LWAL,CDH,3,RES,BP2,RSH2,RMT1,,
b32b29fa-2b67-47a8-b3a9-2965ad7efcad,38.69759821,-9.194353178,Portugal,Lisbon,CR,LFINF,CDN,4,MIX(RES;COM),BP1,RSH1,RMN,,
efa9a060-7701-42b8-87a2-a1636bf9e3b2,38.70684262,-9.194273863,,,,,,,,,,,,
4580db8a-b8e3-4ff6-86a1-de1e7f660910,38.70739624,-9.193920968,Portugal,Lisbon,CR,LDUAL,CDH,06/jul,COM,BPD,RSH2,RMT1,,
63afca02-329d-409d-b753-dbe9933b5b5d,38.71372416,-9.204834999,Portugal,Lisbon,MUR,LWAL,CDL,2,RES,BPD,RSH2,RMT1,,
fd2f41d9-97e7-433e-9993-56bc90621ae7,38.71109471,-9.191829845,Portugal,Lisbon,CR,LFM,CDM,06/jul,COM,BP2,RSH1,RMN,,
8e27624a-de96-4826-99a0-890d986c997f,38.7076644,-9.198772781,Portugal,Lisbon,CR,LDUAL,CDH,1,RES,BPD,RSH2,RMT1,,
13295d5e-2668-4170-97bb-5c2128ad4da8,38.70873847,-9.21420347,,,,,,,,,,,,
4a3de760-75c0-406a-b060-c5d93a29f41e,38.70789725,-9.20006535,,,,,,,,,,,,
3bb13252-9a9b-4020-bf07-69387db73837,38.71650422,-9.212481387,Portugal,Lisbon,MUR,LWAL,CDL,2,RES,BPD,RSH1,RMN,,
be12c465-ddbd-4e8b-948b-0b5e541486cb,38.7180275,-9.2112104,Portugal,Lisbon,MUR,LWAL,CDL,4,RES,BP1,RSH1,RMN,,
5861f8f1-27d6-45c7-8fa5-ef833ea98d7c,38.70394437,-9.190610238,Portugal,Lisbon,MUR,LWAL,CDL,4,RES,BP2,RSH1,RMN,,
c37e4648-7536-4e98-98e4-c32c32f43135,38.70382444,-9.191674713,Portugal,Lisbon,CR,LFINF,CDL,4,MIX(RES;COM),BP2,RSH1,RMN,,
4d925e10-772c-4cea-a23f-0d355e6643d1,38.7004269,-9.189624091,Portugal,Lisbon,CR,LFM,CDN,3,RES,BP1,RSH1,RMN,,
7806d52b-e91c-4924-9473-aa2f9a87d414,38.7061857,-9.1910821,Portugal,Lisbon,CR,LFINF,CDN,4,MIX(RES;COM),BP2,RSH1,RMN,,
b59f4d76-8952-4849-9bee-29c2ff2f3af6,38.7089162,-9.196808514,Portugal,Lisbon,MUR,LWAL,CDL,2,RES,BP1,RSH2,RMT1,,
897d3d48-0919-4db4-88a3-7ab29864185f,38.70904459,-9.194971395,,,,,,,,,,,,
a17f5476-86a3-4609-9a24-9d76d754fbc6,38.71138468,-9.205122783,,,,,,,,,,,,
e32d7626-7890-4c39-9ac6-5deda7c37350,38.70463636,-9.189714043,Portugal,Lisbon,CR,LFINF,CDL,4,RES,BP1,RSH1,RMN,,
a4eca3a1-21ba-4fa3-9171-c6fdf3aad703,38.70392614,-9.191741016,Portugal,Lisbon,CR,LFINF,CDL,4,MIX(RES;COM),BP3,RSH1,RMN,,
24c62cd6-ef4e-4283-ab2e-7c1b7c2c0015,38.6995254,-9.188115454,,,,,,,,,,,,
61156c80-d77d-4f50-99ab-d1b96c4b7e62,38.70187352,-9.186134835,,,,,,,,,,,,
2324a7c8-3a0b-4d02-af18-f82b7cfcb19c,38.69789447,-9.210288654,,,,,,,,,,,,
6118bbbd-5473-4299-aa9e-7158991861ce,38.69591827,-9.215586912,Portugal,Lisbon,MUR,LWAL,CDL,2,RES,BP1,RSH2,RMT1,,
9c3c673c-5cbe-4669-9f63-e18c6cbc6302,38.70055165,-9.1953419,,,,,,,,,,,,
04b8ec24-96ab-4a18-8282-512fbf103c08,38.70578335,-9.206232503,,,,,,,,,,,,
61015e09-b165-4080-8894-7a171a54192e,38.70847501,-9.193651612,,,,,,,,,,,,
c9098795-a0b3-4661-bb48-ae05c076a1b9,38.71583085,-9.20158145,,,,,,,,,,,,
6911a6fb-46be-496a-9670-eafddcadcaf6,38.70518998,-9.215829496,Portugal,Lisbon,CR,LFM,CDM,2,RES,BP2,RSH1,RMN,,
c767d5ec-f491-4905-9f3f-44950199ee58,38.70726763,-9.188636646,,,,,,,,,,,,
ca33ddd6-de8b-4f00-b878-386303878b7b,38.70990685,-9.197882124,Portugal,Lisbon,CR,LFM,CDL,4,RES,BP1,RSH1,RMN,,
e7caac90-044b-403c-b8e8-b3e7c06de512,38.70371148,-9.182779902,Portugal,Lisbon,CR,LFM,CDL,4,MIX(RES;COM),BP1,RSH1,RMN,,
8b666e89-c4c2-46ab-86d3-f692b166c936,38.69560611,-9.210874553,Portugal,Lisbon,CR,LFM,CDN,4,RES,BP2,RSH1,RMN,,
5f65f819-10b5-44b9-91f9-ecb094512467,38.70898371,-9.194374913,Portugal,Lisbon,MUR,LWAL,CDL,2,RES,BP1,RSH2,RMT1,,
e84ed3e8-8c7c-47dd-9f42-a20e037817b4,38.70029244,-9.222150122,Portugal,Lisbon,MUR,LWAL,CDN,3,RES,BP2,RSH1,RMN,,
f545831b-2324-426f-a3af-303b63aff564,38.70704201,-9.192879506,,,,,,,,,,,,
014f2549-28a1-4b44-bdad-e00a8c13c50c,38.70999542,-9.214312915,,,,,,,,,,,,
12cd2c2a-9303-476d-aa9a-d5f10d86304c,38.69731338,-9.193092179,Portugal,Lisbon,HYB(MCF;MUR),LWAL,CDM,2,COM,BP2,RSH2,RMT1,,
877e49b7-b731-4b75-baa3-c2970e76cd95,38.70527584,-9.182714866,Portugal,Lisbon,CR,LFM,CDN,4,RES,BP1,RSH1,RMN,,
b330709a-a1e5-48ad-8acd-29229f97ee2b,38.70218215,-9.20328435,Portugal,Lisbon,CR,LFM,CDL,4,RES,BP1,RSH1,RMN,,
31f22fb4-bdcf-4816-9853-fae588b2f306,38.7003666,-9.20209615,,,,,,,,,,,,
68d65cb7-4fdd-471c-b0ab-10a775fbd9c0,38.71519295,-9.18900745,,,,,,,,,,,,
3ea6d784-f2ac-4a52-ae77-ba4c0ba85d0b,38.705699,-9.20315137,Portugal,Lisbon,CR,LFM,CDL,08/set,RES,BP1,RSH1,RMN,,
6f0b8fc0-5697-4fad-a194-caf0e119f2ed,38.70601607,-9.19135083,,,,,,,,,,,,
7e3bdf38-d6f8-4a24-97d4-d2f5a79e89d8,38.71116742,-9.192865155,Portugal,Lisbon,CR,LDUAL,CDM,08/set,RES,BPD,RSH1,RMN,,
4dfad9ee-a356-4363-be32-c955c163071e,38.71399228,-9.215834469,,,,,,,,,,,,
0094b437-a438-43ff-8c68-bd9ccfda8647,38.7030885,-9.2163602,Portugal,Lisbon,MUR,LWAL,CDL,3,RES,BP1,RSH1,RMN,,
1ae83021-a754-4f5b-abf4-62ffa48c658b,38.69730286,-9.21535413,Portugal,Lisbon,MUR,LWAL,CDL,3,RES,BP1,RSH1,RMN,,
14bdaaed-01f5-4882-9e1c-e184c66dbd3c,38.70302964,-9.183733612,Portugal,Lisbon,CR,LFM,CDL,5,MIX(RES;COM),BP1,RSH1,RMN,,
a5c381de-e3be-4a4d-85b3-a94ec784e2ba,38.70122959,-9.204611145,Portugal,Lisbon,MCF,LWAL,CDH,3,RES,BP2,RSH1,RMN,,
d84a4f77-d52e-4a16-b6c5-10a8ca09d6a1,38.7112894,-9.2011865,,,,,,,,,,,,
c3d01141-cc31-42ca-aab2-e71608481969,38.6975549,-9.2037616,,,,,,,,,,,,
8e66cbeb-cc24-4a57-b9ba-092fefc85a4b,38.70067305,-9.200188096,Portugal,Lisbon,MUR,LWAL,CDN,1,COM,BP2,RSH2,RMT1,,
85ebd0b4-0b5a-463d-b13a-35c530d789e6,38.7082431,-9.21062095,Portugal,Lisbon,CR,LFM,CDL,5,RES,BP1,RSH1,RMN,,
21eb7670-e4bf-4a2b-a1e6-de63db1f0c49,38.70537518,-9.212259899,,,,,,,,,,,,
2f7935c0-0fa3-44dd-9d3d-a2b274a3d2fc,38.71167852,-9.194953414,Portugal,Lisbon,CR,LFM,CDN,5,RES,BP1,RSH1,RMN,,
db5924bd-6bc9-416b-b686-31ec83b662ae,38.71014143,-9.205537212,Portugal,Lisbon,CR,LDUAL,CDH,10/dez,COM,BP2,RSH1,RMN,,
874f2288-7957-4626-bb2e-3debc725cf3f,38.70404377,-9.210034861,,,,,,,,,,,,
5c39b12f-f47f-4932-87b4-5219a36a5d31,38.71626793,-9.216306354,Portugal,Lisbon,MUR,LWAL,CDL,2,RES,BP1,RSH2,RMT1,,
2aba4a3e-e7dc-4b27-ba53-b690cc6c4493,38.7057406,-9.200443841,,,,,,,,,,,,
c45eeac7-a2cf-4b9a-b6f1-46d745403a33,38.71330638,-9.206520394,,,,,,,,,,,,
df17c3b1-ae78-47e7-9aae-ab8519f7ae98,38.70391102,-9.18912003,,,,,,,,,,,,
a8bf9012-c2b4-4185-829c-f97d5e13af0e,38.70244077,-9.201581847,Portugal,Lisbon,CR,LFM,CDL,1,IND,BPD,RSH2,RMT1,,
715bfe89-ff39-4618-a5bb-6f7e57cd4876,38.69840771,-9.192869124,,,,,,,,,,,,
cb421375-daac-43b5-8f42-5a74fa5a9ecc,38.7153512,-9.21736465,Portugal,Lisbon,MUR,LWAL,CDL,2,RES,BP1,RSH1,RMN,,
449b4cda-e43b-4d76-832e-a29ebc053f1a,38.7066107,-9.18773525,,,,,,,,,,,,
538e1605-eac8-488d-a511-28c44a8f6e5a,38.70686333,-9.177817434,Portugal,Lisbon,MUR,LWAL,CDL,2,COM,BPD,RSH1,RMN,,
afe76852-b4f8-4d4c-b6f8-aec85608707f,38.70022803,-9.199722536,Portugal,Lisbon,CR,LFINF,CDM,4,RES,BP1,RSH2,RMT1,,
0c6f8767-2213-42aa-9c9a-eaa57107b2e0,38.70626245,-9.216502128,,,,,,,,,,,,
0b14d887-41a2-4709-972f-3e4d69ec560a,38.7048842,-9.190344955,Portugal,Lisbon,MUR,LWAL,CDL,3,RES,BP2,RSH1,RMN,,
2e3b3d6c-2a07-4178-8c96-18fbcf2f487f,38.70297119,-9.181195669,Portugal,Lisbon,CR,LFM,CDN,4,COM,BP2,RSH1,RMN,,
36c48fc1-5483-466e-b73e-916b4f56f640,38.70056046,-9.216825419,,,,,,,,,,,,
2e9eeed1-481f-4ac0-98a3-3e6163840619,38.70233764,-9.196238426,Portugal,Lisbon,CR,LFM,CDL,4,MIX(RES;COM),BP1,RSH1,RMN,,
d7e114a0-5b23-4353-afed-c0216dc24d27,38.70417356,-9.202186158,Portugal,Lisbon,MUR,LWAL,CDL,4,RES,BP1,RSH2,RMT1,,
914558ae-e9b3-4228-a518-73f71db43b81,38.69514518,-9.214544766,Portugal,Lisbon,CR,LFM,CDH,4,MIX(RES;COM),BP1,RSH1,RMN,,
8684ed4b-2903-4a8e-8688-1c4722c17bee,38.71536538,-9.208361252,,,,,,,,,,,,
360c922e-8ee1-4764-8ef3-86d61b4c085f,38.7028116,-9.183673092,Portugal,Lisbon,MUR,LWAL,CDL,5,RES,BP1,RSH1,RMN,,
f7785f69-3014-48d4-a179-2f6cb037bcfb,38.7009982,-9.223058651,,,,,,,,,,,,
f1b42a69-d87c-4283-852f-c08d8d2b9a88,38.70836447,-9.216516895,,,,,,,,,,,,
fe1eedc2-2f6b-4f27-bf15-26947ba95db2,38.69938525,-9.18176065,,,,,,,,,,,,
c9145aee-233a-4112-88a0-3e219c1b29b1,38.7054605,-9.19981105,Portugal,Lisbon,MUR,LWAL,CDL,2,RES,BP1,RSH2,RMT1,,
479fda3b-1b58-4ba6-8472-aed0d7ed6072,38.70032269,-9.201519692,Portugal,Lisbon,MUR,LWAL,CDL,1,RES,BPD,RSH2,RMT1,,
b60d9799-2f63-42c4-ae6c-62819df3c317,38.69895811,-9.218869942,Portugal,Lisbon,MUR,LWAL,CDL,3,RES,BP1,RSH1,RMN,,
40d39a2a-c0c4-4150-ac22-3086a3bbf269,38.70299896,-9.216768703,,,,,,,,,,,,
ea876973-84c9-4197-8964-d3a8507a9a13,38.70538581,-9.194091778,Portugal,Lisbon,CR,LFM,CDL,5,MIX(RES;COM),BP3,RSH1,RMN,,
d8cc701e-e948-47cb-a9b9-86975bbf7b54,38.7051636,-9.19476928,Portugal,Lisbon,MUR,LWAL,CDL,4,RES,BP1,RSH1,RMN,,
e75f29b8-d9db-4555-9c34-3bcc3b4868d2,38.70514306,-9.188768677,Portugal,Lisbon,MUR,LWAL,CDN,2,COM,BP1,RSH2,RMT1,,
13c94c26-682e-431a-9ca1-fe1ae0a1b98d,38.705559,-9.1920468,,,,,,,,,,,,
12e7b966-9ca7-41a9-9658-a9ab968c6995,38.6969892,-9.202650342,,,,,,,,,,,,
78375902-2353-4692-95f8-89d73eaecbe3,38.722013,-9.1799783,,,,,,,,,,,,
0bb6a1bc-5d81-4dff-9444-86a6b6055dcf,38.69873419,-9.218746866,Portugal,Lisbon,MUR,LWAL,CDL,2,RES,BPD,RSH2,RMT1,,
e9f1e260-2c09-475f-833a-a1cdd25f7599,38.71158498,-9.215587405,,,,,,,,,,,,
78a841b1-25ae-4108-8341-e4c3f92946f7,38.7046065,-9.2107272,,,,,,,,,,,,
18839394-f0e2-4057-8dd1-013443114e07,38.69954788,-9.203885457,Portugal,Lisbon,MUR,LWAL,CDL,1,RES,BP1,RSH2,RMT1,,
a3760768-d741-49c9-9a48-84382cf8ea5e,38.69897395,-9.18261745,,,,,,,,,,,,
e998395c-48ff-4b9c-934a-8d2b9014a501,38.70217509,-9.215588064,,,,,,,,,,,,
f705c7f7-8249-40c4-889e-0488b50f0b8a,38.69704467,-9.224636944,,,,,,,,,,,,
cfbb3511-2384-4736-af45-cd0de41ef965,38.71576995,-9.2178817,Portugal,Lisbon,MUR,LWAL,CDL,3,RES,BP2,RSH2,RMT1,,
6c1fac22-a467-4782-9016-132215f7d3c7,38.70260274,-9.218073793,Portugal,Lisbon,MUR,LWAL,CDN,3,RES,BP1,RSH1,RMN,,
c7ade6f2-f4e0-40cc-8a70-eb5c7bf071f8,38.69931409,-9.215036957,,,,,,,,,,,,
7100bd13-09cf-41ee-9278-11a1b49049c7,38.70279358,-9.184407043,Portugal,Lisbon,CR,LFINF,CDM,4,MIX(RES;COM),BP2,RSH2,RMT1,,
41307d24-8081-44de-aeeb-be7ca8a31007,38.69749384,-9.203082803,Portugal,Lisbon,MUR,LWAL,CDN,4,MIX(RES;COM),BP1,RSH1,RMN,,
a45b5104-fc68-43e4-bbe2-b33fc11cb6e0,38.70843818,-9.21153296,Portugal,Lisbon,CR,LFM,CDN,1,COM,BPD,RSH1,RMN,,
9eecef3c-116f-4952-9080-c9f74d5a046e,38.70204205,-9.200666741,Portugal,Lisbon,CR,LFM,CDL,4,RES,BP1,RSH1,RMN,,
7eff9f84-f81b-46cc-b200-3bd7f6934e27,38.70199393,-9.203478824,Portugal,Lisbon,MCF,LWAL,CDH,2,RES,BPD,RSH1,RMN,,
bf7eb360-6fd9-409d-a2e5-f919babd186a,38.70033563,-9.226066483,Portugal,Lisbon,MUR,LWAL,CDN,4,RES,BP1,RSH1,RMN,,
15aec38b-7b4f-4d23-98e2-02031ca35102,38.70108655,-9.1921589,Portugal,Lisbon,CR,LFINF,CDH,5,RES,BP1,RSH2,RMT1,,
ca9bb8b9-2064-4e05-9936-4c3809231dae,38.71177522,-9.206027966,,,,,,,,,,,,
3bad89fe-e71f-4754-bcce-ee865183782c,38.69834683,-9.195967551,Portugal,Lisbon,CR,LFM,CDL,4,RES,BP2,RSH1,RMN,,
c413d61c-c5f7-429a-8856-ab3d448acbf6,38.70947465,-9.1936539,Portugal,Lisbon,MUR,LWAL,CDN,1,RES,BP1,RSH1,RMN,,
f1daf0ff-9133-4485-b59c-e87cb739e6de,38.70467157,-9.193508353,Portugal,Lisbon,CR,LFM,CDM,4,RES,BP2,RSH1,RMN,,
963918d2-41ad-4b15-9217-2d783cb99f58,38.7103434,-9.202381663,Portugal,Lisbon,MCF,LWAL,CDM,2,RES,BPD,RSH2,RMT1,,
339f7c54-4b07-41fa-aaf8-28ef1eed595e,38.70210116,-9.217386687,,,,,,,,,,,,
7b41685a-3e7e-46aa-a5ab-9a06902aed89,38.70409309,-9.195847325,Portugal,Lisbon,MUR,LWAL,CDL,4,RES,BP1,RSH1,RMN,,
0473bd9d-3d3d-438b-b54a-a554d5c9fcb9,38.70960132,-9.176035258,Portugal,Lisbon,MUR,LWAL,CDL,4,RES,BP2,RSH2,RMT1,,
46d05384-28c4-43c6-8c9c-3674bf790431,38.70255152,-9.203574591,Portugal,Lisbon,MCF,LWAL,CDH,2,RES,BPD,RSH2,RMT1,,
5028eca3-5b2e-40ce-8eb3-5c1a9a0e6255,38.69740012,-9.195565216,Portugal,Lisbon,MUR,LWAL,CDN,1,COM,BP1,RSH2,RMT1,,
13ef1d8f-1ab9-4849-bd35-5c4658505ba7,38.7114045,-9.2132119,,,,,,,,,,,,
e0871507-8327-4fc4-92cc-8e72cf00944d,38.70544239,-9.193715229,Portugal,Lisbon,CR,LFM,CDL,08/set,MIX(RES;COM),BP1,RSH1,RMN,,
984a9b7d-244f-440c-86f7-ebc0b7664c12,38.71320125,-9.1860357,,,,,,,,,,,,
72f51234-e5b2-4852-ab9c-cdd534bcebec,38.70909038,-9.175738007,Portugal,Lisbon,MUR,LWAL,CDL,2,RES,BP1,RSH2,RMT1,,
570a8aeb-f673-4fec-9c5f-30c1f0bf7b5a,38.70823037,-9.20163148,,,,,,,,,,,,
2d236268-77d8-428a-a371-bff3bdeb7d43,38.7027,-9.1833611,Portugal,Lisbon,MUR,LWAL,CDN,4,RES,BP2,RSH1,RMN,,
fd2c2d4b-f6bf-4b25-b180-6027268f403b,38.70096543,-9.181091913,Portugal,Lisbon,CR,LFM,CDM,3,COM,BP2,RSH1,RMN,,
baf02453-e2be-4db4-bdd7-8aae0875ff6a,38.69739941,-9.222874383,Portugal,Lisbon,CR,LFM,CDL,2,RES,BPD,RSH1,RMN,,
92bb47eb-49bf-43ec-9437-f325023e4730,38.71363146,-9.206634348,,,,,,,,,,,,
01931eda-dbd9-4605-9ac3-00d5792e69c1,38.69696846,-9.202529734,,,,,,,,,,,,
50290016-77ec-443c-ad8b-02a2a305abec,38.70403716,-9.190446606,Portugal,Lisbon,CR,LFM,CDN,4,RES,BP2,RSH1,RMN,,
c09160d8-4466-4320-af35-8da1ace39b02,38.6951032,-9.219159229,Portugal,Lisbon,MUR,LWAL,CDL,3,RES,BP1,RSH2,RMT1,,
0899aec8-6421-4f7a-8da6-3842a937166c,38.69235621,-9.213159489,Portugal,Lisbon,MCF,LWAL,CDN,2,MIX(RES;COM),BP2,RSH1,RMN,,
bf1cc6c6-802d-486c-84d6-4c3a53ede7aa,38.69764123,-9.195671477,Portugal,Lisbon,MUR,LWAL,CDN,3,RES,BP1,RSH1,RMN,,
1d3b7e0d-4326-46e4-b1bf-5479db8349d2,38.71063204,-9.201346433,Portugal,Lisbon,MUR,LWAL,CDL,3,RES,BP2,RSH1,RMN,,
b0bdac44-d6a5-4760-92da-5f678fec82ba,38.70548226,-9.207303922,Portugal,Lisbon,CR,LFM,CDN,5,RES,BP2,RSH1,RMN,,
f155dc2d-90a2-4b43-94d3-f34577b78cd1,38.70557504,-9.180852788,Portugal,Lisbon,MUR,LWAL,CDL,4,RES,BP2,RSH1,RMN,,
69978870-cf4d-48a5-aaf3-99a02d07d0a4,38.71087018,-9.198703883,Portugal,Lisbon,MUR,LWAL,CDL,4,RES,BP1,RSH1,RMN,,
d908eb99-23e9-47ff-b3b0-8a43589dd9c6,38.70750315,-9.210578964,Portugal,Lisbon,CR,LFINF,CDL,2,RES,BP1,RSH2,RMT1,,
ddab928b-d870-4d9b-b931-5372fcb68c73,38.69952039,-9.200335953,,,,,,,,,,,,
e8d9eaf4-2856-447f-a117-618602630066,38.70592556,-9.177870354,Portugal,Lisbon,CR,LFM,CDH,5,RES,BP2,RSH1,RMN,,
dce513e2-75a6-45d3-a1fd-93928803c8b2,38.70166601,-9.203344121,Portugal,Lisbon,MUR,LWAL,CDL,4,RES,BPD,RSH2,RMT1,,
87a79b23-cb0b-4832-869b-0d49f681749e,38.70284101,-9.197121859,Portugal,Lisbon,HYB(MCF;MUR),LWAL,CDN,3,RES,BP2,RSH1,RMN,,
44052508-ffaa-4faa-9499-48f7f18752a8,38.69852541,-9.191510866,Portugal,Lisbon,CR,LFM,CDL,2,MIX(RES;COM),BP1,RSH3,RMT1,,
2f2204a0-b038-4bc8-96be-dde9e4d84930,38.70284991,-9.183393845,Portugal,Lisbon,MUR,LWAL,CDL,4,RES,BP1,RSH1,RMN,,
33fb83f9-cf74-4a8c-bbac-25fe51182d4f,38.71205837,-9.20718551,,,,,,,,,,,,
296937da-0395-40a1-8f95-89664acde569,38.7018862,-9.20344305,Portugal,Lisbon,MCF,LWAL,CDM,4,RES,BP1,RSH1,RMN,,
ac090c62-da6c-436b-8168-5092482b0bb9,38.71310615,-9.190867981,,,,,,,,,,,,
ac5ade6a-a25e-4d65-a2ff-83150b2a155a,38.70450852,-9.189516405,,,,,,,,,,,,
40bfd196-5500-4c5d-a191-5135beebc2fc,38.69885567,-9.224904669,Portugal,Lisbon,CR,LFM,CDN,08/set,RES,BP2,RSH1,RMN,,
29693c96-e05d-4f14-87ff-7aa075276713,38.69697905,-9.217177668,Portugal,Lisbon,CR,LFM,CDH,1,COM,BPD,RSH2,RMT1,,
59715dcf-1ea3-41eb-af1c-5aa947e92dc7,38.71211112,-9.199700559,Portugal,Lisbon,MCF,LWAL,CDL,4,RES,BP1,RSH1,RMN,,
04d206b8-8b32-4e49-b790-07edb89e8018,38.70385424,-9.203385072,Portugal,Lisbon,MUR,LWAL,CDL,2,RES,BP1,RSH1,RMN,,
8ae716ad-9c51-4aa6-b529-c7997173ee83,38.70547486,-9.206256982,Portugal,Lisbon,CR,LDUAL,CDH,10/dez,RES,BPD,RSH1,RMN,,
9dfb586a-5d9e-4678-8889-1789135e35e7,38.70579459,-9.176865372,Portugal,Lisbon,MUR,LWAL,CDN,1,RES,BP1,RSH1,RMN,,
7b9c40f1-4d40-4972-8815-7acb90d2011d,38.70476731,-9.196986893,Portugal,Lisbon,CR,LFM,CDL,4,RES,BP1,RSH1,RMN,,
7919ec0e-0689-408a-9f7a-e91590a67489,38.69757727,-9.213573315,,,,,,,,,,,,
713ea998-dcf7-468b-b21a-9515d4801135,38.69708123,-9.218620817,Portugal,Lisbon,MUR,LWAL,CDL,2,RES,BPD,RSH2,RMT1,,
642502ca-e2d9-4b06-9703-8a4c92703d7a,38.71120515,-9.20541355,Portugal,Lisbon,MUR,LWAL,CDL,2,RES,BPD,RSH2,RMT1,,
8c8925da-6c95-43d8-844f-71d7b45f6724,38.7036249,-9.178199901,Portugal,Lisbon,MCF,LWAL,CDL,1,COM,BP1,RSH1,RMN,,
1636ebc6-d36b-49c5-9e38-b68b0227b4de,38.70629692,-9.217257444,,,,,,,,,,,,
6ce0bdb9-3a76-455a-ad3a-b02db70e0fc3,38.71432058,-9.214914489,,,,,,,,,,,,
74e70937-d013-451a-b5aa-c67864b67b4e,38.6967242,-9.210718344,Portugal,Lisbon,CR,LFM,CDL,4,RES,BP3,RSH1,RMN,,
16e9bb68-8d70-43b6-babc-b1324c4da5fd,38.70352646,-9.190881702,Portugal,Lisbon,MUR,LWAL,CDL,2,RES,BP1,RSH2,RMT1,,
ea8241ba-75a0-4698-898d-61cc508835ad,38.70416516,-9.203747312,Portugal,Lisbon,MUR,LWAL,CDL,4,RES,BP1,RSH1,RMN,,
fc97cc0a-ce82-4afe-988b-52671521e6bf,38.70122563,-9.191129181,Portugal,Lisbon,CR,LFM,CDL,4,MIX(RES;COM),BP1,RSH1,RMN,,
f2fa5d88-e718-4001-abd4-5d1f5219a8ce,38.706685,-9.17534765,,,,,,,,,,,,
64d897e9-af34-4950-86d7-c464344e7402,38.71289454,-9.206999248,Portugal,Lisbon,MUR,LWAL,CDN,2,RES,BP2,RSH1,RMN,,
c9497805-6ab5-4c7d-a24a-40992ae34d21,38.71326374,-9.17669426,Portugal,Lisbon,HYB(MCF;MUR),LWAL,CDN,2,COM,BP2,RSH1,RMN,,
c09234b6-d814-4712-b7ac-247ea49a04b8,38.70066402,-9.203469907,Portugal,Lisbon,S,LFM,CDM,2,RES,BP1,RSH1,RMN,,
bb51829a-eacc-405f-9146-ea295b85058d,38.69960142,-9.189748975,,,,,,,,,,,,
15a18186-b23e-43a4-91ab-208529c5571d,38.69981461,-9.204486566,Portugal,Lisbon,CR,LFM,CDL,2,IND,BP1,RSH1,RMN,,
0dc57aef-7753-4294-b659-27214d50f786,38.71791967,-9.211823602,Portugal,Lisbon,MUR,LWAL,CDL,4,COM,BP1,RSH1,RMN,,
322006eb-7f9e-4be4-adfb-8461879599e6,38.70084923,-9.186664206,,,,,,,,,,,,
47ff5418-fdf6-489c-a368-a3cf5c93a651,38.70892095,-9.1986425,,,,,,,,,,,,
cd835cd5-8f0c-4b53-a692-fb5640705552,38.70069675,-9.217032112,,,,,,,,,,,,
91f077e3-d191-4e17-ae6a-b018856d15c4,38.70294266,-9.191419222,,,,,,,,,,,,
5a2e585a-d887-4525-9987-7d0b877f77eb,38.70563904,-9.213235408,,,,,,,,,,,,
d455032f-d988-4df9-bbfa-4277df6f8316,38.70457628,-9.189338279,Portugal,Lisbon,MUR,LWAL,CDL,4,RES,BP1,RSH2,RMT1,,
b820484b-c2a7-4c81-a3ea-34fe937e039b,38.69808151,-9.218033459,Portugal,Lisbon,MUR,LWAL,CDL,2,RES,BPD,RSH5,RMT1,,
02413881-4a16-4b66-8d81-a3e45e7ecf5a,38.71194437,-9.187830442,,,,,,,,,,,,
2d2d8cb1-065b-4dd8-9a69-84da9b8fbbce,38.70044373,-9.22080835,Portugal,Lisbon,MUR,LWAL,CDN,3,RES,BP2,RSH1,RMN,,
aae66fd9-3ed8-46fb-a106-b3efbccdc2d4,38.70560755,-9.185297236,,,,,,,,,,,,
86a2cdd0-c200-4a0d-9dcf-98c3a218b9ed,38.71824815,-9.19152905,,,,,,,,,,,,
c3b8f146-24ea-4df5-b916-935f3844adca,38.70283835,-9.181553215,,,,,,,,,,,,
bc6e7373-459a-475f-840f-37c38ae0cc37,38.69881808,-9.211135217,Portugal,Lisbon,MCF,LWAL,CDH,2,RES,BPD,RSH1,RMN,,
06cfb241-df86-400a-acf4-631d28ed63ea,38.69707142,-9.215798528,Portugal,Lisbon,MUR,LWAL,CDL,2,RES,BP1,RSH1,RMN,,
3406b5b8-ec31-4897-b2d2-8fc93b2f1144,38.70423761,-9.181983752,Portugal,Lisbon,MUR,LWAL,CDL,4,RES,BP1,RSH2,RMT1,,
db569d58-f867-462f-92ab-5ffb69bfea14,38.71685277,-9.214616517,Portugal,Lisbon,MUR,LWAL,CDN,1,RES,BP1,RSH2,RMT1,,
24488526-5845-4293-a112-3f20a3911e71,38.71197095,-9.201085,Portugal,Lisbon,MCF,LWAL,CDM,2,RES,BP2,RSH2,RMT1,,
aaf447c1-9fa3-4b85-ae59-6c10f31090c6,38.71419004,-9.206335235,Portugal,Lisbon,MUR,LWAL,CDL,2,RES,BP1,RSH2,RMT1,,
fc28f87b-c271-4d62-b471-8bdce1f19acc,38.70276842,-9.21303524,,,,,,,,,,,,
e9d3f9a3-2107-4415-b36e-ba5aeb252c78,38.71448995,-9.18179185,Portugal,Lisbon,MCF,LWAL,CDL,2,RES,BP1,RSH1,RMN,,
55610f5b-eb10-486c-8175-e8d5ff4d44d4,38.70417219,-9.19148727,Portugal,Lisbon,MUR,LWAL,CDN,1,IND,BP1,RSH2,RMT1,,
bddd161a-9290-4935-a541-014325c2529d,38.70101113,-9.20546587,Portugal,Lisbon,MUR,LWAL,CDL,1,RES,BPD,RSH2,RMT1,,
4a3c286c-04a4-4760-9382-531b8b919853,38.70912535,-9.175694435,Portugal,Lisbon,MUR,LWAL,CDL,2,MIX(RES;COM),BP2,RSH2,RMT1,,
d702d810-d79d-44e0-b272-428e519441c4,38.7015085,-9.18326315,Portugal,Lisbon,MUR,LWAL,CDL,2,RES,BPD,RSH2,RMT1,,
eacbbdcf-3331-4911-ad49-63ab6d37d439,38.71183834,-9.199258527,Portugal,Lisbon,CR,LFM,CDN,1,RES,BP1,RSH1,RMN,,
e0d83ad3-8d42-4a95-bf2d-38fb02a3f739,38.7003535,-9.2239276,,,,,,,,,,,,
fb210ba0-a42e-4c1d-90eb-ac079e539f61,38.69829134,-9.191112887,,,,,,,,,,,,
923d65af-12e9-4c7d-b137-7f984615ca54,38.70364689,-9.198029027,Portugal,Lisbon,MUR,LWAL,CDL,4,RES,BP2,RSH1,RMN,,
3d43bae9-ac19-4447-99dd-3fe8eeade3ba,38.69996531,-9.190603926,Portugal,Lisbon,CR,LFM,CDL,5,RES,BP2,RSH1,RMN,,
2bbeb8be-51de-4f54-990e-a68c2b96d1db,38.70096864,-9.191290055,Portugal,Lisbon,CR,LFM,CDL,4,MIX(RES;COM),BP1,RSH1,RMN,,
f1e91261-1c76-4868-95ed-947d4c173a23,38.7066842,-9.215728572,,,,,,,,,,,,
3c3aa706-483f-4f1b-8794-3eecc689f291,38.69725987,-9.19437605,Portugal,Lisbon,MUR,LWAL,CDL,4,RES,BP1,RSH1,RMN,,
aa018fad-9ea8-44b4-bb08-349dc174589b,38.69829529,-9.219903871,,,,,,,,,,,,
f972a5ad-085a-44bd-8951-a762f009be46,38.70872685,-9.194015152,,,,,,,,,,,,
5e95cac5-84a4-47e8-aeb3-893a2e57c9c6,38.69961771,-9.178467345,,,,,,,,,,,,
5ef285ed-351f-4bba-a676-e52188b94655,38.7051916,-9.18663135,,,,,,,,,,,,
e9468f63-ac6d-4c1a-b1f6-176b5c7129e9,38.69928546,-9.205061603,Portugal,Lisbon,MUR,LWAL,CDL,1,COM,BP1,RSH2,RMT1,,
d394aa78-b488-41ef-bf74-48ca7996a793,38.7040331,-9.191810174,Portugal,Lisbon,CR,LFM,CDL,5,RES,BP2,RSH1,RMN,,
3c203a0e-26a0-43cc-9a86-5ec7877d34f8,38.70548114,-9.181241054,Portugal,Lisbon,CR,LFM,CDL,4,RES,BP1,RSH1,RMN,,
89393a17-4881-41b0-8b16-a6463b0ea77b,38.70727993,-9.206868402,,,,,,,,,,,,
dd0613fa-7d4c-4e27-a261-db87411ece40,38.7051383,-9.189805747,Portugal,Lisbon,MUR,LWAL,CDL,3,MIX(RES;COM),BP2,RSH1,RMN,,
3f8c62db-dd6f-47a1-a2e3-c536161ed04e,38.70248315,-9.195934425,Portugal,Lisbon,CR,LFM,CDM,4,RES,BP1,RSH1,RMN,,
b98d67a4-e62c-48b8-85cc-011c53e9c5d6,38.69982747,-9.205608084,,,,,,,,,,,,
433e1ca1-29a4-4677-806f-7c964e230b40,38.71079613,-9.198346616,Portugal,Lisbon,CR,LDUAL,CDH,08/set,RES,BP1,RSH1,RMN,,
5af4042c-3ee0-4f93-8be1-6d27af538d6b,38.69696664,-9.202376731,,,,,,,,,,,,
4e3b9565-a39e-4c9c-aaed-0bec90e29df5,38.70188945,-9.21102735,,,,,,,,,,,,
268b0930-b663-494a-b362-26fde4d7b6b6,38.70069984,-9.217647899,,,,,,,,,,,,
aab6e260-3bfb-4b69-9058-6f4f204a58e1,38.70767824,-9.215342171,,,,,,,,,,,,
13bf1bb3-3191-4479-9741-bf8b5b182b0e,38.70432747,-9.192142733,Portugal,Lisbon,MCF,LWAL,CDL,2,RES,BP1,RSH1,RMN,,
c3f432e8-f728-4c19-ac4e-ff30f330f652,38.71605215,-9.193035348,,,,,,,,,,,,
518745d9-5cee-4677-ad7e-723b8b76bcf3,38.71628197,-9.216639207,Portugal,Lisbon,MUR,LWAL,CDL,3,RES,BP2,RSH2,RMT1,,
d1e77a40-5f53-4166-aaff-c3093d12906f,38.7044656,-9.202754239,Portugal,Lisbon,MCF,LWAL,CDH,2,RES,BP1,RSH2,RMT1,,
71d3d903-1b01-4671-855f-7532a1249cea,38.71540719,-9.215146831,Portugal,Lisbon,MUR,LWAL,CDL,2,RES,BP1,RSH1,RMN,,
4eddd382-6888-455c-b6f3-712a25d3cdcd,38.70188919,-9.201087393,Portugal,Lisbon,MUR,LWAL,CDL,5,MIX(RES;COM),BP2,RSH1,RMN,,
220d76d3-4fab-4ddc-94aa-59a30adff904,38.69642898,-9.217995457,Portugal,Lisbon,MUR,LWAL,CDN,2,RES,BP1,RSH2,RMT1,,
a8bdb8b2-d347-4c4c-83f4-1b76a422302d,38.70910167,-9.175388231,Portugal,Lisbon,MUR,LWAL,CDL,4,RES,BP1,RSH2,RMT1,,
fca22bfc-c714-4a0b-9e0f-e4d3f4e1fc71,38.69854801,-9.188663315,Portugal,Lisbon,MUR,LWAL,CDN,1,COM,BP1,RSH2,RMT1,,
0590cf7a-3c8a-4299-801c-b8b6c80ada6c,38.71113061,-9.222868171,,,,,,,,,,,,
1f29154d-ddb9-4872-90e5-3dcef7e843c5,38.7104489,-9.2029387,,,,,,,,,,,,
472ce45a-777e-459a-b796-1b5d9eb42986,38.71475468,-9.17977264,Portugal,Lisbon,MUR,LWAL,CDL,1,RES,BP1,RSH2,RMT1,,
9ffbe1ab-2c2e-4fb1-98b7-8835ae626788,38.69992292,-9.179747755,,,,,,,,,,,,
410ccac2-33e1-4062-bd82-ece630f3a723,38.70352832,-9.21517556,,,,,,,,,,,,
a9b0173f-2f3e-4532-b5c8-d017696d224d,38.70043605,-9.190257083,Portugal,Lisbon,MUR,LWAL,CDL,2,RES,BP1,RSH2,RMT1,,
c37f502d-b1dc-4684-9e10-3f79c4fcd1e3,38.69805274,-9.193707526,Portugal,Lisbon,MUR,LWAL,CDN,1,COM,BP1,RSH2,RMT1,,
564870b3-4bb4-477d-a317-8d2755311eb8,38.71208167,-9.204812414,Portugal,Lisbon,CR,LFM,CDH,1,COM,BP2,RSH2,RMT1,,
5b4e27c1-81b3-4da6-8a34-09bdf7f0e177,38.70383147,-9.175114259,Portugal,Lisbon,CR,LFM,CDN,5,MIX(RES;COM),BP2,RSH1,RMN,,
5962ddb2-b3ce-426a-ba8c-a2ed7bc00e7e,38.70008295,-9.205270439,Portugal,Lisbon,MUR,LWAL,CDN,1,RES,BP2,RSH2,RMT1,,
17ddc766-5d68-4d8c-8d7e-a1603206b040,38.70734565,-9.21089315,,,,,,,,,,,,
08014d3a-3a65-4205-861f-1007283a3ddc,38.70917985,-9.174282145,,,,,,,,,,,,
820c3bde-1d7c-4d65-9a9a-ec5ad1b4463a,38.71081497,-9.202509081,Portugal,Lisbon,MCF,LWAL,CDH,2,RES,BP1,RSH3,RMT1,,
1b12e259-9684-499c-8d35-3d5ee626f508,38.6940626,-9.22289166,,,,,,,,,,,,
fb73b4d0-f02f-4fe9-add4-b797e502f7e4,38.70128253,-9.199626481,,,,,,,,,,,,
a7b5250b-0d3c-44d6-a5ed-8195a574e634,38.6963384,-9.221327019,Portugal,Lisbon,MUR,LWAL,CDN,1,RES,BP1,RSH1,RMN,,
50bd75e2-8711-41fe-8a84-29fb0b5806f4,38.70077982,-9.204285839,,,,,,,,,,,,
3748df97-e139-4734-a501-5471ffc51bc6,38.69877265,-9.219165989,Portugal,Lisbon,MUR,LWAL,CDL,3,RES,BP1,RSH2,RMT1,,
f53bbe61-cbcf-4b83-9b44-68a7c72a07aa,38.71147257,-9.2044183,,,,,,,,,,,,
874662a8-f127-4e62-a53e-e0f16590c2d8,38.70852745,-9.174557996,Portugal,Lisbon,MUR,LWAL,CDL,2,RES,BP2,RSH2,RMT1,,
798e1ace-fc57-43d7-93b7-748e37211d2a,38.70959873,-9.194532402,,,,,,,,,,,,
a9f4d2f8-13f9-4015-ac54-8d38e395a25d,38.69789587,-9.193258326,Portugal,Lisbon,MUR,LWAL,CDL,2,RES,BP1,RSH1,RMN,,
efd9eb10-a776-48a6-9ecc-d1e40097f764,38.70676932,-9.186683982,,,,,,,,,,,,
76f51fda-874e-4bcf-87ff-275bc7e1f2b1,38.70903353,-9.19455876,Portugal,Lisbon,MUR,LWAL,CDL,2,RES,BP1,RSH2,RMT1,,
d10a3226-9af2-4182-bcb3-8e06e41f8edd,38.71294221,-9.201690139,,,,,,,,,,,,
da08cc0e-266e-428b-8ac8-fe5929fe03c1,38.70542758,-9.182915276,Portugal,Lisbon,MUR,LWAL,CDL,2,RES,BP1,RSH2,RMT1,,
501ea7fb-2212-41db-80ee-901b232fcc6f,38.70337441,-9.222203289,,,,,,,,,,,,
aab5ef19-18f1-4485-a68a-fe5a4fa46eb9,38.7011266,-9.184189919,Portugal,Lisbon,MUR,LWAL,CDL,4,RES,BP2,RSH1,RMN,,
640ed4f1-d643-4bac-9019-6a718685c651,38.69926316,-9.200248036,,,,,,,,,,,,
1fc55ebf-c8b7-4629-8021-dece2c5f3ca9,38.69811193,-9.199898835,Portugal,Lisbon,CR,LFM,CDM,1,COM,BPD,RSH2,RMT1,,
c489f765-0685-488a-9f0d-b2d4fa83ee00,38.70525915,-9.19405985,Portugal,Lisbon,CR,LFM,CDL,06/jul,RES,BP1,RSH1,RMN,,
ecc7af23-1121-4dc3-b59f-494b03d33477,38.71370993,-9.205949389,Portugal,Lisbon,MUR,LWAL,CDL,2,RES,BP1,RSH2,RMT1,,
41b47716-847c-4663-b2d0-c815096e8ee9,38.69892436,-9.207210196,,,,,,,,,,,,
13395a7b-e5fb-4e36-8944-f7168d47391b,38.71067743,-9.200002287,Portugal,Lisbon,MUR,LWAL,CDL,2,RES,BPD,RSH2,RMT1,,
aadb9832-b70d-41b8-9aba-5cd12e358b20,38.69931472,-9.207395617,,,,,,,,,,,,
6999f16e-dbf2-43a3-8aac-aa2c99c2a8d8,38.70779045,-9.1888294,,,,,,,,,,,,
7317f84a-048d-4a75-93ae-b8726db1a32f,38.71717581,-9.210856514,Portugal,Lisbon,MUR,LWAL,CDL,3,RES,BP1,RSH2,RMT1,,
7546cc0d-b906-4b35-b8f9-e7e9e8a5a633,38.70317244,-9.203554826,Portugal,Lisbon,CR,LFM,CDN,4,MIX(RES;COM),BP3,RSH1,RMN,,
54302f5a-e02b-43ed-8068-0b5c47e35f73,38.70676066,-9.212954741,Portugal,Lisbon,CR,LFM,CDH,4,RES,BP1,RSH1,RMN,,
8c2100ce-867f-4ef0-ab6d-1fe6de799e88,38.70196955,-9.22634245,,,,,,,,,,,,
3e22cd02-a841-4ef6-a83d-425d3de0beaa,38.69940135,-9.213717434,,,,,,,,,,,,
0cb433f9-0c5c-419c-8f7f-3763afc7c40c,38.710377,-9.214201419,,,,,,,,,,,,
986d2bd1-d4c6-4c07-b4cf-7fe2864c2133,38.70094737,-9.184331367,Portugal,Lisbon,HYB(MCF;MUR),LFM,CDL,4,RES,BP2,RSH1,RMN,,
9d770273-48e5-484f-8176-64c7a02ade5b,38.7007531,-9.205943119,Portugal,Lisbon,CR,LFM,CDN,5,RES,BP2,RSH1,RMN,,
941aab3f-18b8-4631-bcca-586741236c83,38.70275293,-9.201185731,,,,,,,,,,,,
8eb19ac0-1e9e-4f85-81b4-200fa1eb97a2,38.7049724,-9.17663868,Portugal,Lisbon,S,LFM,CDM,2,RES,BP1,RSH2,RMT1,,
68a8f659-9c8b-47ed-b633-c58427864c58,38.70457852,-9.195172826,Portugal,Lisbon,MUR,LWAL,CDL,1,COM,BP1,RSH1,RMN,,
5379a01d-e785-4f50-9410-06be22248ac7,38.71201382,-9.200922521,Portugal,Lisbon,MUR,LWAL,CDL,2,RES,BPD,RSH2,RMT1,,
53e52978-436c-41b0-bdb7-9b9928e24d6f,38.7128707,-9.19425785,,,,,,,,,,,,
e571ea10-0b99-4424-8b3a-10acf0c1e004,38.7115224,-9.201554586,,,,,,,,,,,,
7b0c60a5-ab2a-409e-9f77-6d72abb254d1,38.70861819,-9.19413979,Portugal,Lisbon,MCF,LWAL,CDL,2,RES,BP2,RSH3,RMT1,,
3538be43-514c-4c91-808a-88ad578311ce,38.69731997,-9.217859282,,,,,,,,,,,,
f7230992-ce5a-417f-8331-26c31950635c,38.71242019,-9.216088878,,,,,,,,,,,,
d393f0ff-1907-4e1e-8a65-851ec01ac1bd,38.70433499,-9.193690773,Portugal,Lisbon,S,LFM,CDL,1,RES,BP1,RSH2,RMT1,,
6aeb01de-fa46-476a-8352-dc40df468cca,38.70459602,-9.194763104,,,,,,,,,,,,
5727ab2d-4c74-40d3-b942-cb1bc7f70058,38.70296315,-9.185471749,Portugal,Lisbon,MUR,LWAL,CDN,1,RES,BPD,RSH2,RMT1,,
c498f690-f67b-4e54-8d80-5d069e419930,38.71255661,-9.212489024,,,,,,,,,,,,
3cce7b27-671d-49fc-82e2-64164015a112,38.69970225,-9.2236436,,,,,,,,,,,,
fa59cfce-de3d-4faf-872a-f87d79c3d290,38.70079049,-9.204989701,Portugal,Lisbon,CR,LDUAL,CDH,1,RES,BPD,RSH2,RMT1,,
13614fe2-29cd-4e55-b9ee-c11bc7a3f69d,38.70160046,-9.19956079,,,,,,,,,,,,
8f2b978e-baf8-415b-9c4b-0fb37c4f6f8d,38.70425091,-9.200588067,Portugal,Lisbon,MCF,LWAL,CDL,1,RES,BP1,RSH3,RMT1,,
4d29df8d-1aac-4c70-bf25-2a91736513af,38.70264885,-9.18711015,,,,,,,,,,,,
6c559713-904d-424b-a2ce-cd89b8c8cfaf,38.71306745,-9.20757051,,,,,,,,,,,,
7c99720f-0754-473c-bfe7-12c445f2dd5a,38.70488776,-9.214378426,,,,,,,,,,,,
f94d1d0a-a658-4b5e-a87a-c45741f7a84e,38.69791751,-9.216400359,,,,,,,,,,,,
050c7514-2ec3-465f-a317-7da09de9cf3c,38.69833727,-9.219835613,Portugal,Lisbon,MUR,LWAL,CDL,2,RES,BP2,RSH5,RMT1,,
546bcbe1-30d0-4588-ae97-62a5f14aee6c,38.70319535,-9.193644946,Portugal,Lisbon,MCF,LWAL,CDL,1,RES,BP2,RSH1,RMN,,
edd01e44-5c8a-48ec-bbc1-9175eb4bc594,38.71326916,-9.214930666,,,,,,,,,,,,
e4e3d0e5-2b4b-4a93-b661-e4083905dfc1,38.70447688,-9.192164331,Portugal,Lisbon,MCF,LWAL,CDN,2,RES,BP1,RSH1,RMN,,
e7a9b979-edf7-4a60-990b-9f273c981ffd,38.7013977,-9.221447883,,,,,,,,,,,,
f340123d-4b95-4f9a-8a88-c81253bf4790,38.70363374,-9.196906867,Portugal,Lisbon,MUR,LWAL,CDL,5,RES,BP1,RSH2,RMT1,,
a6562fd9-0b91-43dd-b6a3-933abebef953,38.70404432,-9.193317907,Portugal,Lisbon,MCF,LWAL,CDL,1,MIX(RES;COM),BP2,RSH1,RMN,,
b8143b2e-2266-463b-ac60-ce3cebacf2ec,38.7035736,-9.178401631,Portugal,Lisbon,MUR,LWAL,CDL,2,COM,BP2,RSH1,RMN,,
ff01244e-f934-4896-a116-ec4f4c1b8d3a,38.7033007,-9.19557237,Portugal,Lisbon,MUR,LWAL,CDL,4,RES,BP2,RSH1,RMN,,
78162391-ffb1-4424-b417-f2badd2865d5,38.70189665,-9.20453715,Portugal,Lisbon,CR,LFM,CDN,08/set,MIX(RES;COM),BP2,RSH1,RMN,,
a4cc388c-a171-4efc-abe2-a32578cc6a20,38.70398854,-9.190028076,Portugal,Lisbon,MUR,LWAL,CDL,4,MIX(RES;COM),BP1,RSH2,RMT1,,
e9f5c935-6a66-4968-b0ec-62579313c4ec,38.70393135,-9.183984607,Portugal,Lisbon,MUR,LWAL,CDL,4,RES,BP1,RSH1,RMN,,
70b54d26-8ece-4bf4-8698-4ea54e488ca4,38.71422048,-9.18157906,Portugal,Lisbon,CR,LFM,CDL,1,COM,BPD,RSH2,RMT1,,
a5088892-d6f1-4a4c-9d00-69b3397c9a0f,38.70074696,-9.200174168,Portugal,Lisbon,MUR,LWAL,CDN,4,RES,BPD,RSH1,RMN,,
62351470-2839-4669-a29d-d9bfefdf2b8b,38.70672594,-9.190851455,Portugal,Lisbon,MUR,LWAL,CDN,4,RES,BP3,RSH2,RMT1,,
1095dbeb-fa9d-4a58-b9f8-1e5e0d42d354,38.71663521,-9.217725425,Portugal,Lisbon,MUR,LWAL,CDL,2,RES,BP1,RSH2,RMT1,,
bfa8a7a7-af79-468b-9a51-45d4a671c6ae,38.70027467,-9.176585869,,,,,,,,,,,,
e2a5ae6b-bd14-4e97-8aea-8616f7b8e0ed,38.70034174,-9.193694854,,,,,,,,,,,,
9285f683-1611-4732-9a9b-629aa0d8b459,38.70041776,-9.224268192,,,,,,,,,,,,
6bbb8024-1512-447e-88b5-e88a662213a0,38.70273373,-9.183579003,Portugal,Lisbon,MUR,LWAL,CDL,4,RES,BP2,RSH2,RMT1,,
2a69a635-e123-4a77-b3be-434600ea4049,38.69497348,-9.218997689,Portugal,Lisbon,MUR,LWAL,CDL,3,RES,BP1,RSH1,RMN,,
b999da65-62ca-4372-99a6-33e7610c0d1a,38.70448499,-9.177924814,Portugal,Lisbon,MUR,LWAL,CDL,2,COM,BP2,RSH1,RMN,,
d239fa9f-dde3-409c-8119-7c1f00ea2c9d,38.70213708,-9.181711576,Portugal,Lisbon,MUR,LWAL,CDL,2,RES,BP2,RSH1,RMN,,
fcbc6c34-3b16-47ea-832e-6a2abe14fd3e,38.70030472,-9.209489263,Portugal,Lisbon,MUR,LWAL,CDL,1,RES,BP1,RSH1,RMN,,
921f8807-7309-4707-8e03-4f451bd66557,38.7142264,-9.194335283,,,,,,,,,,,,
97fae4be-148b-4743-9fdc-916fbbd60bac,38.71249737,-9.203409653,Portugal,Lisbon,MUR,LWAL,CDN,1,RES,BP2,RSH1,RMN,,
3701edb2-2c6c-416b-bd5c-452137d119a5,38.71457785,-9.1798254,Portugal,Lisbon,MCF,LWAL,CDH,2,RES,BP2,RSH1,RMN,,
2f88447c-3c0a-447d-89d0-b83ce0ea8067,38.70048923,-9.190707525,Portugal,Lisbon,MUR,LWAL,CDL,4,RES,BP1,RSH1,RMN,,
7540d834-bfa6-4fdf-8d71-2dfc62da2ed6,38.70124197,-9.206603012,,,,,,,,,,,,
87e277b7-1792-4d49-9e6d-90eeee476357,38.69985218,-9.221379933,,,,,,,,,,,,
c636083c-7ff4-4752-986a-1174a2b9c83b,38.70361858,-9.194912351,Portugal,Lisbon,MUR,LWAL,CDL,1,RES,BP2,RSH2,RMT1,,
0deb0865-db3d-4c76-9ed0-7381ff5505b0,38.70276443,-9.200553375,Portugal,Lisbon,CR,LFM,CDH,5,RES,BP1,RSH2,RMT1,,
e667f97d-e5c5-4060-937b-24dfce3e88d1,38.70598973,-9.203358516,Portugal,Lisbon,CR,LFM,CDL,2,RES,BP1,RSH1,RMN,,
8250bd2d-508b-4f0b-ae98-5e16a4bd18be,38.72094354,-9.196804129,,,,,,,,,,,,
40c725a2-61a0-47cd-a971-106b4ac43e42,38.71406708,-9.179976221,Portugal,Lisbon,MUR,LWAL,CDL,2,RES,BP1,RSH1,RMN,,
400e3c83-de7c-48b4-abb9-70e92d227de5,38.69596588,-9.219615059,Portugal,Lisbon,MUR,LWAL,CDL,4,RES,BP1,RSH1,RMN,,
d734cd62-5afe-40a4-a010-c36945a44400,38.70294668,-9.196406365,Portugal,Lisbon,MUR,LWAL,CDL,4,RES,BP1,RSH1,RMN,,
37fcdf7f-9fa5-4650-83ea-b96b985ecde0,38.70748298,-9.210855865,Portugal,Lisbon,MUR,LWAL,CDN,2,RES,BP1,RSH2,RMT1,,
1d91d891-dc6e-434d-af18-44057bb09848,38.69700951,-9.202584588,,,,,,,,,,,,
2efe58f7-d71c-424b-996f-2bfebda465f7,38.70393653,-9.214190397,,,,,,,,,,,,
25d35671-f253-44ba-b632-e5f2d0a4a689,38.6981705,-9.219521073,,,,,,,,,,,,
8f0b59c0-970b-4cbd-b325-218afb410dfe,38.71135438,-9.216484493,,,,,,,,,,,,
008a1489-7a90-4de9-aa33-0fc3fb064539,38.70863702,-9.184956061,,,,,,,,,,,,
0c60c549-5d3c-4b03-b490-643e698f932c,38.70020082,-9.218824279,,,,,,,,,,,,
038c49e6-253e-4d6d-b9ab-9a8fdf4fd8dc,38.69533136,-9.209167341,Portugal,Lisbon,S,LFM,CDL,1,IND,BPD,RSH2,RMT1,,
baa9a267-5062-47fa-bac2-5a3f138ad6fc,38.70339142,-9.200081668,,,,,,,,,,,,
42210a29-d017-4730-90e5-413282c4263a,38.70515183,-9.177106791,Portugal,Lisbon,CR,LFINF,CDN,3,COM,BP1,RSH1,RMN,,
f21108d2-a04e-456f-ac9d-842f4007c089,38.70065055,-9.1973684,,,,,,,,,,,,
7670149f-1082-481c-b8db-6549a04c4067,38.70703604,-9.195337243,Portugal,Lisbon,MUR,LWAL,CDL,2,RES,BP1,RSH2,RMT1,,
9fd6fd08-b3df-41be-b583-e10232c84d54,38.69795763,-9.200620636,,,,,,,,,,,,
356d90ff-214c-4dbf-a026-87bdbd5ff2bf,38.70621302,-9.183912608,,,,,,,,,,,,
0470c244-ceae-4d40-abe4-d25f2ee58d30,38.69862038,-9.219988253,Portugal,Lisbon,MUR,LWAL,CDL,2,RES,BP2,RSH2,RMT1,,
49dda560-8bc1-45a4-8c01-74f96d4f0a5f,38.70499972,-9.21008191,,,,,,,,,,,,
34e73fb2-1ad3-444c-9aa1-58582d4baad3,38.70700865,-9.2137414,,,,,,,,,,,,
d627215f-fddb-4631-9542-430ecaca8646,38.70482726,-9.20193042,Portugal,Lisbon,MUR,LWAL,CDL,4,RES,BP1,RSH1,RMN,,
b42c4496-5991-413b-814c-d8d2f27ed1f1,38.69755285,-9.20360529,Portugal,Lisbon,MUR,LWAL,CDL,2,RES,BP1,RSH2,RMT1,,
a93af688-8fcd-4c0e-9d14-cf0f428361b7,38.71091347,-9.187352104,,,,,,,,,,,,
18080243-2dc1-4637-bb8e-289ff6276693,38.70473279,-9.197381438,Portugal,Lisbon,CR,LFM,CDL,4,MIX(RES;COM),BP3,RSH1,RMN,,
0a960d93-c6c9-44fc-a442-f68376979908,38.70302163,-9.176024066,Portugal,Lisbon,MUR,LWAL,CDN,1,IND,BP2,RSH2,RMT1,,
20f2e4fa-2177-4dd2-8192-9676a8b85574,38.70152877,-9.191467278,,,,,,,,,,,,
7e0a06d7-3839-40a2-8491-db1c676b5dc9,38.70071031,-9.196987424,Portugal,Lisbon,MUR,LWAL,CDL,4,RES,BP1,RSH1,RMN,,
564e02cc-a7cc-4a33-9f28-54f6b3bf10ca,38.70626996,-9.178997902,Portugal,Lisbon,CR,LFINF,CDL,2,COM,BP2,RSH2,RMT1,,
7a3d1b73-50c7-4823-ab5b-025394d96cc3,38.7163745,-9.21321525,Portugal,Lisbon,MUR,LWAL,CDL,2,RES,BP1,RSH2,RMT1,,
a161a372-ed8e-4ea6-9abb-c5e5559582f9,38.70520665,-9.18817495,Portugal,Lisbon,CR,LFM,CDL,4,RES,BP2,RSH1,RMN,,
53bd4058-06e0-483a-8764-126518dca5af,38.70621065,-9.176488535,Portugal,Lisbon,MUR,LWAL,CDL,4,RES,BP2,RSH1,RMN,,
b80bfdb9-2a56-4730-9b0c-1ecad08ff18a,38.70372869,-9.191624429,Portugal,Lisbon,CR,LFM,CDL,4,MIX(RES;COM),BP2,RSH1,RMN,,
bf4c35ba-f802-458c-b4bb-474a1bbbb1d3,38.70174882,-9.202883084,Portugal,Lisbon,MUR,LWAL,CDL,1,RES,BPD,RSH2,RMT1,,
898af17f-59d1-467b-9a68-938c3949a8a3,38.70065494,-9.184137317,Portugal,Lisbon,CR,LFM,CDL,5,COM,BP2,RSH1,RMN,,
29b90bd7-3c4a-4104-ab34-0222c7716eda,38.70492575,-9.1953696,Portugal,Lisbon,MUR,LWAL,CDL,4,RES,BP2,RSH1,RMN,,
8b36730b-f3d1-44ce-aae1-e0798ab423ca,38.70117525,-9.20529845,Portugal,Lisbon,MCF,LWAL,CDL,1,RES,BP1,RSH2,RMT1,,
55870cff-a2a1-405e-8975-891266c73924,38.69998861,-9.210673369,,,,,,,,,,,,
5e8e0b36-5842-4409-8103-a775e56dfd7e,38.69524178,-9.21309873,Portugal,Lisbon,CR,LFINF,CDL,4,MIX(RES;COM),BP2,RSH3,RMT1,,
4744aed7-4060-4366-a6b4-0fd81dbdaf08,38.70758342,-9.174877418,Portugal,Lisbon,MCF,LWAL,CDL,2,COM,BP2,RSH1,RMN,,
b144da22-4dc6-4cb9-9dd4-10ce3475eec4,38.70491118,-9.19165197,,,,,,,,,,,,
6b0e543a-c4be-4a5a-b016-abb47627bf2a,38.69702068,-9.202788616,,,,,,,,,,,,
6d3f2484-21bb-4a2d-beea-74bc6cd7b0c8,38.71154807,-9.207573629,,,,,,,,,,,,
d10829bd-8f1f-44d3-b2e9-5d6ab3b9477e,38.7105536,-9.210229142,Portugal,Lisbon,CR,LFM,CDN,2,MIX(RES;COM),BP1,RSH1,RMN,,
f57741c7-4398-4fb3-b125-d42fd7888ffc,38.70077072,-9.175842517,,,,,,,,,,,,
b2cb2881-e75c-49d5-8581-a5044f3b4428,38.69762063,-9.195801669,Portugal,Lisbon,MUR,LWAL,CDN,3,RES,BP1,RSH1,RMN,,
4a00f9fd-4118-42d5-aede-b8b13ae75313,38.70256024,-9.205950733,Portugal,Lisbon,CR,LFM,CDH,5,RES,BP1,RSH1,RMN,,
05617c02-a7b1-4fe3-8825-fa88a461a8e2,38.69956695,-9.222920699,Portugal,Lisbon,MUR,LWAL,CDN,2,RES,BP1,RSH2,RMT1,,
bb1e0235-3a8a-4c0e-8567-2121fe0273d4,38.7001103,-9.190298477,,,,,,,,,,,,
159a5824-4caa-44d5-b085-f00ec8b8ec16,38.70410886,-9.17737186,Portugal,Lisbon,MCF,LWAL,CDL,2,COM,BP1,RSH2,RMT1,,
49c5a671-da1f-4cae-902d-09241694746f,38.70187786,-9.212555204,,,,,,,,,,,,
d5307a7e-cb22-47e8-a98d-2a485e26fb0c,38.69846962,-9.220212605,Portugal,Lisbon,MUR,LWAL,CDL,2,RES,BP1,RSH2,RMT1,,
9242c82a-71af-40fd-a761-4db27934ae4b,38.69981253,-9.21764664,,,,,,,,,,,,
c5ea7901-9d62-49b6-b85f-2382a2a6c1a9,38.69515199,-9.214301099,Portugal,Lisbon,CR,LFM,CDN,5,COM,BP1,RSH1,RMN,,
a045257d-f55d-44ff-a3ab-a9536a0b4786,38.70985813,-9.192023684,Portugal,Lisbon,CR,LFM,CDH,2,RES,BP1,RSH1,RMN,,
dfd63ea4-9413-40f8-b121-375756b19d3f,38.69832574,-9.217225652,Portugal,Lisbon,MUR,LWAL,CDL,2,RES,BP2,RSH1,RMN,,
1281095d-8e0e-4367-b156-058020d9e0d0,38.71764439,-9.212024956,Portugal,Lisbon,MUR,LWAL,CDL,2,RES,BP1,RSH2,RMT1,,
2bf734b6-16b9-4d98-840e-66ce5147866e,38.697821,-9.197053651,Portugal,Lisbon,MUR,LWAL,CDL,4,COM,BP2,RSH2,RMT1,,
37f99145-de14-4b71-822e-35b9f90798e5,38.70355598,-9.192459176,Portugal,Lisbon,MCF,LWAL,CDL,2,RES,BP1,RSH1,RMN,,
309db9eb-22b5-4ee4-a635-ed56a3419de6,38.6996596,-9.19192235,Portugal,Lisbon,MCF,LWAL,CDN,5,RES,BP2,RSH1,RMN,,
7284c70f-7c54-4e6a-8e3d-a814c4531e8e,38.70754033,-9.206079698,Portugal,Lisbon,CR,LFINF,CDL,06/jul,MIX(RES;COM),BP1,RSH1,RMN,,
4f4a579e-d401-4b00-a6f7-7be32323fc0a,38.69380271,-9.206794669,,,,,,,,,,,,
0c1b1efc-9bdf-4a51-8b9d-f32c39a32996,38.69806376,-9.192467587,Portugal,Lisbon,MUR,LWAL,CDL,1,RES,BP1,RSH2,RMT1,,
b19f665f-40b2-44dc-8c0a-4737bafdda90,38.71269023,-9.209527492,Portugal,Lisbon,MUR,LWAL,CDL,2,RES,BP1,RSH1,RMN,,
564f1e1d-dce6-4045-9c6a-8f79ae5fde8b,38.70291653,-9.204575695,,,,,,,,,,,,
eb28d4d3-ef0e-4875-85a6-2a651769a46e,38.69883368,-9.218605672,Portugal,Lisbon,MCF,LWAL,CDM,3,RES,BP1,RSH5,RMT1,,
f4f07eed-64db-4618-9dcc-9dfc94641fe2,38.70180973,-9.198046521,Portugal,Lisbon,MUR,LWAL,CDN,2,RES,BP1,RSH1,RMN,,
453f677e-3943-4470-8a91-f6b204de5784,38.71142513,-9.205977608,Portugal,Lisbon,MUR,LWAL,CDL,2,RES,BP1,RSH2,RMT1,,
0f097d94-5755-42af-86a6-2c28918db58d,38.69764757,-9.193714981,Portugal,Lisbon,MUR,LWAL,CDN,4,RES,BP2,RSH1,RMN,,
902131e4-477d-4b80-b4f7-477276484312,38.6972078,-9.216444146,Portugal,Lisbon,MUR,LWAL,CDL,2,RES,BP1,RSH2,RMT1,,
799ecc81-730a-498a-ad82-f2c24c182112,38.70298392,-9.20070315,Portugal,Lisbon,CR,LFM,CDH,2,COM,BP1,RSH2,RMT1,,
e7915e27-28ff-4943-baca-353104a16b84,38.69759114,-9.201355737,Portugal,Lisbon,CR,LFM,CDN,4,RES,BP1,RSH2,RMT1,,
7f6c3812-b7cc-44b1-9ea9-ba09e23aad39,38.70358761,-9.202808881,Portugal,Lisbon,CR,LFM,CDL,4,RES,BP2,RSH1,RMN,,
e9ce1f9a-57f1-43b3-a88a-2b2b3cbca347,38.69674523,-9.219477937,Portugal,Lisbon,MUR,LWAL,CDL,2,RES,BPD,RSH2,RMT1,,
b9a691b4-3524-4262-a8e7-fbb62b07071b,38.70338699,-9.176111042,Portugal,Lisbon,MCF,LWAL,CDL,2,COM,BP2,RSH1,RMN,,
e02fe6c9-2c49-41b9-adb4-392ec068e51b,38.69879175,-9.204694105,Portugal,Lisbon,MUR,LWAL,CDL,2,RES,BPD,RSH2,RMT1,,
8000ce29-e80d-4e8e-b60e-2475de51d8b6,38.70714728,-9.206429001,,,,,,,,,,,,
5a2fc7a7-8eb1-4e3b-80bb-180f6262f335,38.70416803,-9.197848905,Portugal,Lisbon,MUR,LWAL,CDL,2,RES,BP2,RSH1,RMN,,
ae03e4a9-b9b3-4a0c-9f19-06007c967e8e,38.70475597,-9.191757024,Portugal,Lisbon,MUR,LWAL,CDN,2,RES,BP2,RSH2,RMT1,,
1d5bb197-7b38-4908-8a11-3acd30605840,38.70566901,-9.202750842,Portugal,Lisbon,CR,LDUAL,CDH,08/set,RES,BP1,RSH1,RMN,,
551c13c9-18ec-455a-b11a-e213fc4ff72c,38.695466,-9.21841585,Portugal,Lisbon,CR,LFM,CDM,5,RES,BP1,RSH1,RMN,,
379a90c8-e628-4be8-a322-2207f81518a8,38.69896745,-9.2182031,Portugal,Lisbon,MCF,LWAL,CDM,2,RES,BPD,RSH2,RMT1,,
d9454d6f-685f-46e1-bcc5-a4b26abd3739,38.69883188,-9.201588258,Portugal,Lisbon,CR,LFM,CDN,1,COM,BPD,RSH1,RMN,,
9fc2fade-8376-4536-a686-6dca2e651f1e,38.69999705,-9.179576704,,,,,,,,,,,,
723d002b-3c98-4c0b-95bc-6609970f5e48,38.70007242,-9.21013813,,,,,,,,,,,,
11aa1e65-bcf9-4265-a8d0-b84998bc8618,38.70549827,-9.186286945,,,,,,,,,,,,
2eb560b8-2e21-4f74-94e3-269c6d797151,38.71333905,-9.207302578,Portugal,Lisbon,MUR,LWAL,CDN,1,RES,BP2,RSH1,RMN,,
db2a2e2d-b1b6-4891-9c8f-4816c6f3459d,38.718026,-9.21251785,Portugal,Lisbon,MUR,LWAL,CDL,4,RES,BP1,RSH2,RMT1,,
afd7939d-f039-486a-b24f-8d4ecafbefe7,38.7024403,-9.195726,Portugal,Lisbon,MUR,LWAL,CDL,4,RES,BP1,RSH1,RMN,,
5c7dc10b-06e9-4c4d-84c6-c88bed977c9f,38.7149873,-9.180652668,Portugal,Lisbon,MCF,LWAL,CDL,2,RES,BP1,RSH1,RMN,,
6606fe04-a385-451a-8035-b030b3cbe999,38.71140978,-9.206509404,Portugal,Lisbon,MUR,LWAL,CDL,2,RES,BP1,RSH1,RMN,,
9bf35bbe-95d9-470e-9bae-c022d9de2eec,38.69764328,-9.194831207,Portugal,Lisbon,S,LFM,CDL,1,IND,BP1,RSH2,RMT1,,
c07c1547-e3f6-4155-a625-d9ceb329da34,38.69711712,-9.202077024,Portugal,Lisbon,MUR,LWAL,CDN,3,COM,BP2,RSH1,RMN,,
970d5e88-e179-4917-bbad-70a5778d0570,38.70768583,-9.175703767,Portugal,Lisbon,MUR,LWAL,CDN,1,RES,BP1,RSH2,RMT1,,
919464f2-cf41-429c-8b9e-c53cfb059ee8,38.70138997,-9.222164973,,,,,,,,,,,,
235f2fae-05be-4f23-8bbc-0d11c6a2cd3c,38.69831715,-9.2140195,,,,,,,,,,,,
2362c076-fd8a-4405-8578-efd5fda6966d,38.6976414,-9.194649766,,,,,,,,,,,,
44c882a1-4391-4017-9668-92b96dbb404e,38.70737297,-9.181228501,,,,,,,,,,,,
2316d99b-f251-46a4-9296-8e98a6392d78,38.70328526,-9.178783322,Portugal,Lisbon,MUR,LWAL,CDL,2,COM,BP2,RSH2,RMT1,,
b120eeef-09a0-48f3-8b00-36442e85b1a2,38.69855582,-9.197864898,Portugal,Lisbon,MUR,LWAL,CDL,1,RES,BPD,RSH2,RMT1,,
6e835b3e-8b00-4ffb-99bd-b147753d4b6f,38.70653844,-9.205161869,Portugal,Lisbon,CR,LFM,CDL,4,RES,BP1,RSH1,RMN,,
04c05868-f2c8-434b-9cf4-d16ebffbac9c,38.69950648,-9.207477034,,,,,,,,,,,,
81bfc488-7530-4c07-a4b7-7adbef43cc9a,38.70412612,-9.20944622,Portugal,Lisbon,MUR,LWAL,CDL,2,RES,BP1,RSH2,RMT1,,
2ad879ad-6648-436c-869b-a1791ddaeded,38.70641343,-9.216785335,,,,,,,,,,,,
db6774b3-0c83-4bc1-ae2f-7e01de771805,38.70019788,-9.187727248,,,,,,,,,,,,
b74b22cd-61c2-44f8-b3ce-20c755c033b8,38.70431284,-9.176795587,Portugal,Lisbon,MCF,LWAL,CDN,1,COM,BP1,RSH2,RMT1,,
d2d89f86-dec0-47d3-a507-9ff3a3f50123,38.6959355,-9.21123685,,,,,,,,,,,,
704d8806-4119-4e23-b358-75085cebdf44,38.69582577,-9.213491723,Portugal,Lisbon,CR,LFM,CDL,3,RES,BP1,RSH1,RMN,,
b7207423-95e2-49da-8caa-ac99a1aadf66,38.69660108,-9.216011656,Portugal,Lisbon,W,LFM,CDL,2,RES,BPD,RSH2,RMT1,,
096fb483-95f1-4338-8a99-a55e15c1bbb3,38.71184769,-9.201830727,Portugal,Lisbon,MUR,LWAL,CDN,1,RES,BP2,RSH2,RMT1,,
5ac590fc-b093-4b5e-be3d-c9c4d56a4921,38.70560358,-9.181882569,Portugal,Lisbon,CR,LFINF,CDL,4,RES,BP3,RSH2,RMT1,,
97698b42-d48c-48df-b912-d72ba26e937b,38.6982506,-9.18723105,,,,,,,,,,,,
65671867-f47f-4ec8-9d83-92e5c01ba702,38.69971662,-9.204743677,Portugal,Lisbon,MUR,LWAL,CDL,3,RES,BP1,RSH1,RMN,,
2700a8fb-688b-453a-a293-c1284574f103,38.70166413,-9.209330035,,,,,,,,,,,,
367fd059-72f6-4109-b25a-cc7aaab289cb,38.70615975,-9.188684,Portugal,Lisbon,CR,LFINF,CDL,06/jul,RES,BP1,RSH1,RMN,,
5201f93b-abc4-4c9a-9f5d-92b24c56a7f2,38.6977824,-9.22412215,,,,,,,,,,,,
94627ff1-2fbd-491c-a663-d5cb55219db4,38.69758733,-9.19687653,Portugal,Lisbon,MUR,LWAL,CDN,2,MIX(RES;COM),BP1,RSH1,RMN,,
fc173405-0a93-4ab1-becf-c67088987410,38.70452264,-9.200638712,Portugal,Lisbon,MUR,LWAL,CDL,2,RES,BP1,RSH2,RMT1,,
77f5ca37-12dd-4317-8fe9-4789a7f078a4,38.69324165,-9.2135756,,,,,,,,,,,,
2abbcf52-2f12-4730-8e57-245e296a9abb,38.71591492,-9.217722174,Portugal,Lisbon,MUR,LWAL,CDL,1,RES,BP2,RSH2,RMT1,,
f78b8871-f46a-4abd-a18a-9f07abb9a80a,38.70243811,-9.203250057,Portugal,Lisbon,MCF,LWAL,CDL,2,RES,BP1,RSH2,RMT1,,
7cb78777-bc97-4205-be31-5b35b8baa4ad,38.69896125,-9.220269405,,,,,,,,,,,,
70610e03-003c-4a07-9683-fe12a283898b,38.71785115,-9.183128375,,,,,,,,,,,,
4e43855d-6245-41ba-921d-7898683761ac,38.69867803,-9.204299748,Portugal,Lisbon,MCF,LWAL,CDM,2,RES,BPD,RSH2,RMT1,,
2de80cc8-922d-4ccf-ab33-26bc6c87ac7f,38.70025056,-9.182365907,Portugal,Lisbon,INF,LN,CDN,1,COM,BP2,RSH5,RMT6,,
5f0e75a4-82f5-4cb9-8212-7ac38ba19275,38.69653612,-9.216415627,Portugal,Lisbon,MUR,LWAL,CDL,2,RES,BP1,RSH3,RMT1,,
293c108d-9862-40ee-81fe-807885656783,38.71610818,-9.213083405,Portugal,Lisbon,MUR,LWAL,CDL,2,RES,BP1,RSH1,RMN,,
e2974b4b-10aa-4ead-82d0-bfa31a7816ce,38.69810229,-9.198588279,Portugal,Lisbon,MUR,LWAL,CDN,2,RES,BP2,RSH2,RMT1,,
98126426-bfe7-4bd5-98c7-ec544b2fb8a5,38.70155579,-9.204806387,Portugal,Lisbon,MUR,LWAL,CDL,3,RES,BP1,RSH1,RMN,,
15c83f11-0780-4748-861b-4ca5b9ccf154,38.70924985,-9.19597972,Portugal,Lisbon,CR,LFM,CDM,5,MIX(RES;COM),BP2,RSH1,RMN,,
388d4f25-1c26-4d64-9603-e6a4616e5d8f,38.70148207,-9.204093426,Portugal,Lisbon,S,LFM,CDN,1,RES,BP2,RSH5,RMT6,,
67c05cf4-fbb2-4515-8022-668990de9d08,38.7082697,-9.195685731,,,,,,,,,,,,
4c6b658b-2743-4418-9224-3e5d4c09cc9d,38.71059824,-9.199150537,Portugal,Lisbon,MCF,LWAL,CDH,2,RES,BP2,RSH2,RMT1,,
1bb51dc7-3653-42ce-b68c-a8a910b9a2bc,38.69532088,-9.219158799,Portugal,Lisbon,MUR,LWAL,CDL,2,RES,BP1,RSH1,RMN,,
d7f9c37e-023e-4b86-bf2e-b66fa47a4af2,38.69730478,-9.194075154,Portugal,Lisbon,MUR,LWAL,CDL,4,RES,BP1,RSH2,RMT1,,
d8b03c2c-01aa-41ab-b8b3-0016e5d5eac3,38.70260295,-9.1815564,,,,,,,,,,,,
b9c49a15-86de-4c78-b6b8-593e1a1b43c8,38.7037305,-9.2014848,Portugal,Lisbon,MUR,LWAL,CDL,4,RES,BP2,RSH1,RMN,,
8ef1ad04-0f0b-4760-8723-62b8d93ef290,38.70311472,-9.19573607,Portugal,Lisbon,MUR,LWAL,CDL,3,RES,BP1,RSH1,RMN,,
05d0477a-e79a-48e7-a66f-bd4122462118,38.70546025,-9.185497428,Portugal,Lisbon,MUR,LWAL,CDN,4,RES,BP1,RSH1,RMN,,
2d3c8e13-96b5-40f8-b59c-1fb003c3f8a3,38.69757174,-9.196382326,Portugal,Lisbon,CR,LFINF,CDN,3,COM,BP2,RSH1,RMN,,
19b1ba45-2c10-48c4-8dc1-c45d326e555b,38.70533786,-9.195369584,Portugal,Lisbon,CR,LFM,CDN,5,MIX(RES;COM),BP3,RSH1,RMN,,
6e29f4b0-beec-4857-9e0c-909b62ba6da4,38.70472474,-9.197491694,Portugal,Lisbon,CR,LFINF,CDN,4,MIX(RES;COM),BP2,RSH1,RMN,,
51fef978-943f-4f12-b338-85762d7b4dda,38.70161252,-9.221576526,,,,,,,,,,,,
6a42fe39-51f1-4d0e-9761-2a6316673e97,38.71745382,-9.213132733,Portugal,Lisbon,MUR,LWAL,CDL,4,RES,BP1,RSH2,RMT1,,
8bae7f2f-c3e9-4ff9-8209-d6de90543863,38.7020248,-9.204867792,Portugal,Lisbon,MUR,LWAL,CDL,1,RES,BP2,RSH2,RMT1,,
436fbb72-f744-4701-bcf1-258e3f9bc3bf,38.70441992,-9.176853593,Portugal,Lisbon,CR,LFINF,CDL,3,COM,BP2,RSH1,RMN,,
c2ce2a19-7da3-498f-b5a6-593a65f48a98,38.6930557,-9.220919418,Portugal,Lisbon,CR,LFM,CDH,1,IND,BPD,RSH7,RMT6,,
ded6782d-2b51-45e2-8070-e055d31ac129,38.7025147,-9.1857079,Portugal,Lisbon,MUR,LWAL,CDL,1,RES,BP1,RSH2,RMT1,,
078529bb-3374-422e-96fe-1cdfc0c3e0b4,38.70524238,-9.193565679,Portugal,Lisbon,CR,LFINF,CDN,4,MIX(RES;COM),BP1,RSH1,RMN,,
e54c0398-2ed8-4258-aae6-e3f6a3509b97,38.7039752,-9.17769005,Portugal,Lisbon,MUR,LWAL,CDN,2,RES,BP1,RSH2,RMT1,,
73845a4f-e1d3-4c00-8242-adfdcd08513b,38.71156715,-9.2046161,Portugal,Lisbon,MUR,LWAL,CDL,2,COM,BP2,RSH2,RMT1,,
f4d4da87-1c75-425a-938e-16d0d766c17c,38.69732085,-9.218361273,Portugal,Lisbon,MUR,LWAL,CDL,2,RES,BP1,RSH1,RMN,,
6de97b6a-0059-4d13-9197-ff86d202b029,38.71746804,-9.212546825,,,,,,,,,,,,
c0c3c158-bec4-4b47-8dff-3134bd58ed20,38.69811411,-9.219601522,Portugal,Lisbon,MUR,LWAL,CDL,2,RES,BP2,RSH1,RMN,,
330eb1f9-3b6f-4e80-a3f0-497e12c93e04,38.70762843,-9.208501126,Portugal,Lisbon,CR,LFINF,CDN,5,RES,BP1,RSH1,RMN,,
c64ac4de-31ae-4a24-bf30-7427d086a6ea,38.70176378,-9.193409592,Portugal,Lisbon,CR,LDUAL,CDN,5,MIX(RES;COM),BP1,RSH2,RMT1,,
801ec372-b1b5-4ec8-b384-af733294e9ae,38.70338305,-9.1759638,Portugal,Lisbon,MCF,LWAL,CDN,2,COM,BP1,RSH1,RMN,,
69a1cf7e-7304-41dd-a09d-342459956394,38.70575132,-9.183280058,,,,,,,,,,,,
8e776ad3-cc36-43a6-b4e5-f460280e1b08,38.70513295,-9.19402805,Portugal,Lisbon,CR,LFM,CDL,4,MIX(RES;COM),BP1,RSH1,RMN,,
ced46f1b-bc85-49ac-a7f0-24e44e1a56ee,38.70789046,-9.204888604,,,,,,,,,,,,
69a7f46d-3854-4406-b917-f4fae3f56bda,38.70471242,-9.190484464,Portugal,Lisbon,CR,LFM,CDN,5,MIX(RES;COM),BP3,RSH1,RMN,,
79cc75ae-f891-473c-a7ed-ba1d1d1b0561,38.7075849,-9.174288592,Portugal,Lisbon,MUR,LWAL,CDL,4,MIX(RES;COM),BP2,RSH1,RMN,,
8017d546-55d9-4eb7-9d2f-30df6b5c6673,38.71103682,-9.199939396,Portugal,Lisbon,MUR,LWAL,CDL,2,RES,BP1,RSH2,RMT1,,
ca6a58ec-626c-4cfa-b614-fb4b2aefbd26,38.7090183,-9.17554305,Portugal,Lisbon,MUR,LWAL,CDN,1,RES,BP1,RSH2,RMT1,,
21834508-4d41-4a0e-8d4f-d3df87eaa2bc,38.70020604,-9.191721633,Portugal,Lisbon,CR,LFM,CDM,3,MIX(RES;COM),BP3,RSH1,RMN,,
25b63851-033d-437f-8bb0-84c4c34adbb2,38.69940817,-9.219169036,,,,,,,,,,,,
820fec67-772b-49f8-8644-3ae5e42815be,38.6990801,-9.218711413,Portugal,Lisbon,MUR,LWAL,CDL,2,RES,BP2,RSH1,RMN,,
4db1ae45-ab98-48e7-b506-7e51abe3b5d4,38.70074157,-9.203203041,Portugal,Lisbon,MUR,LWAL,CDN,3,RES,BP1,RSH1,RMN,,
f31910f5-9b5d-4999-8cf7-c44e0b5f34d7,38.7029526,-9.187045364,,,,,,,,,,,,
aaad3adc-35fd-4879-a933-e488e7b8791d,38.6949976,-9.218651071,Portugal,Lisbon,CR,LFM,CDL,1,COM,BP1,RSH2,RMT1,,
42d8a4fc-3112-4613-b35a-9d552660e434,38.70023803,-9.225816158,Portugal,Lisbon,MUR,LWAL,CDN,3,RES,BP1,RSH1,RMN,,
520a3278-a72f-4c03-84dd-f119e063ce33,38.7085193,-9.208378549,Portugal,Lisbon,CR,LFM,CDM,06/jul,RES,BP2,RSH1,RMN,,
9aced597-f23f-4cfb-85d5-3c17c5e07227,38.7050574,-9.181902728,Portugal,Lisbon,MUR,LWAL,CDL,5,RES,BP2,RSH1,RMN,,
a8b176a9-10f8-4773-9f1b-bbb9750c49e7,38.71008959,-9.174871122,Portugal,Lisbon,MUR,LWAL,CDL,4,RES,BP1,RSH1,RMN,,
386e14c9-f8b0-48fd-a238-fd8241b872a6,38.70916871,-9.196348225,Portugal,Lisbon,MUR,LWAL,CDN,2,COM,BP2,RSH2,RMT1,,
9d4c37fe-d4d8-4cec-ad54-00de2eb0e246,38.70796575,-9.207188507,Portugal,Lisbon,MUR,LWAL,CDN,1,COM,BP1,RSH1,RMN,,
ab5ef7b4-098e-4697-9a62-50c4835fc13b,38.6989463,-9.200103098,,,,,,,,,,,,
244b01e0-8bc1-4da1-b611-1b7ec3d90239,38.69477427,-9.217563986,Portugal,Lisbon,MUR,LWAL,CDN,1,COM,BP1,RSH2,RMT1,,
e4017c3f-6f3c-4538-a3ec-3f6c1cedfb7c,38.70306677,-9.182771029,Portugal,Lisbon,MUR,LWAL,CDL,5,RES,BP1,RSH1,RMN,,
1d680b46-95d7-4d3f-b829-3b6fa7f388f7,38.6982914,-9.210928228,,,,,,,,,,,,
8b39f528-1433-4070-9067-7e6e3e004808,38.7166656,-9.216612493,Portugal,Lisbon,MUR,LWAL,CDL,2,RES,BP2,RSH1,RMN,,
90fb5d1b-0d21-460b-a101-740b70272b21,38.70017233,-9.19034741,Portugal,Lisbon,MUR,LWAL,CDN,2,RES,BP1,RSH1,RMN,,
3f05c44b-68b6-491c-ae13-fcf3d19446ae,38.70644712,-9.174378922,Portugal,Lisbon,HYB(MCF;MUR),LFINF,CDL,5,RES,BP1,RSH1,RMN,,
c336ee4d-4ebc-4487-a076-0f52f6a56322,38.69767982,-9.218444558,Portugal,Lisbon,MUR,LWAL,CDL,3,RES,BPD,RSH3,RMT1,,
21c948db-03c6-4d24-ad2f-b3c9d5deb177,38.69666563,-9.219019537,,,,,,,,,,,,
a9d83199-e4f0-46cf-b859-5a6eb0802b6f,38.7122889,-9.20638749,Portugal,Lisbon,MUR,LWAL,CDL,1,RES,BPD,RSH1,RMN,,
bce40785-8306-4517-b85b-64164835bde5,38.69801246,-9.219200814,,,,,,,,,,,,
19040eee-ae46-425a-947c-c84866f7e1c7,38.70246252,-9.180105498,Portugal,Lisbon,CR,LFINF,CDL,4,RES,BP2,RSH7,RMT6,,
be559a45-c826-4f89-8032-32957f2770c5,38.71043895,-9.196652763,Portugal,Lisbon,CR,LFM,CDH,5,RES,BP1,RSH2,RMT1,,
0ed39331-a435-4150-a79b-5e7e8bb756a3,38.7123855,-9.19117185,,,,,,,,,,,,
89b4efee-a66c-405a-bb31-0c3fc24576df,38.7127188,-9.19103515,,,,,,,,,,,,
c076b12d-9d38-4c74-a955-c1d2e2d8e16d,38.69958329,-9.210512317,,,,,,,,,,,,
7772e5d0-e041-4163-b2b6-2f1bc022be12,38.70783368,-9.199574873,,,,,,,,,,,,
81f17cd7-6528-4de7-bd0d-39bfc2bb4558,38.70341783,-9.181692849,Portugal,Lisbon,MUR,LWAL,CDL,4,RES,BP2,RSH1,RMN,,
c2ac4126-c227-4128-8373-a6503ce7f089,38.69655018,-9.217465275,Portugal,Lisbon,MUR,LWAL,CDL,1,RES,BP2,RSH3,RMT1,,
7b76c683-0540-43c6-8e68-4dacd46dda9f,38.70378354,-9.179496783,,,,,,,,,,,,
9832695c-bd0a-4073-bc7c-3e266a6260de,38.70532419,-9.191866614,,,,,,,,,,,,
233091b0-b897-4acd-bc03-88e57e91a6c1,38.70012865,-9.20470195,Portugal,Lisbon,MUR,LWAL,CDL,2,RES,BP1,RSH2,RMT1,,
7f0c058f-b654-4d02-af2f-6f8043a7ae21,38.71051446,-9.198260003,,,,,,,,,,,,
fcf607f0-2e30-4b5b-b9fa-246042c4221b,38.69199485,-9.21699085,,,,,,,,,,,,
98d45139-b62f-436a-b8c6-f81b004784f2,38.71592194,-9.214058321,Portugal,Lisbon,MUR,LWAL,CDL,2,RES,BP2,RSH1,RMN,,
1210d3d6-c9d1-4869-9fb3-564da0b792a3,38.70304599,-9.214560023,,,,,,,,,,,,
740ed825-a701-47fd-a6a2-4c93f973a1fe,38.71050098,-9.202452719,,,,,,,,,,,,
4bc27ee5-91a7-434c-8932-734e400e8d68,38.71320184,-9.197480673,,,,,,,,,,,,
72483dbb-9765-4f2c-a669-d3906f39494b,38.69976212,-9.17856954,Portugal,Lisbon,CR,LFM,CDM,1,COM,BP2,RSH2,RMT1,,
99585b45-67f8-42da-8a48-d709f38395b8,38.70652035,-9.211116229,,,,,,,,,,,,
35ccf865-6b87-48a2-87ee-83968c45c1aa,38.70512679,-9.198496985,Portugal,Lisbon,MUR,LWAL,CDL,1,IND,BP1,RSH2,RMT1,,
a1cadf98-d624-496a-b356-a5ea9f010ca0,38.71330655,-9.18471795,Portugal,Lisbon,MUR,LWAL,CDN,2,RES,BPD,RSH2,RMT1,,
32e68c5b-4289-4115-9e34-e913e3cddbc9,38.71049257,-9.199592526,Portugal,Lisbon,MCF,LWAL,CDL,2,RES,BP2,RSH2,RMT1,,
e54ec575-5694-41dd-8b03-0aa12c7cb4bc,38.7067072,-9.209083503,Portugal,Lisbon,CR,LFM,CDL,1,RES,BP1,RSH1,RMN,,
c3c2edc2-6fe8-472e-ab7b-98d12dd13a1b,38.69939289,-9.213428839,,,,,,,,,,,,
9c42aab9-dbf1-486a-8f4c-e5611e79d919,38.69968941,-9.220886293,,,,,,,,,,,,
1b1d8599-29a9-4b59-a6f9-6a0671e911ec,38.7076544,-9.212300031,Portugal,Lisbon,MCF,LWAL,CDM,2,RES,BP1,RSH1,RMN,,
75e2b06e-b7bd-405e-8b53-128675eb67ad,38.71054454,-9.200838068,,,,,,,,,,,,
d8bd8a0f-b9f8-4111-8d9f-1953720e5330,38.69724656,-9.217200205,,,,,,,,,,,,
5ebe07fe-5e7f-4bbd-89f6-649fdb61afe6,38.71148128,-9.198840544,Portugal,Lisbon,CR,LFM,CDL,5,RES,BP1,RSH1,RMN,,
fd930014-5a2c-4236-8b3f-80b8d0343505,38.70394292,-9.181835053,,,,,,,,,,,,
620cd0e7-b680-4c07-8a44-57bc9bba376c,38.71312109,-9.190981125,,,,,,,,,,,,
3cc73f23-22fc-4616-8113-d42310e22a5c,38.70616306,-9.182433536,Portugal,Lisbon,MUR,LWAL,CDN,1,RES,BPD,RSH2,RMT1,,
f7367a72-5a12-4e68-9645-1332be72e6df,38.69591229,-9.220351918,Portugal,Lisbon,MUR,LWAL,CDN,1,RES,BPD,RSH2,RMT1,,
7de79fdb-c4d0-4ad0-a8a0-e0f4b13fd630,38.70450205,-9.20002875,Portugal,Lisbon,MUR,LWAL,CDL,2,RES,BP1,RSH2,RMT1,,
c40b84cb-b577-4f03-8580-9a7cacf82761,38.69815289,-9.215270335,Portugal,Lisbon,MUR,LWAL,CDN,1,RES,BP2,RSH1,RMN,,
52f76e1e-cc3a-40ba-a626-c7ebf0141d01,38.699004,-9.217915244,,,,,,,,,,,,
12a9e6a4-5308-4677-b6b2-0a3b48e23666,38.69958486,-9.218002664,Portugal,Lisbon,MUR,LWAL,CDL,3,RES,BP1,RSH2,RMT1,,
523404e1-35ea-4767-ae44-28c17df912e8,38.71072691,-9.193195353,Portugal,Lisbon,MUR,LWAL,CDN,3,RES,BP2,RSH2,RMT1,,
2787291b-e7de-4427-a743-e3687ce9fedd,38.70557021,-9.176831035,Portugal,Lisbon,MUR,LWAL,CDN,2,RES,BP2,RSH1,RMN,,
c13f9881-036b-4410-9309-e7a2fa83ee85,38.70560966,-9.187843123,Portugal,Lisbon,CR,LFINF,CDN,4,MIX(RES;COM),BP3,RSH1,RMN,,
3ca5f9af-bb71-4caa-9f68-60645875f1a9,38.70031515,-9.20242695,,,,,,,,,,,,
2a93b275-dcba-47a6-a4e0-20ba4c17c1a4,38.71196843,-9.208223184,,,,,,,,,,,,
0ff4e88f-3c9e-4711-ac64-c04d06db9eb2,38.70650286,-9.214185898,,,,,,,,,,,,
65a40731-ba5b-422e-9379-efdc24226e5f,38.70573605,-9.204328348,Portugal,Lisbon,MR,LWAL,CDN,4,MIX(RES;COM),BP3,RSH1,RMN,,
44eaa54e-907b-4efd-aaeb-52f328526960,38.69752159,-9.212776701,,,,,,,,,,,,
27c63c00-0570-4bf5-a697-f67b43fb559e,38.71305854,-9.211160226,,,,,,,,,,,,
1e662651-189f-45ee-9dd6-3e5a7a86b213,38.70943534,-9.174786847,Portugal,Lisbon,MUR,LWAL,CDL,2,RES,BP1,RSH2,RMT1,,
5be9ba57-56a4-4b47-a066-e71bbb312305,38.70072986,-9.192820727,Portugal,Lisbon,MCF,LWAL,CDL,5,RES,BP2,RSH1,RMN,,
39cda2d8-556d-41e7-bb51-89b574bb6ec5,38.70090178,-9.222509663,,,,,,,,,,,,
1e6f3bef-ff56-494b-8ca1-7e4d4b63dd2f,38.70507826,-9.194423478,Portugal,Lisbon,CR,LFM,CDM,4,COM,BP2,RSH1,RMN,,
dd0416ff-db46-4a76-99d5-e14c7bd2ec42,38.699719,-9.2154372,,,,,,,,,,,,
fa79cba9-67c4-4563-b378-c7df3fc44365,38.71271608,-9.187249893,,,,,,,,,,,,
7f1e2b7b-1ef1-4255-a4ea-53226a57d446,38.70343895,-9.195897975,Portugal,Lisbon,MCF,LWAL,CDL,2,COM,BP2,RSH1,RMN,,
5a8da048-b326-4605-b404-f18186ed0e37,38.71065662,-9.195052988,Portugal,Lisbon,MUR,LWAL,CDN,1,RES,BPD,RSH1,RMN,,
ab72950b-a296-44e3-a8e5-0dcb018c6abc,38.70759704,-9.217673725,,,,,,,,,,,,
f312e228-f58e-41b8-bb80-ecb7e89788ed,38.70727372,-9.180978443,,,,,,,,,,,,
a051c0d3-6e39-4742-85bd-175ddac2ec3d,38.71172461,-9.203702345,Portugal,Lisbon,MUR,LWAL,CDL,1,RES,BP2,RSH1,RMN,,
00dd4390-ddf7-4ace-a08b-b40ff79f2dca,38.69338273,-9.210654658,,,,,,,,,,,,
a6dda412-138f-4c4a-bead-28fc36017726,38.71045195,-9.20032755,Portugal,Lisbon,MUR,LWAL,CDL,2,RES,BP1,RSH1,RMN,,
140cef34-f5d1-48aa-886c-cfe7e074b660,38.70533003,-9.202522302,,,,,,,,,,,,
8be48e51-1c17-40c6-999f-fadf35483f02,38.70349425,-9.182828,Portugal,Lisbon,MUR,LWAL,CDL,4,RES,BP2,RSH1,RMN,,
b5c5f336-fc26-4821-88b4-3ac9d6d54ffb,38.69921605,-9.21303475,,,,,,,,,,,,
130a7f5f-bfc4-4f97-a14a-99ea65d47e4e,38.70940393,-9.175630237,Portugal,Lisbon,MUR,LWAL,CDL,1,IND,BP1,RSH2,RMT1,,
1f831db1-da75-4f68-b1ae-2bcf48d53e5b,38.70353005,-9.200428671,,,,,,,,,,,,
437d346a-9143-4082-9dc8-6f4db7b5c05a,38.70619886,-9.177494064,Portugal,Lisbon,MUR,LWAL,CDL,4,RES,BP1,RSH1,RMN,,
bc6dc98b-fbbe-4900-ad79-0971300f91ba,38.69997929,-9.184644902,Portugal,Lisbon,MUR,LWAL,CDN,4,RES,BP2,RSH1,RMN,,
975737c5-74a2-477a-992f-1d40fcc01817,38.69471913,-9.218922789,Portugal,Lisbon,MCF,LWAL,CDM,3,RES,BP2,RSH1,RMN,,
90021f8e-6c6c-44eb-9cb3-9e34e78b35e3,38.69622705,-9.2179465,,,,,,,,,,,,
a999506c-4b92-44cd-92d7-8f194e7632f4,38.70958547,-9.194212505,Portugal,Lisbon,MUR,LWAL,CDN,1,RES,BP1,RSH1,RMN,,
dea9286c-edc8-4065-a346-c45e9b1a228f,38.70284074,-9.212218425,Portugal,Lisbon,S,LFM,CDM,4,RES,BP2,RSH1,RMN,,
953f3fec-27a5-437d-bab2-52df9852e8a4,38.70658895,-9.211097571,,,,,,,,,,,,
292f9c39-8896-40b2-8534-5cbcf720cf25,38.70734812,-9.175195999,Portugal,Lisbon,S,LFM,CDL,2,RES,BP1,RSH2,RMT1,,
8111850f-60f4-4820-aecc-c4b75c5e0e09,38.7054369,-9.183191928,Portugal,Lisbon,MUR,LWAL,CDL,2,RES,BP2,RSH1,RMN,,
357ed0a3-1bb0-4d23-9e60-d21a6a0db98b,38.70341938,-9.175160492,,,,,,,,,,,,
3cc87784-6d67-4941-afd4-ff7faf809471,38.70799983,-9.214393411,Portugal,Lisbon,MUR,LWAL,CDN,1,RES,BP2,RSH2,RMT1,,
664cee14-e212-40a6-b993-f619443d6e80,38.70722976,-9.200593852,,,,,,,,,,,,
5f5d5739-ca97-4f99-84bc-d862f5373739,38.70030071,-9.208715624,,,,,,,,,,,,
365f1ef6-8897-4d84-9ef6-775637aec98a,38.70356814,-9.212492825,,,,,,,,,,,,
ca7256e6-871f-4a5e-84b2-d9049365c689,38.70207607,-9.212311884,,,,,,,,,,,,
20f3eb75-482a-408d-8e93-86ed6ce8a0ca,38.7006395,-9.218709312,Portugal,Lisbon,MUR,LWAL,CDL,2,RES,BP1,RSH2,RMT1,,
05cfb384-f994-44df-88b4-c47dbe187a43,38.70930053,-9.175531633,Portugal,Lisbon,MUR,LWAL,CDL,1,RES,BP2,RSH3,RMT1,,
2db4d322-f10c-48c0-8eaa-fed521bb8e17,38.70324135,-9.179821603,,,,,,,,,,,,
22be2bce-c7fe-4c58-b356-bbcdbf2ca7df,38.70225726,-9.18215222,Portugal,Lisbon,MCF,LWAL,CDL,4,RES,BP2,RSH2,RMT1,,
0788d62a-273f-40c6-9b07-716981874e8c,38.70986065,-9.198209352,Portugal,Lisbon,CR,LFM,CDM,5,RES,BP1,RSH1,RMN,,
c1da0354-96d4-48cc-aad6-b570c437745d,38.70053458,-9.204593285,Portugal,Lisbon,MUR,LWAL,CDL,2,RES,BP2,RSH2,RMT1,,
f8c8a0c8-31d8-44ad-8d51-f75ca01ef0e4,38.7040811,-9.19718585,Portugal,Lisbon,CR,LFM,CDL,4,RES,BP1,RSH2,RMT1,,
11e94577-0ce2-4687-a2a9-7a5f6d03acf4,38.70884567,-9.174845157,Portugal,Lisbon,MUR,LWAL,CDL,2,RES,BP1,RSH1,RMN,,
2ea7a1a6-a9ed-40a0-879a-6acdca2c548f,38.69992045,-9.192974586,Portugal,Lisbon,MCF,LWAL,CDH,1,COM,BP1,RSH1,RMN,,
e6b0e33c-7dcc-410f-b337-7740f84afb93,38.70548535,-9.20569395,,,,,,,,,,,,
cf650e2b-ca25-4044-9f5d-64d1385c00d4,38.69861164,-9.2134846,Portugal,Lisbon,MUR,LWAL,CDL,2,RES,BPD,RSH2,RMT1,,
cd61802f-c49f-4ea0-a725-a1f21fc37749,38.71379573,-9.205117143,Portugal,Lisbon,MUR,LWAL,CDL,2,RES,BP1,RSH2,RMT1,,
87128523-4b3f-4eb8-af96-5e477e4d0a5e,38.69532206,-9.220024744,,,,,,,,,,,,
75798ede-3b5e-4c8d-bc8f-05853f3908a4,38.7021194,-9.196244908,Portugal,Lisbon,CR,LFM,CDM,4,MIX(RES;COM),BP1,RSH1,RMN,,
216758b7-f0f7-429b-a6a4-882f7ff26d03,38.70143423,-9.192645901,Portugal,Lisbon,CR,LFM,CDN,2,COM,BP1,RSH1,RMN,,
2e887889-bbfd-49af-969b-a1fbfa9117a9,38.69976034,-9.192031355,Portugal,Lisbon,MUR,LWAL,CDL,4,RES,BP2,RSH1,RMN,,
cd7fa006-2ff0-4e84-ab34-9c8021169e05,38.7065856,-9.19211275,,,,,,,,,,,,
dcd1dcc6-cec1-42c0-895f-a28152ad190b,38.71152308,-9.201698299,,,,,,,,,,,,
4401b241-6f4e-491b-992f-7ded78acab18,38.69426419,-9.2171875,Portugal,Lisbon,MUR,LWAL,CDL,3,RES,BP2,RSH2,RMT1,,
f747d4ee-539d-4046-83f7-134c58f0e3b9,38.70876607,-9.206794448,,,,,,,,,,,,
b5d63d2d-2b11-47a1-9754-10c469f40718,38.69682463,-9.219950737,,,,,,,,,,,,
d9b45e6b-ba2f-4ebc-9f90-5092a8d29c11,38.70229788,-9.193148734,Portugal,Lisbon,MUR,LWAL,CDL,3,COM,BP1,RSH2,RMT1,,
ceac5a67-2e1f-455f-bbdb-a2e2f5d30105,38.7010886,-9.201718168,,,,,,,,,,,,
c911dd25-730a-47bc-8fef-0a079370d3b5,38.70227624,-9.187766487,,,,,,,,,,,,
cb7d2778-2fc6-4949-9bee-b17705359086,38.71310661,-9.205768308,Portugal,Lisbon,MUR,LWAL,CDL,3,RES,BP1,RSH1,RMN,,
10d26831-34f2-4ce0-b2d6-86bf206ee94b,38.70128788,-9.196482127,Portugal,Lisbon,MUR,LWAL,CDL,3,RES,BP1,RSH1,RMN,,
a9d4859c-1fb2-4fa1-83ed-5f12bb82d676,38.70037311,-9.17683642,,,,,,,,,,,,
f35f018d-d7a3-4658-9e09-eca2f0c179cb,38.70019062,-9.190170077,Portugal,Lisbon,MUR,LWAL,CDL,2,RES,BP2,RSH2,RMT1,,
a4bef663-9c19-4272-9ae6-0437b92f2f84,38.70651188,-9.176578635,Portugal,Lisbon,MCF,LWAL,CDL,4,RES,BP2,RSH1,RMN,,
70a33f70-b24e-4b10-b08a-a24d9c02e7c2,38.70269119,-9.187214926,,,,,,,,,,,,
6a2ff068-1f8e-4b4b-bdd5-af39f1dcb915,38.70731517,-9.190410675,Portugal,Lisbon,MUR,LWAL,CDN,1,RES,BPD,RSH2,RMT1,,
8c4e8bd3-e508-4592-9352-40382d6035ab,38.69463333,-9.21856297,Portugal,Lisbon,CR,LFM,CDL,4,RES,BP1,RSH1,RMN,,
ce64e932-e675-4f32-a92c-8160c77dcfb6,38.70116316,-9.206827738,,,,,,,,,,,,
1b427029-6035-4cc0-8c22-d6477e098a4e,38.70173241,-9.202236012,Portugal,Lisbon,CR,LFINF,CDL,4,MIX(RES;COM),BP1,RSH2,RMT1,,
083c22be-9f4c-456c-8cf1-725f88a94914,38.70335502,-9.200393302,Portugal,Lisbon,MUR,LWAL,CDL,2,RES,BP1,RSH1,RMN,,
a987bb53-4819-44b2-a0dc-a3ba929b278d,38.71334186,-9.20690086,,,,,,,,,,,,
c659c242-e38b-4e5a-b3f7-fd903473fa6e,38.70392525,-9.17778285,Portugal,Lisbon,MUR,LWAL,CDL,4,RES,BP1,RSH1,RMN,,
61c00484-994a-4c19-9564-de9eed6560af,38.71257284,-9.20605276,Portugal,Lisbon,MUR,LWAL,CDL,2,RES,BP1,RSH1,RMN,,
27867853-2bea-4762-9ee6-80a95c4f00b8,38.71336212,-9.18377058,Portugal,Lisbon,MUR,LWAL,CDL,2,RES,BPD,RSH2,RMT1,,
3a1a6627-d782-4362-8bbb-35454959280c,38.69790907,-9.20266688,Portugal,Lisbon,MCF,LWAL,CDL,2,RES,BP2,RSH2,RMT1,,
10b3ceb2-5b44-483b-95f9-d287a9211d03,38.7131101,-9.184537,Portugal,Lisbon,MUR,LWAL,CDN,1,RES,BPD,RSH2,RMT1,,
e9bf12ed-0b79-43b7-9c88-4dfec2c16a5a,38.70270072,-9.183914813,Portugal,Lisbon,CR,LFINF,CDH,5,RES,BP1,RSH1,RMN,,
67f11823-1b4f-48ea-82cf-38436aabaea4,38.70221344,-9.204595916,Portugal,Lisbon,CR,LFM,CDL,4,MIX(RES;COM),BP1,RSH1,RMN,,
159dfd7c-f4e4-49da-b114-bde8afd2a796,38.69745716,-9.202748522,Portugal,Lisbon,CR,LFM,CDN,3,COM,BP1,RSH1,RMN,,
218225f7-265b-40a4-9d77-c7f17477be7f,38.69788106,-9.195235744,Portugal,Lisbon,MUR,LWAL,CDL,2,RES,BP1,RSH2,RMT1,,
c29a4110-b9b9-46c9-8085-4afb28f0f086,38.70152179,-9.221746706,,,,,,,,,,,,
9055ee19-a344-4337-a828-d3a7bb801b03,38.70144353,-9.183419961,Portugal,Lisbon,MUR,LWAL,CDL,2,RES,BPD,RSH2,RMT1,,
dd0ecb37-bfe0-459f-bd91-459c3c96a059,38.70213207,-9.181008711,Portugal,Lisbon,CR,LFINF,CDM,4,RES,BP3,RSH1,RMN,,
b4cfed1c-c841-4c00-9a0c-c3883b604b1f,38.70133186,-9.189192909,,,,,,,,,,,,
f854da5e-0f18-4e2d-9589-507072c4e926,38.71184065,-9.20083425,Portugal,Lisbon,CR,LFM,CDN,1,RES,BP2,RSH2,RMT1,,
bc74fbbd-33d7-44f4-8a80-eb4a42f87a63,38.69699802,-9.215268862,Portugal,Lisbon,MUR,LWAL,CDL,2,RES,BP1,RSH1,RMN,,
867a6d64-32e4-496c-9dce-24561c64c7a3,38.70535098,-9.176851682,Portugal,Lisbon,MUR,LWAL,CDN,2,RES,BP2,RSH1,RMN,,
1decd7cf-4508-4238-a3d0-472cd89d0b29,38.69958217,-9.2086553,,,,,,,,,,,,
f2f97b68-842c-4c9e-8826-d0512ba5f5f7,38.71307549,-9.207717501,,,,,,,,,,,,
18320276-a807-46f0-b2e9-70cebbbc4412,38.71658174,-9.215694385,,,,,,,,,,,,
514aad2e-8fce-4280-bb7d-50c3a0f27beb,38.71225048,-9.205003141,,,,,,,,,,,,
7d2ade9d-f806-4d5d-a199-5c354bb31d71,38.69965714,-9.217462167,Portugal,Lisbon,MUR,LWAL,CDL,2,RES,BP2,RSH2,RMT1,,
0fa2964b-e418-467e-847e-98177c42e0d4,38.7043455,-9.192742424,Portugal,Lisbon,HYB(MCF;MUR),LWAL,CDL,1,RES,BP1,RSH2,RMT1,,
502a9a7e-ef97-4c78-b171-e792a0514cd8,38.69767054,-9.193497501,Portugal,Lisbon,MUR,LWAL,CDN,4,RES,BP1,RSH2,RMT1,,
69a73ab5-14f0-47c2-bc15-4655b91f1068,38.69737865,-9.215981748,Portugal,Lisbon,MUR,LWAL,CDL,3,RES,BP1,RSH2,RMT1,,
0ae9b3b7-c231-4b1c-95e2-8387c9618b8b,38.69768107,-9.195443731,Portugal,Lisbon,MUR,LWAL,CDN,4,RES,BP2,RSH2,RMT1,,
de060a17-147b-4b81-8de6-2c727b435c56,38.6956608,-9.219435653,Portugal,Lisbon,CR,LFM,CDL,5,MIX(RES;COM),BP2,RSH1,RMN,,
ea93b487-1b92-4a81-bd0f-5812fdcc2926,38.70975475,-9.175849806,Portugal,Lisbon,MUR,LWAL,CDL,2,RES,BP2,RSH2,RMT1,,
97e2e0cf-1fdf-472d-974c-4f1f990ba699,38.6984398,-9.220345401,Portugal,Lisbon,MUR,LWAL,CDL,2,RES,BP1,RSH2,RMT1,,
330541c5-1fbb-4d5f-a88a-f12b7ff8794d,38.69560945,-9.212094867,,,,,,,,,,,,
c42135fd-1a70-48d2-bf4a-5a22525bee3e,38.70501529,-9.180738032,Portugal,Lisbon,CR,LFM,CDH,5,RES,BP1,RSH1,RMN,,
f6c67f92-3bc8-4be3-ae1d-2febd77cf72f,38.70859044,-9.186047307,,,,,,,,,,,,
7af84bc8-bf8a-4d8b-8ec2-d325731f19a2,38.69976553,-9.21142709,,,,,,,,,,,,
b1d7c78d-6c74-4295-8b8f-94cd4d51bf6b,38.7093682,-9.1819165,,,,,,,,,,,,
73e5147c-01c6-4743-b202-ea6037a0b04f,38.702548,-9.19515019,Portugal,Lisbon,CR,LFINF,CDL,4,RES,BP2,RSH2,RMT1,,
cb473efb-1091-4de9-a9ca-f2f859abe674,38.70352837,-9.17548942,,,,,,,,,,,,
cb60614f-4819-46da-af9e-20b42b2d7611,38.69700047,-9.203212787,Portugal,Lisbon,MUR,LWAL,CDL,1,COM,BP2,RSH1,RMN,,
8f111035-1d30-4731-a7e6-73b4c2bc7bd2,38.69745595,-9.2138028,,,,,,,,,,,,
289f1cc7-5f07-4d5a-9353-839dcf297f7e,38.69933018,-9.208975432,Portugal,Lisbon,MUR,LWAL,CDL,2,RES,BPD,RSH5,RMT1,,
29863132-2a57-4457-92d1-29d0aa4934b0,38.70745961,-9.214819793,,,,,,,,,,,,
52409cc0-b731-4b36-bf76-03161fa70e04,38.69586707,-9.216737763,Portugal,Lisbon,MUR,LWAL,CDL,1,RES,BPD,RSH1,RMN,,
43efaddc-9951-4680-8994-9aef0357842c,38.69574654,-9.218966504,,,,,,,,,,,,
e999a8df-2452-4cf7-bd73-58ffadd19ea8,38.70267322,-9.211698282,,,,,,,,,,,,
d0a8e6a9-f0e9-4845-a606-65e7f7305093,38.70624591,-9.182202422,,,,,,,,,,,,
51885fb9-c31b-4260-938e-704f6f1b98e2,38.70328475,-9.21647746,,,,,,,,,,,,
793207a6-9e29-4969-9488-a5592f02c881,38.70074753,-9.22367296,,,,,,,,,,,,
199654f5-dcb0-46a1-9d9f-4021389dbb1c,38.70240583,-9.214407566,,,,,,,,,,,,
a35da614-53a4-497e-a280-31186bf529f0,38.70800432,-9.192573907,Portugal,Lisbon,MUR,LWAL,CDL,1,COM,BP1,RSH2,RMT1,,
7f0551d3-ae74-430f-90ee-c120ffe6393e,38.71082561,-9.191123054,Portugal,Lisbon,CR,LDUAL,CDH,2,RES,BPD,RSH1,RMN,,
a75788bc-f9be-4572-84f8-3035474afafc,38.69962891,-9.196163191,Portugal,Lisbon,MUR,LWAL,CDL,2,RES,BP1,RSH1,RMN,,
bb887296-4dc5-4979-8981-7df7e7a5ee67,38.7005418,-9.190220645,Portugal,Lisbon,CR,LFM,CDH,4,RES,BP2,RSH1,RMN,,
9cba4523-1bd7-4bc2-a018-63af0daa3e54,38.71340207,-9.206127232,Portugal,Lisbon,S,LFM,CDL,1,RES,BPD,RSH2,RMT1,,
cbf160cc-1139-4ade-8aa5-f92d7c1afdff,38.70211653,-9.205492664,,,,,,,,,,,,
993997bf-bff7-4ff7-a260-610c3b0fdb5a,38.71599113,-9.183601103,,,,,,,,,,,,
d6190768-5f29-4e16-98c9-d6a8dd12a0ef,38.7091438,-9.1788822,Portugal,Lisbon,CR,LDUAL,CDL,4,RES,BP1,RSH2,RMT1,,
b5875868-1fc2-41fc-90fc-c367bdf8bec0,38.70387064,-9.203633062,Portugal,Lisbon,MCF,LWAL,CDL,4,RES,BP2,RSH1,RMN,,
af5f5aa0-6d0f-46dc-b404-c01842a6fd26,38.70724918,-9.206593711,,,,,,,,,,,,
ca9a7b26-e5f1-412d-9c54-e5b4505334a0,38.69940057,-9.220695389,Portugal,Lisbon,MR,LWAL,CDM,2,RES,BP2,RSH1,RMN,,
4559eefe-3959-4297-8f05-ecace11b533d,38.7103836,-9.1865219,,,,,,,,,,,,
784f7879-aa9b-4b67-8a97-5bda43ac16b4,38.71160801,-9.203477926,Portugal,Lisbon,MUR,LWAL,CDL,1,IND,BP1,RSH2,RMT1,,
6c9da66e-2ed1-428f-99e3-1ba8a9a3c63d,38.69966925,-9.187294369,,,,,,,,,,,,
028c9d35-2833-4d1f-8be9-068431351d7a,38.70884774,-9.194908672,,,,,,,,,,,,
fae74e9a-e2e6-4e20-b8ed-3a19bd93a4a2,38.70945878,-9.175900186,Portugal,Lisbon,MUR,LWAL,CDN,1,RES,BP1,RSH1,RMN,,
906ab68d-f3b9-4e7e-bcce-8df43d41d9de,38.69682031,-9.212079845,Portugal,Lisbon,CR,LFM,CDN,5,RES,BP1,RSH1,RMN,,
71b254a8-a988-4c3c-9c13-a142e5941dff,38.71047635,-9.19214475,Portugal,Lisbon,CR,LFM,CDM,06/jul,RES,BP1,RSH1,RMN,,
b0e5ed8a-97a8-4da4-bda7-d9739d9a1af2,38.70770686,-9.175050468,Portugal,Lisbon,MUR,LWAL,CDL,4,RES,BP2,RSH2,RMT1,,
7fcccf25-74d6-4ab6-a8d1-0d929a9d79e7,38.70745937,-9.207815213,Portugal,Lisbon,CR,LDUAL,CDM,06/jul,RES,BPD,RSH1,RMN,,
1aa330f6-fbb8-4ef1-9929-3008979e6c4b,38.70864461,-9.174373997,Portugal,Lisbon,MUR,LWAL,CDL,3,MIX(RES;COM),BP2,RSH1,RMN,,
f22e969a-988a-4a5d-b575-8c4deb983b30,38.71612049,-9.216592154,Portugal,Lisbon,MUR,LWAL,CDL,3,RES,BP1,RSH1,RMN,,
9b610bdb-302c-48d5-a75c-cdbbcc47036c,38.6994063,-9.20429195,,,,,,,,,,,,
207b60d7-427d-424a-ab5a-775481576900,38.70715199,-9.189850661,Portugal,Lisbon,CR,LFM,CDH,2,COM,BPD,RSH1,RMN,,
4fa3e67d-a5f6-43c1-8c94-d410824d5685,38.71733433,-9.213126424,Portugal,Lisbon,MUR,LWAL,CDL,4,RES,BP1,RSH1,RMN,,
d449e40e-dd60-4ce1-9a0a-001c3d7e4687,38.69701352,-9.219728675,,,,,,,,,,,,
5888236f-6972-44c6-a553-bdc3893c382b,38.70976074,-9.211418814,,,,,,,,,,,,
f9839c92-87a6-43c8-926d-7bd59ecb6fc1,38.70309803,-9.181338571,Portugal,Lisbon,MUR,LWAL,CDL,4,COM,BP2,RSH1,RMN,,
d3c2cd2d-86e8-4f0b-b27e-f107e33e9580,38.70759405,-9.192346916,Portugal,Lisbon,MUR,LWAL,CDN,2,RES,BP1,RSH2,RMT1,,
cdf7c6ac-f6cb-4b5e-97ab-b067a03b58cf,38.70030026,-9.220096202,,,,,,,,,,,,
e7b8735d-4454-404a-86fa-6ca8ddd038d0,38.69911836,-9.187798422,,,,,,,,,,,,
8e68f7ba-7e77-4ffb-b606-d6097a1adeae,38.69968872,-9.220047892,,,,,,,,,,,,
b0ce6089-7f3b-4636-8c81-60b4f579c42d,38.70510817,-9.184293284,,,,,,,,,,,,
3c566b9c-9948-4438-8188-d30f9ecfda32,38.71185195,-9.209176716,,,,,,,,,,,,
59eb1167-9a35-48e8-9fd4-5246577d0f13,38.69763729,-9.202293026,Portugal,Lisbon,MCF,LWAL,CDL,1,RES,BP1,RSH2,RMT1,,
efec6770-b599-48eb-83af-b482acb6a44e,38.69879287,-9.192071818,Portugal,Lisbon,CR,LFM,CDL,4,RES,BP3,RSH1,RMN,,
b3ce913d-8167-435c-94c8-1e4fd9adc987,38.70114195,-9.181462387,Portugal,Lisbon,MUR,LWAL,CDL,2,RES,BP1,RSH3,RMT1,,
859e6c8a-3d5f-4dcc-8925-15076b33fbe3,38.7000715,-9.179756837,,,,,,,,,,,,
442927bf-806c-4c72-8abd-365e4f47e869,38.7061084,-9.20657405,Portugal,Lisbon,HYB(MCF;MUR),LWAL,CDH,08/set,MIX(RES;COM),BP2,RSH1,RMN,,
8bdc0a02-bb02-4669-abce-c99e3bb69738,38.69780883,-9.217313503,Portugal,Lisbon,MUR,LWAL,CDN,2,RES,BP2,RSH1,RMN,,
c7d945f2-1f83-4fbc-97e7-4240d263658f,38.69848695,-9.181373229,,,,,,,,,,,,
896c55cc-7953-4f8b-9cf7-7f7aba68755b,38.69716323,-9.202578434,Portugal,Lisbon,MUR,LWAL,CDN,4,RES,BP2,RSH1,RMN,,
1dceee5c-7c58-453b-ad99-58d118462ffb,38.70844358,-9.176018324,Portugal,Lisbon,MUR,LWAL,CDL,3,RES,BP2,RSH1,RMN,,
913b6346-a187-4b86-8969-eb489d3a7905,38.69546336,-9.198071476,,,,,,,,,,,,
3d7bdd51-ce04-45e0-8211-faf644a60342,38.71561933,-9.193048678,,,,,,,,,,,,
e747729d-ffde-4027-abe8-9931a63ae0a4,38.70087058,-9.182422754,Portugal,Lisbon,CR,LFM,CDL,3,COM,BP1,RSH3,RMT1,,
8713986f-e3e2-4b00-9bac-879fbd5b551d,38.70958872,-9.17582601,Portugal,Lisbon,MUR,LWAL,CDN,2,RES,BP1,RSH2,RMT1,,
fb7ae298-218d-4eeb-a168-7b641f7d53b1,38.70336179,-9.196902782,Portugal,Lisbon,MUR,LWAL,CDL,4,RES,BP1,RSH2,RMT1,,
d44e04ec-96dd-4c0f-8b7f-20b68dfbf012,38.71380288,-9.180876341,Portugal,Lisbon,MUR,LWAL,CDL,4,RES,BP1,RSH1,RMN,,
87c6e434-41e0-4b87-a3b9-4d9f73ff1e08,38.71734554,-9.211173375,Portugal,Lisbon,MUR,LWAL,CDL,4,RES,BP1,RSH1,RMN,,
d9767223-c091-49ea-bb67-61be7c27f1de,38.69896266,-9.220641864,Portugal,Lisbon,MUR,LWAL,CDL,1,RES,BP1,RSH2,RMT1,,
498b3eb1-03dc-4d0d-b7af-9546b77ff039,38.69737769,-9.218299326,Portugal,Lisbon,MUR,LWAL,CDL,1,RES,BPD,RSH2,RMT1,,
47aa8ea7-1b64-4a64-983c-e70e8cf2eda3,38.7015862,-9.178413063,,,,,,,,,,,,
79bb1773-3c5e-4ada-991c-edfae47ecefa,38.69581955,-9.195212705,,,,,,,,,,,,
4b7adc73-483a-40ee-a661-649ec85a1b98,38.69793889,-9.210622582,,,,,,,,,,,,
6b4fe253-261b-4eb0-9086-6ba2fd3ffdf1,38.70464173,-9.194273527,,,,,,,,,,,,
ebbaf639-7669-4372-8e92-8cd76916def6,38.69686675,-9.202964774,Portugal,Lisbon,HYB(MCF;MUR),LDUAL,CDN,1,RES,BPD,RSH3,RMT1,,
fcffa6c0-496a-4966-a023-68920c476883,38.6990978,-9.217278277,Portugal,Lisbon,W,LWAL,CDN,1,RES,BPD,RSH2,RMT1,,
2ff1b7d6-f6c5-4d5f-a9dc-acfeec38e93e,38.70492105,-9.216219831,,,,,,,,,,,,
b734c9a8-cb8d-4dbb-afda-a863fef9445b,38.71127883,-9.175216811,Portugal,Lisbon,CR,LFINF,CDL,5,RES,BP2,RSH1,RMN,,
1c1f0886-844e-45f1-a43f-fe832c4df15d,38.70279768,-9.180998493,Portugal,Lisbon,MUR,LWAL,CDN,4,MIX(RES;COM),BP3,RSH1,RMN,,
093e3aa3-101f-4979-a9bb-65b6fc5129f6,38.70611744,-9.213146018,,,,,,,,,,,,
575c65ba-9dc2-41bb-ac7c-d408f28fb881,38.69703191,-9.201828559,Portugal,Lisbon,INF,LN,CDN,1,RES,BP1,RSH5,RMT1,,
7f27b269-de42-4b8a-b11e-719da42527a5,38.69716518,-9.202857221,Portugal,Lisbon,MUR,LWAL,CDN,3,RES,BP1,RSH1,RMN,,
99cec44f-ce78-4a85-9071-c4201138b387,38.70109083,-9.204073358,Portugal,Lisbon,MCF,LWAL,CDH,3,RES,BP2,RSH1,RMN,,
d4d35b72-b930-46a0-91c8-2e343915d0f8,38.7003868,-9.202899433,,,,,,,,,,,,
e93a49b7-a430-4def-bc73-a68b46eea6b3,38.69732553,-9.193896813,Portugal,Lisbon,CR,LFM,CDL,4,RES,BP1,RSH1,RMN,,
fa4c86d6-4676-4d0a-afdf-843d810601d9,38.70860174,-9.176112121,Portugal,Lisbon,MCF,LWAL,CDL,1,RES,BP2,RSH2,RMT1,,
edb11f13-5ea3-486d-8d29-4e71b232c917,38.70381138,-9.202311847,Portugal,Lisbon,MUR,LWAL,CDL,2,RES,BP1,RSH2,RMT1,,
e8354067-a727-4660-b2a6-19d6de95fd64,38.699948,-9.217368917,,,,,,,,,,,,
011f3a8a-5fdc-45ee-b4eb-2f2b23548073,38.70744123,-9.174893499,,,,,,,,,,,,
6d70e280-21ae-4dc8-a628-59af4ca37d00,38.69951259,-9.199119423,,,,,,,,,,,,
905c89aa-2de0-4b47-be9a-8872798c475c,38.69766581,-9.195159593,Portugal,Lisbon,MUR,LWAL,CDN,2,RES,BP1,RSH1,RMN,,
e1af2f41-adeb-421e-86c8-b3a1407248a5,38.7022258,-9.182037509,Portugal,Lisbon,MCF,LWAL,CDL,2,RES,BP1,RSH1,RMN,,
5465766b-7205-42e5-8dc6-f379ee535d53,38.70372551,-9.191032583,Portugal,Lisbon,MCF,LWAL,CDL,2,RES,BP1,RSH2,RMT1,,
8c3bff04-34a5-4a8b-bdf6-de3a1204f629,38.69655266,-9.218261844,Portugal,Lisbon,MUR,LWAL,CDL,2,RES,BP2,RSH1,RMN,,
e5a01223-2ff1-4dcf-8034-0dcbb41283ad,38.70026464,-9.218874005,,,,,,,,,,,,
8a99d2a5-420b-45e7-a874-370d377e8bb1,38.71445135,-9.180255181,Portugal,Lisbon,MCF,LWAL,CDL,2,RES,BP2,RSH1,RMN,,
efff77e9-2a2d-473b-92a4-cf5f62a2e5d9,38.70819453,-9.177372899,Portugal,Lisbon,CR,LFM,CDH,5,RES,BP1,RSH2,RMT1,,
5502e396-ca29-48ca-a419-fca3e7988fac,38.69483293,-9.223271411,Portugal,Lisbon,CR,LFM,CDN,2,COM,BPD,RSH1,RMN,,
5f8d1d77-e43b-4d30-92e5-f696d4d1bb41,38.6953245,-9.214397603,Portugal,Lisbon,CR,LFM,CDM,5,COM,BP1,RSH1,RMN,,
05f3d46a-6d52-47db-b491-325dd03f119f,38.70246498,-9.202740425,Portugal,Lisbon,CR,LFM,CDL,2,COM,BP2,RSH1,RMN,,
9fb44e5f-06ee-47e3-b91b-2b69959739ac,38.70236457,-9.201898934,Portugal,Lisbon,CR,LFM,CDL,4,RES,BP1,RSH1,RMN,,
c419db9b-186c-4789-afb3-4712ab819242,38.71089077,-9.201099626,,,,,,,,,,,,
88291d1a-8b0b-4ead-b46c-5a6bd2095641,38.71319209,-9.20940918,Portugal,Lisbon,MUR,LWAL,CDL,1,RES,BP1,RSH2,RMT1,,
39e62663-9b8f-413a-828f-ee62e44229ce,38.6993851,-9.203651703,Portugal,Lisbon,MUR,LWAL,CDL,4,RES,BP1,RSH1,RMN,,
22df779f-cb80-4247-8c4f-c480212fb022,38.70344505,-9.212990907,,,,,,,,,,,,
170c279e-1001-4966-9d2b-2a2b5375bdbd,38.70664106,-9.213438585,Portugal,Lisbon,CR,LFM,CDH,2,RES,BPD,RSH1,RMN,,
d18b448d-87cc-4112-8c31-afd40f32b9b7,38.71540934,-9.216308332,Portugal,Lisbon,MUR,LWAL,CDL,2,RES,BP1,RSH1,RMN,,
f4c72f44-0d11-4b4d-9faf-8467d62263cc,38.7057684,-9.20750435,Portugal,Lisbon,CR,LFM,CDH,5,RES,BP1,RSH1,RMN,,
526f97aa-9cca-4d97-ace4-942b4fa5d364,38.69667985,-9.218451817,Portugal,Lisbon,MUR,LWAL,CDL,2,RES,BP1,RSH2,RMT1,,
8e080702-3cde-4de8-9522-aa7d1962be6b,38.71620813,-9.201336585,,,,,,,,,,,,
69c860f0-b4b9-4e1f-9f5d-91741f9312b7,38.7017612,-9.214292423,Portugal,Lisbon,MUR,LWAL,CDN,1,RES,BP2,RSH1,RMN,,
d08a5583-9db8-425e-b992-fc4b30426b69,38.70782515,-9.21076275,,,,,,,,,,,,
bdbe9cd9-9a4f-4c12-ad40-023625707909,38.70667314,-9.194438628,,,,,,,,,,,,
dd12d0b3-ccbc-4086-aec6-639cbf5df01f,38.7029017,-9.195668606,Portugal,Lisbon,CR,LFINF,CDL,4,RES,BP2,RSH1,RMN,,
844df370-782b-42fd-9987-99657434c0cf,38.69718112,-9.203008415,Portugal,Lisbon,MUR,LWAL,CDN,3,COM,BP2,RSH1,RMN,,
08389bea-9010-41a2-9b22-2bcb236d46bb,38.7040879,-9.216399149,,,,,,,,,,,,
b7fef8a3-f6e4-42fd-8344-1fcbdcfa0f6d,38.71261845,-9.205889915,Portugal,Lisbon,MUR,LWAL,CDN,2,RES,BP2,RSH1,RMN,,
74ecea63-703d-4a74-85ae-a5998da7a921,38.70592016,-9.184994173,Portugal,Lisbon,MUR,LWAL,CDN,4,RES,BP2,RSH1,RMN,,
7ad81897-e2b1-4521-8a03-a53d1b9bd432,38.71286762,-9.194784939,,,,,,,,,,,,
0795a93d-3382-4632-91c9-23d01c9d7893,38.71081623,-9.202113828,,,,,,,,,,,,
72ecc656-06b4-4229-909e-0b16e5b1e1e3,38.6976432,-9.217617227,Portugal,Lisbon,MUR,LWAL,CDL,2,RES,BP2,RSH2,RMT1,,
0602fd70-57e7-42ba-a137-57a3835c2f35,38.70928961,-9.194563204,Portugal,Lisbon,MUR,LWAL,CDL,1,RES,BP1,RSH2,RMT1,,
05eff0de-a41c-434f-b028-1b1856c4ea98,38.70578009,-9.175910265,,,,,,,,,,,,
406b4c70-3be1-41f2-a093-51faf8731add,38.70470273,-9.182804116,Portugal,Lisbon,MUR,LWAL,CDL,5,RES,BP1,RSH2,RMT1,,
91eef2a3-d5b1-4dbb-9a98-b3a3ba0ea295,38.69652558,-9.223640008,,,,,,,,,,,,
2d98e0ae-136e-480f-81d6-ba303052c1c9,38.70448084,-9.191625975,Portugal,Lisbon,MUR,LWAL,CDL,2,RES,BP2,RSH1,RMN,,
c8201335-cd5d-416b-affb-617d059b796c,38.6975916,-9.21656984,,,,,,,,,,,,
a005cd4e-3723-444b-840e-6e5b0cd21592,38.70162665,-9.1844964,Portugal,Lisbon,HYB(MCF;MUR),LWAL,CDL,2,RES,BP1,RSH1,RMN,,
984ff048-048b-4df0-89a1-8ed391df307e,38.70473262,-9.199495793,Portugal,Lisbon,MUR,LWAL,CDL,4,RES,BP1,RSH2,RMT1,,
aec63779-416e-47ab-9559-0491db0069b8,38.70237042,-9.181026784,Portugal,Lisbon,CR,LFM,CDL,4,MIX(RES;COM),BP2,RSH1,RMN,,
7d98cdb4-f402-4b27-b500-6acfe16a5294,38.71104975,-9.202534179,,,,,,,,,,,,
1feed438-2af8-476f-82fc-3a8f0def92a8,38.70334784,-9.178667808,Portugal,Lisbon,MUR,LWAL,CDL,2,RES,BPD,RSH2,RMT1,,
1c023617-2400-45e4-bad0-416950127f2d,38.70506971,-9.217667917,,,,,,,,,,,,
5d2e8791-2892-4b0d-ac93-842c631ea856,38.71725833,-9.211574961,,,,,,,,,,,,
00af6059-d224-400d-961d-eebee0e9f0bc,38.71293495,-9.18608955,,,,,,,,,,,,
171d74a4-6a90-43b4-a26b-38c568b2fa6a,38.70337633,-9.178044165,,,,,,,,,,,,
9c77bcd0-f736-41bc-b6a5-b93c019446f3,38.70391118,-9.203817767,Portugal,Lisbon,CR,LFM,CDL,5,RES,BP1,RSH2,RMT1,,
e557489d-9a04-4307-9fb7-4f3e8eae4236,38.70578869,-9.209800762,Portugal,Lisbon,CR,LFM,CDN,3,RES,BP2,RSH1,RMN,,
561876a2-75f9-48db-8d0d-0336cf1e40df,38.70920252,-9.199423991,,,,,,,,,,,,
248f7570-5d13-490a-8992-59a249906919,38.69714432,-9.215771319,Portugal,Lisbon,MUR,LWAL,CDL,2,RES,BP1,RSH2,RMT1,,
89178f2e-837e-4c26-82f3-306c090d684b,38.70706647,-9.195059438,Portugal,Lisbon,MUR,LWAL,CDL,2,RES,BP1,RSH2,RMT1,,
84086ffe-8535-4957-9523-41b110df1986,38.70131037,-9.200993916,Portugal,Lisbon,MUR,LWAL,CDL,5,RES,BP2,RSH2,RMT1,,
fbb57e12-ecba-4027-b655-f730765bc579,38.7030539,-9.185158462,Portugal,Lisbon,MUR,LWAL,CDN,1,COM,BP1,RSH2,RMT1,,
c0f5da3a-441b-4757-a13e-10f45c4bffb1,38.69792471,-9.217775854,Portugal,Lisbon,MUR,LWAL,CDL,2,RES,BP2,RSH1,RMN,,
f5429311-f3b0-4263-bcbd-064b8106eb2a,38.69461595,-9.218005636,Portugal,Lisbon,MUR,LWAL,CDN,1,RES,BPD,RSH2,RMT1,,
bf9393b4-04ab-43e9-bfa0-a065c8f5d056,38.7065162,-9.21817525,,,,,,,,,,,,
f3630d9f-2782-483d-945c-29b779522965,38.69585544,-9.219321576,,,,,,,,,,,,
92c88b2b-6ca2-4cf2-83da-b62fb9b73323,38.70330673,-9.214128079,Portugal,Lisbon,MUR,LWAL,CDL,1,RES,BPD,RSH1,RMN,,
c1acbd66-6776-4845-9af3-37bfdda06606,38.7040382,-9.177573,Portugal,Lisbon,MUR,LWAL,CDL,1,RES,BP1,RSH2,RMT1,,
9c033533-20d7-474f-8713-da0b6ced382f,38.70234007,-9.205285187,Portugal,Lisbon,MCF,LWAL,CDL,1,RES,BP1,RSH2,RMT1,,
de0ecef3-7912-40df-a78a-6d84a0a72fea,38.69970826,-9.225082502,Portugal,Lisbon,MUR,LWAL,CDL,3,RES,BP2,RSH1,RMN,,
b3ad0a95-3b7f-47a3-af4f-dc52a0e6b652,38.70784245,-9.1897424,,,,,,,,,,,,
386ecec0-0173-40ff-954b-568f70100fbd,38.6973206,-9.218835387,Portugal,Lisbon,MUR,LWAL,CDL,2,RES,BP1,RSH2,RMT1,,
3b07c736-94ac-4ee6-bc7c-ac5162cc3f21,38.70306885,-9.1906062,Portugal,Lisbon,CR,LFINF,CDN,4,MIX(RES;COM),BP1,RSH1,RMN,,
0e8ffd0e-86b2-4c29-9d8f-2025b4ead57c,38.70885532,-9.176614783,,,,,,,,,,,,
2f3471b5-32b3-414b-8b37-5ab3eb4075f1,38.69723671,-9.216061954,Portugal,Lisbon,MCF,LWAL,CDM,2,RES,BPD,RSH5,RMT1,,
972447e2-3889-40fb-8c14-ead594293786,38.70163304,-9.201865831,Portugal,Lisbon,CR,LFM,CDM,5,RES,BP1,RSH1,RMN,,
7eadabee-e6d8-4794-bf6e-258b9f3b9577,38.70194828,-9.182029743,,,,,,,,,,,,
f0c40a43-cf6d-4c36-b4f0-1faa212ef11d,38.69842403,-9.190724741,Portugal,Lisbon,MUR,LWAL,CDN,2,RES,BP2,RSH3,RMT1,,
7ac73060-ddee-4698-b850-8d47016f5466,38.71275036,-9.183634129,,,,,,,,,,,,
42720797-bad4-4ece-ac85-5129fa64b6b8,38.70183901,-9.220063181,,,,,,,,,,,,
8e13ee6d-4a0b-4e5b-b7f8-ca1f612852ef,38.71553906,-9.217152575,,,,,,,,,,,,
c80cb2eb-c112-44d9-b28d-909cd94f6cdf,38.69430988,-9.202268656,,,,,,,,,,,,
064ca434-3d55-4bfc-960a-9eb968621504,38.71007104,-9.197305848,Portugal,Lisbon,MUR,LWAL,CDL,4,RES,BP1,RSH1,RMN,,
0207bb90-70db-4af2-8e49-100f60b19de5,38.70332659,-9.196595915,Portugal,Lisbon,MUR,LWAL,CDL,4,RES,BP1,RSH1,RMN,,
b13a098e-7681-4937-8ff1-3f6fd15779fd,38.69527506,-9.219006315,,,,,,,,,,,,
14ff69e9-361c-44d4-adc2-924cf5391a74,38.69949711,-9.19935708,,,,,,,,,,,,
f41551ab-5f72-4333-bb28-f339cfb7a497,38.70314544,-9.188753952,,,,,,,,,,,,
ba6d0d5d-d66a-453e-80b7-1c74ed08ec31,38.70563152,-9.181684154,Portugal,Lisbon,CR,LFINF,CDL,3,MIX(RES;COM),BP3,RSH1,RMN,,
6efe1593-87d7-4499-b9ed-55e8f4c2c208,38.69888576,-9.22012964,,,,,,,,,,,,
06913bb9-5fd6-4102-909c-2aba0919d566,38.70516339,-9.202226097,Portugal,Lisbon,MUR,LWAL,CDL,4,RES,BP2,RSH1,RMN,,
7763f2b9-9713-40f7-a94b-e8004cca4a52,38.69949942,-9.214452759,,,,,,,,,,,,
9ff107f2-14ac-4ea8-bb48-bd300a3d9da1,38.70223661,-9.186077687,Portugal,Lisbon,MUR,LWAL,CDL,1,RES,BPD,RSH2,RMT1,,
340b83f7-3c0d-4536-9b74-fb749d528356,38.71149145,-9.204875284,Portugal,Lisbon,MUR,LWAL,CDL,2,RES,BPD,RSH2,RMT1,,
ba7b298b-21cf-43ea-bc37-db40abedd698,38.70497176,-9.182356009,Portugal,Lisbon,MUR,LWAL,CDL,4,RES,BP1,RSH1,RMN,,
7d2ff544-e6c4-4dae-b769-e7d7bcdbac30,38.69520913,-9.213517488,Portugal,Lisbon,S,LFM,CDL,1,COM,BP1,RSH5,RMT6,,
20857358-b685-4c7e-8d82-527e9538d5b2,38.7034062,-9.2029855,Portugal,Lisbon,CR,LFM,CDL,4,MIX(RES;COM),BP3,RSH1,RMN,,
a51040cb-316d-4615-bfda-fdd5afdff2d9,38.71679899,-9.211967723,Portugal,Lisbon,S,LFM,CDH,1,COM,BPD,RSH2,RMT1,,
7a321741-2005-4c39-bb99-f216ad1d344c,38.70725953,-9.192341598,Portugal,Lisbon,MUR,LWAL,CDL,2,RES,BP1,RSH2,RMT1,,
728adaa5-9a59-45b4-ad88-c5a5c90fd9c4,38.70827977,-9.195066335,,,,,,,,,,,,
146511a6-3fad-440b-a724-54d60d739871,38.70541553,-9.215731201,,,,,,,,,,,,
9d94cea3-bd1c-4399-8811-fe76efc19a55,38.70708542,-9.17522275,Portugal,Lisbon,MUR,LWAL,CDL,1,COM,BPD,RSH1,RMN,,
510a9a5c-c165-4a94-b027-6410bf54a34f,38.71856988,-9.211090312,,,,,,,,,,,,
570ed804-ebae-4601-90f2-682ba963b23c,38.7074121,-9.212642242,Portugal,Lisbon,CR,LFM,CDN,2,RES,BP2,RSH1,RMN,,
53c636dc-cc6c-403f-a4bd-0477163e6fc1,38.71492069,-9.193241706,,,,,,,,,,,,
468e25a7-65b3-4c33-a30a-6d8f7902c2a8,38.71302727,-9.214926904,,,,,,,,,,,,
f1ec794a-76ea-4adf-80ba-b7f028e3665c,38.70204977,-9.204592243,,,,,,,,,,,,
0d6c50ee-c95d-4c7c-b4f9-92d9a10b0ab7,38.70806941,-9.175702252,Portugal,Lisbon,MUR,LWAL,CDN,1,RES,BP1,RSH2,RMT1,,
e973a2f2-e047-4614-b7a4-9ee440669ced,38.6977119,-9.217945404,Portugal,Lisbon,MUR,LWAL,CDL,2,RES,BP1,RSH1,RMN,,
03bfdda8-1b90-4800-ba5c-b4249425c231,38.70784337,-9.206930702,,,,,,,,,,,,
ab7b1ff4-289d-401f-84f6-a22721682a08,38.70163543,-9.203119178,Portugal,Lisbon,MUR,LWAL,CDL,2,RES,BP1,RSH2,RMT1,,
fba49035-3906-4711-8760-74c29327875b,38.70702091,-9.194238785,,,,,,,,,,,,
7a8af931-8ad6-4b61-a7b8-b6ced193683f,38.70244872,-9.204585293,Portugal,Lisbon,CR,LFM,CDN,5,RES,BP2,RSH1,RMN,,
1a1e6b90-89c6-4536-8609-ac55c480bfca,38.70129037,-9.204729549,Portugal,Lisbon,CR,LFM,CDM,2,RES,BP1,RSH1,RMN,,
84143306-2b12-461a-8ff3-4f1b2ce542e3,38.70604617,-9.217265078,,,,,,,,,,,,
19d275f2-144c-48eb-9368-c90ebfbd0aa3,38.70576474,-9.184025207,Portugal,Lisbon,CR,LFM,CDL,4,MIX(RES;COM),BP1,RSH1,RMN,,
582fce93-ea6c-41ec-97d9-fc5d6d690c47,38.70074122,-9.1895281,Portugal,Lisbon,CR,LFM,CDH,4,RES,BP2,RSH1,RMN,,
e195c07a-6395-41ea-8ac1-3ce1f55e71cd,38.70956273,-9.193791772,Portugal,Lisbon,MUR,LWAL,CDN,1,RES,BPD,RSH2,RMT1,,
46aa9333-5c83-4dfc-9a59-50c30e6dc4d1,38.70694915,-9.216559929,,,,,,,,,,,,
c96ea13d-5fa9-4e0d-a903-8f9b1022f86a,38.70556026,-9.180523496,Portugal,Lisbon,S,LFM,CDH,5,RES,BP1,RSH2,RMT1,,
832ffb90-ad6c-4c24-93e8-31fe9dd6df09,38.71436335,-9.18000765,Portugal,Lisbon,MUR,LWAL,CDL,2,MIX(RES;COM),BP2,RSH2,RMT1,,
c02c2309-7636-4773-90f0-f15b2d606e97,38.69815689,-9.21752961,Portugal,Lisbon,MUR,LWAL,CDL,3,RES,BPD,RSH1,RMN,,
207b3072-44f8-41da-8ea7-08ea99f50a3b,38.70130733,-9.193678303,,,,,,,,,,,,
a1c40852-2470-46ca-9aac-5aa209cafaf5,38.70339393,-9.197542236,,,,,,,,,,,,
bd330cf3-655c-4fee-823b-baaeb20473d6,38.71017923,-9.202355957,Portugal,Lisbon,MUR,LWAL,CDL,2,RES,BP1,RSH2,RMT1,,
a5656dae-c115-4d50-a60e-9705b6c06f68,38.70400233,-9.175480859,Portugal,Lisbon,CR,LFINF,CDN,4,MIX(RES;COM),BP2,RSH1,RMN,,
5d113951-6662-4b3b-88c8-5e322a2f9b24,38.70018271,-9.220396965,,,,,,,,,,,,
5234b614-5128-4c7f-ae97-9ce228d139ff,38.70693958,-9.186813761,,,,,,,,,,,,
22209ec5-288a-4d06-88d7-66481224b02e,38.69374434,-9.206970026,,,,,,,,,,,,
ca742cb9-e846-4217-9071-7c234269ec70,38.70084372,-9.192376309,Portugal,Lisbon,MUR,LWAL,CDL,3,MIX(RES;COM),BP2,RSH1,RMN,,
45e1ac95-6ab6-4cb6-9270-4ce081ca4322,38.70980521,-9.194157524,Portugal,Lisbon,MUR,LWAL,CDL,4,RES,BP1,RSH2,RMT1,,
1a0091ef-9fa9-400d-99ef-e05911e8c81d,38.69621582,-9.213168811,Portugal,Lisbon,MUR,LWAL,CDL,4,RES,BP1,RSH2,RMT1,,
060ac843-141c-4ab4-abad-452243e21dd9,38.70631462,-9.211172113,,,,,,,,,,,,
a2e18e20-fc96-491d-9a23-790764d10cec,38.70428574,-9.197125634,Portugal,Lisbon,MUR,LWAL,CDL,2,COM,BP1,RSH1,RMN,,
e9f0b20d-a86b-4527-a4e4-ff1ad0f88708,38.69846304,-9.192065833,Portugal,Lisbon,CR,LFINF,CDN,3,MIX(RES;COM),BP1,RSH1,RMN,,
524f7be4-2ef7-4f15-8e56-a3a9e5509ebe,38.70796328,-9.210725215,Portugal,Lisbon,MUR,LWAL,CDL,4,RES,BP1,RSH1,RMN,,
21d23c9a-99ae-4844-b2a4-e3fea5d5a553,38.70309653,-9.212149432,,,,,,,,,,,,
0761e01d-a11e-4567-963e-10231b368a05,38.69946105,-9.219097187,Portugal,Lisbon,MUR,LWAL,CDL,2,RES,BPD,RSH2,RMT1,,
6cd83618-4b23-4999-be43-bdfa6c8f1e8b,38.70079895,-9.211193773,,,,,,,,,,,,
9c34900d-1eed-42fa-a76f-a0097074500e,38.69936721,-9.22344385,,,,,,,,,,,,
7208a146-4994-4ab4-8e9c-17542d84772b,38.70507345,-9.19831105,,,,,,,,,,,,
6068a4b6-3113-496f-8b76-6eb1c70cc4d1,38.70275915,-9.214184741,,,,,,,,,,,,
2f93ebf1-5f45-4b05-8ca9-b98d0e888860,38.6963931,-9.216780769,,,,,,,,,,,,
969ce8b9-8ae2-42d8-8915-eb899a6c2e20,38.70697853,-9.199883498,Portugal,Lisbon,MUR,LWAL,CDN,1,COM,BP1,RSH2,RMT1,,
6e749c88-3fb9-4f8e-995d-b4a20141eb8b,38.69682195,-9.2020858,,,,,,,,,,,,
1545a985-0758-45bd-a4e3-d358c1e97f4f,38.7066415,-9.2104476,,,,,,,,,,,,
4a73591a-2922-4ded-bb57-9b18050097ed,38.70133036,-9.18517189,,,,,,,,,,,,
27a8144c-fb1b-4809-9ef3-fef85874651a,38.69920642,-9.220928288,Portugal,Lisbon,MUR,LWAL,CDL,2,RES,BPD,RSH1,RMN,,
007f4b27-48cf-4ed1-a02d-4f2ed25717c4,38.69488564,-9.223221317,Portugal,Lisbon,CR,LFM,CDN,2,COM,BPD,RSH1,RMN,,
b9358690-c2ea-4ad3-88f9-4e2652eece35,38.69870094,-9.1890826,Portugal,Lisbon,MUR,LWAL,CDN,1,RES,BP1,RSH2,RMT1,,
b9ddf1f5-b9a1-4b65-9e04-3ab9d80b3d8f,38.71450123,-9.183940325,,,,,,,,,,,,
2a91b375-27fe-40d0-abcb-082c140c017b,38.6992324,-9.2194859,,,,,,,,,,,,
b9a2c707-fda5-4e6c-a9af-8ec3c1962ece,38.70929017,-9.174397138,,,,,,,,,,,,
cebb88d0-6427-4115-80c4-27e4cd3f7a5c,38.71613417,-9.215760657,Portugal,Lisbon,MUR,LWAL,CDL,2,RES,BP1,RSH2,RMT1,,
8bf9087c-30e4-4848-a6be-36d0a134594a,38.70591135,-9.176070576,Portugal,Lisbon,MCF,LWAL,CDL,3,COM,BP2,RSH1,RMN,,
785ee675-562c-4f92-87f2-bcf9c38d5be1,38.70950206,-9.195667262,Portugal,Lisbon,MUR,LWAL,CDN,1,COM,BP2,RSH1,RMN,,
10f25b81-90e6-4982-9fe7-93941d03e432,38.70715266,-9.212163275,Portugal,Lisbon,CR,LFM,CDH,2,RES,BP1,RSH1,RMN,,
63d71ef7-a19f-4fde-a2cc-5cb23c14d8da,38.7172277,-9.190741384,,,,,,,,,,,,
767703c4-ad11-4ce2-8c19-8efd1c797f63,38.71615814,-9.215475181,Portugal,Lisbon,MUR,LWAL,CDN,2,RES,BP2,RSH2,RMT1,,
97330150-b2a9-4dc9-b190-9ef40ee1d778,38.69740936,-9.213487587,,,,,,,,,,,,
c03315cc-c4f2-41b0-9b25-440d42ada131,38.71130775,-9.204590564,Portugal,Lisbon,MUR,LWAL,CDL,2,RES,BP1,RSH1,RMN,,
a4f56371-4a97-4e26-9c58-d34c3fd95be1,38.70217276,-9.21655869,,,,,,,,,,,,
9548d93e-deef-4558-b2a9-af1e0176c56f,38.70373853,-9.202705252,Portugal,Lisbon,CR,LFM,CDH,3,MIX(RES;COM),BP2,RSH1,RMN,,
74eac15b-f8e7-49da-9bc3-8a550f4191ff,38.70385495,-9.1975824,Portugal,Lisbon,MUR,LWAL,CDL,4,RES,BP2,RSH1,RMN,,
aa1a9f19-6c1b-4d74-ba3e-cd5c1f4ddcf0,38.71158823,-9.213702387,Portugal,Lisbon,CR,LDUAL,CDN,13+,RES,BP2,RSH1,RMN,,
c4cc71e3-e8d5-4b39-b596-abf336f91785,38.71186098,-9.207766838,,,,,,,,,,,,
f3a4e208-0658-4f39-a12e-1c39e8ce607a,38.7023242,-9.183934957,,,,,,,,,,,,
94aff571-1135-4f2b-af6f-052d2a330495,38.69838517,-9.190843735,Portugal,Lisbon,MUR,LWAL,CDL,4,RES,BP2,RSH2,RMT1,,
8d1e108c-fa76-45f9-b8b2-cae70535dbd5,38.71113146,-9.19712655,Portugal,Lisbon,CR,LFM,CDH,5,RES,BP1,RSH1,RMN,,
7bf2b414-4a4d-4fe4-8484-42425a942a75,38.69494584,-9.221130197,,,,,,,,,,,,
83d184d1-da32-4823-8d14-98b07d27417e,38.70059426,-9.190870378,Portugal,Lisbon,CR,LFM,CDL,5,RES,BP1,RSH1,RMN,,
602d2d2a-1033-4aec-a8e7-54962a7b5387,38.70048984,-9.223267198,,,,,,,,,,,,
8ed7944f-c45b-4549-88ec-8a2a176d5ca4,38.70361468,-9.209910537,,,,,,,,,,,,
993e40f3-e1cd-4972-9045-32a65656d789,38.69491139,-9.219298579,Portugal,Lisbon,CR,LFM,CDL,5,RES,BP1,RSH1,RMN,,
acede7d1-6677-4188-8195-89d95daadb1f,38.70536806,-9.211315957,Portugal,Lisbon,MCF,LWAL,CDM,2,COM,BP2,RSH2,RMT1,,
e7b4d351-5c4b-4471-bebb-6371e3e20514,38.70668718,-9.192011646,Portugal,Lisbon,S,LFM,CDL,1,COM,BP2,RSH1,RMN,,
ad3c2fe4-b62f-443c-b703-3e7047734ab4,38.69634195,-9.219842996,Portugal,Lisbon,CR,LFM,CDN,3,MIX(RES;COM),BP3,RSH1,RMN,,
accd440d-dede-4f49-86d8-31410098aa7f,38.70118465,-9.19017675,Portugal,Lisbon,CR,LFM,CDN,06/jul,MIX(RES;COM),BP3,RSH1,RMN,,
7228493d-b861-4cc3-9d5b-0aa69986f7c0,38.70658878,-9.189596502,Portugal,Lisbon,CR,LFM,CDH,08/set,RES,BP1,RSH1,RMN,,
3ddb44ce-d221-4648-9456-459bb96df129,38.7127993,-9.19111345,,,,,,,,,,,,
83258e8b-74c7-428e-9a38-fdef126a03f5,38.70427304,-9.191089231,,,,,,,,,,,,
e569fc5e-bd08-49b5-a367-7f8082d53ec2,38.69756094,-9.216910925,Portugal,Lisbon,MCF,LWAL,CDH,2,RES,BP1,RSH2,RMT1,,
490e66ad-a2db-4d14-9b93-221477471aa6,38.6990276,-9.207645095,,,,,,,,,,,,
59fb57e2-fdb8-45ce-adfc-cd271436507c,38.7029853,-9.212790543,,,,,,,,,,,,
1eb1e545-63d6-4c6c-b8b6-3d80a1d705e1,38.71784237,-9.211023629,Portugal,Lisbon,MUR,LWAL,CDN,2,RES,BP2,RSH2,RMT1,,
8c488fd8-e717-4b9e-af78-b63c6b5c21c9,38.70425124,-9.192130977,Portugal,Lisbon,MCF,LWAL,CDL,2,RES,BP1,RSH1,RMN,,
36fa6ff9-0f5d-4716-84bd-b567ecc79ecc,38.70054417,-9.220539162,,,,,,,,,,,,
618813f8-99f4-4e63-8815-098ebc9174c8,38.70002972,-9.206663191,Portugal,Lisbon,MCF,LWAL,CDN,1,COM,BP1,RSH1,RMN,,
7d3ebd90-24b3-4fd9-9e9d-044242a41b3f,38.7076009,-9.1911905,Portugal,Lisbon,CR,LFM,CDL,1,RES,BP1,RSH1,RMN,,
b6c69a98-3163-4bd5-b559-017562a92ce8,38.70355734,-9.210515235,,,,,,,,,,,,
6732c9cf-dc3e-4c8d-9731-6a3e69fb4340,38.70195893,-9.181607302,,,,,,,,,,,,
4fde2231-faae-44ab-b831-99e85697dbce,38.7024979,-9.194752028,Portugal,Lisbon,CR,LFINF,CDL,4,MIX(RES;COM),BP3,RSH1,RMN,,
6305f27a-39ff-417f-82b3-af177add3bc5,38.71802665,-9.2123543,,,,,,,,,,,,
424dfe2e-fd29-4bee-a0f8-7450b33a12ed,38.70373431,-9.176111839,Portugal,Lisbon,HYB(MCF;MUR),LWAL,CDN,2,RES,BP3,RSH1,RMN,,
30bd1844-40d3-4858-af05-efec251bfdc1,38.7028641,-9.202904874,Portugal,Lisbon,MUR,LWAL,CDL,2,RES,BP2,RSH2,RMT1,,
066c94c9-04f7-4065-86fd-d858fe80e616,38.69561435,-9.21916045,Portugal,Lisbon,MUR,LWAL,CDN,1,COM,BPD,RSH2,RMT1,,
b4c670eb-d494-4533-8da0-54b6d705594b,38.70316916,-9.203420021,Portugal,Lisbon,CR,LFINF,CDN,4,MIX(RES;COM),BP1,RSH1,RMN,,
b77e2ad9-20b2-454c-8479-004bfc6f32d9,38.6976089,-9.196464402,Portugal,Lisbon,MUR,LWAL,CDN,3,RES,BP2,RSH1,RMN,,
626387f6-c1ef-4dca-bb9c-ccfe28c9134c,38.70330953,-9.196721542,Portugal,Lisbon,CR,LFINF,CDL,4,MIX(RES;COM),BP1,RSH1,RMN,,
8487521e-d07e-4a53-997d-c88b12e1d2f0,38.70562741,-9.199879374,Portugal,Lisbon,MUR,LWAL,CDL,2,RES,BP1,RSH2,RMT1,,
24a82fc2-7aba-4bce-b17b-f9431a8b1778,38.71193205,-9.203523221,,,,,,,,,,,,
6d12a225-53e9-45a3-ad91-ebaa606f63dc,38.69678183,-9.217493005,Portugal,Lisbon,MUR,LWAL,CDL,2,RES,BP2,RSH1,RMN,,
3a1eeeb3-66de-4454-a36e-ed0393445298,38.70654004,-9.196311221,,,,,,,,,,,,
30ccd49f-6762-406f-929e-73c4898fc74a,38.70003247,-9.224385842,,,,,,,,,,,,
14a8c1ce-2830-4db1-8ee0-0755de6dca65,38.70571509,-9.181119234,Portugal,Lisbon,MCF,LWAL,CDH,4,RES,BP2,RSH1,RMN,,
429805de-29a0-44fe-b3ed-6dcb76bdb7b8,38.70054638,-9.189328248,Portugal,Lisbon,CR,LFINF,CDH,4,RES,BP1,RSH1,RMN,,
134d4415-38f5-490e-b3e9-38d005cf10f1,38.70532777,-9.214524404,Portugal,Lisbon,W,LFM,CDN,2,RES,BPD,RSH1,RMN,,
034026cf-17b4-4a8f-aec5-c88e111646dc,38.69891608,-9.221354656,,,,,,,,,,,,
aade5455-b69e-4cfd-914b-379afb4d264a,38.70783788,-9.174720846,Portugal,Lisbon,MUR,LWAL,CDL,1,RES,BP1,RSH1,RMN,,
51c43f18-19a9-47d3-8d2f-fb8b9f36bde2,38.69765773,-9.202831126,Portugal,Lisbon,MUR,LWAL,CDL,2,RES,BP1,RSH1,RMN,,
5af680ec-5186-4615-b99d-dfae86eac0be,38.70374959,-9.203534478,Portugal,Lisbon,MUR,LWAL,CDL,2,RES,BP1,RSH2,RMT1,,
b4c8edba-6f76-4004-9090-8c93a4abb50d,38.70030865,-9.21131233,,,,,,,,,,,,
607cfa65-e3b4-40c1-9f37-335905bf8dc4,38.7102067,-9.197299476,Portugal,Lisbon,MUR,LWAL,CDL,5,RES,BP1,RSH2,RMT1,,
9b4afe57-6973-4734-8e98-fe5081011098,38.71070033,-9.216162099,,,,,,,,,,,,
986cc014-b27f-4e47-bc5e-66d4ad2ef7a0,38.70631858,-9.191678914,Portugal,Lisbon,CR,LFM,CDN,4,RES,BP1,RSH1,RMN,,
8980df28-2186-4bf5-ab48-88e1d6624d22,38.70947565,-9.197223572,,,,,,,,,,,,
69273dd7-9483-4bdc-b5af-9dd3d80489fc,38.70446486,-9.202483129,Portugal,Lisbon,CR,LFM,CDN,5,RES,BP1,RSH1,RMN,,
a7f9ec57-fbcb-4315-841c-0f9edce672ba,38.70063092,-9.20591237,Portugal,Lisbon,MUR,LWAL,CDL,4,RES,BP1,RSH1,RMN,,
84eefb92-cb60-4d84-a28d-9db7b0ae8f45,38.70464402,-9.212502971,,,,,,,,,,,,
7fabf6d5-8ec1-4f8d-a5de-2b35c3e686dc,38.70805813,-9.192669427,Portugal,Lisbon,MCF,LWAL,CDL,1,RES,BP1,RSH1,RMN,,
1cdd7bb6-efc4-4c31-a828-855cbe58edbd,38.71343041,-9.206133078,Portugal,Lisbon,S,LFM,CDL,1,RES,BPD,RSH2,RMT1,,
aaabaee2-bf38-4570-8779-d671422f1179,38.70646026,-9.177026266,Portugal,Lisbon,MUR,LWAL,CDL,4,RES,BP2,RSH1,RMN,,
d27b558b-af5b-437b-9e4b-33429d532b91,38.70886101,-9.194480556,,,,,,,,,,,,
25b7ac7e-059f-40e8-b85c-a0c9bb27c783,38.69676582,-9.216596408,,,,,,,,,,,,
44596a5d-5780-4aa5-8506-d441be46dced,38.71668847,-9.212895442,Portugal,Lisbon,MUR,LWAL,CDL,2,RES,BPD,RSH2,RMT1,,
3131ce54-2786-452d-ba1d-636d72ae2dbb,38.7133757,-9.194119623,,,,,,,,,,,,
071742a8-d1e4-481e-80da-60bc758f1163,38.71045788,-9.201189437,Portugal,Lisbon,MUR,LWAL,CDL,1,RES,BP2,RSH2,RMT1,,
683b8ca9-b8c9-42ed-8908-9001a1e33a72,38.69788124,-9.194481795,Portugal,Lisbon,MUR,LWAL,CDL,2,RES,BP1,RSH1,RMN,,
558ea495-031f-42ce-8029-5799faf5ff0a,38.7138575,-9.214917698,,,,,,,,,,,,
42f40418-c6aa-45bd-bd83-14cf8a2d01f4,38.69825899,-9.191587692,Portugal,Lisbon,CR,LFINF,CDL,4,RES,BP1,RSH2,RMT1,,
61c3e39b-f999-4ba8-bcfd-a6f6705378ca,38.70739342,-9.208275093,Portugal,Lisbon,CR,LFM,CDL,06/jul,RES,BP1,RSH1,RMN,,
b65186ca-9793-4fd2-a5c0-0211aefcf72e,38.69963602,-9.183782007,Portugal,Lisbon,MUR,LWAL,CDN,3,RES,BP2,RSH1,RMN,,
e932714f-507e-4066-914e-160759a38f46,38.70451369,-9.196929363,Portugal,Lisbon,MUR,LWAL,CDL,4,RES,BP1,RSH2,RMT1,,
9536b471-357c-4586-8355-f217588e788d,38.70497281,-9.202697367,Portugal,Lisbon,MUR,LWAL,CDL,2,RES,BP1,RSH1,RMN,,
f1589be4-f937-420a-b345-9821c2a9fadb,38.6994991,-9.21668715,,,,,,,,,,,,
a60b8f42-270e-4006-b4b0-893c1a3f6391,38.70437158,-9.183306337,Portugal,Lisbon,CR,LFM,CDM,06/jul,MIX(RES;COM),BP1,RSH1,RMN,,
b62063d9-fd56-48ea-8c25-dd0e4a9acfe8,38.71086942,-9.196659055,Portugal,Lisbon,CR,LFM,CDM,10/dez,COM,BP2,RSH1,RMN,,
bcc8934b-1fd9-48ea-9c96-4f3b67cc2fd2,38.70057478,-9.181292291,Portugal,Lisbon,CR,LDUAL,CDL,2,RES,BP1,RSH2,RMT1,,
01c0f73d-5a6a-4fa2-b2cf-0b5854f81d55,38.70085419,-9.215822194,,,,,,,,,,,,
93521189-fc58-401b-8421-ffd9ed05b17d,38.70340618,-9.200231506,Portugal,Lisbon,MUR,LWAL,CDL,1,RES,BP1,RSH3,RMT1,,
af8b6b88-b8ef-4ef6-b3e7-0b3da6c304d7,38.70041735,-9.192373238,Portugal,Lisbon,MUR,LWAL,CDL,4,RES,BP1,RSH1,RMN,,
5aa65521-3e1f-4877-9f07-8c04e21ca8f1,38.70512866,-9.175205774,Portugal,Lisbon,CR,LFM,CDH,1,COM,BPD,RSH2,RMT1,,
3244c19c-4ade-4855-bf6a-eaae6b218f10,38.70565871,-9.177745977,Portugal,Lisbon,CR,LFM,CDL,06/jul,MIX(RES;COM),BP2,RSH1,RMN,,
3890840b-c219-4be0-ba8a-55b115f16a67,38.7067234,-9.192486017,Portugal,Lisbon,MUR,LWAL,CDN,1,COM,BP2,RSH5,RMT6,,
c0132953-5bb9-4df7-a8a1-65b45cccce93,38.7154963,-9.215761583,,,,,,,,,,,,
d7556564-a2bb-41f0-82fc-8c7c4739cdcc,38.71737596,-9.212146825,,,,,,,,,,,,
27ef5e97-0822-4b05-ae3a-335936fae36b,38.71519705,-9.215320875,Portugal,Lisbon,MUR,LWAL,CDL,3,RES,BP1,RSH2,RMT1,,
59a0fd09-4215-4bf3-8748-320d3822e78b,38.70530972,-9.213691753,Portugal,Lisbon,MUR,LWAL,CDN,1,RES,BP1,RSH1,RMN,,
7d3d81d7-bce3-47f3-8c15-2669b5d3089d,38.71136738,-9.207110796,Portugal,Lisbon,MUR,LWAL,CDL,2,RES,BP2,RSH1,RMN,,
5496ba52-7c01-43bf-aaa0-bfb867a5dd4f,38.69927404,-9.205217549,Portugal,Lisbon,MUR,LWAL,CDL,1,RES,BP1,RSH2,RMT1,,
90085391-34e4-458e-8cba-593bc8c63a5e,38.70000953,-9.222364481,,,,,,,,,,,,
72baf4ce-3177-4025-b92b-5bdcc731a1cd,38.70714048,-9.212658957,Portugal,Lisbon,MUR,LWAL,CDL,4,RES,BP2,RSH2,RMT1,,
8f9cb784-2761-45da-8cc9-fe914b1338c6,38.7045247,-9.202478747,Portugal,Lisbon,MUR,LWAL,CDL,1,IND,BPD,RSH1,RMN,,
f149755d-a71f-4c47-8ad3-f4116b22155a,38.69798874,-9.210881455,,,,,,,,,,,,
d2fd5207-9d3d-4446-ba83-faa8fdd9e78d,38.70281627,-9.214300042,,,,,,,,,,,,
6a77fd53-9ac2-45da-b6d5-983b402dd850,38.70282793,-9.193921275,Portugal,Lisbon,MUR,LWAL,CDN,1,COM,BP2,RSH2,RMT1,,
e402c518-bff7-4581-a9ac-28201e6df47b,38.69550533,-9.217075536,,,,,,,,,,,,
3a1602ff-cf47-4889-8161-6f842204b4fc,38.69772914,-9.223759854,,,,,,,,,,,,
01bc1d4e-96f3-4159-845c-48c7ad4e4e2e,38.70469115,-9.209847581,,,,,,,,,,,,
c7418297-56bc-423e-9e1a-c84da76e543b,38.70134342,-9.213653052,,,,,,,,,,,,
0c4795fc-ab54-4ef8-9b68-58cac2b245fa,38.69898175,-9.191472779,Portugal,Lisbon,CR,LFM,CDL,5,RES,BP1,RSH1,RMN,,
9bafcb52-ff5f-4e0c-9942-01454d5dbf4d,38.70356996,-9.203670621,Portugal,Lisbon,CR,LFM,CDM,4,RES,BP2,RSH1,RMN,,
21e6377f-89b4-4b99-a0c5-95bbce2b3cf6,38.69957873,-9.189804898,,,,,,,,,,,,
d47691d4-a1f8-4ce1-8fbf-9ed5a5aacf66,38.70471398,-9.217755513,,,,,,,,,,,,
20fbb8b0-c63e-4ca4-848e-4f1f6d944399,38.71399745,-9.2094273,,,,,,,,,,,,
3e0627ef-2f45-4e7c-aec6-d453ac96fc98,38.70439172,-9.178979245,,,,,,,,,,,,
37893f47-00de-450c-9d3c-64f039ff68d1,38.7030506,-9.177267537,,,,,,,,,,,,
f726929f-6ab6-473b-b602-ce89b7618b04,38.69825495,-9.198566837,Portugal,Lisbon,CR,LFINF,CDL,2,RES,BP1,RSH2,RMT1,,
c0e9bc8e-18a9-426e-8e90-70d13956e977,38.69788145,-9.193647494,,,,,,,,,,,,
a054a829-2df7-4154-8136-6eb281480ea7,38.70208707,-9.181490802,Portugal,Lisbon,MUR,LWAL,CDL,2,COM,BP2,RSH1,RMN,,
1ece1db7-b306-406f-91bb-d08d16892ba5,38.713032,-9.204650246,,,,,,,,,,,,
37e57da6-6bfb-4cf1-99f9-7a1e7e81397a,38.71014514,-9.191601238,,,,,,,,,,,,
51a19903-4095-478c-91ed-529f088bbc92,38.70868905,-9.174750379,Portugal,Lisbon,MUR,LWAL,CDL,2,RES,BP1,RSH1,RMN,,
0ed8ff9d-28ba-46cb-b13b-5fe6d3a85fc5,38.70317859,-9.181905121,,,,,,,,,,,,
3ff659f8-e91f-457d-a2ae-f0915ef3a5a8,38.70076385,-9.21923301,,,,,,,,,,,,
53a59486-23c9-4169-bf88-d3c98f1bdb3f,38.70192665,-9.205493709,Portugal,Lisbon,MUR,LWAL,CDN,1,RES,BP2,RSH2,RMT1,,
66d61ac5-e9a1-45bd-9503-dbdbd612bf29,38.71045837,-9.192650364,Portugal,Lisbon,CR,LFM,CDN,1,COM,BP1,RSH2,RMT1,,
0f703ecc-86d0-431f-88c5-3eb498ae528f,38.70373992,-9.186738602,,,,,,,,,,,,
13e58e0f-d9d7-456e-8904-f552c8f7f99a,38.69651509,-9.22405547,Portugal,Lisbon,HYB(MCF;MUR),LWAL,CDH,4,COM,BP1,RSH1,RMN,,
aab899a6-bb26-466d-a8cc-0f3ad8ee9fce,38.69703387,-9.218162748,Portugal,Lisbon,MUR,LWAL,CDL,2,RES,BP1,RSH1,RMN,,
f99996f0-4f97-490c-be40-b184cef6f019,38.71393919,-9.205622988,Portugal,Lisbon,MUR,LWAL,CDL,2,RES,BPD,RSH1,RMN,,
6a54c30a-daa5-469c-bfd9-ef6818e9fbcb,38.70189458,-9.202335701,Portugal,Lisbon,CR,LFM,CDL,5,RES,BP1,RSH1,RMN,,
72ecbb59-fb98-4706-8c9b-856881de87bb,38.70524335,-9.177758801,Portugal,Lisbon,CR,LFM,CDL,4,RES,BP2,RSH1,RMN,,
6276c809-4d13-42c2-be8d-dfc218d50234,38.7115053,-9.202260593,Portugal,Lisbon,MUR,LWAL,CDL,3,RES,BP2,RSH2,RMT1,,
127d170a-638d-421d-9c66-8c6567c92284,38.70329447,-9.217592653,,,,,,,,,,,,
0336c997-9aa9-406a-81b9-e7e2aa437cdc,38.70446241,-9.176090838,Portugal,Lisbon,MUR,LWAL,CDL,2,COM,BP1,RSH2,RMT1,,
eebcd2b7-e28c-431e-a88a-317d490aa26d,38.7082976,-9.1853209,,,,,,,,,,,,
308d1a4f-4c82-4729-b56f-8443acdc8aff,38.7043986,-9.20546804,,,,,,,,,,,,
8ca8d531-6615-4819-a789-3b5f834976df,38.6963267,-9.21199085,Portugal,Lisbon,CR,LFM,CDM,08/set,RES,BP1,RSH1,RMN,,
159e598a-f4d4-4216-8182-3605670f8730,38.6968973,-9.212930891,,,,,,,,,,,,
4fdac5f2-98c2-4fa6-8bb3-0ccecf29ce99,38.70578422,-9.199605768,Portugal,Lisbon,MUR,LWAL,CDN,1,RES,BP1,RSH2,RMT1,,
18f6bd60-e2b5-44b0-a7c8-76142ba5da0f,38.70232072,-9.200592183,Portugal,Lisbon,MUR,LWAL,CDL,3,RES,BP1,RSH1,RMN,,
03ec8866-3107-4c13-8e34-e5c8ec38b81b,38.70021217,-9.225064839,Portugal,Lisbon,MUR,LWAL,CDN,5,COM,BP2,RSH1,RMN,,
9732eefe-1981-4ce0-a861-aef16b849e78,38.69757646,-9.194767409,Portugal,Lisbon,CR,LFM,CDL,4,MIX(RES;COM),BP2,RSH1,RMN,,
5d216633-48b4-4467-91bc-bc12d45105be,38.70836486,-9.175054341,Portugal,Lisbon,MUR,LWAL,CDL,3,RES,BP2,RSH1,RMN,,
728d0a0f-82c4-45ce-9144-0d10947845ea,38.70327189,-9.217374741,,,,,,,,,,,,
60ab6c0a-edac-49ec-ba08-6e183d3d55d6,38.70210415,-9.182634844,,,,,,,,,,,,
96e74fb6-80c5-4738-a0be-0e31faab6b3e,38.70099256,-9.219504762,,,,,,,,,,,,
5e7ac043-e310-4921-b16c-dbcd0f00f822,38.7051473,-9.207139003,Portugal,Lisbon,S,LFM,CDM,08/set,RES,BP1,RSH1,RMN,,
7ca9c6b1-eaa9-4bdf-b021-6969ca240e66,38.70018155,-9.177358559,Portugal,Lisbon,S,LFM,CDL,1,IND,BP1,RSH2,RMT1,,
3b1a775f-5ad3-4b0e-8e2a-fe9cd8391a53,38.70100778,-9.19176271,Portugal,Lisbon,MUR,LWAL,CDN,1,RES,BPD,RSH2,RMT1,,
4d5845aa-b8b7-4dc4-8f2f-21abeed8bba0,38.70039455,-9.21799834,,,,,,,,,,,,
2f55cb9c-7ea8-4e01-984c-e10881836340,38.70272525,-9.218436183,,,,,,,,,,,,
6da1cc14-a8e0-4de3-ba20-f59cccd26d35,38.71334491,-9.20560132,Portugal,Lisbon,MUR,LWAL,CDL,2,RES,BP1,RSH1,RMN,,
7903984f-8dcb-4a4f-9e0c-c264ba103e66,38.69687479,-9.217855437,,,,,,,,,,,,
5d755074-3868-45a8-9280-ca0747a17d3a,38.70239817,-9.20167316,Portugal,Lisbon,MUR,LWAL,CDL,2,RES,BP1,RSH1,RMN,,
e3d02752-bb20-400a-82bb-9b80ff5f050b,38.69503176,-9.217202762,Portugal,Lisbon,CR,LFINF,CDN,4,MIX(RES;COM),BP1,RSH1,RMN,,
a857d7e0-8ff2-42ae-bc73-8c845ffeffcd,38.70552261,-9.213804728,,,,,,,,,,,,
af91066c-6001-4e58-b962-1bf3bc8f31ae,38.69726108,-9.218420436,,,,,,,,,,,,
5a0ca746-dac1-4232-8094-d2fe7ced26a4,38.69945028,-9.226182921,Portugal,Lisbon,MUR,LWAL,CDL,5,RES,BP2,RSH2,RMT1,,
51f18f82-cf9f-4da8-8fc8-604142930293,38.70602121,-9.17996349,Portugal,Lisbon,MUR,LWAL,CDL,4,MIX(RES;COM),BP3,RSH1,RMN,,
b43802ad-9e6d-4470-bf44-00e16afdc441,38.7061397,-9.188857908,Portugal,Lisbon,CR,LFINF,CDL,5,RES,BP1,RSH1,RMN,,
3930d92f-01bb-4449-92c2-9270003dcbfc,38.7050602,-9.21440765,,,,,,,,,,,,
2ec0dcf4-0b1a-40ac-a9a4-d83027a194a6,38.71628037,-9.217209393,Portugal,Lisbon,MUR,LWAL,CDL,1,RES,BP1,RSH2,RMT1,,
c359cf5f-52ed-45f2-96f9-f28074c6db5f,38.69935553,-9.204686185,Portugal,Lisbon,MUR,LWAL,CDN,1,RES,BP1,RSH1,RMN,,
fac8633e-ffa6-43f5-bad8-3e9888d9e967,38.70639675,-9.20924575,Portugal,Lisbon,CR,LFM,CDL,1,RES,BPD,RSH1,RMN,,
1c256565-d68b-4bc7-a12d-98d01a81c379,38.70978601,-9.197909874,Portugal,Lisbon,CR,LFM,CDH,10/dez,RES,BP1,RSH1,RMN,,
32612070-ac79-4173-8ed2-d6aa4144ed7a,38.69308408,-9.218504298,Portugal,Lisbon,CR,LFM,CDN,1,RES,BP1,RSH2,RMT1,,
90ae344d-3867-45b7-9e4d-0f860f065414,38.71484312,-9.180033662,Portugal,Lisbon,S,LFM,CDL,4,RES,BP1,RSH2,RMT1,,
16a5e385-b19c-4601-bcfc-30a530e4ec7e,38.70573734,-9.17730499,Portugal,Lisbon,MUR,LWAL,CDL,4,RES,BP1,RSH1,RMN,,
4d72b068-7c66-4a27-86eb-3b2d90dbb5cb,38.70437378,-9.181447319,Portugal,Lisbon,CR,LFINF,CDL,08/set,RES,BP2,RSH1,RMN,,
fecdc020-e570-4ec0-bb51-872f7ab2d854,38.71707926,-9.216260477,,,,,,,,,,,,
afd116d4-d6c4-4539-a24e-d0d762e01107,38.71069127,-9.197797131,,,,,,,,,,,,
66403a04-0c1b-40fd-9a87-ae84e21bc8b1,38.70260778,-9.184875275,Portugal,Lisbon,CR,LFM,CDN,5,RES,BP2,RSH1,RMN,,
6cdf1e02-4738-4bfa-80dd-a3633775a4b0,38.69801093,-9.182465131,,,,,,,,,,,,
543ece6a-bddf-4d60-9dfd-540db94963f0,38.70591474,-9.182419919,Portugal,Lisbon,CR,LFINF,CDL,4,RES,BP1,RSH1,RMN,,
41dd10ed-9b85-4b42-83d6-5461dabae258,38.70687923,-9.205307945,Portugal,Lisbon,CR,LFM,CDL,4,MIX(RES;COM),BP2,RSH1,RMN,,
b244bf21-955d-444d-9d3c-89c308455271,38.70026339,-9.217878327,,,,,,,,,,,,
2ce7ca26-e407-4665-9649-f0bd20840932,38.7056306,-9.182918182,,,,,,,,,,,,
5b2ac9ce-443a-4dbf-9b45-feb45c1bc871,38.71717272,-9.212271438,,,,,,,,,,,,
100062eb-b8ac-4b02-a97b-8e33bb1d420a,38.70063786,-9.200363861,Portugal,Lisbon,MUR,LWAL,CDL,3,RES,BPD,RSH1,RMN,,
34b8523a-7060-46ec-99d7-c0e0c5106506,38.70146832,-9.20758897,Portugal,Lisbon,S,LFM,CDN,2,COM,BP1,RSH2,RMT1,,
e2a5ac4b-7edf-4449-bc8c-23cba94f7d5c,38.70470413,-9.214363441,,,,,,,,,,,,
09cc2d52-b36e-42a3-82d3-7d0e5708f865,38.70846399,-9.194198734,Portugal,Lisbon,MUR,LWAL,CDN,1,RES,BP2,RSH2,RMT1,,
f0efe243-91c2-4421-98c7-2b969a55b927,38.70400849,-9.177276485,Portugal,Lisbon,S,LFM,CDL,1,COM,BP1,RSH2,RMT1,,
3047170c-7bc7-4941-8147-6eaf34c0bab8,38.71452102,-9.215649942,,,,,,,,,,,,
75142726-6ced-4e21-8205-44362a9bb83f,38.7106832,-9.211325567,,,,,,,,,,,,
d222dd1d-612b-497a-931d-f92b9995683d,38.70974224,-9.17510437,Portugal,Lisbon,MUR,LWAL,CDL,2,RES,BP2,RSH1,RMN,,
b479660f-5742-4c18-a68f-97ccbeaf34eb,38.70185116,-9.200590115,Portugal,Lisbon,MUR,LWAL,CDN,1,RES,BP1,RSH2,RMT1,,
947d7c99-d56c-44b0-9e52-4bd298114cb7,38.7115602,-9.19926875,Portugal,Lisbon,MUR,LWAL,CDL,2,RES,BPD,RSH2,RMT1,,
94690cf3-6fdb-4450-beb4-b06d4fa8fe0b,38.71802685,-9.21153705,Portugal,Lisbon,HYB(MCF;MUR),LFINF,CDL,5,RES,BP1,RSH2,RMT1,,
f8794a19-1900-49f5-8000-e8921ea1b601,38.71618863,-9.216593828,Portugal,Lisbon,MUR,LWAL,CDL,3,RES,BP1,RSH1,RMN,,
2b495326-f8ad-482f-956b-5efcfa724fdc,38.70779032,-9.192266073,Portugal,Lisbon,MUR,LWAL,CDL,4,RES,BP1,RSH2,RMT1,,
6a0989a4-df9f-4ff1-a8ad-da60110c1f46,38.71084125,-9.19516855,,,,,,,,,,,,
7e47e7a4-ea4b-4549-99d7-c9e65655b5f3,38.70298549,-9.202003683,Portugal,Lisbon,MUR,LWAL,CDN,2,RES,BP1,RSH1,RMN,,
0327d716-d144-4a96-b889-903613e7c491,38.71144648,-9.201289388,,,,,,,,,,,,
479b4075-af19-47f9-a078-59b30e103c2d,38.70012732,-9.18226722,Portugal,Lisbon,MUR,LWAL,CDN,3,RES,BP1,RSH1,RMN,,
d6acf2e5-64bc-4736-af2a-0f0bcdea9aed,38.7132763,-9.205937714,Portugal,Lisbon,MUR,LWAL,CDL,2,RES,BP1,RSH2,RMT1,,
89c33b64-ce3e-438f-854a-a0eaab6832f0,38.70022675,-9.20759303,,,,,,,,,,,,
ea790069-971d-49a8-a798-d6d88804c641,38.706516,-9.20341765,Portugal,Lisbon,CR,LFM,CDL,5,RES,BP3,RSH1,RMN,,
344d4f3d-5e1e-450e-8d08-60b5806a2f10,38.71153963,-9.199649567,Portugal,Lisbon,MUR,LWAL,CDL,2,RES,BP1,RSH1,RMN,,
a3a68fc9-16d0-4e56-a4df-1cd80eb2058f,38.71162402,-9.198873106,Portugal,Lisbon,CR,LFM,CDH,5,RES,BP1,RSH2,RMT1,,
11a5a685-1f41-444d-be27-d6a07d8dc8eb,38.6921292,-9.217235266,,,,,,,,,,,,
0362c73c-7923-4a24-9046-a885606a29b7,38.69946055,-9.215205482,,,,,,,,,,,,
dd7ecf45-6ef1-4d5a-909a-8359fc4dc254,38.7068957,-9.195474416,Portugal,Lisbon,MUR,LWAL,CDL,2,RES,BPD,RSH2,RMT1,,
022f6c7e-3489-4114-822d-bf234d6061b4,38.69961663,-9.219342153,Portugal,Lisbon,MCF,LWAL,CDM,2,RES,BPD,RSH2,RMT1,,
8c1f3d8b-28a2-4675-85a5-8a1b47d88e91,38.69760932,-9.218531085,Portugal,Lisbon,MUR,LWAL,CDL,2,RES,BPD,RSH2,RMT1,,
b64f3ee8-7655-41dc-a2a6-16743883e0c5,38.70585042,-9.183467148,Portugal,Lisbon,CR,LFINF,CDL,4,MIX(RES;COM),BP2,RSH2,RMT1,,
591c0d8b-cc23-4e11-9db2-3ea17c904cc8,38.70228618,-9.185876839,Portugal,Lisbon,MUR,LWAL,CDN,1,COM,BP1,RSH2,RMT1,,
f538cd03-261a-4371-92c0-71c42d8f3da9,38.70234365,-9.197825339,,,,,,,,,,,,
3d8d4193-28dd-4537-85eb-554a14b64690,38.69815687,-9.200722347,,,,,,,,,,,,
d0ddb3f1-6713-454a-8344-8b6047980ce1,38.70329142,-9.215042252,,,,,,,,,,,,
a49717ed-33f2-4c1d-9d73-0925b4357681,38.7053458,-9.186878123,Portugal,Lisbon,MUR,LWAL,CDL,3,COM,BP1,RSH2,RMT1,,
c024ecc8-4960-4ce2-80bc-7dba6fe12814,38.69480829,-9.218783438,Portugal,Lisbon,MUR,LWAL,CDL,3,RES,BP1,RSH2,RMT1,,
b1d4d08e-3164-400e-86d0-675a8318b4ff,38.70328388,-9.206302982,Portugal,Lisbon,S,LFM,CDL,1,COM,BP1,RSH1,RMN,,
1985f91f-5364-435e-a595-d03cc383829b,38.69516219,-9.215375721,Portugal,Lisbon,CR,LFM,CDH,2,COM,BP2,RSH3,RMT1,,
7b74b3d3-53e5-43b6-9990-ce5f18856e10,38.71186789,-9.200639871,Portugal,Lisbon,MUR,LWAL,CDL,2,RES,BPD,RSH2,RMT1,,
d2b1e5de-1f5f-4371-ac50-1a7ed856db2d,38.71189858,-9.215620773,,,,,,,,,,,,
81ba54b3-ecc2-4a8b-b2b4-fb25c7ca545b,38.70516405,-9.199851277,Portugal,Lisbon,MUR,LWAL,CDL,3,RES,BP1,RSH1,RMN,,
e9735956-cc63-4634-ab32-6aff22cc8e05,38.69987404,-9.178247107,Portugal,Lisbon,CR,LDUAL,CDN,1,COM,BP2,RSH1,RMN,,
835ee8cf-5420-4905-bfb3-d7cc57a2c398,38.7111244,-9.204252359,,,,,,,,,,,,
ea1ad5e4-ad7d-4bf3-956f-89ceef436eae,38.70197812,-9.201116406,Portugal,Lisbon,MCF,LWAL,CDM,1,COM,BP1,RSH1,RMN,,
037d9d2b-d0c1-4a76-84b1-9aeddec53591,38.70454186,-9.198994152,,,,,,,,,,,,
99455b33-1710-4099-a16a-0a25157ef656,38.71136838,-9.214411743,,,,,,,,,,,,
57f55564-8796-45e5-a1c8-7ea129dae2b6,38.69985281,-9.205429049,Portugal,Lisbon,MUR,LWAL,CDL,2,RES,BP1,RSH2,RMT1,,
ea6a70da-2e9b-49db-9425-347047512142,38.69933104,-9.192116066,Portugal,Lisbon,CR,LFM,CDL,4,MIX(RES;COM),BP1,RSH1,RMN,,
8bd170b5-7540-4a8c-b564-16257a656f2f,38.69779582,-9.20315287,Portugal,Lisbon,CR,LFM,CDH,1,COM,BPD,RSH2,RMT1,,
b4e6965c-7a5e-428c-a458-d3807093e0a7,38.70258817,-9.193101377,Portugal,Lisbon,MUR,LWAL,CDN,2,RES,BP1,RSH1,RMN,,
4f24ebbf-6f2e-40cf-8d8d-ddacefefc7d2,38.69999359,-9.205680337,Portugal,Lisbon,MUR,LWAL,CDN,4,RES,BP1,RSH1,RMN,,
9b3c805f-3e03-41f8-bf48-8d9e08c808bb,38.69260651,-9.213177276,Portugal,Lisbon,MUR,LWAL,CDN,2,RES,BP1,RSH1,RMN,,
3b5154b9-3608-4dda-ae09-919c99e07769,38.7054078,-9.183043463,Portugal,Lisbon,CR,LFM,CDL,4,RES,BP2,RSH1,RMN,,
62e5b0ae-9add-427b-8487-a261399b3687,38.69982813,-9.180521423,Portugal,Lisbon,S,LFM,CDN,1,RES,BPD,RSH7,RMT6,,
e5b6e8aa-984d-442f-adce-be53df64f733,38.69612894,-9.21644694,,,,,,,,,,,,
275e3e1f-661b-497f-86d1-424b7244147e,38.70222159,-9.214873317,,,,,,,,,,,,
9b519fd6-8bea-4b23-b156-71e7ab1c6b8d,38.706459,-9.20778455,Portugal,Lisbon,CR,LFM,CDM,08/set,RES,BP2,RSH1,RMN,,
92079545-94b4-4756-a865-753ebc5e9b42,38.6996748,-9.219273722,,,,,,,,,,,,
cc2b76c3-8b26-4b86-a28f-849421725c4b,38.69638927,-9.220771475,Portugal,Lisbon,MUR,LWAL,CDN,4,RES,BP2,RSH2,RMT1,,
80db320a-0f36-470f-b29d-f31d17c86dd9,38.69808265,-9.194027,Portugal,Lisbon,MUR,LWAL,CDN,1,RES,BPD,RSH2,RMT1,,
983493af-6697-46c5-bed6-3a4d9fd14324,38.69814905,-9.208921183,Portugal,Lisbon,CR,LFM,CDL,4,COM,BP3,RSH2,RMT1,,
30106774-d9b5-4ebb-809b-005c7284ce31,38.71649417,-9.214050699,,,,,,,,,,,,
fe13f7d9-7430-4327-87b7-666d69600248,38.70830264,-9.197387495,Portugal,Lisbon,MCF,LWAL,CDN,1,RES,BP1,RSH1,RMN,,
cdafe31c-0488-4e3b-a202-0ca925b0de37,38.70037099,-9.220142705,,,,,,,,,,,,
f4732818-b7d9-43b0-8701-aeae2a5d39fb,38.7067386,-9.176617552,Portugal,Lisbon,MUR,LWAL,CDN,2,COM,BP1,RSH2,RMT1,,
2f34cbb8-a28a-44cb-b174-c51fd8ad2f33,38.70048696,-9.225674269,Portugal,Lisbon,MUR,LWAL,CDL,3,COM,BP2,RSH1,RMN,,
cacfc039-817a-4e62-bdc6-70720c94dbf2,38.70547785,-9.180460088,Portugal,Lisbon,MUR,LWAL,CDN,4,COM,BP1,RSH1,RMN,,
f5a3e761-8273-45f1-91c7-ff58a755132c,38.70073944,-9.191555524,,,,,,,,,,,,
53a66dab-80b6-4542-bbca-327fba5ee518,38.70871301,-9.197351573,Portugal,Lisbon,S,LFM,CDL,1,IND,BPD,RSH2,RMT1,,
aa07a7d2-9f8e-49aa-a400-a59556f6b3a3,38.70256355,-9.195464581,,,,,,,,,,,,
2f845537-f46d-4624-abdd-f6960d239f5c,38.70862414,-9.213640821,,,,,,,,,,,,
eeb37eb8-be8c-4f1d-b69f-43ec52d627d9,38.71118113,-9.199420035,Portugal,Lisbon,MCF,LWAL,CDL,3,RES,BP1,RSH2,RMT1,,
36ac493a-2bef-4996-8128-704427f5b919,38.69756187,-9.194053091,Portugal,Lisbon,MUR,LWAL,CDN,4,RES,BP1,RSH1,RMN,,
85526c3b-a85a-420c-9fc9-6c0b2ca1d27e,38.69975223,-9.220101571,Portugal,Lisbon,MUR,LWAL,CDN,2,RES,BP2,RSH1,RMN,,
612fcd22-3479-45cd-a2f5-c181b53ddbf4,38.6963747,-9.19125595,Portugal,Lisbon,MCF,LWAL,CDN,1,COM,BP2,RSH1,RMN,,
22da749f-91c3-4b8f-affa-806f6becdb51,38.71648213,-9.216071068,Portugal,Lisbon,MUR,LWAL,CDN,3,RES,BP1,RSH1,RMN,,
411e304d-3238-402c-86d5-e7eb5f158974,38.71082935,-9.1969677,Portugal,Lisbon,CR,LFM,CDL,4,RES,BP1,RSH1,RMN,,
e2836a07-5612-439d-8e47-065327459762,38.69991351,-9.219478068,,,,,,,,,,,,
e7c167f2-9893-4234-9e23-3cb3ec1f5cd0,38.70011943,-9.206599811,,,,,,,,,,,,
aceff86b-09b3-4992-8cb0-e2af475f82df,38.7068194,-9.191632124,Portugal,Lisbon,CR,LDUAL,CDM,06/jul,RES,BP1,RSH1,RMN,,
317f91ac-fe1b-429e-8fda-dfdd67ffc53a,38.71620955,-9.21347075,Portugal,Lisbon,MUR,LWAL,CDL,4,RES,BPD,RSH1,RMN,,
fc3f724a-fe87-4aab-80bc-97caba69910e,38.7011869,-9.203136444,Portugal,Lisbon,MUR,LWAL,CDL,2,RES,BP1,RSH2,RMT1,,
e723426d-2474-4007-89da-4160a0fb0f90,38.71783136,-9.2128986,Portugal,Lisbon,MUR,LWAL,CDL,1,RES,BP1,RSH1,RMN,,
f80a11d4-99d6-4b58-9b90-1ba0307c0e73,38.70991186,-9.175470469,Portugal,Lisbon,MUR,LWAL,CDL,1,RES,BP1,RSH2,RMT1,,
8bdc1276-be31-49f0-9a19-4278180cf087,38.70367794,-9.195914402,Portugal,Lisbon,MUR,LWAL,CDL,3,RES,BP2,RSH1,RMN,,
fd07ca22-3331-4d7f-8c29-2c40638d561b,38.7064319,-9.2055965,Portugal,Lisbon,CR,LFM,CDH,08/set,RES,BP1,RSH1,RMN,,
62927aad-703a-4b18-93cd-7e7ccc0c47a0,38.70988046,-9.19141951,Portugal,Lisbon,CR,LFINF,CDL,5,RES,BP1,RSH1,RMN,,
82fea540-d992-4f2b-8fcd-2b26b40f03b1,38.71115162,-9.195130018,Portugal,Lisbon,MUR,LWAL,CDL,13+,RES,BPD,RSH1,RMN,,
b6e4ed74-68dd-4f74-a97c-ccfaa92af0b6,38.71182257,-9.208342738,,,,,,,,,,,,
090f339b-0c5f-4749-8363-1382b0309cbf,38.70060347,-9.180290011,Portugal,Lisbon,CR,LFINF,CDL,2,RES,BP1,RSH2,RMT1,,
1a8d9b1a-7334-4b19-93d4-afdbb7c81bb3,38.70711216,-9.212237053,Portugal,Lisbon,CR,LFM,CDL,3,RES,BP1,RSH1,RMN,,
49345fa7-8af7-4790-912e-8cc528818ac0,38.70146079,-9.217834506,Portugal,Lisbon,CR,LFM,CDN,1,RES,BPD,RSH1,RMN,,
4b6ab140-30de-49c8-82d1-bfb43e85affd,38.70849506,-9.193154057,,,,,,,,,,,,
239a209b-10de-42b7-9d68-3638cc6f3d36,38.70324955,-9.176683561,Portugal,Lisbon,HYB(MCF;MUR),LWAL,CDL,1,RES,BP1,RSH2,RMT1,,
9a436686-2732-4011-9262-cef353a7e8bd,38.705058,-9.201880768,Portugal,Lisbon,MUR,LWAL,CDL,13+,RES,BP1,RSH1,RMN,,
89e38716-3e22-4e1b-941d-a0f38630005d,38.70721759,-9.176096883,Portugal,Lisbon,MUR,LWAL,CDL,4,RES,BP1,RSH2,RMT1,,
afb2ee0c-3f6b-4942-8668-7d971b598ec2,38.7101514,-9.1982344,Portugal,Lisbon,CR,LFM,CDL,5,RES,BP1,RSH1,RMN,,
e3e720c5-bbfb-4a53-8b4c-85828def55f1,38.69984369,-9.224718244,Portugal,Lisbon,MUR,LWAL,CDL,4,RES,BP1,RSH2,RMT1,,
5bd24d37-48bd-408e-824c-d65b0e9d5ed9,38.70776284,-9.189222623,,,,,,,,,,,,
b36ab195-3ee7-424a-aff3-979ac765eb0f,38.70596809,-9.202675381,Portugal,Lisbon,CR,LFM,CDH,5,COM,BPD,RSH1,RMN,,
deb64803-9f3d-42b7-8dea-3f2557e64a0e,38.70299714,-9.178015435,Portugal,Lisbon,MUR,LWAL,CDN,1,COM,BP1,RSH1,RMN,,
cb125b1d-ebc4-4810-b73b-7278f1da5eda,38.71783456,-9.212185276,Portugal,Lisbon,MUR,LWAL,CDL,2,RES,BP2,RSH1,RMN,,
4bc77165-0f3a-48bd-923a-c21eaa86a79b,38.71177709,-9.200362272,Portugal,Lisbon,MUR,LWAL,CDL,2,RES,BP1,RSH1,RMN,,
731ef214-73c8-4649-99e2-bf8b22523cb3,38.69920561,-9.219583147,,,,,,,,,,,,
93afd0a5-5f30-4fad-8c18-7b0e6d3e8c6a,38.70092189,-9.203369916,,,,,,,,,,,,
6010d78c-624f-444b-9b8a-63f84ec37f0d,38.70690012,-9.191110136,Portugal,Lisbon,MUR,LWAL,CDL,2,RES,BP1,RSH2,RMT1,,
c215e9ce-630f-4dac-87fb-73542b68b846,38.70220476,-9.196530009,Portugal,Lisbon,MCF,LWAL,CDH,4,RES,BP2,RSH1,RMN,,
e8af54be-c93f-4c38-8919-ff5c27bcf1ea,38.69811239,-9.215905021,,,,,,,,,,,,
e7f8496e-e45c-427c-a791-c88f9535575e,38.70003344,-9.190728531,Portugal,Lisbon,CR,LFM,CDM,5,RES,BP2,RSH1,RMN,,
6b044dd3-9c1a-4c15-8159-23ba8ca87f1b,38.70286651,-9.19470313,Portugal,Lisbon,CR,LFINF,CDL,5,MIX(RES;COM),BP2,RSH1,RMN,,
a1a6cc95-7273-4f30-8071-647a7f27fbb4,38.69160261,-9.215918362,,,,,,,,,,,,
fd99eced-0af0-4c17-8b7f-e8aa4c2ebad2,38.69651222,-9.214458069,,,,,,,,,,,,
52c5b613-ef02-4745-bcf7-61d596a676fe,38.70231721,-9.181370366,Portugal,Lisbon,MUR,LWAL,CDL,2,COM,BP2,RSH1,RMN,,
ba7542a2-080d-4cb0-b7bb-8c0346b99e00,38.71821182,-9.191979089,,,,,,,,,,,,
d8ff9339-836b-4b49-8502-837afd3ecc93,38.70541894,-9.21165821,,,,,,,,,,,,
2d6bee58-d636-43ce-aaa1-4790329ee154,38.70939321,-9.199613675,,,,,,,,,,,,
cd12c287-e863-4076-ab12-5f222d59b7a8,38.70337254,-9.18210582,Portugal,Lisbon,MUR,LWAL,CDN,4,RES,BP2,RSH1,RMN,,
4f699728-7a10-4501-a802-4d32535fc385,38.70647395,-9.179118333,Portugal,Lisbon,MUR,LWAL,CDL,2,RES,BP1,RSH2,RMT1,,
32f0787d-40e7-4b6c-9a0c-f777d0421729,38.71448282,-9.195651998,Portugal,Lisbon,CR,LFM,CDN,1,COM,BP2,RSH1,RMN,,
1ad46c57-2422-43df-a27c-f8ad65377cda,38.70102433,-9.180794903,Portugal,Lisbon,CR,LFM,CDL,2,COM,BP2,RSH2,RMT1,,
35e375e9-dfbf-4fb1-b11f-1cd0a276063a,38.70033646,-9.218923053,,,,,,,,,,,,
66c8e707-bfa2-4719-b2ac-9dc656778094,38.70661433,-9.210818184,Portugal,Lisbon,MUR,LWAL,CDL,2,RES,BP1,RSH1,RMN,,
7b7e9f9d-30f8-4fde-b2b0-ef4d0b227bb5,38.6990998,-9.19908778,Portugal,Lisbon,MUR,LWAL,CDN,1,RES,BP1,RSH2,RMT1,,
630dc333-d60e-4343-a922-b42eba523866,38.69655958,-9.217630604,Portugal,Lisbon,MUR,LWAL,CDL,4,RES,BP1,RSH2,RMT1,,
c0c04217-5e93-4934-8894-45188f8567f4,38.70150264,-9.201262884,Portugal,Lisbon,CR,LFM,CDN,4,RES,BP1,RSH1,RMN,,
9d5a5495-2f00-4344-8654-3f60eeeb82e0,38.70553124,-9.182364192,Portugal,Lisbon,MUR,LWAL,CDL,2,MIX(RES;COM),BP2,RSH1,RMN,,
8eb89881-5a78-4e23-98ee-ff9ff03a2324,38.69785755,-9.195119895,Portugal,Lisbon,MCF,LWAL,CDL,2,RES,BP1,RSH1,RMN,,
571d2824-def0-4da3-a06a-5b2ca0782ff5,38.69870609,-9.225553982,Portugal,Lisbon,MUR,LWAL,CDL,4,RES,BP2,RSH1,RMN,,
1311ca19-71e0-4053-9b72-ff6e7cddb086,38.69571544,-9.21347626,Portugal,Lisbon,MUR,LWAL,CDL,4,RES,BP1,RSH1,RMN,,
5173a883-253d-470b-9ca0-0fe598e084b1,38.70716154,-9.202363425,,,,,,,,,,,,
d631a895-011a-4ac7-8b6b-f66fdd347003,38.70836743,-9.199661244,Portugal,Lisbon,CR,LDUAL,CDN,1,COM,BP1,RSH2,RMT1,,
73e4ca4f-6186-4fa9-bf81-ae7ea1072e88,38.6996783,-9.18906555,,,,,,,,,,,,
14b8d5f7-6901-48ad-a1d5-7b0537e3e542,38.715204,-9.21707665,Portugal,Lisbon,MUR,LWAL,CDL,2,RES,BP2,RSH1,RMN,,
5a61b164-a873-430f-8c00-42128eb14eb1,38.69830339,-9.191825758,Portugal,Lisbon,CR,LFM,CDN,4,RES,BP2,RSH1,RMN,,
b9d5ba96-539c-45ac-9be0-8ea39ce9c88a,38.70978194,-9.19654409,Portugal,Lisbon,MUR,LWAL,CDN,2,RES,BP2,RSH1,RMN,,
08e9fd69-0b48-49a9-96b2-c92b43cc7e22,38.71159307,-9.200896075,,,,,,,,,,,,
0c2ffc9f-8c22-48a2-ae3d-bc6e388844c8,38.70445382,-9.182810224,,,,,,,,,,,,
17c8ecf7-ecfc-4b3f-a1d0-f8118eebc91c,38.697594,-9.196318891,Portugal,Lisbon,CR,LFINF,CDN,3,COM,BP2,RSH1,RMN,,
92ba674c-2c2d-49f3-9dab-cc6e5a330ab7,38.69489021,-9.204192623,Portugal,Lisbon,S,LFM,CDM,1,COM,BP1,RSH5,RMT1,,
9dc37443-a928-4fab-abd8-f59d57dfb86b,38.71649133,-9.213687224,Portugal,Lisbon,MUR,LWAL,CDL,2,RES,BP1,RSH1,RMN,,
b53537e9-355c-43e2-b2b9-87d49abd7dce,38.70978215,-9.193669661,Portugal,Lisbon,CR,LFM,CDM,5,RES,BP1,RSH1,RMN,,
fa9566a0-408c-4d4e-b851-1e184a087ae4,38.70180207,-9.200722615,Portugal,Lisbon,MUR,LWAL,CDL,4,RES,BP1,RSH2,RMT1,,
c15c1bfe-7219-41e0-8b95-4ba99344b161,38.706512,-9.2035902,Portugal,Lisbon,CR,LFM,CDL,5,RES,BP1,RSH1,RMN,,
6a2671e0-f84d-43ed-a73d-682e30ba1203,38.70525538,-9.199469684,Portugal,Lisbon,MUR,LWAL,CDN,2,COM,BP1,RSH2,RMT1,,
9be486ba-066d-4afd-97a6-1be18aa4dc66,38.69924507,-9.189971327,Portugal,Lisbon,MUR,LWAL,CDL,1,RES,BPD,RSH2,RMT1,,
9cb2dc6d-a62a-4711-b3dc-8c28958e259e,38.69924037,-9.199485378,,,,,,,,,,,,
3fba8775-1390-4849-89a6-bad3e829886c,38.7099576,-9.18010385,Portugal,Lisbon,CR,LFM,CDH,5,RES,BP1,RSH2,RMT1,,
b6a5f71e-ba88-41a0-ad11-de6898474d6e,38.71048797,-9.20146394,Portugal,Lisbon,MUR,LWAL,CDL,1,RES,BPD,RSH2,RMT1,,
a3e9f489-10c3-47d8-a662-14222fde9fd0,38.69429433,-9.213196022,,,,,,,,,,,,
7db47b7d-a215-4ba6-877a-f375761bca57,38.71208064,-9.20111087,Portugal,Lisbon,MCF,LWAL,CDM,2,RES,BP2,RSH1,RMN,,
b5d1fd8c-9cc1-4354-b40b-2eed3ea075a9,38.7055336,-9.1982826,,,,,,,,,,,,
872014bf-e74b-4838-a973-1d8c1f79210c,38.70678145,-9.20290735,Portugal,Lisbon,HYB(MCF;MUR),LWAL,CDL,4,RES,BP1,RSH1,RMN,,
679f7a10-7a01-408f-98c6-06eb7e61a7f0,38.70340668,-9.178422826,Portugal,Lisbon,MUR,LWAL,CDL,2,COM,BP2,RSH2,RMT1,,
b98eae78-60fa-4175-b7a4-b2be0861bda2,38.69795374,-9.215558086,Portugal,Lisbon,MUR,LWAL,CDN,1,RES,BPD,RSH2,RMT1,,
87736654-39a3-4f86-809f-d53376d2520b,38.69748192,-9.2022761,Portugal,Lisbon,MUR,LWAL,CDN,2,COM,BP1,RSH3,RMT1,,
777ba96b-5f66-4a46-9d6a-5f5977f98b68,38.70268925,-9.1816715,,,,,,,,,,,,
11e2099a-eb1e-49ab-9cbc-daf786d6689a,38.69711407,-9.201848556,Portugal,Lisbon,MUR,LWAL,CDN,4,RES,BP1,RSH1,RMN,,
d15477bf-05c6-4ba4-83bf-801bf8f4e161,38.70068185,-9.2231578,,,,,,,,,,,,
4e4b439b-97b4-4758-bf6a-9ccea5d44295,38.71241605,-9.2095293,Portugal,Lisbon,MUR,LWAL,CDN,2,RES,BP1,RSH1,RMN,,
9d364c72-8760-472a-9392-6c37849920ac,38.7089011,-9.17511835,Portugal,Lisbon,MCF,LWAL,CDL,1,IND,BP1,RSH2,RMT1,,
41940b5c-dab6-4ea4-9481-feee1665f8c8,38.69872207,-9.220454094,,,,,,,,,,,,
626d7249-d6cd-43ee-8ef5-53a28b4592af,38.70604126,-9.175705658,Portugal,Lisbon,MUR,LWAL,CDL,1,RES,BP2,RSH1,RMN,,
fb113e39-b02d-49df-ada3-0d3b8add0d87,38.70743502,-9.217309318,,,,,,,,,,,,
7fb132b6-5e83-4c34-a7d8-9e73d3e24545,38.70058187,-9.205326409,Portugal,Lisbon,MUR,LWAL,CDN,1,RES,BP2,RSH2,RMT1,,
0e178119-684d-4d30-a241-386dc8be2990,38.6961051,-9.21812365,Portugal,Lisbon,CR,LDUAL,CDM,1,COM,BPD,RSH2,RMT1,,
e935244c-4f72-4eaf-8e71-2d4926dba420,38.70461514,-9.181966058,Portugal,Lisbon,CR,LFM,CDL,5,RES,BP2,RSH1,RMN,,
ac1fdfb6-02a1-4b11-9496-a0675b4bab2e,38.70539665,-9.1998185,Portugal,Lisbon,MUR,LWAL,CDL,2,RES,BP2,RSH2,RMT1,,
d37b30ba-5b4e-47c6-9bf1-940438395431,38.70465444,-9.190836278,Portugal,Lisbon,CR,LFINF,CDL,4,MIX(RES;COM),BP2,RSH1,RMN,,
662158c0-0920-4d31-8480-4bd0c784b38e,38.70529995,-9.186737171,,,,,,,,,,,,
f05b1789-6dee-426d-8af5-7c5e4ae29c54,38.69954048,-9.219499283,Portugal,Lisbon,MUR,LWAL,CDL,2,RES,BP1,RSH2,RMT1,,
cc3b1786-f48d-43ab-b200-e8516409e693,38.70497208,-9.178374348,Portugal,Lisbon,CR,LFM,CDL,4,RES,BP1,RSH1,RMN,,
5766e23b-be88-4d0b-bf66-acd6faedd317,38.7057774,-9.17710335,Portugal,Lisbon,CR,LFM,CDL,4,MIX(RES;COM),BP2,RSH1,RMN,,
adcab34e-b687-456f-8357-2d3c8e6a2e72,38.6961249,-9.215504425,Portugal,Lisbon,MUR,LWAL,CDL,3,RES,BP2,RSH2,RMT1,,
5daac4c1-3125-461f-b786-8c366e0639fd,38.70516106,-9.206807503,,,,,,,,,,,,
f6754f26-edd6-4c16-8b7d-acfed05f51e8,38.69704434,-9.202372264,Portugal,Lisbon,MUR,LWAL,CDL,1,IND,BPD,RSH2,RMT1,,
12353ac6-e1fd-4c19-ad71-3dd43de76a67,38.70515265,-9.2110579,,,,,,,,,,,,
ebddeaa1-712a-4206-9343-e2ccbd687985,38.69890638,-9.225677024,Portugal,Lisbon,CR,LFM,CDN,4,RES,BP3,RSH1,RMN,,
57c2b266-91c3-4056-be19-e701310f7a95,38.71426169,-9.180043086,,,,,,,,,,,,
406f3042-a929-4c38-ac4c-c638ae496fa3,38.69755587,-9.201309487,Portugal,Lisbon,CR,LFM,CDN,1,RES,BP1,RSH2,RMT1,,
90cc0728-a424-48ad-8511-85a60a5cf253,38.71346333,-9.214925065,,,,,,,,,,,,
0348bcbd-8670-4299-add0-aa81d81f2744,38.71010499,-9.192623641,Portugal,Lisbon,CR,LFM,CDH,06/jul,RES,BP1,RSH1,RMN,,
7c3c2aff-efd6-4561-8800-90519b46b5ff,38.69924901,-9.223686878,,,,,,,,,,,,
2b4e4993-c0c3-4f7f-986c-4e475e597175,38.70471718,-9.197574081,Portugal,Lisbon,CR,LFINF,CDN,4,MIX(RES;COM),BP2,RSH1,RMN,,
d2a8bb61-5438-45a6-8b66-890c16daa29a,38.70422991,-9.213537544,Portugal,Lisbon,MUR,LWAL,CDL,1,RES,BPD,RSH1,RMN,,
9015eb6b-8dc6-41df-a3be-857ac47ee634,38.70203124,-9.217536531,,,,,,,,,,,,
6a7cbb77-5848-403d-9481-2f1c5f129222,38.70358801,-9.210217576,,,,,,,,,,,,
0ba7631c-d696-4cea-a0ce-e9db60b10558,38.71560964,-9.176022929,,,,,,,,,,,,
8cea435b-b9f7-462a-a75f-e089fba3c145,38.71597789,-9.217191633,Portugal,Lisbon,MCF,LWAL,CDH,2,RES,BPD,RSH1,RMN,,
726db497-7cfd-4f6e-b59a-dc2fb1669fa9,38.69613409,-9.21998553,,,,,,,,,,,,
ce198cef-a085-43fd-8991-bdceb92408e0,38.70527152,-9.215663725,,,,,,,,,,,,
066297ef-e4f4-47bb-8960-53366d693dae,38.71511235,-9.215991475,Portugal,Lisbon,MUR,LWAL,CDL,2,RES,BP1,RSH1,RMN,,
2a6a093b-ef76-4c92-b053-d36315c0df35,38.70290129,-9.200222053,Portugal,Lisbon,MUR,LWAL,CDL,2,RES,BP1,RSH2,RMT1,,
047b59c8-d13d-4228-8159-b0df578705a9,38.70488282,-9.219833834,,,,,,,,,,,,
f297c591-43a6-4c2f-aced-f605a377a50f,38.69722486,-9.215167069,Portugal,Lisbon,MUR,LWAL,CDL,2,RES,BP1,RSH2,RMT1,,
2496a11b-274b-4057-8bfa-e9a8cf1304b2,38.70488102,-9.195684779,Portugal,Lisbon,MUR,LWAL,CDL,5,RES,BP3,RSH1,RMN,,
f7fe80f9-bfa9-407b-9daa-05d9e4449de9,38.70442129,-9.21626203,,,,,,,,,,,,
fd05af90-7491-4e0b-836a-f0163a3a6212,38.69905215,-9.1880765,Portugal,Lisbon,CR,LDUAL,CDH,13+,COM,BP1,RSH1,RMN,,
2d73c517-35e6-4afb-8bc0-a20e84a2c44b,38.69500213,-9.199928918,Portugal,Lisbon,CR,LDUAL,CDL,1,RES,BPD,RSH1,RMN,,
f3ab5bfa-ae2f-445b-b58a-06fd8870a4f6,38.7138966,-9.181030881,Portugal,Lisbon,CR,LFM,CDH,2,RES,BP1,RSH1,RMN,,
0c2dba7a-d665-4194-a5f4-40b1a1c82046,38.70016688,-9.226651625,Portugal,Lisbon,CR,LFM,CDH,4,RES,BP1,RSH2,RMT1,,
560eaddd-122c-475c-a3d1-a4e9b6192c16,38.71038032,-9.193783003,Portugal,Lisbon,MUR,LWAL,CDL,4,RES,BP1,RSH1,RMN,,
a6f8feb2-5ccf-4048-9dbf-4721009a2215,38.70758313,-9.195493918,Portugal,Lisbon,MUR,LWAL,CDL,2,RES,BP1,RSH1,RMN,,
2badc765-0760-4a46-b1f4-9ba4cbef87b2,38.70233108,-9.205187537,Portugal,Lisbon,MUR,LWAL,CDL,1,RES,BP2,RSH1,RMN,,
023800f6-d970-46df-99fe-3cdf97fe3d7c,38.71186713,-9.20320873,,,,,,,,,,,,
f053c1ce-b1d2-46bd-967c-a9b4d66d726d,38.70836984,-9.21112483,Portugal,Lisbon,MUR,LWAL,CDL,5,RES,BP1,RSH1,RMN,,
50d66626-9326-408c-85aa-723796a7f67d,38.69745307,-9.202590642,Portugal,Lisbon,CR,LDUAL,CDH,1,COM,BPD,RSH2,RMT1,,
6d9717dc-8af2-42a7-a9fe-a2864d9cecce,38.70606931,-9.211061772,,,,,,,,,,,,
1c025884-540f-4b59-b4c6-318ae9f481cb,38.69993345,-9.204661693,Portugal,Lisbon,MUR,LWAL,CDL,2,RES,BP1,RSH1,RMN,,
89985c12-03ee-48ca-8ae8-6fe3f5c66823,38.71439953,-9.194405876,,,,,,,,,,,,
b2d1070f-d7fa-4816-a10c-a0e0b669725d,38.7120237,-9.189713,,,,,,,,,,,,
b50fffc9-732e-496d-bf5f-553419aaa10e,38.69597897,-9.211512107,Portugal,Lisbon,CR,LFM,CDN,4,RES,BP3,RSH1,RMN,,
73dfe93a-5c1d-4b52-b469-993c69abd282,38.7166744,-9.2175057,Portugal,Lisbon,MUR,LWAL,CDL,3,RES,BP2,RSH1,RMN,,
a440f5c2-cbe5-4311-84b6-4722cba803b8,38.70707635,-9.21381335,,,,,,,,,,,,
daea07a5-51af-4ea3-b273-59acabb6febc,38.70872434,-9.175062149,Portugal,Lisbon,MUR,LWAL,CDL,4,RES,BP1,RSH1,RMN,,
8dbc1262-b406-4ee6-a2a9-99d213351c2d,38.69682698,-9.202235371,,,,,,,,,,,,
0a42b465-d3c3-499c-9e76-298dd9d1d2e0,38.69713981,-9.215412047,Portugal,Lisbon,MUR,LWAL,CDL,2,RES,BP2,RSH1,RMN,,
ae2731b6-ef12-4348-9315-249d5313356c,38.6978567,-9.21200205,,,,,,,,,,,,
3290007b-924f-46fe-a094-97b8b275bf48,38.71571578,-9.216930624,Portugal,Lisbon,MUR,LWAL,CDL,2,RES,BP2,RSH1,RMN,,
4e7538ed-e380-4a18-b366-e14c82228ca7,38.7098716,-9.194307964,Portugal,Lisbon,MUR,LWAL,CDL,4,RES,BP1,RSH2,RMT1,,
6a146dbf-f05a-48bf-af3e-7d581cdf451f,38.70571338,-9.180095636,Portugal,Lisbon,MUR,LWAL,CDL,2,RES,BP1,RSH2,RMT1,,
73b05c9a-35e3-47f7-b273-40d872dbc578,38.7172535,-9.21199875,Portugal,Lisbon,MUR,LWAL,CDN,2,RES,BP1,RSH2,RMT1,,
d7186bf6-2050-48f6-a41a-b24bdb2bba39,38.69772936,-9.215885969,,,,,,,,,,,,
8f669578-0221-438e-a05d-b2823f5e6ffc,38.69702553,-9.202843949,,,,,,,,,,,,
482ca2cd-c3de-4968-a44b-a85d1befe70e,38.70350377,-9.215573554,,,,,,,,,,,,
809e0e4e-391a-4646-8f6d-6b05cbc6dd33,38.70337325,-9.197724037,Portugal,Lisbon,MUR,LWAL,CDL,5,RES,BP1,RSH1,RMN,,
2e158ec9-42da-4ce1-9fee-b1d36f95862b,38.70034135,-9.20524177,Portugal,Lisbon,MUR,LWAL,CDL,2,RES,BP1,RSH2,RMT1,,
8475f03d-1db1-4293-81a6-9f208b98365a,38.70002264,-9.188289006,,,,,,,,,,,,
17c07601-4eb8-4a9b-8810-db385764b858,38.69402343,-9.222597758,,,,,,,,,,,,
747fc850-13f3-4f07-bf6d-9e614c40c91a,38.7048664,-9.2156277,,,,,,,,,,,,
8160cf01-ff63-4066-af68-a5a266ef89e8,38.6975585,-9.218376817,Portugal,Lisbon,MCF,LWAL,CDM,2,RES,BP2,RSH1,RMN,,
7b15d72d-8c50-43d9-ad56-dafd65c59039,38.71287838,-9.193604801,,,,,,,,,,,,
c819295e-3dcf-4c49-8d87-faaf569978da,38.70746126,-9.194928778,,,,,,,,,,,,
7893a7b3-6936-437c-baeb-b9368bfdc589,38.70744929,-9.189600711,Portugal,Lisbon,S,LFM,CDN,1,IND,BPD,RSH1,RMN,,
2ea3262d-f29c-478e-ab8f-f8b0c46b7e48,38.70567689,-9.185191667,Portugal,Lisbon,MUR,LWAL,CDN,3,COM,BP2,RSH1,RMN,,
baec2000-23dc-4fe8-8959-e71142c80306,38.71411485,-9.1813899,Portugal,Lisbon,MCF,LWAL,CDL,2,RES,BP1,RSH2,RMT1,,
78bca8f3-c139-4992-b50b-79e307a7b890,38.70214055,-9.20316975,Portugal,Lisbon,CR,LDUAL,CDN,4,RES,BP1,RSH1,RMN,,
a3b2d880-aca8-4513-a87e-01804c7c6b25,38.69893732,-9.204272267,Portugal,Lisbon,MUR,LWAL,CDL,1,RES,BPD,RSH2,RMT1,,
a97b5b9b-0e52-4530-bf25-bfa22d8150e6,38.72394748,-9.184310512,,,,,,,,,,,,
d194068f-72f7-4540-ac26-9d1b8a3918fc,38.70317309,-9.18344129,Portugal,Lisbon,MUR,LWAL,CDL,4,RES,BP2,RSH2,RMT1,,
1a4aed9a-8f9f-4b9e-b1fc-bab1c013b5af,38.70253086,-9.180664957,Portugal,Lisbon,MUR,LWAL,CDN,4,RES,BP1,RSH1,RMN,,
5745b4d5-2850-4566-bf96-018f293cab59,38.70790095,-9.206353571,,,,,,,,,,,,
01141a9c-a6f7-45f4-915f-f98db185d127,38.70341432,-9.183210067,Portugal,Lisbon,MUR,LWAL,CDL,4,RES,BP1,RSH1,RMN,,
e0d234e9-e701-4a24-961e-08825c72e28b,38.6995479,-9.19119905,Portugal,Lisbon,MUR,LWAL,CDL,5,RES,BP2,RSH1,RMN,,
24d471d2-72d5-43ed-851c-06a1c37aee03,38.70231653,-9.180331315,,,,,,,,,,,,
5cb1ff91-282b-40a4-bc16-d9bc1bc2b510,38.70894257,-9.193933609,Portugal,Lisbon,MCF,LWAL,CDL,4,COM,BP1,RSH2,RMT1,,
c1c16f53-d733-4dde-a07f-3338e39163f9,38.69703164,-9.203094683,,,,,,,,,,,,
3e916c2c-0441-4926-b8b4-297b3a06e53b,38.6989687,-9.191010367,Portugal,Lisbon,CR,LFM,CDL,4,MIX(RES;COM),BP2,RSH1,RMN,,
75b89b61-e76a-4b5a-bb9e-cacfb0afa37f,38.71293665,-9.207258349,,,,,,,,,,,,
9ceeb35c-33a2-4a99-8483-0cf9a51aabeb,38.69691607,-9.208862043,,,,,,,,,,,,
05cfa686-6ea0-4a8c-8386-e2f6bb6fd1b8,38.70722838,-9.206434298,,,,,,,,,,,,
2386a48a-469f-4d27-9367-89f739bb75da,38.70568428,-9.217266683,,,,,,,,,,,,
c89f651b-0936-41b4-8055-2a5e229dc564,38.69643657,-9.217311206,Portugal,Lisbon,MUR,LWAL,CDL,2,RES,BP1,RSH2,RMT1,,
9207f948-a45f-4392-920e-a379c366bc86,38.7010098,-9.20503375,,,,,,,,,,,,
fbbd28ed-4d30-4ad6-9313-bfae9f7f3514,38.70439452,-9.183770066,Portugal,Lisbon,CR,LFM,CDN,5,RES,BP2,RSH1,RMN,,
e51f0d33-f019-4073-9761-f89477504add,38.70764542,-9.209298894,,,,,,,,,,,,
0055e472-9c9f-4d83-88f7-04b90376c646,38.70298133,-9.196217223,Portugal,Lisbon,MUR,LWAL,CDN,1,RES,BP2,RSH1,RMN,,
489625de-5fd2-4e25-afe0-1a014edca393,38.69993468,-9.219874743,,,,,,,,,,,,
3c31dc7f-7a2b-48f3-a7e8-6eafc7202b28,38.70224555,-9.200986133,Portugal,Lisbon,MUR,LWAL,CDL,4,RES,BP2,RSH2,RMT1,,
0bb01caf-b0dc-4e19-9b1c-6b8c150a9242,38.69795381,-9.217353181,Portugal,Lisbon,MUR,LWAL,CDL,3,RES,BP1,RSH2,RMT1,,
aeb6c66f-e238-4a22-b790-717278a49648,38.69693842,-9.194783886,,,,,,,,,,,,
bccb0026-374a-4152-a93a-dfed894cfd08,38.70836608,-9.175573928,Portugal,Lisbon,MUR,LWAL,CDL,2,RES,BP2,RSH2,RMT1,,
a3aae78b-430f-43ac-a856-a0b7b749b038,38.6965934,-9.218871237,,,,,,,,,,,,
7542d829-016f-4bd1-8aef-c3a7a190a7f4,38.71433407,-9.181754643,Portugal,Lisbon,MUR,LWAL,CDL,2,RES,BP1,RSH1,RMN,,
ee88db50-b426-44fd-a88a-2750e64ce7d1,38.70579111,-9.182645793,Portugal,Lisbon,MUR,LWAL,CDN,10/dez,MIX(RES;COM),BP1,RSH1,RMN,,
4f80a2c8-03c0-4edb-8ca2-e8b51eb58dc4,38.70058998,-9.181059211,Portugal,Lisbon,CR,LFINF,CDN,2,COM,BP1,RSH2,RMT1,,
f0a069ea-44ec-4fae-ac3f-4e7fe6b8e7fd,38.7028823,-9.20344645,Portugal,Lisbon,CR,LFM,CDL,5,MIX(RES;COM),BP2,RSH1,RMN,,
68bdce74-746f-45c5-888a-e5b1f7660a57,38.6952311,-9.212259636,Portugal,Lisbon,MUR,LWAL,CDN,1,RES,BPD,RSH2,RMT1,,
8dc4d274-4ca5-4437-933a-c5e04269eba7,38.70444853,-9.20333372,,,,,,,,,,,,
a2aeba79-b6a8-496f-8112-d296fc5fe105,38.69516309,-9.202064794,Portugal,Lisbon,HYB(MCF;MUR),LFM,CDN,1,RES,BP2,RSH1,RMN,,
3027eff4-fcbf-4399-a9df-9c1a6f58299c,38.70628992,-9.21428303,,,,,,,,,,,,
f2f7656b-6ad5-4bf7-82c9-2d66cc4e8357,38.70035755,-9.209080835,,,,,,,,,,,,
032cd8dc-7569-4972-a6b4-2db3087c4fe4,38.71041927,-9.201935375,Portugal,Lisbon,MUR,LWAL,CDL,2,RES,BP2,RSH2,RMT1,,
468509d8-b0d3-46cf-8321-3a3fbc7bc6a7,38.70064828,-9.217844732,,,,,,,,,,,,
a4441891-cfd2-48c3-9470-6ba244ef0795,38.71734744,-9.210818775,Portugal,Lisbon,MUR,LWAL,CDL,3,RES,BP1,RSH1,RMN,,
d810422a-686d-466b-8c08-0ff17f0e8237,38.6987428,-9.194993258,Portugal,Lisbon,MUR,LWAL,CDL,2,RES,BP1,RSH2,RMT1,,
be671961-edd8-4142-af9c-bfcbb1375ed9,38.70471652,-9.199677876,Portugal,Lisbon,MUR,LWAL,CDL,2,RES,BP1,RSH1,RMN,,
5877f08d-7f46-4e00-8762-e9d494e49cda,38.69904065,-9.218245601,,,,,,,,,,,,
3c4363b4-1c9d-463d-9551-edd6b5e9b198,38.69556248,-9.218317985,Portugal,Lisbon,CR,LFM,CDL,5,MIX(RES;COM),BP1,RSH1,RMN,,
dc84c77b-9af9-439f-b8db-f75d4b8dd4f7,38.70732113,-9.211850315,Portugal,Lisbon,MCF,LWAL,CDH,3,RES,BP1,RSH2,RMT1,,
315c26f7-c9a9-4df2-98fe-419dbb9af22a,38.71707064,-9.213622719,Portugal,Lisbon,MCF,LWAL,CDN,2,RES,BPD,RSH5,RMT1,,
da752570-84ad-458b-8d4f-9eb753cf04d5,38.71385424,-9.204641645,Portugal,Lisbon,MUR,LWAL,CDN,1,RES,BP2,RSH2,RMT1,,
2564b0fd-cbf0-4a9f-bfd1-d8207c4ff04f,38.69865245,-9.20145789,Portugal,Lisbon,CR,LFM,CDN,1,COM,BPD,RSH1,RMN,,
518870a2-13a6-4479-84f0-42589732a86c,38.70099768,-9.19885462,,,,,,,,,,,,
e5619613-4079-465a-8f19-572c8193e315,38.70552748,-9.185403163,,,,,,,,,,,,
154e02fe-56e7-48e2-a299-6981ddca4c22,38.71146343,-9.192385367,Portugal,Lisbon,MUR,LWAL,CDL,2,MIX(RES;COM),BP2,RSH2,RMT1,,
df5b6f5d-3c87-430a-8eb8-d5439082ba00,38.69931684,-9.220905889,Portugal,Lisbon,CR,LDUAL,CDH,2,RES,BPD,RSH2,RMT1,,
832902fd-b0b6-4804-8e45-2b70849d1f97,38.71044668,-9.193675753,Portugal,Lisbon,MUR,LWAL,CDL,4,RES,BP2,RSH2,RMT1,,
8a5e9988-d167-470e-9956-7f59673da4e1,38.7034929,-9.21123367,,,,,,,,,,,,
5e21a7c9-baa6-4595-b76a-fe19cc726ff5,38.70152922,-9.191266021,,,,,,,,,,,,
c8de11de-3166-40bd-b5ab-056347308ba4,38.70166367,-9.191066005,,,,,,,,,,,,
86098535-ae45-4bba-869d-b2141a728d32,38.70463675,-9.21189245,Portugal,Lisbon,MUR,LWAL,CDL,2,RES,BP2,RSH1,RMN,,
94b3a17d-923d-4aae-868d-4649468a4249,38.70014326,-9.17746922,,,,,,,,,,,,
ad4419eb-f3a1-49e2-bcf7-858e08267054,38.70239722,-9.182569259,Portugal,Lisbon,HYB(MCF;MUR),LFM,CDN,4,RES,BP2,RSH2,RMT1,,
d53ca489-9dfd-4266-b533-ebfcb4d4c64c,38.69819139,-9.216992271,,,,,,,,,,,,
1a473ea7-4d91-495b-baf8-fe1975e69da3,38.69723792,-9.195467973,Portugal,Lisbon,MUR,LWAL,CDN,1,RES,BP3,RSH2,RMT1,,
826fd8e8-9307-4870-9252-62c04abb85bc,38.7054338,-9.181584487,Portugal,Lisbon,MUR,LWAL,CDL,5,RES,BP1,RSH2,RMT1,,
92e55ccb-78f3-4cfa-9bd3-d5be13e7b259,38.71139791,-9.202475021,,,,,,,,,,,,
4e3bd51a-eb77-43c9-8c93-7309b4173be5,38.69599061,-9.221100716,,,,,,,,,,,,
5f822eeb-b5ce-4f03-994c-2236c90045c3,38.70597938,-9.177346097,Portugal,Lisbon,CR,LFINF,CDL,4,MIX(RES;COM),BP3,RSH1,RMN,,
c4094948-f941-412d-8d43-925c281043de,38.70498927,-9.18339295,Portugal,Lisbon,MUR,LWAL,CDL,4,RES,BP2,RSH1,RMN,,
12ee1118-a6ba-4d18-a7ce-79c5b7c55523,38.70410014,-9.183722538,Portugal,Lisbon,MUR,LWAL,CDL,4,RES,BP1,RSH1,RMN,,
2f7e307b-9fe0-4be4-a047-b02640001f4f,38.70589482,-9.181323812,Portugal,Lisbon,MUR,LWAL,CDL,3,COM,BP2,RSH1,RMN,,
ad28472d-b251-4bce-81bf-2bbe5a062db8,38.70435607,-9.191627261,Portugal,Lisbon,CR,LFM,CDH,4,RES,BP1,RSH1,RMN,,
8fef48f4-79ff-4aab-88cf-99738f072d5b,38.70423171,-9.215153263,,,,,,,,,,,,
48f1322c-34c2-4318-addf-9b1eec6dc64e,38.69891866,-9.187081593,Portugal,Lisbon,MUR,LWAL,CDL,4,RES,BP1,RSH1,RMN,,
4607ae41-d284-4ff1-bb72-bb87748d5a18,38.69823878,-9.190525664,,,,,,,,,,,,
632cb663-90af-4043-9a92-676637933737,38.70267706,-9.216219362,,,,,,,,,,,,
339a48dd-028a-4349-95dc-81bfcdcf79fd,38.70245459,-9.216218974,,,,,,,,,,,,
0221bfa8-a6f7-41ea-bbd6-18cd8a9315eb,38.71981887,-9.186966992,,,,,,,,,,,,
cb879339-7424-4a11-9cfb-abebfc6d7034,38.70319988,-9.195155425,Portugal,Lisbon,CR,LFINF,CDM,1,COM,BP2,RSH2,RMT1,,
076f2d77-3566-46af-8089-8bca79c71713,38.70526117,-9.18803992,Portugal,Lisbon,CR,LFM,CDL,4,COM,BP2,RSH1,RMN,,
554dedf3-dcb2-4116-abe0-2f0285919d69,38.70003161,-9.222503721,,,,,,,,,,,,
ee11402f-c024-43f2-9c67-446689aa9de2,38.69486315,-9.2199096,,,,,,,,,,,,
6fd901a7-0edb-4daa-9a1a-24cc799138d2,38.70180856,-9.205699364,Portugal,Lisbon,MCF,LWAL,CDL,1,RES,BP1,RSH2,RMT1,,
ef1e0b16-8783-4214-adfd-7b1fb4822733,38.70155691,-9.194091481,Portugal,Lisbon,CR,LFM,CDL,08/set,RES,BP1,RSH1,RMN,,
bd0fbd11-4459-46bb-9e72-0327dcbfe494,38.70471405,-9.201976772,Portugal,Lisbon,CR,LFM,CDN,2,RES,BP2,RSH1,RMN,,
cebde780-d87e-4da7-8be1-9ee75450c55d,38.70823525,-9.175463283,Portugal,Lisbon,MUR,LWAL,CDN,2,RES,BP2,RSH2,RMT1,,
c46f77cc-8e5b-4c1a-b8af-dcfeeb7d231b,38.70805676,-9.19622678,Portugal,Lisbon,MUR,LWAL,CDL,1,COM,BP2,RSH2,RMT1,,
3e55f379-bd5d-4829-9728-c00c48272abc,38.70041412,-9.218962476,,,,,,,,,,,,
1cce8419-7ddf-4197-b474-d192ac730323,38.69514723,-9.217055674,,,,,,,,,,,,
625ac091-81e0-4f7e-9194-ec8965fcf037,38.70141022,-9.200314278,Portugal,Lisbon,CR,LFM,CDH,3,RES,BPD,RSH1,RMN,,
92467fc8-0d8b-47cf-b251-15cbaa63db99,38.70318506,-9.184223974,Portugal,Lisbon,MUR,LWAL,CDL,4,RES,BP1,RSH2,RMT1,,
715cd006-0d25-499a-a61d-7ae390af7c84,38.7080719,-9.193287757,Portugal,Lisbon,MUR,LWAL,CDL,4,RES,BP2,RSH1,RMN,,
333859bb-57b3-4ffe-8190-cf403f21567e,38.69561168,-9.214644805,,,,,,,,,,,,
159c5291-733a-4dc0-8abe-41e2659e139d,38.69989589,-9.217208208,,,,,,,,,,,,
22b5a3aa-5262-4862-8879-481963e83223,38.70082024,-9.223455817,,,,,,,,,,,,
a8fb863e-e708-4387-89cb-d4d0cac96041,38.70670365,-9.214159019,,,,,,,,,,,,
d0cfb8c9-46b7-4e7f-9cc0-8e5a94ca4de6,38.6924439,-9.218249445,,,,,,,,,,,,
a84a9cbb-7c7f-4dd0-8f6f-a729e43e9f3e,38.70152695,-9.184799036,Portugal,Lisbon,CR,LFINF,CDL,4,RES,BP2,RSH1,RMN,,
5067f433-7f52-41d5-8eee-e83e899ead4f,38.69816623,-9.195496483,Portugal,Lisbon,MUR,LWAL,CDL,4,RES,BP2,RSH1,RMN,,
456ecf37-40ed-4b74-a12d-fc1708697f72,38.7098306,-9.20171345,Portugal,Lisbon,CR,LFM,CDL,2,RES,BP3,RSH1,RMN,,
c4bf5677-fd75-4814-88ba-b7b0b068dedb,38.6979258,-9.212697855,,,,,,,,,,,,
360b0cdf-fc9d-4adf-a565-915b34d11c0f,38.69460196,-9.202687252,,,,,,,,,,,,
a10fff93-78e1-4083-965b-c0809a83ac97,38.69783817,-9.196104997,Portugal,Lisbon,MCF,LWAL,CDN,2,RES,BP1,RSH1,RMN,,
47a62921-c1c8-49f4-a1a2-7cdf26748711,38.71025697,-9.199322338,,,,,,,,,,,,
0c921d7c-fb0b-47fb-8825-886f11e81c05,38.69970846,-9.185356197,Portugal,Lisbon,MUR,LWAL,CDN,4,RES,BP2,RSH1,RMN,,
e3024d65-88a1-4426-905f-69711ec60d98,38.7063633,-9.194386315,Portugal,Lisbon,CR,LFM,CDN,06/jul,RES,BP2,RSH1,RMN,,
3a73bf6f-7aa3-4352-af63-1dee96e13dec,38.6997301,-9.178661959,Portugal,Lisbon,INF,LN,CDN,1,COM,BP1,RSH2,RMT1,,
c1bcf102-ba5c-47bc-a864-c9aad33aab25,38.7039178,-9.19723745,Portugal,Lisbon,CR,LFM,CDH,5,RES,BP2,RSH1,RMN,,
be8b28a9-4ddd-4bfa-9c39-713356d6fa24,38.70806723,-9.184216216,,,,,,,,,,,,
05c16c7a-101b-4180-87e6-de29a7cee9c7,38.6981998,-9.190357815,,,,,,,,,,,,
b5fa6a3d-57c2-4f70-99be-7cd6f4e3acbd,38.70413023,-9.190717225,Portugal,Lisbon,CR,LFM,CDL,5,MIX(RES;COM),BP2,RSH1,RMN,,
d660f1d3-8896-4b39-902d-c60e99b45904,38.70487084,-9.184714955,Portugal,Lisbon,HYB(MCF;MUR),LFM,CDN,08/set,MIX(RES;COM),BP2,RSH1,RMN,,
56b2cafc-c07a-497a-bbdb-7093a29a9a53,38.70348251,-9.205301527,Portugal,Lisbon,MUR,LWAL,CDN,1,RES,BP2,RSH1,RMN,,
10bfed61-45f7-493e-b89c-452bac567581,38.70801903,-9.195533777,Portugal,Lisbon,CR,LFM,CDL,1,RES,BPD,RSH2,RMT1,,
20e4a401-2145-452d-89aa-0b70334a1ea8,38.69799738,-9.215461793,Portugal,Lisbon,MUR,LWAL,CDL,1,RES,BP2,RSH2,RMT1,,
cff0b7bf-ca0d-4087-ac55-879009e40212,38.70085525,-9.181105938,Portugal,Lisbon,CR,LFM,CDL,2,COM,BP2,RSH2,RMT1,,
d39e4849-9bb0-4e71-8f24-c1c2c99ecb10,38.70407985,-9.180481817,,,,,,,,,,,,
3cd9dd25-4a44-4269-bd83-1294c84d77ae,38.70307081,-9.184960173,Portugal,Lisbon,HYB(MCF;MUR),LWAL,CDH,5,RES,BP2,RSH1,RMN,,
c3bd3c76-6e32-4811-9136-18ee98a5c780,38.70272041,-9.175630857,,,,,,,,,,,,
e4e223c4-bdfd-4f4a-b12f-bb1c4ea55f0e,38.71835015,-9.1916456,,,,,,,,,,,,
d3e26ec6-5439-4911-a7ea-0b3c3c4f08c0,38.7023776,-9.201765713,Portugal,Lisbon,MUR,LWAL,CDL,1,RES,BP1,RSH1,RMN,,
1d68c8c2-8af3-4139-96b4-de015dbcb918,38.70485555,-9.188758742,Portugal,Lisbon,MUR,LWAL,CDN,1,RES,BP1,RSH2,RMT1,,
f83ecf48-be45-4d71-a5c9-c3575f8ad143,38.69956861,-9.225258946,Portugal,Lisbon,CR,LFM,CDN,5,RES,BP2,RSH1,RMN,,
55dbcbc9-4cea-4913-a6bd-8ffc86e0d876,38.69907236,-9.217829655,,,,,,,,,,,,
324d8d07-7b82-4471-bc4c-ac3b84123ac9,38.70423996,-9.211083403,,,,,,,,,,,,
752bc202-0307-4e44-b9ae-94fbbba88a5d,38.70024841,-9.180372506,Portugal,Lisbon,CR,LDUAL,CDN,2,COM,BP1,RSH1,RMN,,
486299a6-529d-491c-89e5-b715433e57da,38.71802633,-9.211864108,Portugal,Lisbon,MUR,LWAL,CDL,4,COM,BP1,RSH1,RMN,,
225cf3ee-03be-4ec3-933b-95fa0156eff8,38.70573193,-9.205864585,Portugal,Lisbon,CR,LFM,CDL,4,RES,BP3,RSH1,RMN,,
76ca5bac-9561-49dc-9611-1d7514951a85,38.7047288,-9.21576515,,,,,,,,,,,,
ff026ff1-3156-4cf0-8772-0b494aee47fd,38.69452154,-9.201845572,,,,,,,,,,,,
ec0b0c58-fe23-4633-a35f-071c3225b207,38.69746546,-9.215911489,Portugal,Lisbon,MUR,LWAL,CDL,1,RES,BPD,RSH2,RMT1,,
1a4a89e8-29ae-41b8-a4e2-d8294c8370aa,38.69467474,-9.212424096,Portugal,Lisbon,CR,LFM,CDH,2,RES,BP1,RSH2,RMT1,,
807c1477-5e30-4663-9ab8-b3f8152a389b,38.70227799,-9.177424221,Portugal,Lisbon,CR,LDUAL,CDN,10/dez,COM,BPD,RSH1,RMN,,
d4413f60-51dc-4cb6-8b89-f9a9183c6eb1,38.71098872,-9.202220963,,,,,,,,,,,,
72800573-fac4-48a2-a30d-164ee3b65ecf,38.70000326,-9.218945321,Portugal,Lisbon,MUR,LWAL,CDL,1,RES,BP2,RSH2,RMT1,,
daf5e862-1f75-40b0-bb7b-f90bd3a7ff17,38.7099732,-9.21037845,,,,,,,,,,,,
a7a7b8ca-4ec8-4b5f-a9c7-0e03463bacb2,38.70378354,-9.183863437,Portugal,Lisbon,MUR,LWAL,CDN,4,MIX(RES;COM),BP2,RSH1,RMN,,
697e06e2-44da-41ef-8cb4-5b191ecf1e3c,38.70579786,-9.203954403,,,,,,,,,,,,
e47ef159-3a77-4852-9984-56da5eefcc1e,38.70138527,-9.199970528,Portugal,Lisbon,MUR,LWAL,CDN,4,RES,BP1,RSH1,RMN,,
0a10c1b7-461e-4055-80fd-a26284f94dcf,38.70281311,-9.184592885,Portugal,Lisbon,CR,LFM,CDL,4,RES,BP3,RSH1,RMN,,
1916eb5c-55be-4ce5-8f4f-c29aee2d391e,38.70746663,-9.174419748,Portugal,Lisbon,MUR,LWAL,CDL,1,RES,BP1,RSH2,RMT1,,
814815c4-2b6b-4c2b-86c9-e25eb5bb6e8c,38.70757296,-9.195330817,,,,,,,,,,,,
02c63750-d582-4a7b-8af9-e93cea7a5cfd,38.70590303,-9.214049492,,,,,,,,,,,,
8892fd24-49c3-42aa-8631-7c1a350f6a44,38.69817556,-9.216084633,,,,,,,,,,,,
908396dc-784d-46c9-b7fd-efe48078eb1a,38.70440135,-9.19710775,Portugal,Lisbon,MUR,LWAL,CDL,3,RES,BP1,RSH2,RMT1,,
babbba7f-0c05-42b0-9f12-fa52283df8b3,38.69951861,-9.190239874,Portugal,Lisbon,MUR,LWAL,CDL,5,RES,BP2,RSH1,RMN,,
0b4a27fc-ac04-4ad7-8e49-3083653c62a9,38.69889474,-9.188462074,Portugal,Lisbon,MUR,LWAL,CDN,1,RES,BP1,RSH1,RMN,,
8f5b5e18-816c-4e28-8d04-7caae81c2e3f,38.70255409,-9.182331252,Portugal,Lisbon,CR,LFINF,CDL,4,RES,BP2,RSH2,RMT1,,
9ed3eda0-2247-420c-a3e6-9c4526df3637,38.69965051,-9.225696607,Portugal,Lisbon,MUR,LWAL,CDL,4,RES,BP2,RSH1,RMN,,
6cb5801a-3936-4d71-a7e7-d856d16f72ec,38.7096164,-9.206855,,,,,,,,,,,,
bd74bbdc-03a5-4101-b3c7-5f320518da0d,38.70901974,-9.175860066,Portugal,Lisbon,MUR,LWAL,CDN,1,RES,BP1,RSH2,RMT1,,
ca29dfad-cab7-43aa-aeba-2fc79c98826e,38.71126963,-9.199961124,Portugal,Lisbon,MUR,LWAL,CDN,1,RES,BPD,RSH2,RMT1,,
ab206855-4716-4c05-a451-c8eb1927df29,38.70773766,-9.208624407,Portugal,Lisbon,CR,LFINF,CDN,5,RES,BP1,RSH1,RMN,,
00b9378c-0234-4356-a996-3ff5f984571d,38.70096865,-9.22269905,,,,,,,,,,,,
74b905a9-7b24-40d4-aaca-05d3e6b49940,38.71510265,-9.21541925,Portugal,Lisbon,MUR,LWAL,CDL,3,RES,BP1,RSH2,RMT1,,
75cdfdf9-1779-45da-b8b7-452f60fbdcbf,38.70234198,-9.194611328,Portugal,Lisbon,CR,LFINF,CDL,4,MIX(RES;COM),BP3,RSH1,RMN,,
fc353ffa-0da7-4333-8ab8-edaa8700745b,38.7056,-9.186845937,Portugal,Lisbon,MUR,LWAL,CDL,3,COM,BP1,RSH2,RMT1,,
a4b308d4-b219-4a5c-8eab-dbe240cd5870,38.70326215,-9.20978435,,,,,,,,,,,,
a5037118-586a-4d84-8246-aac58b075ae6,38.7139375,-9.176292,Portugal,Lisbon,INF,LN,CDN,2,RES,BPD,RSH2,RMT1,,
3c74c627-f9e0-497c-816a-b0360b568e1b,38.70241623,-9.201069596,Portugal,Lisbon,CR,LFM,CDM,2,RES,BP1,RSH2,RMT1,,
687342c6-e705-4cb1-bf16-8bb2c1531a25,38.70565361,-9.179390229,Portugal,Lisbon,CR,LFM,CDL,5,MIX(RES;COM),BP2,RSH1,RMN,,
56cd27d9-f532-4b59-be0f-a79d19daeda3,38.70761649,-9.198094762,Portugal,Lisbon,MUR,LWAL,CDN,2,RES,BP1,RSH1,RMN,,
46b270a8-33b9-48d8-ae1a-298feb2a95d5,38.71867418,-9.175328929,Portugal,Lisbon,MUR,LWAL,CDN,5,RES,BP1,RSH1,RMN,,
76d2ba59-8e3a-4835-a18f-48ae630c9de7,38.70042016,-9.190458217,Portugal,Lisbon,CR,LFM,CDL,5,MIX(RES;COM),BP2,RSH1,RMN,,
89a167d9-cc30-422f-b184-475d01ccfab4,38.69691468,-9.220975462,Portugal,Lisbon,CR,LFM,CDN,1,RES,BP1,RSH1,RMN,,
c6afafd9-5566-4893-895e-b4bb783e9342,38.70972393,-9.191076202,Portugal,Lisbon,CR,LFM,CDL,5,COM,BP1,RSH1,RMN,,
737c5ca6-0cf5-45aa-9a30-8007347521b0,38.7061223,-9.188193045,Portugal,Lisbon,CR,LFM,CDL,5,RES,BP2,RSH1,RMN,,
e09f5639-bea3-45d3-acdf-8119257487cb,38.70421924,-9.193317688,Portugal,Lisbon,CR,LFM,CDL,4,RES,BP1,RSH1,RMN,,
1fdfd565-9fde-4c31-8788-7a9b40f7c549,38.70839718,-9.203006239,,,,,,,,,,,,
72a0a831-7e51-4cec-8920-2f9a2048f545,38.70233234,-9.182431592,Portugal,Lisbon,CR,LFM,CDL,1,RES,BP1,RSH1,RMN,,
6c309501-13c3-4122-a52d-354198dd0bdd,38.709601,-9.174964333,Portugal,Lisbon,MUR,LWAL,CDL,4,RES,BP1,RSH2,RMT1,,
3ba83142-e480-49ac-88d5-ad6e1133e656,38.69744039,-9.200490778,,,,,,,,,,,,
fbaf3e7c-b165-40aa-84d5-8e4e63b26902,38.69846234,-9.191075698,Portugal,Lisbon,CR,LFM,CDM,2,COM,BP2,RSH2,RMT1,,
476091d6-3ede-4eaa-b3f7-dbd470bc3147,38.69781839,-9.192717849,Portugal,Lisbon,MUR,LWAL,CDN,4,MIX(RES;COM),BP1,RSH1,RMN,,
77bb3896-efeb-4a9e-8e4c-4d94cc4494e9,38.70170824,-9.203705416,,,,,,,,,,,,
1d95350b-a47b-4c4a-8844-5f3a99ebf95b,38.70225063,-9.201424993,Portugal,Lisbon,MUR,LWAL,CDN,4,RES,BP2,RSH2,RMT1,,
22417394-fc43-43af-85e4-98678646c88b,38.71282305,-9.2062689,Portugal,Lisbon,MUR,LWAL,CDL,2,RES,BPD,RSH1,RMN,,
ec23d97d-1156-4df4-b1db-47e34a8b4e36,38.70293493,-9.190020328,,,,,,,,,,,,
7219142d-ff48-486e-a5b2-b0bbeb05f4d9,38.70834799,-9.175950878,Portugal,Lisbon,MUR,LWAL,CDL,4,RES,BP2,RSH1,RMN,,
96929f11-567e-4b87-9469-270f94bdb0ea,38.70996292,-9.200801075,Portugal,Lisbon,MUR,LWAL,CDL,3,RES,BP2,RSH2,RMT1,,
c7759349-4474-4617-ba86-410e7c2d4b16,38.7001853,-9.205053177,Portugal,Lisbon,MUR,LWAL,CDL,3,RES,BP1,RSH2,RMT1,,
1bc9dc7a-a55a-4415-ad98-6a88ead31424,38.70099368,-9.183378202,,,,,,,,,,,,
6eac2199-6f4b-4efe-98ac-6a66d9e4509c,38.70518095,-9.182032456,Portugal,Lisbon,CR,LFINF,CDN,06/jul,RES,BP2,RSH1,RMN,,
77a3c302-549b-43cb-bef4-92f316e2b1ae,38.70647672,-9.175205647,Portugal,Lisbon,MUR,LWAL,CDN,2,RES,BP2,RSH1,RMN,,
5940d543-5723-4eb9-8cfe-e3c1c01f7066,38.70708991,-9.196423308,Portugal,Lisbon,MUR,LWAL,CDN,2,RES,BP1,RSH1,RMN,,
3d3766a9-c3ed-4c0e-afbb-2a22d3e5bad7,38.6965734,-9.2140126,,,,,,,,,,,,
9eb487d6-68b1-40b3-a8f0-00083e8c72dc,38.71036944,-9.198248045,Portugal,Lisbon,CR,LDUAL,CDH,5,RES,BP1,RSH1,RMN,,
e17e429a-27d2-42d2-b270-a648bcbbbaa8,38.70751263,-9.175921171,Portugal,Lisbon,MUR,LWAL,CDL,4,RES,BP1,RSH1,RMN,,
23968397-e8ab-4d86-b20d-cca9b757b4a9,38.70503395,-9.191437055,Portugal,Lisbon,HYB(MCF;MUR),LDUAL,CDH,2,RES,BPD,RSH2,RMT1,,
bdf539ae-c7ed-4913-a107-0b1afe948b20,38.69759408,-9.223321302,Portugal,Lisbon,MUR,LWAL,CDL,2,RES,BP1,RSH2,RMT1,,
0cc6cfa7-345a-4450-98ec-9f20524148c2,38.70217823,-9.185628126,,,,,,,,,,,,
b1c269d3-b749-41bc-b33d-b962c4add891,38.70306696,-9.19294243,Portugal,Lisbon,S,LFM,CDM,2,RES,BP2,RSH2,RMT1,,
abd9ab41-b13a-4951-9d79-ff9ad16885f1,38.6974558,-9.216644541,Portugal,Lisbon,MUR,LWAL,CDL,2,RES,BP2,RSH1,RMN,,
34027878-66da-4de9-8c54-c703ce6c3246,38.70002809,-9.204924605,Portugal,Lisbon,MUR,LWAL,CDL,1,RES,BP2,RSH2,RMT1,,
4db4ea37-7a3b-4033-8314-fcc62f594f82,38.70418749,-9.213200297,Portugal,Lisbon,MUR,LWAL,CDL,1,RES,BP2,RSH1,RMN,,
b039b22c-ae37-4584-9cb5-ee786bcc96b2,38.70590449,-9.183060145,,,,,,,,,,,,
c6a5ada1-2532-4234-bec3-84fce404755a,38.70410144,-9.200553205,Portugal,Lisbon,MUR,LWAL,CDL,2,RES,BP1,RSH1,RMN,,
b308ff6d-2ffb-4177-81cf-2e199843e91a,38.70361315,-9.188195,,,,,,,,,,,,
e08c34e4-3d75-4f60-a41d-165aa0b1fd91,38.70345075,-9.185242519,,,,,,,,,,,,
c13ad490-fd47-41d3-a57d-9d21c5759e28,38.708585,-9.208533813,Portugal,Lisbon,CR,LFM,CDL,5,MIX(RES;COM),BP1,RSH1,RMN,,
b848f046-2547-44cd-87d1-9a17ef8af2ae,38.72366807,-9.192627211,,,,,,,,,,,,
b051b96d-f89b-46b2-ac76-3922a02baf84,38.70828238,-9.175497956,Portugal,Lisbon,MUR,LWAL,CDL,2,RES,BP1,RSH2,RMT1,,
8a4b95df-0280-42c4-887f-2c8fd2e66540,38.7079606,-9.176828294,Portugal,Lisbon,MUR,LWAL,CDL,4,RES,BP1,RSH2,RMT1,,
48150f14-17fc-4fc3-8b27-03f06a17ac6d,38.69616268,-9.218301682,Portugal,Lisbon,CR,LFM,CDN,3,MIX(RES;COM),BP2,RSH3,RMT1,,
5043e153-5c57-4a91-8a2e-ee840044e7d6,38.70663442,-9.191901731,,,,,,,,,,,,
3c986265-ac4c-4fdf-af43-2aed3ddcedc0,38.71428651,-9.195436715,Portugal,Lisbon,CR,LDUAL,CDN,5,RES,BP1,RSH1,RMN,,
17b3f0b1-6e3e-45e0-a845-6b377909c561,38.71256917,-9.204080089,,,,,,,,,,,,
3ca3a4cb-b9dc-4f66-907e-c7b7afe8a07c,38.70984258,-9.197567168,Portugal,Lisbon,CR,LDUAL,CDH,08/set,RES,BP1,RSH1,RMN,,
641dd655-e1ac-4dad-be28-72956549cf00,38.70048628,-9.186637431,,,,,,,,,,,,
f1ff59a0-48ae-4846-9aac-0ddc47dca40f,38.71571968,-9.216018324,Portugal,Lisbon,MUR,LWAL,CDN,2,RES,BP1,RSH1,RMN,,
52d3be4f-1b33-4c47-aad1-4566c348c5f6,38.7089107,-9.214982334,Portugal,Lisbon,MUR,LWAL,CDN,1,RES,BPD,RSH1,RMN,,
2ca7b51b-2735-4b3e-9242-44b51befb3f1,38.69875672,-9.1943466,,,,,,,,,,,,
841e4046-eb20-4a14-9356-3f1e4b832699,38.71008767,-9.176236072,,,,,,,,,,,,
2841a338-9937-48d0-a06a-d19480010640,38.71722554,-9.215587364,,,,,,,,,,,,
c616cab5-ddc6-402f-bed4-fa22858d4b96,38.69698959,-9.201915823,,,,,,,,,,,,
ed1b4ae4-d5cd-459b-bf76-87e9aea57f51,38.69754926,-9.201699884,Portugal,Lisbon,CR,LDUAL,CDH,13+,COM,BPD,RSH1,RMN,,
39c31603-6ce7-4d4b-8d4a-29c25861131c,38.71412667,-9.206063753,,,,,,,,,,,,
0a9cfdb3-6e91-47e7-a022-a642ef03a019,38.71540459,-9.215707131,Portugal,Lisbon,MUR,LWAL,CDL,2,RES,BP1,RSH1,RMN,,
8e7f4d5f-acca-4927-af12-8cc969914b73,38.70976573,-9.201497571,Portugal,Lisbon,MUR,LWAL,CDL,1,RES,BP2,RSH3,RMT1,,
da3cca82-1047-4b38-99d6-382bfcc2646d,38.69597858,-9.215890862,Portugal,Lisbon,MUR,LWAL,CDL,2,RES,BP1,RSH1,RMN,,
36f3f7c5-c1a1-4458-87f3-de64da3da23f,38.7136732,-9.211201082,,,,,,,,,,,,
7a47efb3-2a9e-4284-96bd-c594581102ee,38.7147376,-9.180392,Portugal,Lisbon,MCF,LWAL,CDL,2,RES,BP1,RSH2,RMT1,,
c7e70ef1-5fa5-43ef-9b32-b6e93b1e0a32,38.70184584,-9.194621286,Portugal,Lisbon,CR,LFM,CDL,2,RES,BPD,RSH2,RMT1,,
e0b06268-f4c3-4980-a34e-72025b711b24,38.69751572,-9.203006941,Portugal,Lisbon,MUR,LWAL,CDN,4,MIX(RES;COM),BP1,RSH1,RMN,,
ed6101c1-ce83-4022-b0d5-a10c15e4c730,38.71100426,-9.201605356,Portugal,Lisbon,S,LFM,CDH,1,RES,BPD,RSH2,RMT1,,
56d11d62-873b-4698-9484-b4a69d0ae02a,38.69805545,-9.191684714,Portugal,Lisbon,CR,LFM,CDN,3,COM,BP1,RSH1,RMN,,
09a3b05f-f3bb-4432-af14-c27e3921485c,38.70800745,-9.1971103,Portugal,Lisbon,MUR,LWAL,CDL,2,RES,BP1,RSH1,RMN,,
28de2938-d128-4192-8b77-a51820a175b9,38.70272808,-9.192818511,Portugal,Lisbon,MUR,LWAL,CDL,4,RES,BP1,RSH2,RMT1,,
693b2160-d17e-464e-b363-5ab05168bbbc,38.7178224,-9.21199548,Portugal,Lisbon,MUR,LWAL,CDL,2,RES,BP2,RSH2,RMT1,,
24e28e79-7d07-46a5-a645-e21c01c323aa,38.69877839,-9.218681094,Portugal,Lisbon,S,LFM,CDN,3,RES,BP2,RSH1,RMN,,
19b9a6e7-2420-41d7-a9dd-872b8aca998e,38.70737082,-9.214050819,Portugal,Lisbon,W,LFM,CDN,1,RES,BP2,RSH1,RMN,,
da88f5ad-04b3-4406-9266-9e1c20a35fdb,38.7173028,-9.212848309,Portugal,Lisbon,MUR,LWAL,CDN,2,RES,BP2,RSH2,RMT1,,
76de7e07-5c99-49a4-b253-4a8525da467b,38.71230366,-9.208066933,Portugal,Lisbon,MCF,LWAL,CDL,2,RES,BP2,RSH1,RMN,,
46dc0f63-b5a3-4354-a55e-8da4327bb9d8,38.7008137,-9.21559305,,,,,,,,,,,,
d19ca2e9-2550-4e59-8dd6-583eadd35d68,38.70781746,-9.174939925,Portugal,Lisbon,MUR,LWAL,CDN,2,MIX(RES;COM),BP2,RSH1,RMN,,
6318d2d2-9f0e-44c6-848b-1b3762016735,38.69700187,-9.202721299,,,,,,,,,,,,
dc3541b2-e272-4e5f-b995-a59709e6ff6a,38.70256877,-9.183453675,Portugal,Lisbon,MUR,LWAL,CDN,4,RES,BP2,RSH1,RMN,,
ab5f11b6-a460-4499-9c16-68f0e7528bab,38.70512879,-9.176164728,Portugal,Lisbon,HYB(MCF;MUR),LWAL,CDN,1,RES,BP1,RSH1,RMN,,
06ff0de2-527a-4ece-ae6b-2a176c01fb26,38.6982556,-9.19386275,Portugal,Lisbon,MUR,LWAL,CDL,1,RES,BP1,RSH2,RMT1,,
a5233349-f410-4bcc-926d-98dd0e0cc5a3,38.71747209,-9.210823025,Portugal,Lisbon,MUR,LWAL,CDL,2,RES,BP1,RSH1,RMN,,
3315096e-1217-4c91-bccb-7a3b8ff4b7de,38.70480929,-9.188203371,Portugal,Lisbon,CR,LFINF,CDL,4,RES,BP1,RSH2,RMT1,,
e85cfa1b-367f-4942-9d55-88e62a50ba49,38.70855163,-9.202217971,,,,,,,,,,,,
63250fa1-f536-4015-97a6-c488b7604c00,38.69890802,-9.193894399,,,,,,,,,,,,
3a522635-e899-4d68-8776-563b0b039fba,38.7054716,-9.1826872,Portugal,Lisbon,MUR,LWAL,CDL,3,RES,BP1,RSH1,RMN,,
996e5c0b-4afc-4953-8c29-f89b4d28e943,38.69766304,-9.202456179,Portugal,Lisbon,CR,LFM,CDL,4,RES,BP1,RSH2,RMT1,,
1147d0eb-1f3a-4190-9f57-b50d0b5208d2,38.70279318,-9.214741299,Portugal,Lisbon,MCF,LWAL,CDM,3,RES,BP1,RSH1,RMN,,
dc1fdcdf-b621-49e0-b3b1-7578ae764475,38.69858312,-9.18907988,Portugal,Lisbon,MCF,LWAL,CDL,2,RES,BP1,RSH1,RMN,,
943154ab-f638-4f92-aab2-c51815dcef54,38.70227185,-9.19099645,Portugal,Lisbon,CR,LFM,CDL,4,RES,BP2,RSH1,RMN,,
96c6029c-60d2-466f-bd4f-de45b6c9a3ec,38.69615565,-9.214214638,,,,,,,,,,,,
fb926fa7-1344-4c89-b10f-98a007ffcba9,38.70455618,-9.200965151,Portugal,Lisbon,CR,LDUAL,CDN,2,COM,BP1,RSH2,RMT1,,
ff23e0bc-e420-4259-a515-a2b36771c209,38.70248829,-9.187701184,,,,,,,,,,,,
b92cb662-76c0-46aa-800a-2ea198fe5a2a,38.70637993,-9.187529523,,,,,,,,,,,,
11c1bd63-cfa8-49a4-955c-6ebd987daefe,38.70349228,-9.179254513,Portugal,Lisbon,MUR,LWAL,CDL,2,RES,BP1,RSH1,RMN,,
726f91e0-b66a-4970-b86e-1776ea782207,38.70499997,-9.181394106,Portugal,Lisbon,CR,LFM,CDN,5,RES,BP2,RSH1,RMN,,
b6e62650-5157-4956-9775-84aeae018378,38.71336182,-9.215687825,,,,,,,,,,,,
756f1194-1e2c-460c-84bc-58ba2b904b68,38.7004045,-9.178874519,Portugal,Lisbon,S,LFM,CDH,2,IND,BPD,RSH2,RMT1,,
b4c9cec3-a7da-4f05-987d-fe1860a6395f,38.69941965,-9.22110254,,,,,,,,,,,,
c91e1d41-4df0-40f3-a55f-bd17d628d5c6,38.70857091,-9.175724873,Portugal,Lisbon,MUR,LWAL,CDN,2,RES,BP2,RSH1,RMN,,
ac10ef47-2991-40a7-b21f-7dd40efe1dd0,38.70138412,-9.199372742,,,,,,,,,,,,
a0a41e38-8dbf-427f-ac48-524c3b243bf8,38.71292674,-9.205402196,Portugal,Lisbon,MUR,LWAL,CDL,1,RES,BP1,RSH2,RMT1,,
64d78302-0934-48ce-8a65-ee9e9b9aab09,38.7160598,-9.2011566,,,,,,,,,,,,
8d6dcfae-fe4a-4be9-ae35-958bfb105fba,38.71597722,-9.216608381,Portugal,Lisbon,MUR,LWAL,CDL,2,RES,BP1,RSH2,RMT1,,
c4642068-19de-4349-9726-6ab23c2fffab,38.70010575,-9.177578604,Portugal,Lisbon,MUR,LWAL,CDN,1,COM,BP1,RSH2,RMT1,,
80504f43-169b-48c8-b7f2-987322e766af,38.70290138,-9.180271406,Portugal,Lisbon,MUR,LWAL,CDN,3,RES,BP2,RSH2,RMT1,,
c37fc98d-75c5-4846-9d8f-aaf18182aec3,38.71162466,-9.19208177,Portugal,Lisbon,MUR,LWAL,CDN,2,RES,BP1,RSH2,RMT1,,
5f0cca9f-5b49-472d-bf46-ce93dd509e98,38.70204079,-9.188137256,,,,,,,,,,,,
391df7c8-b09a-4a72-9f14-a55176b7c861,38.70497592,-9.21040031,,,,,,,,,,,,
3bb570ce-4d0a-4fe1-95fa-522a90f0b7e0,38.7028077,-9.178826223,,,,,,,,,,,,
6358aef4-d841-4885-ac5e-ee214b5e8329,38.70141253,-9.201148908,Portugal,Lisbon,MUR,LWAL,CDL,4,RES,BP1,RSH1,RMN,,
4c82036c-a563-4c38-9fb6-2ae60fdbbe5b,38.70272736,-9.194775749,Portugal,Lisbon,MUR,LWAL,CDL,3,RES,BP1,RSH2,RMT1,,
8ad8d853-a1d0-45f0-95b3-4de0a38115c3,38.71294255,-9.204345681,Portugal,Lisbon,MUR,LWAL,CDL,2,RES,BP1,RSH3,RMT1,,
16394137-370d-463a-9c90-cbcea9f43e17,38.71054491,-9.199355041,Portugal,Lisbon,MUR,LWAL,CDN,1,RES,BP1,RSH2,RMT1,,
0a736ab9-6134-4a3b-b267-11da4c029f1a,38.70321704,-9.185152352,,,,,,,,,,,,
77fb8ab8-ce59-435a-b7cf-71cde42661c6,38.69895531,-9.190820125,Portugal,Lisbon,CR,LFM,CDN,4,RES,BP1,RSH1,RMN,,
eae8886a-2468-4a34-949f-bedb59249732,38.70159564,-9.201338248,Portugal,Lisbon,CR,LFM,CDN,4,RES,BP1,RSH1,RMN,,
2b2d9622-c220-4ec5-ba6e-83a34243ea11,38.69868495,-9.218821061,Portugal,Lisbon,MUR,LWAL,CDL,2,RES,BP2,RSH2,RMT1,,
e1e8c731-a09a-4f8c-b73b-9df344e24a18,38.70054167,-9.181111143,Portugal,Lisbon,CR,LFINF,CDN,2,COM,BP1,RSH1,RMN,,
39b6d190-14cc-4076-94d2-1b93b5f6020a,38.70470339,-9.18179106,Portugal,Lisbon,CR,LFINF,CDL,08/set,RES,BP2,RSH1,RMN,,
97da67ce-fa4b-428c-b479-d8e96e26db94,38.70454537,-9.18236643,Portugal,Lisbon,CR,LFM,CDL,06/jul,RES,BP2,RSH1,RMN,,
64606611-0164-4164-bac0-7845003b48f3,38.69857917,-9.185510835,,,,,,,,,,,,
9e0d7344-72e2-42c5-b052-a25f97ba01dc,38.70305043,-9.184860932,Portugal,Lisbon,CR,LFM,CDL,5,RES,BP1,RSH1,RMN,,
88dc620c-8868-414e-a3a9-a9ea84fe78c7,38.69832469,-9.212129766,,,,,,,,,,,,
dab17dcf-2f01-4b6f-930d-7be9c97d1471,38.70435728,-9.213132996,Portugal,Lisbon,MUR,LWAL,CDL,2,RES,BP2,RSH1,RMN,,
912b6aac-78d8-4a0c-8047-69488fbb4887,38.71065995,-9.20417425,,,,,,,,,,,,
635f5e89-bf48-453e-829e-a7fbfac9c387,38.7108831,-9.194174884,,,,,,,,,,,,
e02d2f34-1a7f-477f-9cd8-239898a14610,38.70626346,-9.190744166,Portugal,Lisbon,MUR,LWAL,CDL,2,RES,BP1,RSH2,RMT1,,
696d853f-0ea1-4d6c-be32-df96121c592c,38.70711706,-9.196250784,Portugal,Lisbon,MUR,LWAL,CDL,2,RES,BP2,RSH2,RMT1,,
f5d67f4d-cb2b-47d1-85d4-b04b7c00edea,38.70403965,-9.194933432,Portugal,Lisbon,MUR,LWAL,CDN,2,RES,BP1,RSH1,RMN,,
695aea0b-b220-47ed-bf90-199b7ac65017,38.70356033,-9.193735256,Portugal,Lisbon,MUR,LWAL,CDN,1,RES,BPD,RSH2,RMT1,,
990f7742-e486-442d-89c0-93ab611b66dc,38.70140402,-9.193255485,,,,,,,,,,,,
7c72f06f-76e2-44bb-bcf8-678a868a1b96,38.71466305,-9.21508055,,,,,,,,,,,,
a0bc3b3f-ef5f-4a6c-81fa-1e52cec1a6a7,38.69613385,-9.2173715,Portugal,Lisbon,MUR,LWAL,CDL,2,RES,BP1,RSH1,RMN,,
53433247-10d8-4131-8cf3-504d5464d2b0,38.69990921,-9.222151777,,,,,,,,,,,,
fa13f181-76b3-428c-ad6a-a033979fe9f3,38.70060305,-9.180756853,Portugal,Lisbon,MUR,LWAL,CDL,3,RES,BP1,RSH1,RMN,,
e54d6340-b92e-4d37-b356-9f96da5008cb,38.7010433,-9.2000361,Portugal,Lisbon,CR,LFM,CDN,4,RES,BPD,RSH1,RMN,,
48a3fc6a-3098-4e58-ae2b-d78b37b5cb44,38.70180974,-9.184442879,Portugal,Lisbon,MUR,LWAL,CDL,2,RES,BP2,RSH1,RMN,,
08d52ccd-cec4-49a7-a0a4-710ecca9b9cb,38.70466804,-9.198347051,Portugal,Lisbon,MUR,LWAL,CDL,1,IND,BP1,RSH2,RMT1,,
fc2aa207-ca98-4b4c-aafc-ed7b60840081,38.70288677,-9.185101033,Portugal,Lisbon,MCF,LWAL,CDM,3,RES,BP1,RSH1,RMN,,
db1e3301-2605-43b5-81e4-361c4bb8c98d,38.71202961,-9.213221742,,,,,,,,,,,,
846989d1-5f30-43f0-a7cf-5729b3ece48e,38.7101281,-9.194320816,Portugal,Lisbon,MUR,LWAL,CDL,5,RES,BP2,RSH1,RMN,,
14ad6e26-c13e-42af-b478-fa5fba399daf,38.7017029,-9.1861954,,,,,,,,,,,,
39c5adcd-8d5a-4a3b-b3a2-1a529484c190,38.70152156,-9.215189044,,,,,,,,,,,,
2cd21881-c54a-4395-b35b-d2aedce2c5ed,38.71679968,-9.212323865,Portugal,Lisbon,MUR,LWAL,CDL,4,RES,BP1,RSH2,RMT1,,
cfb11f92-cdf6-4200-9394-fb76c456e94a,38.69728579,-9.217962152,Portugal,Lisbon,MUR,LWAL,CDL,3,RES,BP2,RSH1,RMN,,
9b7f3772-ae4c-49dd-b375-c57fae3f0495,38.71295363,-9.208721643,Portugal,Lisbon,MUR,LWAL,CDL,2,RES,BP1,RSH2,RMT1,,
a633d75a-5f4d-40c7-9f3b-02419b4030bf,38.69644951,-9.221064719,Portugal,Lisbon,CR,LFM,CDN,4,RES,BP2,RSH1,RMN,,
7f926271-4b52-4a81-9619-3666bb87f6a4,38.70519376,-9.199412021,,,,,,,,,,,,
9c5bd6b6-69df-499f-aed3-0ab5da70c973,38.7061546,-9.209780036,Portugal,Lisbon,CR,LFM,CDH,5,RES,BP2,RSH1,RMN,,
13dd93ca-4cce-46b7-80ca-b2e80a52cf5c,38.69497667,-9.198533966,,,,,,,,,,,,
319fd3eb-1abe-40db-b553-3c00756489e0,38.69960492,-9.211582002,,,,,,,,,,,,
66f70ec5-67fd-4d36-af90-3f883a5c2f20,38.70286667,-9.181077226,Portugal,Lisbon,MUR,LWAL,CDN,4,RES,BP1,RSH1,RMN,,
493206a7-4da7-4b94-a976-537c0be660f6,38.7065026,-9.180714381,,,,,,,,,,,,
227dbdb5-99cd-428c-8852-0ec4f1864376,38.71233323,-9.203566395,,,,,,,,,,,,
c7f9c503-3fdd-4dce-bd22-3ddb7942c4ba,38.69823151,-9.190538393,,,,,,,,,,,,
4f24497a-042c-4726-90b3-cc418f58b964,38.70181275,-9.221123413,,,,,,,,,,,,
7e77273c-f5ee-495a-a7c0-e98ad38fe7d2,38.71587,-9.216617571,Portugal,Lisbon,MUR,LWAL,CDL,2,RES,BP1,RSH1,RMN,,
62af35d3-01f4-455f-b832-0a69899ec399,38.70203043,-9.17632804,,,,,,,,,,,,
dda00b78-3863-47ea-8626-5cce967bb4b3,38.70692302,-9.194847611,Portugal,Lisbon,MUR,LWAL,CDN,2,RES,BP1,RSH2,RMT1,,
3f565049-4144-41fe-b467-62cf5931dba3,38.7000906,-9.1824293,Portugal,Lisbon,MUR,LWAL,CDN,3,RES,BP1,RSH1,RMN,,
9cf45399-8da5-4789-ae75-940941a578fa,38.70040704,-9.226327849,,,,,,,,,,,,
f3b59414-431a-478b-801a-92b698651841,38.70080991,-9.188304832,,,,,,,,,,,,
04504180-bbc5-4800-8c41-a43c85092cf3,38.71558051,-9.216325925,Portugal,Lisbon,MUR,LWAL,CDL,2,RES,BP2,RSH2,RMT1,,
7fe3d613-f747-4ea6-bb02-ca6e0e094119,38.6985149,-9.225546975,Portugal,Lisbon,CR,LFM,CDL,4,RES,BP1,RSH1,RMN,,
0c807ce9-8991-4a13-abf3-b83cf408aad7,38.69858592,-9.185292989,Portugal,Lisbon,CR,LDUAL,CDH,10/dez,COM,BPD,RSH1,RMN,,
e2bd21c7-bf21-4a6a-b7d2-7a32b1c5ffdd,38.71330539,-9.175998114,,,,,,,,,,,,
7d178a7e-37a2-47cb-859f-7fa8611bed5f,38.69697107,-9.218222112,Portugal,Lisbon,W,LFINF,CDM,2,RES,BPD,RSH1,RMN,,
64b8eb63-4d4a-4399-98a0-cf0cdc0a7a4f,38.71226783,-9.215948868,,,,,,,,,,,,
41f5926f-7e76-4212-8347-f34fd283e1eb,38.70160508,-9.19172196,Portugal,Lisbon,CR,LDUAL,CDN,1,IND,BPD,RSH2,RMT1,,
9f23d153-1043-421c-88d3-3697104612f2,38.69558965,-9.221470162,Portugal,Lisbon,MUR,LWAL,CDL,2,RES,BPD,RSH1,RMN,,
43f7070a-e6e2-4f88-9a6a-be098e771463,38.69883522,-9.191226868,Portugal,Lisbon,CR,LFINF,CDL,4,RES,BP2,RSH1,RMN,,
8073500f-b95d-466f-a74d-3a5a5dac73e0,38.69448458,-9.218380527,Portugal,Lisbon,MUR,LWAL,CDN,1,RES,BP1,RSH2,RMT1,,
7c4aeb28-bbd5-4faf-8c40-b85a65c9d228,38.7027254,-9.21519645,,,,,,,,,,,,
09d6ed15-e032-4975-b03c-b4c340bba679,38.69836463,-9.200101169,Portugal,Lisbon,CR,LFM,CDM,1,COM,BPD,RSH2,RMT1,,
7507321e-2711-43eb-974a-6f93b96b1d39,38.70340476,-9.192337931,Portugal,Lisbon,MUR,LWAL,CDL,4,RES,BP1,RSH1,RMN,,
9ba8bf48-c7f7-4101-9b86-58fc96a28ff9,38.7046355,-9.202540204,,,,,,,,,,,,
f438c5ea-0606-4eff-afbc-1cd86c05e36d,38.70210553,-9.182172306,Portugal,Lisbon,S,LFM,CDL,4,RES,BP1,RSH2,RMT1,,
3a574f3d-d98f-48c4-9728-fe6fc1eacc1e,38.70774153,-9.211714466,Portugal,Lisbon,CR,LFM,CDL,3,RES,BP1,RSH1,RMN,,
60b95b2f-c3a0-4061-a312-c0d340984a2a,38.6994145,-9.2209788,,,,,,,,,,,,
7645bcd1-bcf2-4744-8f74-467537b143dd,38.70661954,-9.179903029,,,,,,,,,,,,
519c2a49-0aa2-47a1-a796-9bfa06921eb5,38.70031216,-9.193327296,Portugal,Lisbon,MCF,LWAL,CDN,2,COM,BP2,RSH1,RMN,,
555ca5e5-a806-47c4-beea-5aa678e3a9fa,38.7221012,-9.180456469,,,,,,,,,,,,
d48816b2-6509-41f3-a583-0afaa62d0e6c,38.70953881,-9.199705083,Portugal,Lisbon,MUR,LWAL,CDN,1,RES,BP2,RSH2,RMT1,,
a4af856f-d835-4511-b61b-7027fb693608,38.70564192,-9.180438388,Portugal,Lisbon,CR,LFM,CDL,4,RES,BP1,RSH2,RMT1,,
544587bd-7498-4bb5-b43a-a703e4444ad1,38.70194084,-9.216284666,,,,,,,,,,,,
422370dd-676b-47aa-9c16-00873d9a21ef,38.69841922,-9.191424053,Portugal,Lisbon,MCF,LWAL,CDL,4,MIX(RES;COM),BP1,RSH3,RMT1,,
4115afb3-c32e-4dc3-9550-fd79ec9affb5,38.69835903,-9.222067707,,,,,,,,,,,,
3f6521e1-03b8-4a33-a4ff-ac9ff7e68e8a,38.69516527,-9.21552593,Portugal,Lisbon,CR,LFINF,CDN,2,RES,BP2,RSH1,RMN,,
bcd6205b-053c-4e48-8608-4be1b52d422f,38.70349343,-9.184194755,Portugal,Lisbon,MUR,LWAL,CDL,4,RES,BP1,RSH1,RMN,,
e7e9a448-50b6-4980-9cc6-a07c7f2f7ab3,38.70875989,-9.193548264,Portugal,Lisbon,CR,LFM,CDM,5,RES,BP2,RSH1,RMN,,
fd5ea1fd-9134-43b1-a1eb-d26ce4488fbd,38.70142764,-9.204535741,Portugal,Lisbon,MCF,LWAL,CDH,2,RES,BP2,RSH1,RMN,,
a293a918-ef95-42f4-b423-f444d120ccc8,38.70854558,-9.175186717,Portugal,Lisbon,MUR,LWAL,CDL,1,RES,BP2,RSH2,RMT1,,
12519463-aed0-4197-971c-fdd289e2cfa3,38.6942856,-9.202594081,,,,,,,,,,,,
def3b4b1-873d-4680-86b7-6974127e5caf,38.70495328,-9.193218487,Portugal,Lisbon,CR,LFM,CDL,06/jul,RES,BP2,RSH1,RMN,,
56ad57cd-b73e-4a10-bfa0-796bb2676352,38.70343942,-9.176630076,Portugal,Lisbon,MUR,LWAL,CDL,3,RES,BP1,RSH2,RMT1,,
235816a7-07ec-4437-bd79-8c9d9a0023b1,38.71095175,-9.20404985,Portugal,Lisbon,MUR,LWAL,CDL,1,RES,BP1,RSH1,RMN,,
c8fb6365-f6bb-4067-b2df-32ec2168b000,38.70197296,-9.184395171,Portugal,Lisbon,MUR,LWAL,CDN,2,RES,BP2,RSH2,RMT1,,
a02c286f-adfd-4b67-8671-2f39d071e2e4,38.70000589,-9.187936621,,,,,,,,,,,,
c902431c-98a4-4c2a-ab28-1cdca2482462,38.70499138,-9.185233411,Portugal,Lisbon,MUR,LWAL,CDN,4,RES,BP2,RSH1,RMN,,
34557ab6-17ea-43f2-a00f-4eb7dab9fa95,38.69880692,-9.187516108,Portugal,Lisbon,MUR,LWAL,CDN,3,RES,BP2,RSH1,RMN,,
808c1048-1cc7-4859-b829-f4fe15a7baea,38.70348356,-9.192039082,Portugal,Lisbon,CR,LFM,CDN,1,COM,BP2,RSH1,RMN,,
cb159e42-b014-4295-a292-6452c80d0ac3,38.7155612,-9.19351392,,,,,,,,,,,,
ff4b57a0-19d5-4586-bcd1-c238f52e1e80,38.70193406,-9.215526459,,,,,,,,,,,,
2c03f77c-f51a-48be-a9cf-412caed39f96,38.70306997,-9.19587069,Portugal,Lisbon,HYB(MCF;MUR),LWAL,CDL,5,RES,BP1,RSH2,RMT1,,
ef0399a2-c9b8-4584-8b68-094892b5e277,38.69732016,-9.216727688,Portugal,Lisbon,MUR,LWAL,CDL,2,RES,BP1,RSH2,RMT1,,
e69f925b-b9c4-42c0-a7c2-ccf3e8d799b8,38.71589895,-9.215704775,Portugal,Lisbon,MUR,LWAL,CDL,3,RES,BP1,RSH1,RMN,,
139e6bdb-9db2-446d-9860-36df0bc5bc36,38.70079743,-9.193106708,Portugal,Lisbon,S,LFM,CDH,1,IND,BPD,RSH2,RMT1,,
8ef10222-9119-484d-b7ae-6ca7cf87b153,38.70450138,-9.183987108,Portugal,Lisbon,CR,LFM,CDN,4,COM,BP2,RSH1,RMN,,
680c91cc-aeea-4377-9940-4741d70d32a8,38.6965749,-9.21117035,Portugal,Lisbon,CR,LFM,CDL,4,RES,BP1,RSH1,RMN,,
4aa4f01e-0ade-4014-98e3-c1f852129f0f,38.70978869,-9.199251262,Portugal,Lisbon,MUR,LWAL,CDL,1,RES,BP2,RSH2,RMT1,,
1fab70f9-fd9a-4dbc-b193-3f5497c5d28b,38.70391045,-9.19813395,Portugal,Lisbon,HYB(MCF;MUR),LWAL,CDL,4,RES,BP1,RSH2,RMT1,,
13d1136c-5068-4a77-b332-0f92dd51b514,38.70430958,-9.180666923,,,,,,,,,,,,
0ebe1d6a-2170-4bdc-a9f6-1fde94619b35,38.70625152,-9.203930466,Portugal,Lisbon,CR,LFM,CDL,5,RES,BP1,RSH1,RMN,,
424360c1-9a7c-4ef5-a572-f657b18e6d57,38.70117346,-9.20079753,Portugal,Lisbon,MUR,LWAL,CDL,2,RES,BP1,RSH2,RMT1,,
8d70e51a-5940-4fa1-8b35-5d3c64d0cdd5,38.69850049,-9.204220011,,,,,,,,,,,,
16a0d213-cacc-4e79-812a-d8569bd4bd08,38.70917545,-9.2163677,,,,,,,,,,,,
c20dda6d-c0ae-4ee3-81dd-44ba213f6b46,38.70385128,-9.214834541,Portugal,Lisbon,MUR,LWAL,CDN,2,RES,BP2,RSH1,RMN,,
0148a0a3-cf34-441e-b95f-5ed595ee2f53,38.70060099,-9.181429389,Portugal,Lisbon,CR,LFM,CDN,2,RES,BP1,RSH2,RMT1,,
679c03f4-88db-4cef-999e-e640d17ee0c1,38.71061192,-9.191906712,Portugal,Lisbon,CR,LFINF,CDH,5,RES,BP1,RSH1,RMN,,
b22cf67b-adf3-4562-8783-6b7854eb7ac7,38.69643883,-9.211602049,Portugal,Lisbon,CR,LFM,CDM,06/jul,MIX(RES;COM),BP1,RSH1,RMN,,
4b470147-ad41-4f94-b146-fb796a26699a,38.69674593,-9.194232854,,,,,,,,,,,,
8963d3fc-2cad-4acc-8648-2006f1a04fcc,38.70639074,-9.198912702,Portugal,Lisbon,MUR,LWAL,CDL,2,RES,BP2,RSH1,RMN,,
8ed1a866-2a3a-4236-8c90-a4c8df1cb176,38.70700545,-9.201835312,Portugal,Lisbon,CR,LFM,CDH,10/dez,RES,BP1,RSH1,RMN,,
1b087039-69a2-4d8c-8fcc-ea542ca4732a,38.703565,-9.178895342,Portugal,Lisbon,MCF,LWAL,CDL,2,RES,BP1,RSH2,RMT1,,
84dd2f26-98bb-462b-acbc-4d0efd8ee6bb,38.70079689,-9.178190472,,,,,,,,,,,,
fea5e44c-a1c9-463b-aa22-778074e85fa6,38.70575861,-9.190466008,,,,,,,,,,,,
40fabd6f-fe28-4a44-8906-d84271b49206,38.6977266,-9.202204559,Portugal,Lisbon,MUR,LWAL,CDL,2,RES,BP2,RSH1,RMN,,
59da2a60-763a-4026-8886-3672a3878cda,38.70158468,-9.21841979,,,,,,,,,,,,
e74eb264-27e6-42aa-a7a5-171b4d41464d,38.70274225,-9.2034399,Portugal,Lisbon,CR,LFM,CDL,5,MIX(RES;COM),BP2,RSH1,RMN,,
df799794-7c67-474e-b7c0-0f779adfbd49,38.6952801,-9.2158158,Portugal,Lisbon,MUR,LWAL,CDL,4,RES,BP1,RSH1,RMN,,
1334adef-9d82-48e0-ae79-35e7a0ac80ef,38.7001249,-9.181688289,Portugal,Lisbon,CR,LFINF,CDL,4,RES,BP2,RSH1,RMN,,
f87eb41a-bed4-4afe-9c5f-0ed21d7336c2,38.6982699,-9.217163732,Portugal,Lisbon,MUR,LWAL,CDL,3,RES,BP2,RSH1,RMN,,
376fd863-6a60-4146-880f-0202f0a60109,38.69725189,-9.217851283,Portugal,Lisbon,MCF,LWAL,CDN,1,RES,BP1,RSH1,RMN,,
43e2eff1-8acf-402d-ac9c-db296707ea86,38.70653134,-9.215482429,,,,,,,,,,,,
bdfdabaf-d495-497d-8573-4e7b9f6ca86c,38.697309,-9.21863715,Portugal,Lisbon,CR,LFM,CDH,1,COM,BP2,RSH1,RMN,,
cfd3f413-8c71-43fe-8d68-20d8a47dc658,38.70633905,-9.176055475,Portugal,Lisbon,MUR,LWAL,CDN,2,COM,BP2,RSH1,RMN,,
c09fbbfb-f805-4a0a-a517-d9b9293e031b,38.69737213,-9.223526385,Portugal,Lisbon,MUR,LWAL,CDN,2,RES,BPD,RSH2,RMT1,,
e4041de5-5bee-4107-a0a8-d9d191daebf6,38.70088265,-9.19000225,Portugal,Lisbon,CR,LFM,CDN,06/jul,MIX(RES;COM),BP3,RSH1,RMN,,
3a685e0f-839a-4ace-bb66-c553187b64b9,38.70313539,-9.179992067,,,,,,,,,,,,
0e07c27b-38af-43e6-8681-a9f5e03a44c6,38.69586716,-9.224632334,Portugal,Lisbon,MUR,LWAL,CDL,2,RES,BP1,RSH2,RMT1,,
69eee4df-04ff-4787-be84-842b9832b51d,38.71722017,-9.215151369,,,,,,,,,,,,
b57cc1ed-54ee-4a05-8c2e-2315664475dd,38.6988318,-9.18739195,Portugal,Lisbon,MUR,LWAL,CDN,4,RES,BP1,RSH1,RMN,,
68d0be54-feba-4375-853b-80a7a4bca041,38.70134416,-9.206092178,,,,,,,,,,,,
f7c514e1-29e1-4b68-b50b-3f0e30021c7f,38.69939921,-9.187864923,,,,,,,,,,,,
cd123183-85e6-4978-9ba9-c08aee7db9e7,38.70789503,-9.188841124,,,,,,,,,,,,
b784d465-30af-4633-a2d4-18e927f436f8,38.7140052,-9.18121575,Portugal,Lisbon,MCF,LWAL,CDH,2,RES,BP1,RSH2,RMT1,,
719ce6bd-ff71-4223-a71d-cad9fa31b1ad,38.69784354,-9.202314148,,,,,,,,,,,,
23e3357b-66d6-4882-a106-282ee9795154,38.700589,-9.22492685,Portugal,Lisbon,CR,LFM,CDH,4,RES,BP1,RSH2,RMT1,,
0e387305-3396-433d-9645-a73376881a9b,38.70691973,-9.202390031,Portugal,Lisbon,MUR,LWAL,CDN,1,COM,BP2,RSH1,RMN,,
0c002637-08c8-4f42-8c3c-97bed06922db,38.69764122,-9.198208126,Portugal,Lisbon,MUR,LWAL,CDN,4,MIX(RES;COM),BP2,RSH2,RMT1,,
337dfaea-01b2-49db-b5e6-8108676348a8,38.70881066,-9.199361509,,,,,,,,,,,,
99ac5213-512e-4251-b0fe-4defeff7bf8d,38.7082368,-9.196133892,,,,,,,,,,,,
02d4cfab-e561-4afc-81eb-8c29e1497459,38.69779885,-9.216961453,Portugal,Lisbon,MCF,LWAL,CDL,4,RES,BP2,RSH1,RMN,,
fd63e3f6-d398-40d5-a92a-34434615f2b8,38.70329955,-9.192849896,Portugal,Lisbon,CR,LFM,CDL,4,MIX(RES;COM),BP2,RSH1,RMN,,
f3c24303-6353-4dc3-9869-2a8606246923,38.7096451,-9.182176802,,,,,,,,,,,,
0aa497c7-bc6c-4a18-b7cc-21d6a96eaa13,38.6993693,-9.2126602,Portugal,Lisbon,MUR,LWAL,CDN,3,RES,BP1,RSH1,RMN,,
0bd4bcc8-e3d6-4977-9c59-2073785757d6,38.70566701,-9.185409409,Portugal,Lisbon,MUR,LWAL,CDN,1,RES,BP2,RSH2,RMT1,,
b62f393d-5056-4892-a409-7f8e767b4755,38.69581623,-9.221034807,Portugal,Lisbon,MUR,LWAL,CDL,2,RES,BP1,RSH2,RMT1,,
39a84373-4e63-47b4-97d2-a32df724b288,38.69837982,-9.192552417,,,,,,,,,,,,
a1348ab6-d893-4b21-993d-a97b438b46f4,38.69857553,-9.21895006,Portugal,Lisbon,MUR,LWAL,CDL,2,RES,BP1,RSH1,RMN,,
b9683758-ff27-4e97-8d05-0ffa5d922b35,38.70573881,-9.179100229,,,,,,,,,,,,
acc27553-38d6-465c-b9e8-4bbaae920aa8,38.70630859,-9.17888965,,,,,,,,,,,,
10737bd9-4688-43d3-8662-36aabcdc6ae3,38.70401712,-9.193052709,Portugal,Lisbon,MUR,LWAL,CDL,2,RES,BP1,RSH2,RMT1,,
cb202929-ada4-4c6b-bdab-9287410c884e,38.69757976,-9.201983064,Portugal,Lisbon,MCF,LWAL,CDL,2,RES,BP1,RSH1,RMN,,
575b913c-05a5-409f-baae-e7ca47f62dba,38.70988449,-9.198947425,Portugal,Lisbon,MUR,LWAL,CDL,1,RES,BPD,RSH2,RMT1,,
6a547906-cce7-4a80-b715-7ee47af6b3b2,38.70340008,-9.197878161,Portugal,Lisbon,MUR,LWAL,CDL,4,MIX(RES;COM),BP2,RSH1,RMN,,
3170d331-051b-4d2d-8c69-ece07edc2be3,38.71031952,-9.190450485,,,,,,,,,,,,
f1470936-c82a-40d0-b396-ce4d581baa11,38.70679969,-9.190926705,Portugal,Lisbon,MCF,LWAL,CDL,2,RES,BP3,RSH1,RMN,,
931c0931-1d85-486a-bce6-4f94be128771,38.70917506,-9.18137914,Portugal,Lisbon,CR,LFM,CDN,1,COM,BP1,RSH1,RMN,,
3d4463f3-ed91-4c32-9874-350c9ce4d62b,38.70695529,-9.191493755,Portugal,Lisbon,MUR,LWAL,CDL,2,RES,BP1,RSH2,RMT1,,
d81b0788-910a-4722-9552-57ff41da8e38,38.70110884,-9.204212274,Portugal,Lisbon,CR,LFINF,CDH,3,RES,BP1,RSH2,RMT1,,
a9aa37f8-1980-4531-b22b-6e20789eb0ed,38.70288011,-9.199907428,Portugal,Lisbon,S,LFM,CDH,1,IND,BP2,RSH2,RMT1,,
70f0c63d-4ac1-423a-ae01-7073eb49d802,38.70452466,-9.177243028,,,,,,,,,,,,
541739a5-b7be-4557-ba5b-2827c3e4d0e5,38.70628275,-9.20553285,Portugal,Lisbon,CR,LFM,CDL,06/jul,RES,BP1,RSH1,RMN,,
9dd7ab4f-05fc-4316-a423-8a12ed3d8bbb,38.70930272,-9.199489331,,,,,,,,,,,,
b06a41e9-d92c-45f0-9100-edda93b4a946,38.71805744,-9.185463598,,,,,,,,,,,,
594186d3-64aa-4131-93d3-59e5be0989b5,38.70097546,-9.215227465,Portugal,Lisbon,MUR,LWAL,CDL,3,RES,BP1,RSH1,RMN,,
c365fb8a-180d-46d1-b8c6-09d21c79aa0b,38.7043385,-9.209491,Portugal,Lisbon,CR,LFM,CDM,13+,RES,BP2,RSH1,RMN,,
060214b1-0999-47ba-8183-73ab36075b46,38.69758658,-9.209637227,,,,,,,,,,,,
b8575788-6dfe-401d-bf5c-4e38b7e23335,38.70481184,-9.202228776,Portugal,Lisbon,MUR,LWAL,CDL,4,RES,BP2,RSH1,RMN,,
5f209418-c595-40b0-995d-4a64e6e85827,38.70476773,-9.188990073,Portugal,Lisbon,CR,LFINF,CDL,4,RES,BP1,RSH1,RMN,,
8fc2c1f7-7a8e-4272-9ae3-22c5c9c392f3,38.70918992,-9.199211777,,,,,,,,,,,,
3f275ef1-5a6d-4ea2-a298-3fc6271a5dbd,38.70043124,-9.219375854,,,,,,,,,,,,
f8ec3392-02b1-4f8e-a1a6-1518d1d3e916,38.69888862,-9.187252418,Portugal,Lisbon,MUR,LWAL,CDN,4,RES,BP1,RSH1,RMN,,
da320d32-5519-4db4-bb81-d796421cf7df,38.70318515,-9.20037525,,,,,,,,,,,,
626524c8-73b4-4437-aa19-a09e0b0868ff,38.69782969,-9.208772454,,,,,,,,,,,,
6238b319-d6c9-4452-81bb-6b787ab119bd,38.70125626,-9.203361418,Portugal,Lisbon,MUR,LWAL,CDL,2,RES,BP1,RSH2,RMT1,,
f68ea26c-88ca-421c-82ed-edad4a5dfbbc,38.71479164,-9.197821481,,,,,,,,,,,,
091f0858-4874-42bf-a6a3-401472fd72cc,38.70525446,-9.191826765,Portugal,Lisbon,MUR,LWAL,CDL,1,COM,BP1,RSH5,RMT1,,
f58e408e-38c5-4c27-a7b7-59df03d19e89,38.71628333,-9.215681106,Portugal,Lisbon,MUR,LWAL,CDL,2,RES,BP2,RSH2,RMT1,,
d8d637ff-0639-4d6b-ba59-8383f47fa118,38.69544824,-9.216303166,Portugal,Lisbon,CR,LFM,CDN,5,MIX(RES;COM),BP1,RSH1,RMN,,
09910b55-9cb5-4c64-a925-eeb04026c036,38.70494967,-9.202493796,Portugal,Lisbon,MUR,LWAL,CDL,3,RES,BP1,RSH2,RMT1,,
13c6223c-a17f-45e1-9f87-5cd007ff6e0b,38.70599371,-9.180143679,Portugal,Lisbon,MUR,LWAL,CDL,4,MIX(RES;COM),BP1,RSH2,RMT1,,
60f91412-2f96-4f31-b268-19cf1d804be3,38.70018994,-9.223968593,,,,,,,,,,,,
5a0357ce-d8e7-4a29-a193-b865a4a6feec,38.69877985,-9.19317435,,,,,,,,,,,,
a1217bb9-fbc0-4465-8d4d-12bc6987c9ae,38.705479,-9.1882741,Portugal,Lisbon,CR,LFM,CDL,3,RES,BP1,RSH1,RMN,,
861cfe41-b680-4a95-bfcc-43b660059da8,38.69960875,-9.220842938,,,,,,,,,,,,
7aedc45f-aa44-4784-81fe-26dd5a69c7d9,38.69802038,-9.217282822,Portugal,Lisbon,MUR,LWAL,CDL,1,IND,BPD,RSH2,RMT1,,
2b8aa4a1-2751-405f-b0fe-f673dd51a484,38.70404524,-9.213521426,Portugal,Lisbon,MUR,LWAL,CDL,4,RES,BPD,RSH1,RMN,,
4c2a8770-5346-44c0-af95-655bb33ba78c,38.69766034,-9.203095882,Portugal,Lisbon,MUR,LWAL,CDN,4,MIX(RES;COM),BP1,RSH1,RMN,,
0a33f57e-d34f-4f40-838b-2eeb72b07158,38.70586492,-9.176487094,Portugal,Lisbon,MUR,LWAL,CDN,4,COM,BP2,RSH1,RMN,,
ced17960-66b8-4940-89f7-38abb82ff735,38.69731155,-9.192947944,Portugal,Lisbon,MUR,LWAL,CDL,2,RES,BP2,RSH2,RMT1,,
60692a74-adf3-4ef1-987d-744d8387c7ec,38.71380622,-9.205762542,Portugal,Lisbon,MUR,LWAL,CDL,2,RES,BP1,RSH2,RMT1,,
fd374f10-39ce-4557-8ecd-493b472f0ffb,38.69706507,-9.187191323,Portugal,Lisbon,CR,LFM,CDL,1,COM,BP3,RSH1,RMN,,
8aaee22c-7d6e-4aaa-91c3-d3d2c6bcc879,38.70230888,-9.183630555,Portugal,Lisbon,MUR,LWAL,CDL,2,RES,BPD,RSH1,RMN,,
a79c75fb-c3d9-45b6-9d2a-537166ffcfe2,38.7129367,-9.184265902,,,,,,,,,,,,
9fd9f706-f9ce-4b90-85d8-43648556f129,38.70695112,-9.20766541,Portugal,Lisbon,CR,LFM,CDL,06/jul,RES,BP1,RSH1,RMN,,
0b81029e-0426-4ae5-8d50-d72f16454b85,38.71108715,-9.19881025,Portugal,Lisbon,CR,LFM,CDH,4,RES,BP1,RSH1,RMN,,
7d98484c-b60d-49bb-984b-d1789d70b7fe,38.6974935,-9.21067555,,,,,,,,,,,,
07ab51a0-9944-46fd-9753-966bef2b28bd,38.69823925,-9.21554035,,,,,,,,,,,,
6e6ff948-82a1-400f-bc48-da4925b6e1d4,38.71265548,-9.205656792,Portugal,Lisbon,MUR,LWAL,CDL,2,RES,BP1,RSH1,RMN,,
81c5ba70-eb6e-405d-aa6f-2ce552823c74,38.707013,-9.1910074,Portugal,Lisbon,MCF,LWAL,CDM,2,COM,BP2,RSH1,RMN,,
fb5d5589-4028-48f8-8550-4932702139a2,38.713425,-9.2106019,,,,,,,,,,,,
dfddd304-907a-4bbf-90d3-453aad693e59,38.70672436,-9.199325817,Portugal,Lisbon,MUR,LWAL,CDL,3,RES,BP1,RSH2,RMT1,,
72d6e229-6d13-4b59-a43a-3d9483c79779,38.69642734,-9.215713316,Portugal,Lisbon,MCF,LWAL,CDM,3,RES,BP1,RSH1,RMN,,
23217ebb-abfb-4102-8d54-03784cabbda4,38.70155298,-9.193791195,Portugal,Lisbon,CR,LFM,CDN,3,COM,BP1,RSH1,RMN,,
75f50840-8ace-48e1-ba7b-663c9a05d571,38.69982185,-9.220151429,,,,,,,,,,,,
c03d54f7-6a5b-4fb9-92dc-454974e826f9,38.71508072,-9.180335328,Portugal,Lisbon,MCF,LWAL,CDL,4,RES,BP1,RSH1,RMN,,
a4031228-1324-4cae-b28c-fd125d290624,38.71315931,-9.2050721,,,,,,,,,,,,
d9343c59-758f-4889-9b4b-bd041a1e2858,38.69957225,-9.203564667,Portugal,Lisbon,MUR,LWAL,CDL,4,RES,BP1,RSH2,RMT1,,
38bf5bd5-6f1d-4de1-a32a-573fadc6b9e1,38.69519043,-9.211687518,,,,,,,,,,,,
b9f3997b-17be-4477-be0d-faa846e0bb3f,38.70034402,-9.219768923,,,,,,,,,,,,
17d50cdd-1bde-40a4-ab32-70ecf58a0bbe,38.70000791,-9.177860596,,,,,,,,,,,,
40d19ae9-769e-4cd4-9fee-a9855147d1a6,38.70280313,-9.175475528,Portugal,Lisbon,MUR,LWAL,CDL,1,COM,BP2,RSH2,RMT1,,
2ca76fa8-de6b-4804-9e5b-d4919dec83e0,38.69968956,-9.203153062,,,,,,,,,,,,
1c2a0151-5ca8-43b1-a735-c2bd0a322997,38.70523352,-9.176930319,Portugal,Lisbon,MUR,LWAL,CDN,4,RES,BP1,RSH1,RMN,,
e2695f9c-b58d-424e-9fc2-035a045f8b73,38.7064829,-9.1983177,,,,,,,,,,,,
d0f2396b-ad7e-4fcb-a19b-1c0617177e48,38.70932947,-9.198936209,,,,,,,,,,,,
9d40fedc-48c3-4dbb-b6b5-b1fc79638f04,38.69968103,-9.222661366,Portugal,Lisbon,MUR,LWAL,CDN,2,COM,BP2,RSH2,RMT1,,
a304a33b-8e8e-4dc0-9629-517cf9ebe2b9,38.70207894,-9.189724064,,,,,,,,,,,,
f949970c-dd0b-4741-9b9a-41de917d6e34,38.70292333,-9.194105561,Portugal,Lisbon,CR,LFM,CDL,2,COM,BP2,RSH1,RMN,,
41d36142-865f-4050-942c-dfdb62e5d32f,38.70606322,-9.214244805,,,,,,,,,,,,
7e70d918-372e-44fc-ab18-d68a66c6b18a,38.7058318,-9.1835909,Portugal,Lisbon,CR,LFM,CDL,2,MIX(RES;COM),BP1,RSH3,RMT1,,
b162d4ef-116b-45bb-8e15-1cb2fcf3b7c8,38.69895945,-9.2186141,Portugal,Lisbon,CR,LFM,CDH,1,RES,BPD,RSH2,RMT1,,
3be918ec-4875-4ddd-9241-ae3c661bbe13,38.70508861,-9.214884578,,,,,,,,,,,,
41e67f5a-c359-4998-98a2-f576883503ae,38.70569403,-9.180200998,Portugal,Lisbon,MUR,LWAL,CDL,4,RES,BP1,RSH2,RMT1,,
568006ed-4e50-4a64-93cf-d1fd8c8721a6,38.70108733,-9.204003491,Portugal,Lisbon,MCF,LWAL,CDH,3,RES,BP2,RSH1,RMN,,
259f89b7-8c01-4224-a676-053f830121dc,38.70375904,-9.183208784,Portugal,Lisbon,MUR,LWAL,CDL,4,RES,BP1,RSH2,RMT1,,
7949425a-a7e0-4cf0-9562-0a030e58ae4a,38.7144995,-9.1800916,Portugal,Lisbon,MCF,LWAL,CDH,2,RES,BP2,RSH2,RMT1,,
9d594a42-4180-4eef-bba6-877be92cec96,38.70121381,-9.182329132,Portugal,Lisbon,MUR,LWAL,CDN,06/jul,RES,BPD,RSH1,RMN,,
5ef1ba05-30a6-4d21-ae37-83ae860f2c51,38.7020398,-9.205991773,,,,,,,,,,,,
596136f1-2405-4872-9b25-5b00502a7a9a,38.70109418,-9.18267094,Portugal,Lisbon,CR,LFM,CDL,3,RES,BP1,RSH3,RMT1,,
3fc71f0c-5902-4330-9743-517d81ecd294,38.70707102,-9.210967814,Portugal,Lisbon,MUR,LWAL,CDN,2,RES,BP1,RSH1,RMN,,
caba7f5f-ce6d-4ffd-b091-37251168f8a5,38.69845998,-9.208147024,Portugal,Lisbon,MUR,LWAL,CDL,1,COM,BPD,RSH1,RMN,,
e4afd652-9b29-455d-b0e7-55ad19f9637f,38.7038067,-9.182617437,Portugal,Lisbon,CR,LFINF,CDM,4,MIX(RES;COM),BP1,RSH1,RMN,,
a7e09a1d-9367-47bc-8933-3e5f9a41b6bb,38.69710146,-9.214302846,Portugal,Lisbon,W,LFM,CDN,2,RES,BPD,RSH2,RMT1,,
5dbb4f87-3815-49bc-b1c9-c1ba67ebcac9,38.69819787,-9.192551367,Portugal,Lisbon,CR,LFM,CDL,4,COM,BP1,RSH2,RMT1,,
6fffa631-83fd-4b31-8963-f0cff73758b0,38.70120445,-9.180837947,,,,,,,,,,,,
abb794d8-ca05-486c-b568-ee2b7bb16743,38.69951564,-9.224015927,,,,,,,,,,,,
1a0f851a-2e49-4fd3-b627-5fcc0e9d333d,38.7091996,-9.19434295,,,,,,,,,,,,
c93c57f2-5ff1-40ce-8f30-75fb26bbd02e,38.69802536,-9.218091224,Portugal,Lisbon,MUR,LWAL,CDL,2,RES,BP2,RSH1,RMN,,
b197919e-5db7-4c75-b949-72f203036882,38.69999156,-9.222902767,,,,,,,,,,,,
2c6ea365-fa56-4bdc-8f06-c6521b05c2fa,38.7134677,-9.20531845,Portugal,Lisbon,MUR,LWAL,CDL,1,RES,BPD,RSH2,RMT1,,
e208b51d-f7b9-4cea-ad20-e94066946ecc,38.70074576,-9.182625835,Portugal,Lisbon,MUR,LWAL,CDN,3,RES,BP1,RSH1,RMN,,
eef5f9e0-fb9e-4c10-b2f5-e48a1f620659,38.70931717,-9.194757532,Portugal,Lisbon,MUR,LWAL,CDN,1,IND,BP1,RSH2,RMT1,,
26029c8c-64ea-4b28-ab2a-4ea4d4275463,38.70830852,-9.21606214,Portugal,Lisbon,CR,LFM,CDN,3,RES,BP1,RSH1,RMN,,
6bae0c41-de67-4edc-bb7b-1d5207b6b163,38.70522867,-9.184521375,Portugal,Lisbon,CR,LFM,CDL,4,RES,BP2,RSH1,RMN,,
c979b886-9db9-4257-95b4-f82f1d1162f4,38.71634047,-9.214967843,Portugal,Lisbon,MUR,LWAL,CDL,3,RES,BP1,RSH2,RMT1,,
0bd8f235-a574-4bec-8a4f-4db58627a22d,38.71142188,-9.19247213,Portugal,Lisbon,MUR,LWAL,CDL,2,MIX(RES;COM),BP2,RSH2,RMT1,,
33c5819c-8c27-4f37-a3bd-435a95d0c161,38.70514935,-9.184469019,Portugal,Lisbon,CR,LFM,CDL,4,RES,BP1,RSH2,RMT1,,
accc2b85-06a3-403e-aafb-73e67a031c9e,38.70503929,-9.21949782,,,,,,,,,,,,
c88cf072-6ce8-489f-861b-2a40877fb92f,38.7009957,-9.181232758,Portugal,Lisbon,MUR,LWAL,CDN,3,RES,BP1,RSH1,RMN,,
ddd87b5c-0249-4c8f-b2e6-7524e2811fef,38.69964653,-9.221231225,,,,,,,,,,,,
2ef8fd8c-b785-4026-b0ff-84c60f31ae91,38.71611562,-9.216903121,Portugal,Lisbon,MUR,LWAL,CDL,2,RES,BP2,RSH1,RMN,,
780e9df3-50c7-4721-8a3c-ac7d12894783,38.69547143,-9.213455163,Portugal,Lisbon,HYB(MCF;MUR),LFINF,CDL,4,RES,BP1,RSH2,RMT1,,
e6de2cd0-9525-42e2-9965-d8b6fd812e3f,38.70799057,-9.217768621,Portugal,Lisbon,CR,LFM,CDN,2,RES,BP1,RSH1,RMN,,
eba265f7-0139-40e1-86a8-9b075f20b675,38.70844635,-9.20754125,,,,,,,,,,,,
0292504b-05a5-4212-9beb-856f56161a0e,38.69585082,-9.217359531,Portugal,Lisbon,MUR,LWAL,CDL,2,RES,BP1,RSH1,RMN,,
aec0ac61-c92b-42e9-9425-531578c59382,38.70122655,-9.20606115,Portugal,Lisbon,CR,LFM,CDL,4,MIX(RES;COM),BP1,RSH1,RMN,,
9f921df7-754d-4bcd-84b2-27cb424447be,38.70083514,-9.205682938,Portugal,Lisbon,MUR,LWAL,CDL,2,RES,BP2,RSH2,RMT1,,
297a2c03-2d49-4a56-85a1-4301053f8a94,38.71181492,-9.209680384,,,,,,,,,,,,
94e5b032-099d-43bb-b2de-7013348c7078,38.70075161,-9.181287123,,,,,,,,,,,,
c157c738-3250-40ff-9d3e-9284865de311,38.70490432,-9.183995051,,,,,,,,,,,,
772cd561-f8c0-43a6-9ef2-948496fdbd02,38.70334902,-9.178354515,Portugal,Lisbon,MUR,LWAL,CDL,2,RES,BP2,RSH2,RMT1,,
9885fe11-3d2f-4c3e-99be-0109529478b9,38.7164933,-9.217437696,Portugal,Lisbon,MUR,LWAL,CDN,2,RES,BP1,RSH1,RMN,,
3fa44c2f-d77e-41b5-861a-16431521e645,38.7124195,-9.204226941,Portugal,Lisbon,MUR,LWAL,CDN,1,RES,BPD,RSH2,RMT1,,
23c8cb89-f1af-4196-9f62-d448832116ae,38.70028795,-9.191873303,Portugal,Lisbon,CR,LFM,CDH,4,RES,BP1,RSH1,RMN,,
420ffeb2-aaaf-4fb3-94e8-914b481caf77,38.70010187,-9.220805363,,,,,,,,,,,,
268888bd-eab0-4360-8ecd-5296edea9a5a,38.71907757,-9.187373591,,,,,,,,,,,,
01feb31d-4c67-4279-8c43-44354ac905a5,38.7010371,-9.20572867,Portugal,Lisbon,MCF,LWAL,CDL,3,RES,BP1,RSH2,RMT1,,
c68ad728-1ea6-4313-83be-012b08e07f76,38.70170464,-9.221320767,,,,,,,,,,,,
bd8dc277-90ec-4601-a28c-db3f8f845174,38.70479678,-9.182660483,Portugal,Lisbon,CR,LFM,CDL,5,RES,BP1,RSH1,RMN,,
c2a69c4c-2005-4824-9f9f-1df007387fd0,38.71746804,-9.212324275,Portugal,Lisbon,MUR,LWAL,CDL,2,RES,BP1,RSH2,RMT1,,
adf58bfe-0519-4b27-93d0-7bc83468675e,38.70151483,-9.205721967,Portugal,Lisbon,S,LFM,CDL,1,RES,BP1,RSH2,RMT1,,
a7ae854c-134d-4da2-b5c1-d960b96de61c,38.70831947,-9.192892291,Portugal,Lisbon,CR,LFM,CDM,4,COM,BP1,RSH1,RMN,,
e12ace9e-4a4d-44fb-bd09-05805ddb4dcd,38.69853,-9.206399528,Portugal,Lisbon,CR,LFM,CDN,2,COM,BP1,RSH1,RMN,,
f40df3ec-f70b-4ad5-a65d-7c0210d7094e,38.70462235,-9.19715649,Portugal,Lisbon,MUR,LWAL,CDL,4,MIX(RES;COM),BP2,RSH2,RMT1,,
24b75442-9286-45ef-b859-99fe9d822844,38.70054472,-9.212267281,,,,,,,,,,,,
a49e1af5-ec44-4020-b679-95fd4e2bdf09,38.70517638,-9.183332786,Portugal,Lisbon,MUR,LWAL,CDL,4,RES,BP1,RSH2,RMT1,,
190d4214-d521-4dea-9c93-25c3ba76aa70,38.70278424,-9.177422643,,,,,,,,,,,,
29654e9e-621d-49e0-8ee9-bcb51c366c1e,38.70439278,-9.192486593,,,,,,,,,,,,
8a1a8f6f-d649-4e30-90ea-f3b24002a890,38.70277428,-9.1907475,Portugal,Lisbon,CR,LFM,CDL,06/jul,RES,BP3,RSH1,RMN,,
cbd31155-51ad-4f4a-af7d-e501d9260b1f,38.70645175,-9.211134871,Portugal,Lisbon,MUR,LWAL,CDN,2,RES,BP2,RSH1,RMN,,
c1c7d24b-e276-48c8-9979-914aac8d5a6c,38.70805916,-9.214709057,Portugal,Lisbon,MUR,LWAL,CDN,4,RES,BP2,RSH1,RMN,,
c5bffd2b-9b69-4074-ba9b-ab915f4d7d95,38.69931713,-9.219327535,Portugal,Lisbon,MUR,LWAL,CDL,2,RES,BP1,RSH1,RMN,,
edab1ece-ce42-452d-970d-171d83a5d264,38.69986231,-9.21982103,Portugal,Lisbon,MUR,LWAL,CDN,2,RES,BP2,RSH1,RMN,,
18808558-9967-4da9-ab59-187f0bb07aac,38.70364368,-9.197854493,Portugal,Lisbon,MUR,LWAL,CDL,4,RES,BP1,RSH2,RMT1,,
8b9d2e43-b340-4d95-9676-055d5caf912c,38.69744108,-9.192978689,Portugal,Lisbon,MUR,LWAL,CDL,1,RES,BP1,RSH2,RMT1,,
3b46a57c-b468-40ef-bb3b-a07b0f6e5138,38.69598827,-9.221389966,Portugal,Lisbon,MUR,LWAL,CDL,2,RES,BP1,RSH1,RMN,,
8da5809a-6990-45e3-a470-0d2a92e9142c,38.70693368,-9.211005165,Portugal,Lisbon,MUR,LWAL,CDN,2,RES,BP1,RSH1,RMN,,
aeda1f32-9999-4e06-9872-5f4cf253c856,38.71652015,-9.215189223,,,,,,,,,,,,
4e750e60-9b69-456e-b847-23918aac5ece,38.7054015,-9.2066052,Portugal,Lisbon,MUR,LWAL,CDN,4,IND,BP2,RSH2,RMT1,,
78096120-5602-4e3f-bd96-797bd3a0821b,38.70531904,-9.176279687,Portugal,Lisbon,CR,LFINF,CDL,4,RES,BP1,RSH1,RMN,,
10487623-aadd-4c33-8f9d-0c5d92bba67d,38.70784032,-9.176834839,,,,,,,,,,,,
e5c9849a-9d82-4a96-ad1e-adab325e6f57,38.70095654,-9.222121311,,,,,,,,,,,,
0d81d40e-6080-49c3-8576-19d3de948fc9,38.69813797,-9.21796845,Portugal,Lisbon,MUR,LWAL,CDL,3,RES,BP2,RSH2,RMT1,,
4ad79eca-4be6-4ed6-8c70-a1179fe5fe49,38.69929278,-9.204811791,Portugal,Lisbon,MUR,LWAL,CDL,2,RES,BP1,RSH2,RMT1,,
bb7cbb05-8a26-4991-a973-728bef403a45,38.70892547,-9.194535361,,,,,,,,,,,,
3157407d-50ac-40de-a81b-ff6149490da4,38.70104962,-9.20116913,,,,,,,,,,,,
a6cb03a5-8d1b-469b-9f94-fb10826cc825,38.69782352,-9.201793084,Portugal,Lisbon,CR,LFM,CDH,1,COM,BPD,RSH2,RMT1,,
8a19fac8-26d2-42c2-b38a-33dca4f56cf2,38.71411464,-9.21492386,,,,,,,,,,,,
908fb986-252d-4b0b-bbd5-4ec2688fea38,38.72239764,-9.180725783,,,,,,,,,,,,
59f5012f-7658-40b1-8e85-a135c4b34057,38.7000171,-9.2023391,,,,,,,,,,,,
db23765b-40fb-4880-930b-c81aa4965a32,38.70284043,-9.184773215,Portugal,Lisbon,MUR,LWAL,CDL,2,RES,BP2,RSH1,RMN,,
94bb9836-2508-4a43-955c-0de697ee5c7e,38.70566943,-9.198318891,,,,,,,,,,,,
76923f11-ceab-4197-9632-34161aa4d713,38.7060934,-9.17778911,Portugal,Lisbon,MUR,LWAL,CDN,5,MIX(RES;COM),BP1,RSH1,RMN,,
8afca26f-e4ea-4454-adb2-34a0c1185132,38.70522421,-9.191741892,Portugal,Lisbon,MUR,LWAL,CDL,1,RES,BP1,RSH5,RMT1,,
a56bcf56-262f-4727-9ab2-b52857d1a7f2,38.70294245,-9.177178587,,,,,,,,,,,,
f7d57c34-983d-4d6c-a797-3c3f97ee7123,38.72198648,-9.195359614,,,,,,,,,,,,
9cf6cad3-9b8a-47fe-90dc-7a9437636f49,38.69775442,-9.217134234,Portugal,Lisbon,MUR,LWAL,CDL,3,RES,BP1,RSH2,RMT1,,
cc83fa4d-8c4e-4ec2-9360-5cfea86a42d7,38.70069437,-9.219180137,,,,,,,,,,,,
462f061f-86d5-4ffc-926c-b759be80bb2d,38.70881334,-9.198493056,Portugal,Lisbon,MUR,LWAL,CDN,2,RES,BP2,RSH1,RMN,,
cfdb8596-bb67-43ad-9bef-f71bcf147e6e,38.7011314,-9.219599683,,,,,,,,,,,,
b1c4f5dd-257e-4362-bcdc-36719aecd002,38.69939755,-9.22377155,,,,,,,,,,,,
2c359097-dff1-4763-8946-dad2320eef69,38.69610522,-9.219011874,,,,,,,,,,,,
1527608b-801a-4005-a128-7f68c1ff7943,38.70290867,-9.18441106,Portugal,Lisbon,CR,LFM,CDN,5,MIX(RES;COM),BP1,RSH1,RMN,,
d10709b7-af0a-4ca6-8539-3487c7cc355a,38.70367522,-9.203050493,Portugal,Lisbon,CR,LFM,CDN,4,RES,BP2,RSH1,RMN,,
ea839a8e-2e09-486e-8e56-e0635f9048db,38.70531421,-9.207221181,,,,,,,,,,,,
63aa5772-7498-4e37-b010-34a34f046a1c,38.70078871,-9.192683497,Portugal,Lisbon,MUR,LWAL,CDL,5,RES,BP3,RSH1,RMN,,
9fa050bb-9d9d-4efa-b3a4-dbac0b0173b0,38.70438764,-9.195137853,Portugal,Lisbon,MUR,LWAL,CDL,2,RES,BP1,RSH1,RMN,,
9f66237a-ace2-4ec5-80e9-3ee9d89f4d7f,38.70025097,-9.221327838,Portugal,Lisbon,MUR,LWAL,CDN,3,RES,BP2,RSH2,RMT1,,
ccb926d4-4c12-40f3-8136-7be5db746f8a,38.70283425,-9.190563048,Portugal,Lisbon,CR,LFM,CDN,3,MIX(RES;COM),BP1,RSH1,RMN,,
e1f8d175-db68-425d-b92e-4bfd934caca0,38.70208979,-9.178716029,,,,,,,,,,,,
2d9ffc03-61cd-4143-babb-9e787b30d4a0,38.70096055,-9.192392184,Portugal,Lisbon,CR,LFM,CDH,4,RES,BP1,RSH1,RMN,,
e3ee8ba9-701c-4db8-805f-03ff51510450,38.69936497,-9.216181069,,,,,,,,,,,,
272b7053-90c1-4968-b170-63246dd5f6d0,38.70895214,-9.195253771,,,,,,,,,,,,
3ffaa759-72d5-46f5-a22f-e64ce66b8392,38.71493045,-9.179736969,Portugal,Lisbon,MCF,LWAL,CDM,2,RES,BP3,RSH2,RMT1,,
b5fe198a-2990-42b4-89e1-6b9aa30ec7c9,38.70678729,-9.204931052,Portugal,Lisbon,CR,LFM,CDL,3,RES,BP1,RSH1,RMN,,
9911ae12-9061-4c6d-921e-fb7d21a880f4,38.70467696,-9.180620286,Portugal,Lisbon,CR,LFM,CDN,5,RES,BP2,RSH1,RMN,,
79bffc88-79f4-419a-b8d4-36fd34bfd05f,38.71009712,-9.199491911,Portugal,Lisbon,MUR,LWAL,CDL,2,RES,BP2,RSH5,RMT6,,
b31f0e47-1163-4ab7-9e2f-1599ea42c180,38.70142285,-9.184652444,Portugal,Lisbon,MUR,LWAL,CDL,1,RES,BP2,RSH2,RMT1,,
40cb77dd-ebab-4709-9a76-bdb96edd07e5,38.70120275,-9.203244712,Portugal,Lisbon,MUR,LWAL,CDL,2,RES,BP1,RSH2,RMT1,,
d6c086d7-e9e4-4279-b225-18c899f9ec13,38.70311005,-9.200796332,Portugal,Lisbon,CR,LFM,CDL,2,RES,BP1,RSH1,RMN,,
a55839df-2274-4320-85dd-c24c8c5d78d3,38.69490535,-9.21169935,,,,,,,,,,,,
30401032-7674-493f-8f11-b7f3bb823e97,38.70108971,-9.216046899,,,,,,,,,,,,
7fe4744f-4b04-46d2-8ed1-d0c8942618d0,38.70600638,-9.187424863,Portugal,Lisbon,MUR,LWAL,CDL,4,RES,BP2,RSH2,RMT1,,
716299e5-06eb-41de-bb81-a241e7e78690,38.70057744,-9.219466736,,,,,,,,,,,,
31a02395-4f4e-4be5-9a4e-28f149f251c8,38.71270045,-9.202122319,,,,,,,,,,,,
7b75c2fd-8065-4411-ad4f-4ef0455fe7ac,38.70703522,-9.214623546,,,,,,,,,,,,
44d49c92-20ed-480a-b3f6-81e2fd9b9a7f,38.70673634,-9.177111956,Portugal,Lisbon,MUR,LWAL,CDL,4,RES,BP1,RSH2,RMT1,,
2e0bb574-db89-49af-bef0-20acb015db43,38.70927885,-9.18234475,,,,,,,,,,,,
6a463c1f-efce-4a38-94a7-c892960226a4,38.71579389,-9.21270866,,,,,,,,,,,,
e4ae5952-9c2a-4cf8-9715-ea4da4441b33,38.7048281,-9.1875635,Portugal,Lisbon,MUR,LWAL,CDL,2,COM,BP1,RSH1,RMN,,
7a75d6a3-d927-47a2-8900-c449fec0d571,38.70491552,-9.183003366,Portugal,Lisbon,CR,LFM,CDL,4,RES,BP2,RSH1,RMN,,
b0022dd8-df50-415e-af4d-035130a7107e,38.7006119,-9.2119572,,,,,,,,,,,,
f23531cb-928f-40c8-bcda-7168eb4efaed,38.70760205,-9.21232047,,,,,,,,,,,,
d6c38b9d-50c1-44e1-b301-192a93d8d15a,38.69646792,-9.218096755,,,,,,,,,,,,
4eb9fb0c-f4c4-4f0f-820a-e320c6fec6c4,38.69936294,-9.193003374,,,,,,,,,,,,
653fff9a-f071-4ee5-9118-7e538717b4f3,38.71470783,-9.179931789,Portugal,Lisbon,MCF,LWAL,CDN,2,COM,BP1,RSH2,RMT1,,
af49ab2a-2ac2-4e47-817c-45629dde3dc4,38.6989836,-9.19426646,,,,,,,,,,,,
cdead3c2-1060-4474-8761-b991ecdb2227,38.69535231,-9.216721168,Portugal,Lisbon,CR,LFM,CDL,5,RES,BP2,RSH1,RMN,,
17a3b709-f88b-4071-acbb-f08791eb617c,38.7151946,-9.21560765,Portugal,Lisbon,MUR,LWAL,CDL,2,RES,BP1,RSH2,RMT1,,
1882c58b-8dbf-4ad9-969f-d17ceadd13c1,38.70484893,-9.200502413,Portugal,Lisbon,MUR,LWAL,CDL,4,RES,BP1,RSH2,RMT1,,
b8762c04-de6f-4ee4-ba4a-db1bffd081a4,38.70589738,-9.190722515,Portugal,Lisbon,CR,LFM,CDN,4,MIX(RES;COM),BP3,RSH1,RMN,,
76ecd171-aa6c-4da2-8549-92b081e7f1df,38.69603839,-9.221146118,,,,,,,,,,,,
03c127c3-bc08-4903-9833-4d78ac962d21,38.70538714,-9.214256266,Portugal,Lisbon,HYB(MCF;MUR),LFM,CDN,1,RES,BPD,RSH1,RMN,,
83d5ec17-00a1-433b-8f88-b04994628a83,38.7086327,-9.175830581,Portugal,Lisbon,MUR,LWAL,CDL,2,RES,BP2,RSH2,RMT1,,
46fc468f-fea4-4900-b2c3-b2dcc7577e9c,38.70144744,-9.177842213,,,,,,,,,,,,
f253eae9-eed2-405f-b2ce-12a92f06198c,38.7045892,-9.19236705,,,,,,,,,,,,
fd25fe7b-141f-43de-a883-03e296d2b546,38.7026308,-9.194955183,Portugal,Lisbon,MUR,LWAL,CDL,4,RES,BP3,RSH1,RMN,,
bae2f9d2-780d-49e7-9914-26cc3e43d209,38.6988392,-9.192581847,Portugal,Lisbon,MUR,LWAL,CDL,2,RES,BPD,RSH2,RMT1,,
741e3765-4433-4d55-a5bc-56c7dca51418,38.70133762,-9.208597631,,,,,,,,,,,,
52407189-266f-4d43-b03c-e16c3ec77e28,38.70377914,-9.202567839,Portugal,Lisbon,CR,LFM,CDH,3,MIX(RES;COM),BP2,RSH1,RMN,,
de8b8a47-c52c-4e52-a77f-5b19e1d4c072,38.70636363,-9.21318212,,,,,,,,,,,,
a646d77e-ce9e-4b3e-aefd-afdb0ed25b3e,38.69892267,-9.2049045,Portugal,Lisbon,S,LFM,CDN,1,COM,BP1,RSH2,RMT1,,
b80d8b40-4e96-422f-b4fd-25a0bdd79964,38.69647247,-9.216458657,Portugal,Lisbon,MUR,LWAL,CDL,2,RES,BP1,RSH1,RMN,,
5e4f77f8-36a2-4f6d-93a4-ec47ff27c4fd,38.70766404,-9.182359942,,,,,,,,,,,,
7c683556-aeb9-46c6-8c94-1c5f3a4af7d1,38.69734371,-9.19372781,Portugal,Lisbon,MUR,LWAL,CDN,3,RES,BP2,RSH1,RMN,,
7e26d126-06d6-46c4-8ee1-4701f4afb35c,38.69705503,-9.217292192,Portugal,Lisbon,MUR,LWAL,CDL,2,RES,BPD,RSH2,RMT1,,
04b223cc-f3a5-4c80-b6ae-d4a069d26076,38.7125228,-9.207389709,,,,,,,,,,,,
1965194f-86c4-4288-88ce-cea130a2988a,38.69626712,-9.217783781,,,,,,,,,,,,
63a6cf8e-d80b-47f9-88bb-439265aed2f8,38.70463862,-9.189208307,Portugal,Lisbon,MUR,LWAL,CDL,4,RES,BP1,RSH2,RMT1,,
78891665-a86c-4039-9d02-9771e36d3a3c,38.6972417,-9.194198476,Portugal,Lisbon,MUR,LWAL,CDN,4,RES,BP1,RSH1,RMN,,
6b96cb48-a2dc-4619-b784-7a1703ef18a7,38.70288422,-9.196809272,Portugal,Lisbon,MCF,LWAL,CDN,2,MIX(RES;COM),BP3,RSH1,RMN,,
acd28932-fd34-4f14-b3b6-2fddaa6de55c,38.7179509,-9.210565686,Portugal,Lisbon,MUR,LWAL,CDL,2,RES,BP2,RSH1,RMN,,
9eac4e84-659d-4e03-bc17-06f207ab9be6,38.70904254,-9.1742169,,,,,,,,,,,,
fe3717b7-7daf-40da-823d-1de9708d4d30,38.69418851,-9.218657364,,,,,,,,,,,,
6b745f56-bfc0-4b9e-9ec2-6870cfd35dae,38.71734759,-9.211970075,Portugal,Lisbon,MUR,LWAL,CDN,2,RES,BP1,RSH2,RMT1,,
3ae2c0b9-1899-4be3-b31e-b8f6b6e3fa65,38.69831544,-9.217771756,,,,,,,,,,,,
c003655f-b2f4-4296-bc77-9c6f4aedb563,38.70470977,-9.21102884,,,,,,,,,,,,
97f7882c-22e9-41bf-989f-15a0d8f984d6,38.70056318,-9.203460638,Portugal,Lisbon,MUR,LWAL,CDN,1,COM,BPD,RSH2,RMT1,,
d7405f7c-102f-4a89-81bb-f3ea0ca365f0,38.70448571,-9.193729963,Portugal,Lisbon,MUR,LWAL,CDL,1,RES,BP1,RSH1,RMN,,
9a197a82-ee39-403c-8d73-f0e6f0582729,38.70592878,-9.184815391,Portugal,Lisbon,CR,LFM,CDL,5,COM,BP1,RSH1,RMN,,
1f899d0f-ce6e-4269-97c4-57c192c86afb,38.70831059,-9.194086796,,,,,,,,,,,,
a291320f-994a-4874-b33a-7e51c1bc617e,38.70909895,-9.176286265,Portugal,Lisbon,MUR,LWAL,CDN,2,RES,BP1,RSH2,RMT1,,
9f2be6ba-25bc-4e2a-a49e-d5cdf18c1ac3,38.6968136,-9.201945126,,,,,,,,,,,,
57e09109-61c0-4374-8304-6d2f1efdaa5a,38.70652665,-9.2075577,Portugal,Lisbon,CR,LFM,CDM,08/set,MIX(RES;COM),BP2,RSH1,RMN,,
32b9c74e-4cd2-426c-9dd2-f9b61e5e67d4,38.70734898,-9.176763544,,,,,,,,,,,,
24a5d61d-1aa3-43ac-8cc3-6266067af941,38.71763775,-9.212852976,Portugal,Lisbon,MUR,LWAL,CDL,2,RES,BP1,RSH2,RMT1,,
e830926a-cb25-415a-af26-16f687548795,38.69904964,-9.213548416,,,,,,,,,,,,
69d3942b-74cc-4943-a9ff-848cdc3b0b12,38.69782384,-9.217091712,Portugal,Lisbon,MUR,LWAL,CDN,3,RES,BP1,RSH1,RMN,,
f49d118b-9839-4dd6-a0cf-10e66079f5ad,38.70517998,-9.199946081,Portugal,Lisbon,MUR,LWAL,CDL,2,RES,BP1,RSH1,RMN,,
0b6a22a3-9174-4c8f-a55b-f50aebc102db,38.6959887,-9.217776186,,,,,,,,,,,,
645943ed-1f8b-41c5-a7bd-6c3eaa876c19,38.69781244,-9.206780104,Portugal,Lisbon,CR,LFM,CDM,1,COM,BP2,RSH1,RMN,,
4f017147-fbea-47ad-8a8f-e6599b8bcd7a,38.7054984,-9.20204315,,,,,,,,,,,,
5c5c6dcd-8bdb-41ee-9b33-ea62dc2d6c9d,38.70536138,-9.177535942,Portugal,Lisbon,CR,LFINF,CDL,08/set,RES,BP1,RSH1,RMN,,
44864fb8-e2c9-47ad-ab85-f014b00c855a,38.70382073,-9.176924732,Portugal,Lisbon,MUR,LWAL,CDN,3,RES,BP1,RSH1,RMN,,
cb77c0c6-3fc5-4e14-8081-bb0032cec094,38.69717406,-9.202783539,Portugal,Lisbon,MUR,LWAL,CDL,3,RES,BP2,RSH2,RMT1,,
0660b3a4-480f-4e7a-8835-a6b61736b09d,38.7014602,-9.221963832,,,,,,,,,,,,
c99ecd75-9139-4295-82b8-14dcac1615c8,38.70767933,-9.192096183,Portugal,Lisbon,MUR,LWAL,CDL,2,RES,BP1,RSH1,RMN,,
af326c70-3bdc-42fe-aee0-f228f108b9b8,38.70579938,-9.187750509,Portugal,Lisbon,CR,LFINF,CDL,4,RES,BP1,RSH1,RMN,,
5f88e634-646f-455a-a14f-e978291305d5,38.70215447,-9.203567023,Portugal,Lisbon,CR,LFINF,CDL,4,MIX(RES;COM),BP2,RSH1,RMN,,
111ce46b-0417-49ad-8d65-a53f5543d410,38.7070022,-9.20749555,,,,,,,,,,,,
8af7fc90-b388-4b8a-bad9-f9760ab86eb0,38.70801543,-9.175157219,,,,,,,,,,,,
4089b5ff-b8f7-4361-a014-89d2f398aa77,38.70540542,-9.190456741,Portugal,Lisbon,CR,LDUAL,CDH,08/set,RES,BP1,RSH1,RMN,,
b0eb11f5-5bc4-4806-87e5-b65e9440753b,38.70970462,-9.191709276,Portugal,Lisbon,CR,LFM,CDH,3,RES,BP2,RSH1,RMN,,
10f4a15b-903d-49d3-a20a-0d4eabc88983,38.70394699,-9.19260331,Portugal,Lisbon,MUR,LWAL,CDL,1,RES,BP2,RSH2,RMT1,,
ad190dc6-1799-4a2c-a2c3-273590377311,38.69994197,-9.20516902,Portugal,Lisbon,MUR,LWAL,CDL,4,RES,BP1,RSH1,RMN,,
5f69f715-ebb2-47f0-97ee-d3c442407ac6,38.70088611,-9.180803217,Portugal,Lisbon,MCF,LWAL,CDL,2,RES,BP2,RSH1,RMN,,
80940b54-c4df-44cd-9908-5eacccc44759,38.6937848,-9.21218605,Portugal,Lisbon,HYB(MCF;MUR),LN,CDN,1,RES,BP1,RSH2,RMT1,,
eb3fc36f-922d-41ab-b7d9-f8e9476ba4a1,38.7067287,-9.21473939,,,,,,,,,,,,
7fdfd579-5eb0-436b-b6bd-81f00f87d021,38.69931428,-9.188754705,,,,,,,,,,,,
aa9c18ba-8412-4a6f-afb0-cf4749c322ee,38.69990323,-9.221033621,Portugal,Lisbon,MUR,LWAL,CDL,4,RES,BP2,RSH1,RMN,,
f63dede2-730e-4d5a-9f01-9a660212dcc3,38.69574759,-9.220760362,,,,,,,,,,,,
34b085a9-4092-4267-a8a0-b0d748a1ac27,38.69963226,-9.195995457,Portugal,Lisbon,MUR,LWAL,CDN,4,RES,BP1,RSH2,RMT1,,
11c3b414-bc0a-4dc8-9256-0a102daa69ae,38.70198982,-9.202101003,Portugal,Lisbon,CR,LFM,CDL,4,MIX(RES;COM),BP3,RSH1,RMN,,
299ecea6-6e14-489c-89b9-2cc3f492e159,38.70720833,-9.210930456,,,,,,,,,,,,
b8072834-82e0-4cad-8b6b-bee5f5756992,38.69645554,-9.216888605,,,,,,,,,,,,
f7662ec6-3951-4ff4-a15c-7d9e566c4297,38.70453418,-9.210549758,,,,,,,,,,,,
db9b016f-d1d0-4994-a6c9-3f10029dfe94,38.70396395,-9.19695855,Portugal,Lisbon,HYB(MCF;MUR),LWAL,CDL,1,RES,BP2,RSH1,RMN,,
e34e4cdb-e363-4002-97ef-e96115329c4f,38.71064948,-9.200124629,Portugal,Lisbon,MCF,LWAL,CDH,2,RES,BPD,RSH1,RMN,,
7ee3934c-a7ea-45a4-a872-6230ce6bbe2c,38.70288731,-9.200127388,Portugal,Lisbon,HYB(MCF;MUR),LWAL,CDL,4,RES,BP1,RSH1,RMN,,
f9ef5fb7-0f79-4791-b46f-c4c6d2fc897f,38.70078704,-9.210893779,Portugal,Lisbon,CR,LFM,CDN,1,IND,BP1,RSH1,RMN,,
1bb5ce21-b37b-4da3-8791-b792d0156577,38.70805045,-9.184587734,,,,,,,,,,,,
543e6904-7862-4188-9d28-13260993da2b,38.71450514,-9.214675477,Portugal,Lisbon,MCF,LWAL,CDN,1,RES,BPD,RSH1,RMN,,
0bab7af0-9257-404b-86e8-c32c84c3de5e,38.69927173,-9.21082167,,,,,,,,,,,,
7a440b36-15e5-4342-ae88-5e01114ba97b,38.69498416,-9.21118078,,,,,,,,,,,,
6f550db5-c088-42b0-a7cf-fba382435015,38.70251012,-9.200572532,Portugal,Lisbon,CR,LFM,CDH,3,RES,BP1,RSH1,RMN,,
b95245f1-d468-4690-9d4b-1f55b4c44bbd,38.6949679,-9.2118069,,,,,,,,,,,,
bbf929d0-73f1-4382-a83c-41f774b73620,38.69464555,-9.213750529,Portugal,Lisbon,MUR,LWAL,CDL,2,RES,BP1,RSH2,RMT1,,
0ef6c8b2-7ef3-41b7-a1c9-9ca05db91327,38.7000745,-9.1934504,,,,,,,,,,,,
4bd5fbfb-b5f1-42ef-b2bc-8db03afb404b,38.71101655,-9.207730729,Portugal,Lisbon,CR,LFINF,CDM,08/set,MIX(RES;COM),BP1,RSH1,RMN,,
eebc58ed-b7b4-4c8a-8f4d-29a3c746ece4,38.7081881,-9.175416552,Portugal,Lisbon,MUR,LWAL,CDN,2,RES,BP2,RSH2,RMT1,,
3d1fb5a8-a717-47ac-96ce-559e9185d424,38.70059852,-9.190417606,Portugal,Lisbon,MUR,LWAL,CDL,4,RES,BP2,RSH1,RMN,,
9a002b74-dd20-49ec-ab62-e9c93fccb6ca,38.70390045,-9.21493265,,,,,,,,,,,,
48731639-58e9-4155-bb7e-9f3258e42f33,38.71738004,-9.212643252,,,,,,,,,,,,
03720c04-de95-49a7-b4be-a328a23bffff,38.70317166,-9.211479424,Portugal,Lisbon,S,LFM,CDN,1,RES,BP1,RSH1,RMN,,
a495519d-856c-4d76-9f9e-2be6b2fb7b95,38.70570436,-9.187373562,Portugal,Lisbon,MUR,LWAL,CDL,4,RES,BP1,RSH1,RMN,,
07c540c2-2ee2-4627-841e-8b795ef0b0f0,38.71095848,-9.211720396,Portugal,Lisbon,CR,LFM,CDM,1,COM,BPD,RSH1,RMN,,
b8cc3130-08f5-45fd-bd41-0c62f6ef6357,38.7058102,-9.20485265,Portugal,Lisbon,CR,LFINF,CDL,06/jul,MIX(RES;COM),BP1,RSH1,RMN,,
86127dd0-bd19-4a5f-97cc-c0a105da2037,38.70199513,-9.18423841,Portugal,Lisbon,MUR,LWAL,CDN,1,RES,BP2,RSH2,RMT1,,
2a72cb83-27a5-4b85-a098-474fba3d20f9,38.70198513,-9.220700101,,,,,,,,,,,,
ede65337-506f-4d90-9a02-896577580c5d,38.69993968,-9.199466391,Portugal,Lisbon,S,LFM,CDL,1,RES,BPD,RSH2,RMT1,,
ac473212-86dc-42fc-ad6a-e9b0ac739ef3,38.69722445,-9.203150222,Portugal,Lisbon,MUR,LWAL,CDL,3,COM,BP1,RSH2,RMT1,,
0f84be64-8664-4cc9-a897-b8eac14935e3,38.69774941,-9.218858489,,,,,,,,,,,,
5d79398f-5a67-48b0-8b4c-1c9af6239c7b,38.70359195,-9.183731032,Portugal,Lisbon,MUR,LWAL,CDL,3,MIX(RES;COM),BP2,RSH1,RMN,,
cb7f3fd7-f403-48ec-b113-80f766cc024d,38.70778832,-9.176341992,Portugal,Lisbon,S,LFM,CDH,5,RES,BP1,RSH2,RMT1,,
c32847bd-8908-4e9b-9023-6f9d373166ff,38.69993415,-9.207833834,Portugal,Lisbon,CR,LFM,CDN,1,COM,BP2,RSH2,RMT1,,
566bd007-abce-47de-bfaa-d70bdb8a8ee3,38.70355504,-9.199748549,Portugal,Lisbon,MUR,LWAL,CDL,4,RES,BP1,RSH2,RMT1,,
2832cbfb-33c3-4bb6-8202-96198b0079c1,38.70778311,-9.201539677,,,,,,,,,,,,
cc939587-9e24-4dca-b82a-2518d3aa988c,38.70131946,-9.205850429,,,,,,,,,,,,
fb3c7e8b-ae49-4be3-8cae-19d99562f57e,38.71730188,-9.212598964,,,,,,,,,,,,
3bf59397-00e3-4856-8c4c-ac33e0cc8593,38.71015911,-9.198961753,Portugal,Lisbon,MUR,LWAL,CDL,1,RES,BP2,RSH1,RMN,,
db5000ff-fbe0-4f7d-bdb5-c73127684178,38.69882982,-9.191767626,Portugal,Lisbon,CR,LFM,CDL,08/set,RES,BP1,RSH1,RMN,,
4ced5a0d-81ac-449e-9b5e-9b6f3be36c1d,38.69903757,-9.188569769,,,,,,,,,,,,
a4f1d0af-568e-4a3a-aa10-4398a39da60f,38.6992544,-9.207718882,,,,,,,,,,,,
18a0ddc4-5e33-4813-9048-b818e4ef9ecc,38.70812255,-9.174457024,,,,,,,,,,,,
0c15ffca-1caf-4642-9484-85426f2e2085,38.70736045,-9.17406695,Portugal,Lisbon,MUR,LWAL,CDL,4,RES,BP1,RSH2,RMT1,,
4898b8c8-1aff-454b-984f-c3d16d6a8cff,38.69958693,-9.192342763,Portugal,Lisbon,MUR,LWAL,CDL,4,RES,BP2,RSH2,RMT1,,
fa7b43b3-208e-4628-bcaa-3e8e6f847cbd,38.70446249,-9.20990603,Portugal,Lisbon,MUR,LWAL,CDL,2,RES,BPD,RSH1,RMN,,
0ed41053-3ff0-4ef2-93b5-59eedfa52201,38.71132173,-9.205042799,,,,,,,,,,,,
62e434dd-ebcf-4e5b-9577-d66226d0d958,38.70340799,-9.196001305,Portugal,Lisbon,MCF,LWAL,CDL,1,COM,BP2,RSH2,RMT1,,
6be0a4ea-d919-4021-8959-c45ba8ecea6b,38.69812296,-9.215147632,,,,,,,,,,,,
0b4889a8-843c-4b89-a80a-59b95daf9ca6,38.70795357,-9.1858508,,,,,,,,,,,,
a4529737-4031-4185-86e6-1293d21fbf8e,38.70470358,-9.197654707,Portugal,Lisbon,CR,LFM,CDL,4,MIX(RES;COM),BP2,RSH1,RMN,,
da0d84ed-c2e4-4ce8-9788-f03cd1d86e5c,38.70225497,-9.220070319,,,,,,,,,,,,
42055738-0127-43e7-a59d-692255198945,38.71105048,-9.200545977,Portugal,Lisbon,W,LFM,CDH,2,RES,BP1,RSH1,RMN,,
32c9e721-c075-448f-9adb-086519e09169,38.70581227,-9.183696214,Portugal,Lisbon,MUR,LWAL,CDL,4,RES,BP2,RSH1,RMN,,
226c6f44-6bc4-4d06-ba00-a6249c9fe1e4,38.70503231,-9.179984756,Portugal,Lisbon,MUR,LWAL,CDL,4,RES,BP1,RSH1,RMN,,
de8bc8ee-9f9e-4ff6-afa2-d328e541c3bc,38.7069258,-9.20211716,,,,,,,,,,,,
764fc78b-f96d-4a6a-b7a5-4ace12ccf834,38.69743643,-9.201893728,,,,,,,,,,,,
3ee128dc-0c22-4957-bab5-2631ff0a2500,38.70441378,-9.21347546,Portugal,Lisbon,MUR,LWAL,CDN,1,RES,BPD,RSH1,RMN,,
a6b5f7ef-ad67-4df3-a9ad-6bf9eb14a7bf,38.71466615,-9.1800734,Portugal,Lisbon,MCF,LWAL,CDM,1,RES,BPD,RSH2,RMT1,,
66a14d8b-3cd7-4302-8e5a-b71f701b64ae,38.69712658,-9.202181844,,,,,,,,,,,,
8b6ecf39-084c-402d-8528-3812f3c779d7,38.70321765,-9.19135005,Portugal,Lisbon,CR,LFM,CDL,4,RES,BP2,RSH1,RMN,,
29147d90-6ded-44e9-8762-1ee22efcb199,38.69566273,-9.217611603,Portugal,Lisbon,CR,LFM,CDN,3,RES,BP2,RSH1,RMN,,
d13a16cf-78e6-4e2a-90aa-71403feb7949,38.70455529,-9.188288123,Portugal,Lisbon,CR,LFINF,CDL,4,RES,BP3,RSH1,RMN,,
8b881968-1726-49f5-8ffd-2f67a0d0dddf,38.70446069,-9.202954176,Portugal,Lisbon,CR,LFM,CDN,4,RES,BP2,RSH1,RMN,,
f7c75eaa-160e-40d2-a481-5d652e27edb5,38.70906427,-9.194169397,Portugal,Lisbon,MUR,LWAL,CDL,2,RES,BP1,RSH1,RMN,,
eed36a3a-46fd-4a76-a404-8f1be515f0e8,38.70232166,-9.21347606,,,,,,,,,,,,
a0b5b103-891a-463a-b64a-fb797044c291,38.71066429,-9.199591533,,,,,,,,,,,,
7fdf84b1-bc2e-4a8d-aff7-b8a725d927de,38.69754604,-9.217631296,Portugal,Lisbon,MUR,LWAL,CDL,1,RES,BPD,RSH2,RMT1,,
1573761b-bfd2-4e43-85a0-f1a5c62a4b8e,38.70578253,-9.190098574,Portugal,Lisbon,MUR,LWAL,CDN,1,IND,BP2,RSH1,RMN,,
33853734-63ca-4cab-bdfd-c265f1075cb5,38.71016221,-9.1910916,,,,,,,,,,,,
e0951e29-4888-45af-ac21-c36333891561,38.71524898,-9.17645943,Portugal,Lisbon,MUR,LWAL,CDN,1,RES,BP1,RSH2,RMT1,,
290a4588-3bf4-446e-baa5-6da70229fd10,38.70591833,-9.1846846,Portugal,Lisbon,MUR,LWAL,CDN,5,RES,BP2,RSH1,RMN,,
d1e0a283-349c-4281-b9b9-edcede9d095c,38.70790198,-9.192441708,Portugal,Lisbon,MUR,LWAL,CDL,1,RES,BP1,RSH2,RMT1,,
dcfbb933-16b4-451d-9079-1d1e0c4ece96,38.69619395,-9.218467919,Portugal,Lisbon,CR,LFINF,CDN,4,MIX(RES;COM),BP2,RSH1,RMN,,
d6f0a2e1-7ba5-4566-8326-3650a257dcf8,38.7046343,-9.202127549,Portugal,Lisbon,CR,LFM,CDL,4,RES,BP1,RSH1,RMN,,
9a55cc97-251e-46f7-89a8-db9d8a396578,38.69949409,-9.207866117,,,,,,,,,,,,
1dc5b430-268a-442b-a48a-8c361dd41377,38.71038573,-9.188342344,,,,,,,,,,,,
6a0e1faf-e6ec-4cf6-986f-85bd4ceb61c1,38.71097034,-9.199145928,Portugal,Lisbon,MUR,LWAL,CDL,3,RES,BP1,RSH2,RMT1,,
8d69511d-edd2-4f46-a5d6-b7a6d1c7dacb,38.70358619,-9.204609624,Portugal,Lisbon,MUR,LWAL,CDL,2,RES,BP2,RSH1,RMN,,
f4512b4c-f731-411b-bf7f-3d35050bf396,38.69465841,-9.21640321,Portugal,Lisbon,MUR,LWAL,CDL,2,RES,BP1,RSH2,RMT1,,
7b4c10b6-e61d-4e37-90ce-3fe1ac1e60bc,38.69839414,-9.219757471,Portugal,Lisbon,MUR,LWAL,CDL,2,RES,BP1,RSH1,RMN,,
42675927-1f39-432a-adb4-cd4220f90df7,38.71735495,-9.19109125,,,,,,,,,,,,
abc514cc-c966-4a6e-8d7c-a17124f1d93d,38.6960685,-9.2158762,Portugal,Lisbon,MUR,LWAL,CDL,2,RES,BP1,RSH2,RMT1,,
7348e171-a24d-4251-a26e-f7cb32349760,38.70520163,-9.18307608,Portugal,Lisbon,CR,LFM,CDL,4,RES,BP1,RSH1,RMN,,
0808b9f1-285b-4a96-bde5-b02008545564,38.70379891,-9.215133977,,,,,,,,,,,,
4d10f45c-e498-4b2b-9c60-db86260036cc,38.70584895,-9.179302201,Portugal,Lisbon,MUR,LWAL,CDL,4,RES,BP2,RSH1,RMN,,
ad2bf14d-3d73-4a9c-a159-ae964dded50e,38.7099115,-9.201944029,Portugal,Lisbon,MUR,LWAL,CDL,1,RES,BPD,RSH2,RMT1,,
18edab03-99bb-46ff-ad3a-90c53cb92a52,38.70648564,-9.199260963,Portugal,Lisbon,CR,LFM,CDN,1,COM,BP2,RSH1,RMN,,
a0f4bbe3-33ee-4fbf-b897-5d6af1831b8b,38.71628922,-9.213135084,Portugal,Lisbon,MUR,LWAL,CDL,2,RES,BPD,RSH2,RMT1,,
c06cf1fa-ecbb-4bf2-8a73-184eb847ebcb,38.70372595,-9.202320278,,,,,,,,,,,,
6151d8b0-e822-4522-bb36-827aff41fd46,38.70354979,-9.192885128,Portugal,Lisbon,MUR,LWAL,CDL,4,RES,BP2,RSH1,RMN,,
e1ae047f-e0d5-4daf-8b61-e0ce1a05ab35,38.69977063,-9.217412306,,,,,,,,,,,,
bcee9f1c-c648-4cd1-8688-135b242ac6f6,38.69485213,-9.220348802,Portugal,Lisbon,MUR,LWAL,CDN,1,RES,BP2,RSH2,RMT1,,
19dc2e7e-37ad-4b03-9537-7ad533b95c2e,38.69868032,-9.217128491,,,,,,,,,,,,
ecf781ed-4740-4421-8f9b-155326105445,38.69680135,-9.21532405,,,,,,,,,,,,
653590d7-d7d9-42f4-9543-8fa1a0cfa35e,38.71330923,-9.185335703,,,,,,,,,,,,
7a701c21-8596-45cf-bf6a-37c7344fc433,38.70264959,-9.18082739,Portugal,Lisbon,MUR,LWAL,CDN,3,MIX(RES;COM),BP1,RSH1,RMN,,
32338872-d02d-4f56-abf6-65a728e08fef,38.70382947,-9.188437175,,,,,,,,,,,,
5d5b7e78-3923-469d-a823-0699018444fc,38.7035402,-9.2055184,,,,,,,,,,,,
dff24336-29d1-4c6a-ace8-1d12f422fbc9,38.69904905,-9.220744886,,,,,,,,,,,,
f4b2faf9-378a-4c0c-857d-fe042bf0769a,38.70213529,-9.201723173,Portugal,Lisbon,CR,LFM,CDL,5,MIX(RES;COM),BP2,RSH1,RMN,,
cfe2d9a2-0541-4367-b398-7dcfe3fa69f9,38.70590219,-9.179948501,Portugal,Lisbon,MCF,LWAL,CDL,2,RES,BP3,RSH1,RMN,,
b9f1f7a7-b7cd-4cfb-b64a-3c0f1013d58d,38.70337328,-9.217386322,,,,,,,,,,,,
65c98a53-3cd8-45b1-96d1-f5ab825ca3e7,38.71649232,-9.214233677,Portugal,Lisbon,MUR,LWAL,CDL,2,RES,BP1,RSH1,RMN,,
0e6a2b5f-968f-48f7-abae-0c42229832c6,38.70890199,-9.17472866,Portugal,Lisbon,MUR,LWAL,CDL,4,RES,BP1,RSH2,RMT1,,
3da9d720-e973-4061-9287-b79e4a65dcfa,38.70363051,-9.197599486,Portugal,Lisbon,MCF,LWAL,CDL,2,MIX(RES;COM),BP2,RSH2,RMT1,,
d0543a4f-61da-4511-a392-25a1b9de907e,38.70087272,-9.205972276,Portugal,Lisbon,CR,LFM,CDN,5,RES,BP2,RSH1,RMN,,
4121b332-4baa-4bd0-9a03-9fe8d2d3e8d0,38.69932484,-9.200295581,,,,,,,,,,,,
bd61ebea-a637-42ae-a9f3-8a55ce5f936e,38.69952464,-9.198800285,Portugal,Lisbon,CR,LFM,CDL,1,COM,BPD,RSH2,RMT1,,
d3254489-4c48-4b69-ac48-4f44a3f3b643,38.69753979,-9.218574481,Portugal,Lisbon,MUR,LWAL,CDL,2,RES,BPD,RSH2,RMT1,,
b4b18d03-d8a0-4b15-afb3-982ea9a11893,38.71124723,-9.201800268,Portugal,Lisbon,MCF,LWAL,CDH,2,RES,BP1,RSH2,RMT1,,
2400bdde-ed8e-488f-af15-183f893776ac,38.70277628,-9.177041851,Portugal,Lisbon,MUR,LWAL,CDN,1,RES,BP1,RSH2,RMT1,,
c1eb4836-3a75-4264-ae0a-96a61660d5bc,38.70608399,-9.211150678,,,,,,,,,,,,
768e83dd-d0ed-4eb0-af28-351d22dab81c,38.71453645,-9.17996605,Portugal,Lisbon,MCF,LWAL,CDL,1,RES,BP3,RSH2,RMT1,,
78d0ae8e-d4bf-4108-9a81-e7170ac39dac,38.69305579,-9.213482767,,,,,,,,,,,,
b0d5e332-7c1f-4f16-adad-98a5744dd5eb,38.70782871,-9.195642433,Portugal,Lisbon,S,LFM,CDL,2,RES,BP1,RSH2,RMT1,,
5e7f89c9-20d6-4d6c-b252-279a71a4ebd2,38.70499932,-9.189431758,Portugal,Lisbon,MUR,LWAL,CDL,2,RES,BP1,RSH2,RMT1,,
2e2dcebd-eced-42cb-99de-6048415e6727,38.71209153,-9.200072075,Portugal,Lisbon,HYB(MCF;MUR),LWAL,CDM,5,RES,BP1,RSH1,RMN,,
e0703695-14a0-4ed6-8e9e-4a48ad79789b,38.70101824,-9.193390131,Portugal,Lisbon,S,LFM,CDH,1,IND,BPD,RSH2,RMT1,,
b4037960-19d4-4180-a355-cf0b713ff46e,38.70947988,-9.198590585,Portugal,Lisbon,CR,LFM,CDN,1,RES,BP1,RSH1,RMN,,
0a4407a3-d028-4190-8793-9fc165bf8cf3,38.69849369,-9.21961845,Portugal,Lisbon,MUR,LWAL,CDL,2,RES,BP1,RSH1,RMN,,
fa6e81f5-6dbc-44e6-9651-2b743cf229ba,38.70184603,-9.184629205,Portugal,Lisbon,MUR,LWAL,CDL,2,RES,BP2,RSH1,RMN,,
5b00203a-b5b2-4f9d-a9e2-1c60d5367216,38.70499371,-9.192604285,,,,,,,,,,,,
2dbc8893-3d18-4d4d-8f82-0ed3f5591eb3,38.69737886,-9.218773959,Portugal,Lisbon,MUR,LWAL,CDL,2,RES,BP1,RSH2,RMT1,,
d186120e-d67f-4222-83ab-8fab5bfa670f,38.71177959,-9.200763521,Portugal,Lisbon,MUR,LWAL,CDL,1,RES,BP1,RSH2,RMT1,,
5302957a-bc75-4edc-8bdb-80ffb97c06a9,38.70087507,-9.226544392,Portugal,Lisbon,MUR,LWAL,CDL,4,RES,BP1,RSH2,RMT1,,
bcc7c2c3-0965-41d1-82a0-4fcc28b1e63f,38.6963609,-9.215379671,,,,,,,,,,,,
8c8cc887-6774-47cd-be1f-05f3749ef55e,38.7099731,-9.180457345,Portugal,Lisbon,MUR,LWAL,CDL,4,RES,BP1,RSH2,RMT1,,
a0e8aa1c-6b26-4f25-a7dc-02f31d0e4851,38.70301263,-9.18581235,Portugal,Lisbon,MUR,LWAL,CDN,4,COM,BP2,RSH1,RMN,,
32568dfa-3f01-48dd-9211-f5952f6aef7b,38.70366537,-9.188778465,,,,,,,,,,,,
4803d48d-9e07-451d-b1d5-7d95d7848958,38.69530254,-9.212680308,Portugal,Lisbon,CR,LFM,CDH,1,RES,BPD,RSH1,RMN,,
a4086218-d18e-4ed5-8529-55261132eb91,38.69770275,-9.2157966,Portugal,Lisbon,MUR,LWAL,CDN,2,RES,BP2,RSH3,RMT1,,
f09a9986-8e51-4e35-9079-9e927ae65131,38.70218184,-9.204993386,Portugal,Lisbon,MCF,LWAL,CDL,2,COM,BPD,RSH2,RMT1,,
d887e8ca-d932-4cda-b636-4746628d6576,38.69765249,-9.190393553,Portugal,Lisbon,MUR,LWAL,CDL,1,RES,BP2,RSH1,RMN,,
d2e353db-0ac3-4b0d-9ab8-09cf49f156d5,38.70545255,-9.181472185,Portugal,Lisbon,MUR,LWAL,CDL,4,RES,BP2,RSH2,RMT1,,
30dc9ccd-4df4-4971-8a06-dc4a374e13c0,38.7073365,-9.174312942,Portugal,Lisbon,CR,LFINF,CDL,5,RES,BP2,RSH2,RMT1,,
baa79c1a-9d7e-4277-a6ce-458c4c04f5a8,38.70453908,-9.178500852,Portugal,Lisbon,S,LFM,CDM,1,RES,BP1,RSH2,RMT1,,
6e4f5447-da90-4048-92e4-7461414103ee,38.71312059,-9.205608039,Portugal,Lisbon,MUR,LWAL,CDL,2,RES,BP1,RSH2,RMT1,,
38072d59-ff72-4be2-964f-68da3df38269,38.70209224,-9.194209628,Portugal,Lisbon,CR,LFM,CDN,2,COM,BP2,RSH1,RMN,,
db39e8f9-8059-4b3d-914b-5ce53537fba1,38.70649469,-9.175003704,Portugal,Lisbon,MUR,LWAL,CDN,2,COM,BP2,RSH1,RMN,,
b0d50567-0d08-4a53-8d89-1a0c46356c7a,38.71717681,-9.210543114,Portugal,Lisbon,MUR,LWAL,CDL,3,RES,BPD,RSH1,RMN,,
4b8111d3-2589-4db4-a7dc-76235b820053,38.70094917,-9.205210461,Portugal,Lisbon,MUR,LWAL,CDL,2,RES,BP2,RSH1,RMN,,
236ee086-eea5-43c4-b3af-bf7ebac08f46,38.69890852,-9.191120263,Portugal,Lisbon,MUR,LWAL,CDL,4,RES,BP2,RSH1,RMN,,
a571889d-3810-40de-af70-bfca03356ded,38.71171668,-9.206566589,Portugal,Lisbon,MUR,LWAL,CDL,2,RES,BP2,RSH2,RMT1,,
09e62203-05f4-42ba-a0b5-efefc5c949d6,38.70258164,-9.199788007,,,,,,,,,,,,
2c81500c-7890-4781-9596-30c3aa8e09f0,38.69917854,-9.188010269,,,,,,,,,,,,
6e5886c0-d339-4be1-b54e-62b502d0d9b5,38.69730501,-9.216021821,Portugal,Lisbon,MUR,LWAL,CDL,2,RES,BP1,RSH1,RMN,,
ea31f5ba-5420-48dd-aae3-df40dc5f0b4d,38.70168902,-9.202093471,Portugal,Lisbon,CR,LFM,CDH,4,MIX(RES;COM),BP1,RSH1,RMN,,
cddae87c-751c-43e5-bf7d-f8a6432a0b13,38.7097092,-9.1998318,Portugal,Lisbon,MUR,LWAL,CDL,2,RES,BPD,RSH2,RMT1,,
57d3f1f8-01bd-49e5-8b5d-d7bfa585b126,38.69960241,-9.188986585,,,,,,,,,,,,
15f6b5bc-ea8a-472d-8c64-95e83a68d0f2,38.69632897,-9.220571339,Portugal,Lisbon,CR,LFM,CDL,4,RES,BP2,RSH1,RMN,,
7bcc0a31-abdd-4628-8b6a-4f72389ec444,38.7009833,-9.190060419,Portugal,Lisbon,CR,LFM,CDN,06/jul,MIX(RES;COM),BP3,RSH1,RMN,,
86bbf938-d8d8-4bd1-a17f-c2f697e1b5dc,38.70087963,-9.18167737,Portugal,Lisbon,S,LFM,CDH,5,RES,BP1,RSH1,RMN,,
c9ae3fae-4cc9-4b54-924a-c49020ac9628,38.69911877,-9.204633295,,,,,,,,,,,,
bc67dbf5-7919-41aa-a9cf-06b034c9170e,38.7164657,-9.214919473,Portugal,Lisbon,MCF,LWAL,CDH,2,RES,BPD,RSH2,RMT1,,
1275d0e9-0986-4f94-95e6-f875e3efbc8c,38.7072208,-9.192133949,Portugal,Lisbon,MUR,LWAL,CDL,2,RES,BP2,RSH2,RMT1,,
a8e7d74e-6068-4b2c-a235-3d264e5ab969,38.69814547,-9.210972759,,,,,,,,,,,,
67d9790e-c9ff-41e0-a066-ddecccd66afc,38.70167925,-9.203955879,,,,,,,,,,,,
117a65a2-4901-4a20-906a-0de18a3a44eb,38.69826935,-9.192789219,Portugal,Lisbon,MUR,LWAL,CDL,4,RES,BP1,RSH2,RMT1,,
bc48dc78-8876-461d-b44b-8c52f14ad09f,38.70700862,-9.194390962,,,,,,,,,,,,
fa4318b7-1167-46c6-ab99-18a75a1fee5c,38.70124938,-9.182629285,,,,,,,,,,,,
1ec12cdf-c4af-4d1f-bbee-7196ab1b016e,38.71165362,-9.200132114,Portugal,Lisbon,MUR,LWAL,CDL,2,RES,BP1,RSH1,RMN,,
ba991d36-f8d1-4759-8c93-40b8192a8c58,38.7104003,-9.199100909,Portugal,Lisbon,MUR,LWAL,CDL,2,RES,BP1,RSH2,RMT1,,
177f11e0-e6e5-4931-bb2a-a65f09570b14,38.70462167,-9.206672267,Portugal,Lisbon,CR,LDUAL,CDN,06/jul,COM,BPD,RSH1,RMN,,
a5a16b0a-e6e2-410e-a049-476c45971622,38.70197143,-9.224258452,,,,,,,,,,,,
1571b402-662d-45b4-ac48-219edf07f4c1,38.70552076,-9.190303583,,,,,,,,,,,,
85d6247f-ab14-462e-8ddb-df5ec6e2681b,38.70231907,-9.205495745,,,,,,,,,,,,
0f3b2744-e344-44b2-8051-cab64998f695,38.70202187,-9.202829951,Portugal,Lisbon,MCF,LWAL,CDL,2,RES,BP1,RSH2,RMT1,,
8e7418a3-5903-43b9-ae42-c9ef43f4ee74,38.70021635,-9.204439557,Portugal,Lisbon,MUR,LWAL,CDL,2,RES,BP1,RSH2,RMT1,,
1e832a16-e703-468e-9063-7dfd6197feaa,38.71083872,-9.201753496,Portugal,Lisbon,MUR,LWAL,CDL,3,RES,BP1,RSH1,RMN,,
0d9c6c1e-38bd-4493-8285-f91483550582,38.69624249,-9.212639179,,,,,,,,,,,,
d1e2d071-9186-4210-b070-dd7327f426cf,38.69812145,-9.187495134,,,,,,,,,,,,
08324a8d-450b-4d35-8100-906c95d5e17e,38.69401132,-9.223226929,,,,,,,,,,,,
feaa518c-4526-4d31-8714-69e43a15c5d8,38.70297103,-9.196968646,Portugal,Lisbon,MUR,LWAL,CDL,2,RES,BP1,RSH1,RMN,,
faf36013-1918-4bd6-b9d9-735b03c5db01,38.70722125,-9.214693021,,,,,,,,,,,,
aedfc074-ef5d-43d4-bd5b-9b0ae5c252d3,38.71000942,-9.17636342,Portugal,Lisbon,MUR,LWAL,CDL,1,COM,BP1,RSH2,RMT1,,
a6e4eaeb-8c44-45aa-8da2-3a5fea4b0cea,38.70436322,-9.198235035,,,,,,,,,,,,
81e47282-2db2-41d3-86bf-3da6942c3eb5,38.70048238,-9.186725004,,,,,,,,,,,,
19e0200c-01e8-4fef-b260-d8a717e5bdb3,38.70284079,-9.20403983,Portugal,Lisbon,MUR,LWAL,CDL,2,RES,BP1,RSH2,RMT1,,
650ed380-5d0b-440c-9c86-0641ca56477c,38.70645858,-9.17702591,Portugal,Lisbon,MUR,LWAL,CDL,4,RES,BP2,RSH1,RMN,,
bafaf4e8-d7f3-4137-b977-ceffd2f39dac,38.7143401,-9.18117265,,,,,,,,,,,,
1df7913c-449d-4aea-b637-4a24a05bdfe0,38.70851521,-9.196153788,,,,,,,,,,,,
0c3ac188-7042-4e44-b4a3-1a53d9ee5594,38.70392513,-9.200837681,Portugal,Lisbon,MUR,LWAL,CDN,1,RES,BP1,RSH1,RMN,,
dfe17b21-0db7-4460-be34-19ed40d53be5,38.69952484,-9.191569876,Portugal,Lisbon,CR,LFM,CDM,4,COM,BP2,RSH1,RMN,,
e4336799-39a3-431c-a036-e4dd7ce14250,38.6971197,-9.21218525,Portugal,Lisbon,CR,LFM,CDH,2,RES,BP1,RSH1,RMN,,
8e875808-8a21-40c9-8af7-c6981c1c99f9,38.7024328,-9.2126914,Portugal,Lisbon,CR,LFM,CDH,2,RES,BPD,RSH1,RMN,,
f179850a-ced7-496d-91ce-2fba77237afa,38.70995933,-9.202149321,Portugal,Lisbon,CR,LFINF,CDM,2,RES,BP2,RSH1,RMN,,
403e60c5-c020-4ba5-916c-51d0025b599e,38.69443677,-9.210684809,,,,,,,,,,,,
d14b500d-2e33-41c1-99d5-99edf072018f,38.71506675,-9.213812494,Portugal,Lisbon,CR,LFM,CDH,5,RES,BP2,RSH1,RMN,,
565e30e5-7337-4802-b0a1-973c965eb6f3,38.70003181,-9.212402719,,,,,,,,,,,,
a5bf4c3b-5746-4dfa-bb11-498ee750f758,38.71624061,-9.215467723,Portugal,Lisbon,MUR,LWAL,CDN,2,RES,BP2,RSH2,RMT1,,
b8b376ea-af48-42ab-b4aa-edf1cf5489fe,38.70766788,-9.175269126,Portugal,Lisbon,MUR,LWAL,CDL,2,RES,BPD,RSH2,RMT1,,
86ac4b50-399d-4a4b-85c3-dd15a0e647b3,38.71298163,-9.212254146,,,,,,,,,,,,
587dc678-80f4-4f8a-ae5a-e7d85900119e,38.69874361,-9.191386028,Portugal,Lisbon,CR,LFM,CDL,5,RES,BP2,RSH1,RMN,,
e14272af-b130-4af1-a54b-f064b469bdc2,38.707583,-9.183748686,,,,,,,,,,,,
9c7cf58a-97b3-4cba-b5dc-ec2be924d885,38.70525325,-9.180367603,Portugal,Lisbon,CR,LFM,CDL,4,MIX(RES;COM),BP2,RSH2,RMT1,,
653f52ce-4fcf-4142-9369-1a6423c269a3,38.71074674,-9.192027633,Portugal,Lisbon,CR,LFINF,CDM,5,RES,BP1,RSH1,RMN,,
fa3605ba-9b57-4887-9c7a-57eee2eed665,38.70924295,-9.174438864,Portugal,Lisbon,MUR,LWAL,CDL,1,RES,BP1,RSH1,RMN,,
139783de-5b41-41be-8054-b7b7c029ca15,38.70652905,-9.20269605,Portugal,Lisbon,CR,LFM,CDN,4,RES,BPD,RSH1,RMN,,
a982a695-6374-471b-8e3d-2dd450a39ef8,38.70567992,-9.176425115,Portugal,Lisbon,MCF,LWAL,CDN,2,RES,BP2,RSH1,RMN,,
b4cd5f58-9040-432b-944f-1625b68be939,38.70847312,-9.215979041,Portugal,Lisbon,CR,LFM,CDN,3,RES,BP1,RSH1,RMN,,
4a7e3e23-7e3d-4e82-805c-018fbf9b22b0,38.70952466,-9.175964091,Portugal,Lisbon,MUR,LWAL,CDN,1,RES,BP1,RSH1,RMN,,
082efe4f-8a57-4595-ae1d-d82ba946af2b,38.70332079,-9.19325487,Portugal,Lisbon,CR,LFM,CDL,5,MIX(RES;COM),BP2,RSH1,RMN,,
a423f537-2198-4015-92df-de00ed28ec66,38.70976261,-9.199037112,Portugal,Lisbon,MUR,LWAL,CDL,1,RES,BP2,RSH1,RMN,,
ff51c62b-fe61-4060-987b-1ded9d4322c4,38.70763678,-9.174638267,Portugal,Lisbon,MCF,LWAL,CDL,2,RES,BP1,RSH2,RMT1,,
3d6a58b4-1f53-406f-a058-03a52fff7be5,38.70060707,-9.189167686,Portugal,Lisbon,CR,LFM,CDH,2,RES,BP1,RSH1,RMN,,
93964f44-bd99-41ee-8ded-5de5968e8101,38.69743374,-9.193114415,Portugal,Lisbon,CR,LFM,CDH,1,COM,BPD,RSH1,RMN,,
6d95341e-076a-4eac-bfd5-32d19100a833,38.7137106,-9.205609146,Portugal,Lisbon,MUR,LWAL,CDL,2,RES,BP1,RSH2,RMT1,,
485a7eb5-68f3-41c8-8296-14ea36dda09a,38.69934192,-9.206332967,Portugal,Lisbon,CR,LFM,CDL,4,RES,BP1,RSH1,RMN,,
7789caff-d06e-452f-947d-43891ed2e148,38.6997597,-9.191386385,Portugal,Lisbon,CR,LFM,CDL,5,RES,BP2,RSH1,RMN,,
c84d15a2-266e-4a68-b036-ccd0720ed079,38.70651932,-9.176742069,Portugal,Lisbon,HYB(MCF;MUR),LWAL,CDL,2,RES,BP2,RSH1,RMN,,
726dac45-fbe1-4791-bb8c-41db4a029dec,38.70509437,-9.206027556,Portugal,Lisbon,CR,LFM,CDH,10/dez,MIX(RES;COM),BP1,RSH1,RMN,,
a0a88897-6f2c-4a4d-af9f-1eda92c713d8,38.70056391,-9.20737348,,,,,,,,,,,,
7cb0ec02-d409-45a2-b2f1-f0e5d7146142,38.70627268,-9.190441099,Portugal,Lisbon,CR,LDUAL,CDN,5,COM,BP1,RSH1,RMN,,
aecab60a-de74-4548-a0ed-560f0223a6df,38.7135867,-9.206478406,,,,,,,,,,,,
dafe0809-f3b7-4bb4-809e-3a5a297f5ccf,38.71645243,-9.212616395,Portugal,Lisbon,MUR,LWAL,CDL,2,RES,BP2,RSH2,RMT1,,
2152f218-f705-43b4-8edf-442b7b304dd9,38.70483419,-9.21387449,,,,,,,,,,,,
a4fad522-5f0d-440d-9bcf-ba680d918ff5,38.70868623,-9.214902569,,,,,,,,,,,,
7abc91e2-dc39-4e97-8214-b295f64d64e1,38.69793312,-9.215070642,,,,,,,,,,,,
d6bf03e5-830e-459b-8684-e23636ee84a2,38.7139491,-9.21162265,,,,,,,,,,,,
42f677be-86e6-4ba4-b647-bbed9d02e5e9,38.70454442,-9.203214043,Portugal,Lisbon,MUR,LWAL,CDL,1,RES,BP1,RSH2,RMT1,,
3d03d507-9deb-4579-8a0a-98575ba45b2f,38.70800971,-9.18859373,,,,,,,,,,,,
5c69ace7-d24b-4a40-a880-c93153cae5e5,38.69672739,-9.217399183,,,,,,,,,,,,
e1509447-6a57-4681-ada6-96499717b025,38.6978845,-9.217013591,,,,,,,,,,,,
8b4f72f5-977a-4a27-b69a-516a9973815c,38.70419792,-9.19510061,Portugal,Lisbon,MUR,LWAL,CDL,3,RES,BP1,RSH1,RMN,,
8bb56e97-f24a-4e98-8230-5fffe5e1ddb0,38.70607386,-9.187921287,Portugal,Lisbon,MUR,LWAL,CDL,5,RES,BP2,RSH2,RMT1,,
9a1df083-e9c3-4d19-8d69-eb34a4178c32,38.70405538,-9.203044646,Portugal,Lisbon,MCF,LWAL,CDL,3,RES,BP2,RSH1,RMN,,
d93bab6d-d3d6-4e1a-8d38-479a171978b1,38.70784214,-9.200324181,,,,,,,,,,,,
a4f88f4d-0fed-43ee-ac8f-5211cd3a75a1,38.70758725,-9.191925401,Portugal,Lisbon,MUR,LWAL,CDN,2,RES,BP2,RSH3,RMT1,,
8a41e619-9415-4a57-96ac-9ec46b1d5038,38.70480555,-9.211901929,Portugal,Lisbon,MUR,LWAL,CDL,2,RES,BPD,RSH1,RMN,,
ae40e012-f5ec-4fe0-b96a-cc6ad88c14b7,38.69492304,-9.225844381,,,,,,,,,,,,
4d20aad1-71f8-4887-8174-1939ef8b430c,38.72188802,-9.180035404,,,,,,,,,,,,
dc542fe9-8cdd-4740-aed9-04c6e9227998,38.71047261,-9.206875822,Portugal,Lisbon,CR,LFINF,CDM,06/jul,RES,BP2,RSH1,RMN,,
ca2d788b-89c5-43b7-b117-5cb5c1dd467b,38.70049012,-9.210533123,,,,,,,,,,,,
02e9e987-901a-42e9-b4ce-90a0ce08d7d7,38.69742066,-9.201436588,Portugal,Lisbon,CR,LFM,CDL,2,COM,BP1,RSH1,RMN,,
0a444c10-9a9b-4df3-bb5f-162b3f83db57,38.69579933,-9.217986036,,,,,,,,,,,,
1759fbe2-a1ee-43f5-bab7-5d8a2b05515b,38.71313549,-9.20550286,Portugal,Lisbon,MUR,LWAL,CDN,1,RES,BP2,RSH2,RMT1,,
f29c9550-860c-4d5f-baa3-228949437152,38.70476252,-9.184192093,Portugal,Lisbon,MUR,LWAL,CDL,4,RES,BP1,RSH2,RMT1,,
acf40171-9821-4927-8a39-9713790095d5,38.70450851,-9.215614276,Portugal,Lisbon,MUR,LWAL,CDN,2,RES,BP2,RSH2,RMT1,,
d6348b62-bcbe-465f-bd44-d1d16568c741,38.7029455,-9.187973349,,,,,,,,,,,,
b9908571-d49a-47ae-a3e0-c72ad4b5b68c,38.71782193,-9.211743421,Portugal,Lisbon,MUR,LWAL,CDL,2,RES,BP1,RSH2,RMT1,,
155516a4-b006-45d7-90fa-ef8ad5adaca9,38.699424,-9.18898845,,,,,,,,,,,,
0d19ba84-feee-4815-95df-3d86281fde4f,38.70492796,-9.202227754,Portugal,Lisbon,CR,LFM,CDL,4,RES,BP2,RSH1,RMN,,
497fd16f-4fda-4e02-89b1-1a7627f6f847,38.70108712,-9.182268014,Portugal,Lisbon,MUR,LWAL,CDN,06/jul,RES,BPD,RSH1,RMN,,
48547e00-0940-4a1e-81fa-410c028c14d8,38.708261,-9.1758765,,,,,,,,,,,,
513680c5-3475-4252-8a3e-20d3345f2ab0,38.69684061,-9.214193271,,,,,,,,,,,,
cdaa05f9-ddaa-4da1-adfa-af7e7f616a1d,38.71689592,-9.21547199,,,,,,,,,,,,
b55fe2ca-88a7-4c1e-908f-ccc79b0ccf11,38.70233188,-9.195825601,Portugal,Lisbon,CR,LFM,CDM,4,RES,BP2,RSH1,RMN,,
8ea96476-e1f6-48aa-90b8-049e0dc7a32d,38.7079427,-9.19016795,Portugal,Lisbon,MUR,LWAL,CDN,2,RES,BP1,RSH1,RMN,,
95ddcffa-f13e-4c8a-b00d-380ae0688857,38.7080777,-9.20584145,Portugal,Lisbon,CR,LFM,CDL,3,RES,BP2,RSH2,RMT1,,
a3af5ad3-bbcb-4c0c-86a6-53c35c2a1e63,38.71296705,-9.1834148,,,,,,,,,,,,
349c4fc7-6b7b-4b8d-8bee-118176c15485,38.7143012,-9.18130485,Portugal,Lisbon,CR,LFM,CDL,1,RES,BPD,RSH2,RMT1,,
7e3dade8-2a66-4bac-9288-40504bd97b86,38.71689641,-9.211634276,Portugal,Lisbon,MUR,LWAL,CDL,2,RES,BPD,RSH2,RMT1,,
f789e1d0-5d3a-47df-86e3-3761aee87c53,38.70993571,-9.197314654,Portugal,Lisbon,CR,LFM,CDL,4,RES,BP1,RSH1,RMN,,
0cbf0727-0bcc-48b8-8554-dbeec00658e7,38.69809311,-9.192802423,Portugal,Lisbon,MUR,LWAL,CDL,2,RES,BP1,RSH2,RMT1,,
edb4dc88-5f3f-4da7-94ef-db843a3c6d07,38.70984011,-9.213367144,,,,,,,,,,,,
f66cb690-198a-48e3-8fe7-684f83d854c4,38.70775605,-9.2107815,Portugal,Lisbon,MUR,LWAL,CDL,3,RES,BP1,RSH1,RMN,,
c5b25cbe-f186-45cb-a727-44feaef9e1f4,38.69736692,-9.193446989,Portugal,Lisbon,MUR,LWAL,CDN,4,RES,BP2,RSH1,RMN,,
1532f183-d937-4dd6-9d41-99779abe5804,38.70574514,-9.184194305,Portugal,Lisbon,CR,LFM,CDL,4,MIX(RES;COM),BP1,RSH1,RMN,,
d3d72dfc-4438-4491-8994-9ec4508298de,38.70193237,-9.200323097,Portugal,Lisbon,CR,LFM,CDN,4,RES,BP1,RSH1,RMN,,
55af095d-89c7-4142-980c-cdee3f92a745,38.70409407,-9.202571944,Portugal,Lisbon,MUR,LWAL,CDL,4,RES,BP2,RSH2,RMT1,,
71caa0a2-260c-42f3-bcf2-0eabf8b60c72,38.7089757,-9.194014536,,,,,,,,,,,,
8ca3b739-a8b0-4c96-af3c-799273cc26de,38.69893474,-9.220043605,Portugal,Lisbon,MUR,LWAL,CDL,3,RES,BP1,RSH1,RMN,,
bee2555a-de3e-4f39-b149-6501d77ca2a1,38.70371099,-9.214018266,,,,,,,,,,,,
03e5a065-01dd-41ad-98c6-d427cc57c6a9,38.69751946,-9.203246605,Portugal,Lisbon,MUR,LWAL,CDN,4,MIX(RES;COM),BP2,RSH1,RMN,,
a06cbb16-9566-471d-9dd1-3c2308e1f35d,38.70750784,-9.174291346,Portugal,Lisbon,MUR,LWAL,CDN,5,RES,BP2,RSH1,RMN,,
629a6535-36ae-4d31-8ec3-b8669637ba90,38.70928631,-9.174690254,Portugal,Lisbon,MUR,LWAL,CDL,4,RES,BP2,RSH1,RMN,,
c57fc5bf-6733-4d5d-8d02-579493543a97,38.69819595,-9.209669218,,,,,,,,,,,,
e7d19571-b3ed-4e60-9ccb-33f094e540a6,38.71639272,-9.215414942,Portugal,Lisbon,MUR,LWAL,CDN,2,RES,BP2,RSH2,RMT1,,
ba8b856a-8ab2-44ab-a940-255ddfa77ae7,38.70826668,-9.177171276,Portugal,Lisbon,CR,LFM,CDL,5,RES,BP1,RSH1,RMN,,
7eaee538-2c1b-4799-8e32-222fafd49756,38.71698363,-9.216774625,Portugal,Lisbon,MUR,LWAL,CDL,2,RES,BP1,RSH2,RMT1,,
b6279462-6262-481a-ad64-89750f0414ac,38.6971529,-9.219590075,,,,,,,,,,,,
0fd769db-385d-474f-a0f1-310292d484f6,38.71055396,-9.20423907,Portugal,Lisbon,MR,LWAL,CDH,2,MIX(RES;COM),BP1,RSH1,RMN,,
f1a52239-c6b9-4b2e-a1f2-3276d3c08880,38.7046095,-9.1814346,Portugal,Lisbon,CR,LFM,CDL,4,MIX(RES;COM),BP2,RSH1,RMN,,
ad1b92ec-8c9c-4b41-ab32-228442233fc8,38.69788059,-9.21739169,Portugal,Lisbon,MUR,LWAL,CDL,2,RES,BP1,RSH1,RMN,,
92b8d9c5-468c-44c7-bdff-f51acac698eb,38.703733,-9.213449921,,,,,,,,,,,,
2bb30a60-c9b8-4c57-b8a5-c5ac0817b49a,38.70260277,-9.213076568,,,,,,,,,,,,
e354c8f2-4d88-4e2f-9412-ea9a861d65ba,38.70066902,-9.182758252,Portugal,Lisbon,MUR,LWAL,CDL,4,RES,BP2,RSH1,RMN,,
51ac5bbc-1f6a-49e0-91d5-7ed0ad64f796,38.70663368,-9.218113951,,,,,,,,,,,,
9ef465d0-fbe8-493b-9f55-a674659f4b51,38.70522996,-9.182460087,Portugal,Lisbon,CR,LFINF,CDL,4,RES,BP1,RSH1,RMN,,
2f71e18e-f22a-4547-a9ea-77d330d3e9f4,38.70224529,-9.203535116,Portugal,Lisbon,MUR,LWAL,CDL,1,RES,BP1,RSH1,RMN,,
19061600-9a76-47d9-a4fe-cf81a92f7e43,38.72348182,-9.185140126,,,,,,,,,,,,
a34bdff4-5a80-4a2a-9ca7-d616312de788,38.71527222,-9.206454128,,,,,,,,,,,,
65a3fe80-8a17-4bf3-9760-a87b03bb1321,38.70530475,-9.195614588,Portugal,Lisbon,CR,LFM,CDM,5,RES,BP3,RSH1,RMN,,
290009d8-d6b1-48fb-8368-c0dbe6b26cc5,38.70853727,-9.197379967,Portugal,Lisbon,S,LFM,CDL,1,RES,BP1,RSH2,RMT1,,
fc67119f-8db2-4ee4-a50d-628724897563,38.70312449,-9.211685073,,,,,,,,,,,,
29e8b5cb-ca42-4f88-94b9-a1cb824a3b96,38.71393332,-9.206490748,Portugal,Lisbon,MUR,LWAL,CDL,2,RES,BP1,RSH2,RMT1,,
88d0caf3-a810-4ea3-b2af-d141236429fe,38.70579359,-9.214913516,Portugal,Lisbon,MUR,LWAL,CDL,2,RES,BP1,RSH1,RMN,,
f2e821b7-b2f0-4171-b088-29cf4212c20b,38.69972282,-9.183175109,,,,,,,,,,,,
344a962b-3fc6-4735-a8e8-1a3f0850a22f,38.7140947,-9.180911731,Portugal,Lisbon,CR,LFM,CDN,3,COM,BP1,RSH1,RMN,,
83a581d8-e175-4fc2-94b1-b324a1c6b6d8,38.71556734,-9.216906829,Portugal,Lisbon,S,LFM,CDH,3,RES,BP1,RSH1,RMN,,
8d075ace-ec5b-44bd-9ea4-1dc7dd51ef85,38.70248864,-9.215281517,,,,,,,,,,,,
0af94cbc-f82d-4d35-86f3-4338e71f61e9,38.70932619,-9.203845972,Portugal,Lisbon,MUR,LWAL,CDN,1,RES,BP2,RSH2,RMT1,,
18c8870a-23b6-4829-91b7-1f44982d5cb0,38.69795404,-9.203720407,,,,,,,,,,,,
3e9759ae-8a91-4eee-967c-e0f6551201fb,38.70170328,-9.206186936,Portugal,Lisbon,S,LFM,CDN,4,RES,BP1,RSH1,RMN,,
d14e5ddc-2a06-48b5-8f20-c293b3c184da,38.70850979,-9.194289977,Portugal,Lisbon,MUR,LWAL,CDN,1,RES,BP2,RSH2,RMT1,,
af8702fa-3a6e-40fd-96d6-7e9cfb126967,38.70767885,-9.174727432,Portugal,Lisbon,MUR,LWAL,CDN,1,RES,BP2,RSH1,RMN,,
47b792e7-bff9-45bd-85ba-cd01b9d0869d,38.70624597,-9.211190803,,,,,,,,,,,,
8a538f40-1f0a-424d-a121-1c4660ad04b5,38.70364475,-9.21622855,,,,,,,,,,,,
094d996a-22d9-45a2-a470-39beba2fbce6,38.7036401,-9.17640595,Portugal,Lisbon,MUR,LWAL,CDL,3,COM,BP1,RSH1,RMN,,
aa3f1e28-e2f7-43bf-a972-1c2fe16fdca5,38.71028712,-9.198601018,,,,,,,,,,,,
39bae435-8fd1-4407-b3ff-b610c738c87c,38.69700578,-9.215832895,Portugal,Lisbon,MUR,LWAL,CDL,3,RES,BP1,RSH1,RMN,,
866f378e-0a25-4b2c-a787-000268ce1db7,38.70370679,-9.21653102,,,,,,,,,,,,
2446fa2e-4415-42e7-8684-9cfaff26a174,38.71193612,-9.202694483,,,,,,,,,,,,
194e25d1-afdf-4da9-9502-9d6b0f2086f0,38.69612078,-9.211091314,Portugal,Lisbon,CR,LFM,CDN,4,RES,BP2,RSH1,RMN,,
372c2a49-2f56-410f-b639-ff4ec93be038,38.69448238,-9.213572235,Portugal,Lisbon,MCF,LWAL,CDL,1,RES,BPD,RSH1,RMN,,
c389b666-2f1a-48ae-b468-265626314c49,38.71819726,-9.191755174,,,,,,,,,,,,
06e159b8-af49-4334-b6bf-2c10523bc6aa,38.70490911,-9.193504178,Portugal,Lisbon,CR,LFM,CDM,08/set,MIX(RES;COM),BP3,RSH1,RMN,,
641287e0-51f5-42c2-b2ee-b7799fc55673,38.70209058,-9.184202392,Portugal,Lisbon,MUR,LWAL,CDN,1,RES,BP2,RSH2,RMT1,,
70306722-4f35-45ce-bfad-1b359864e1dd,38.71349222,-9.212123734,,,,,,,,,,,,
9e924beb-41cf-47e1-b5de-a03f1d5be51d,38.70845248,-9.215262611,,,,,,,,,,,,
d5ee0dc5-9895-45f3-a861-f05e73638a93,38.70296864,-9.193780005,Portugal,Lisbon,MUR,LWAL,CDL,2,COM,BP1,RSH3,RMT1,,
cd02eb69-466d-40a5-bbc5-8c3fc5e47e8f,38.7134365,-9.185522402,,,,,,,,,,,,
7f4b1e45-aeb0-4146-87fb-0f21964b1011,38.70431896,-9.192865799,Portugal,Lisbon,CR,LFM,CDL,4,RES,BP3,RSH1,RMN,,
4aa9cbb4-8396-4364-999f-2426827d0f3d,38.70224147,-9.205634388,Portugal,Lisbon,MCF,LWAL,CDN,1,RES,BP1,RSH2,RMT1,,
aff39e68-34fa-4c46-b597-84a8e072f433,38.69781862,-9.20206141,Portugal,Lisbon,S,LFM,CDL,2,IND,BP1,RSH2,RMT1,,
5468d774-0d84-48a0-98e9-07bf64150a1f,38.69868745,-9.188105672,Portugal,Lisbon,MUR,LWAL,CDN,1,COM,BP1,RSH2,RMT1,,
59c9eee2-6285-4415-b82b-e9b8bded42cb,38.70523553,-9.217301749,,,,,,,,,,,,
d4f42d04-71d1-4cc3-85f9-a5c1cc6d4f3a,38.70866165,-9.1752436,Portugal,Lisbon,MUR,LWAL,CDL,2,MIX(RES;COM),BP2,RSH2,RMT1,,
7186bf0f-6b39-4e19-b65e-f66178132d96,38.69749528,-9.216959991,Portugal,Lisbon,MCF,LWAL,CDM,3,RES,BP1,RSH2,RMT1,,
73e30125-9ec8-4db0-afac-c316156e55af,38.69902712,-9.190645358,Portugal,Lisbon,CR,LFM,CDL,4,MIX(RES;COM),BP2,RSH1,RMN,,
4bf4c0d9-1381-4603-99c3-fdad26c05879,38.71212085,-9.1912769,,,,,,,,,,,,
4584fa5e-3d17-494b-a1ae-19b8bb567466,38.71290445,-9.205968207,,,,,,,,,,,,
abaf6ed9-6ca3-4e9f-abf4-2d3cdc3793e0,38.69582757,-9.219681707,Portugal,Lisbon,S,LFM,CDH,4,RES,BP1,RSH2,RMT1,,
a9a27a37-3d2a-46d0-bdb1-744c93bddf96,38.70471084,-9.191831965,,,,,,,,,,,,
a0974a65-a6c4-43bb-9e03-2c018ada15ee,38.70830328,-9.217011942,,,,,,,,,,,,
b999d089-d48a-43d7-9945-5a73416b47f8,38.71682558,-9.21677064,Portugal,Lisbon,MUR,LWAL,CDL,2,RES,BP2,RSH1,RMN,,
3ac9fee7-765f-49d5-8804-e067a7cc01c1,38.70598325,-9.187255442,Portugal,Lisbon,CR,LFM,CDL,5,RES,BP1,RSH2,RMT1,,
65715fd2-7b01-44e1-bf8a-9dbbd9bc30c6,38.69801714,-9.215070652,,,,,,,,,,,,
189ef193-e485-40d5-8749-dfa76d9ebdf0,38.7078479,-9.21112955,Portugal,Lisbon,MUR,LWAL,CDL,5,RES,BP1,RSH1,RMN,,
8fdddd98-9f53-423c-bd7e-187aeaeb3620,38.70180482,-9.196411371,Portugal,Lisbon,MUR,LWAL,CDL,1,RES,BP2,RSH5,RMT6,,
956338d2-b5db-437b-9e14-b3864bc6deb9,38.69235863,-9.213200938,Portugal,Lisbon,MCF,LWAL,CDN,3,MIX(RES;COM),BP3,RSH1,RMN,,
21f319f4-47de-4f51-bf08-ff1a44e5c60e,38.7051994,-9.184828507,Portugal,Lisbon,CR,LFM,CDN,4,COM,BP2,RSH1,RMN,,
4b60c75c-3088-4052-a17c-82283ab7e571,38.70542685,-9.180782837,Portugal,Lisbon,CR,LFINF,CDH,5,MIX(RES;COM),BP1,RSH1,RMN,,
12b1192c-1299-4e30-86b9-4a08606464f4,38.71340024,-9.185123746,,,,,,,,,,,,
bc84e343-0ac4-4af4-9680-9b7904f0ca7f,38.71421909,-9.19439916,,,,,,,,,,,,
a6e35c25-b550-441a-baa4-8b329ea0f7d6,38.70432544,-9.18554153,,,,,,,,,,,,
406410bf-2ad6-4667-96fd-02e178c9f570,38.70413255,-9.181420448,,,,,,,,,,,,
6f48d548-467e-4fac-a758-aebb2e44db88,38.70486385,-9.189295398,Portugal,Lisbon,MUR,LWAL,CDL,1,COM,BP1,RSH2,RMT1,,
1bb8555d-1ee5-4d5a-b322-bef4707372ca,38.69717005,-9.216099193,Portugal,Lisbon,MUR,LWAL,CDL,2,RES,BP2,RSH2,RMT1,,
48fa5581-c7e4-4796-ac9a-254cc40d4c0b,38.70183159,-9.214675218,,,,,,,,,,,,
bfb9ae19-98c8-446f-b84b-a24e2e5e959a,38.70738719,-9.209021939,Portugal,Lisbon,CR,LDUAL,CDN,5,RES,BP1,RSH2,RMT1,,
4980b284-3689-4af0-8347-b87b66b21909,38.69702975,-9.2161867,Portugal,Lisbon,MUR,LWAL,CDL,3,RES,BP1,RSH2,RMT1,,
621124d1-0237-416f-aad4-fba95b7bb9ef,38.70701239,-9.202404328,Portugal,Lisbon,MUR,LWAL,CDL,1,RES,BPD,RSH2,RMT1,,
047c8d89-6b52-4d20-8372-f6f55977bfea,38.70002088,-9.220744125,Portugal,Lisbon,MUR,LWAL,CDN,2,RES,BP2,RSH1,RMN,,
325f2909-9b59-48b0-bba2-aebd6f65063e,38.70420795,-9.183563565,Portugal,Lisbon,CR,LFINF,CDL,4,RES,BP1,RSH1,RMN,,
777ddaeb-35ba-4e61-92e3-b22f1c98304f,38.70648958,-9.191410081,Portugal,Lisbon,CR,LFINF,CDL,5,MIX(RES;COM),BP1,RSH1,RMN,,
d7317196-79ca-41a8-a526-884d5649173c,38.70071843,-9.201526221,Portugal,Lisbon,MUR,LWAL,CDN,1,RES,BPD,RSH2,RMT1,,
75d80b4f-6ec7-46c7-ba39-451946302de4,38.7079577,-9.2083201,Portugal,Lisbon,CR,LFM,CDL,06/jul,RES,BP2,RSH1,RMN,,
2979ac6d-8b41-4af7-b303-f4be1afe0dd4,38.69613115,-9.212243033,Portugal,Lisbon,MCF,LWAL,CDL,4,RES,BP2,RSH1,RMN,,
d66cda53-77ba-488f-b4ff-b1ee873e6aae,38.6992714,-9.216473416,,,,,,,,,,,,
912c0e2d-6d3c-4b8a-9421-2bdd54815031,38.70273828,-9.195164511,,,,,,,,,,,,
6f013d25-0a75-4c67-8789-4f9bced92585,38.71745525,-9.1913489,,,,,,,,,,,,
5c5e918e-0a8e-49ab-a290-d338af22e90d,38.70680933,-9.213610546,,,,,,,,,,,,
723a37c0-5ce1-4ec7-be3e-1cc545e677df,38.70087971,-9.196031981,,,,,,,,,,,,
d3f0ddea-8a9f-41e5-97a6-b11c9e4afeda,38.69743943,-9.217019517,Portugal,Lisbon,MCF,LWAL,CDM,3,RES,BP1,RSH2,RMT1,,
784e24be-232a-4d5f-8fc3-78c1c3b71bbc,38.70479589,-9.196443416,Portugal,Lisbon,MUR,LWAL,CDL,4,RES,BP2,RSH1,RMN,,
8ec0cc5b-d5e5-4ed9-9a39-216aea533f0d,38.69683324,-9.226842687,,,,,,,,,,,,
d3aeacb3-eecf-459a-ae6d-9039f1710c80,38.69950637,-9.183041031,Portugal,Lisbon,CR,LFM,CDL,1,COM,BPD,RSH2,RMT1,,
bab8de56-2791-451b-abf3-e0eef4b1fce1,38.69269541,-9.22146062,,,,,,,,,,,,
1b028736-83aa-4627-bc16-83ef97bec731,38.70199557,-9.200837078,Portugal,Lisbon,MUR,LWAL,CDL,4,RES,BP1,RSH2,RMT1,,
29d56290-5c6d-4303-8cd2-95e773100c83,38.70879979,-9.176332242,Portugal,Lisbon,MUR,LWAL,CDL,4,RES,BP2,RSH1,RMN,,
0e131405-d45a-46f9-b5c0-14212a646c84,38.70269385,-9.19543225,Portugal,Lisbon,HYB(MCF;MUR),LFM,CDL,1,RES,BP2,RSH2,RMT1,,
6fbaae11-6f09-4dd8-a3c6-aa447e156ae5,38.71463723,-9.181291559,Portugal,Lisbon,MCF,LWAL,CDN,2,RES,BP3,RSH1,RMN,,
74dc8267-6a8e-43b1-8bcf-e2c138fadee8,38.70757888,-9.193454055,Portugal,Lisbon,CR,LFINF,CDL,4,MIX(RES;COM),BP1,RSH1,RMN,,
a51b134c-1922-4a02-ae8e-11c678403d7a,38.70209873,-9.203054557,Portugal,Lisbon,CR,LFINF,CDN,4,MIX(RES;COM),BP1,RSH1,RMN,,
0931a845-3904-4fa3-9336-012f82617bf2,38.69856849,-9.201269605,,,,,,,,,,,,
77e1fe9d-b3bf-49ed-834a-1fb1a3209632,38.69695495,-9.211364775,,,,,,,,,,,,
1cfb2552-bdd9-47df-a786-6df0c7908473,38.69668131,-9.212853445,,,,,,,,,,,,
bffdb221-856a-409b-98f6-8a1c8952fcf0,38.70537935,-9.175336857,Portugal,Lisbon,CR,LFM,CDL,4,RES,BP3,RSH1,RMN,,
3a70bfc5-a4a3-49fe-bc2b-acaf8f564942,38.7064086,-9.2108741,Portugal,Lisbon,MUR,LWAL,CDL,2,RES,BP1,RSH1,RMN,,
4a74e047-5b60-48a9-8e9b-286edfd05065,38.70797753,-9.174965868,,,,,,,,,,,,
3b52a7d9-6161-463e-ba2d-4f62d00a5419,38.70041235,-9.21283875,Portugal,Lisbon,MUR,LWAL,CDN,1,RES,BP2,RSH2,RMT1,,
39c87354-ceb3-4c68-8a33-4bd86b1de8fc,38.70627143,-9.210911384,Portugal,Lisbon,MCF,LWAL,CDH,2,RES,BPD,RSH1,RMN,,
70630657-b0e1-4935-b8b5-0f4c62a31a20,38.7122893,-9.204764732,Portugal,Lisbon,MCF,LWAL,CDH,2,RES,BP1,RSH2,RMT1,,
17e4390b-8325-4fc0-b655-d0c2ceb0d157,38.70043474,-9.205388779,Portugal,Lisbon,MUR,LWAL,CDN,1,RES,BP2,RSH2,RMT1,,
6eccbb39-7406-42b3-b8ce-e8dba899abe2,38.69414157,-9.215754194,,,,,,,,,,,,
89b69dd7-3181-430a-9b9a-8bbdcc8ca31b,38.70895417,-9.194656982,Portugal,Lisbon,W,LWAL,CDN,1,RES,BP1,RSH5,RMT6,,
5d859b06-7aec-4926-9376-cf0b04bb5c2c,38.70099236,-9.206000873,,,,,,,,,,,,
f99bc4d0-eb88-408b-a1ca-37bf2b83f0f4,38.69866175,-9.196175274,,,,,,,,,,,,
9400a2db-0c0b-452d-8707-6ce7f587c325,38.70633843,-9.178787312,,,,,,,,,,,,
d39343ac-00ed-4ecc-bfce-d3906dc03108,38.70478943,-9.185275798,Portugal,Lisbon,MUR,LWAL,CDN,3,RES,BP1,RSH1,RMN,,
939b5960-1056-49b2-86b4-724f11663ce5,38.70539887,-9.195014245,Portugal,Lisbon,CR,LFM,CDL,06/jul,RES,BP3,RSH1,RMN,,
c6b89608-dc2c-48ad-98ca-875c5e947b01,38.69959685,-9.192030985,Portugal,Lisbon,MUR,LWAL,CDL,4,RES,BP2,RSH2,RMT1,,
be91eb4c-ff4d-47d6-b257-51f3b2cf8c43,38.70113435,-9.19666285,,,,,,,,,,,,
88e1d17e-b907-43e1-a5df-45876f21c08a,38.70313025,-9.183638249,Portugal,Lisbon,CR,LFM,CDL,4,RES,BP2,RSH1,RMN,,
5bd63d7a-ee88-4e6c-bcb8-629fdbf32039,38.70493566,-9.198508223,,,,,,,,,,,,
beb18c7b-69c8-4820-b665-9180cec8b4dd,38.70132486,-9.20478539,Portugal,Lisbon,CR,LFM,CDH,2,RES,BP1,RSH1,RMN,,
d186bc47-1d1b-45b9-9b8e-6e3b6cc079a6,38.70555572,-9.182237257,Portugal,Lisbon,MUR,LWAL,CDN,5,RES,BP2,RSH1,RMN,,
a697c80a-e4a0-4f36-af54-01bb1772b76c,38.70212371,-9.181602381,Portugal,Lisbon,MUR,LWAL,CDL,2,RES,BP2,RSH1,RMN,,
976dabea-3e67-42c8-9214-f7815bcdc540,38.70205759,-9.202938588,Portugal,Lisbon,CR,LFINF,CDL,2,COM,BP2,RSH2,RMT1,,
4eff61e6-3b15-4683-a69b-2b3978dbbc03,38.69855363,-9.219533198,,,,,,,,,,,,
ee048953-250c-4fb2-ba60-93b703014924,38.71593708,-9.214447346,Portugal,Lisbon,MUR,LWAL,CDN,1,IND,BPD,RSH2,RMT1,,
402be1e0-41e1-498b-b6ec-5ec02b8a4470,38.70226816,-9.19061951,Portugal,Lisbon,CR,LFM,CDL,08/set,MIX(RES;COM),BP2,RSH1,RMN,,
ab946902-a93b-43a8-8bf7-24d959ff05c5,38.6969328,-9.215504797,Portugal,Lisbon,MUR,LWAL,CDL,2,RES,BP2,RSH2,RMT1,,
a6bb0c2c-5228-4b18-8c1c-fbb89d9567dd,38.69438542,-9.216821715,Portugal,Lisbon,MCF,LWAL,CDL,1,COM,BP2,RSH1,RMN,,
db94b31e-5516-480f-a021-39a0286994db,38.7068886,-9.19216205,Portugal,Lisbon,MUR,LWAL,CDL,2,RES,BP1,RSH2,RMT1,,
13948faa-ddba-4688-b217-f32afbb4613e,38.71497577,-9.194071924,,,,,,,,,,,,
69c4d81e-288a-4b05-88b8-970e34dbb18a,38.7010824,-9.211685431,Portugal,Lisbon,MUR,LWAL,CDL,2,RES,BP2,RSH1,RMN,,
5ba789b7-66e5-4caa-a43e-0aae82262b8b,38.71453157,-9.210984937,,,,,,,,,,,,
9f1932f3-17bf-4e2d-88f9-6ca3001ea334,38.6952118,-9.21373973,Portugal,Lisbon,HYB(MCF;MUR),LWAL,CDL,1,RES,BP2,RSH1,RMN,,
cbe26622-8ead-4a95-91b6-9295fd784ccf,38.70030982,-9.189914332,Portugal,Lisbon,CR,LFM,CDN,06/jul,MIX(RES;COM),BP1,RSH1,RMN,,
9e660d01-f232-4235-a217-4acda42fb65a,38.70178191,-9.206207729,,,,,,,,,,,,
ee3d4e6e-d0bc-41ae-982b-9d716fb0a726,38.69733485,-9.224961633,,,,,,,,,,,,
5cd72b7d-4c46-4023-a9ec-d6d29b447149,38.69735694,-9.193602445,Portugal,Lisbon,MUR,LWAL,CDL,3,RES,BP1,RSH2,RMT1,,
e2ea134c-1c14-47ce-be4e-cfff9dcd0cc2,38.69767684,-9.20259808,Portugal,Lisbon,MUR,LWAL,CDL,1,RES,BP1,RSH1,RMN,,
82524962-1b0b-4a1a-a6a1-96ca4f99466c,38.70398913,-9.198748728,Portugal,Lisbon,MUR,LWAL,CDL,3,RES,BP1,RSH2,RMT1,,
177c5a3e-0f0e-416c-bb40-edd5d1f1085c,38.70071111,-9.210351426,,,,,,,,,,,,
9b6d132d-38cf-44fc-aa5d-5b9fd85b1a5f,38.7110574,-9.2011714,Portugal,Lisbon,MUR,LWAL,CDL,3,RES,BP1,RSH2,RMT1,,
3743d3e4-1ef0-4788-88a0-ea22820df7d1,38.71299741,-9.207077654,,,,,,,,,,,,
10d4f34d-3922-4d68-88fc-85fbc35a8240,38.70454011,-9.193131779,Portugal,Lisbon,CR,LFINF,CDN,2,COM,BP3,RSH3,RMT1,,
ea4a9f3a-2e55-41c9-9a91-d1721bba28b3,38.71876085,-9.186493127,,,,,,,,,,,,
30ee24af-324a-474f-ae9a-94b7cd841481,38.70259521,-9.204962085,,,,,,,,,,,,
bc0355e1-a77f-42f2-ba75-0143dda95669,38.69763222,-9.201409397,Portugal,Lisbon,MUR,LWAL,CDL,1,RES,BPD,RSH2,RMT1,,
f54bb260-c0da-4ff5-9e2b-e3477334b919,38.70886574,-9.174501087,Portugal,Lisbon,MUR,LWAL,CDL,2,RES,BP2,RSH2,RMT1,,
6f0566e1-0fbb-4fbd-9e59-67be8f17615b,38.70195066,-9.190547514,Portugal,Lisbon,CR,LFINF,CDL,06/jul,MIX(RES;COM),BP1,RSH1,RMN,,
eab2f69e-9334-4857-8ea7-69108fcfcd7b,38.70914247,-9.19502653,Portugal,Lisbon,MUR,LWAL,CDL,2,RES,BP1,RSH2,RMT1,,
307fa608-b81a-4d7f-97dd-009cfbb85804,38.70654413,-9.213679085,,,,,,,,,,,,
7503ad1a-8200-43fd-8ee1-abcdfbff7e77,38.70878672,-9.175382374,Portugal,Lisbon,MUR,LWAL,CDL,2,RES,BP1,RSH1,RMN,,
781bf6d3-64a0-4207-bb43-174d10546fb7,38.7031322,-9.212946473,,,,,,,,,,,,
998e9df6-d770-4219-87e0-786fc06569fe,38.70202883,-9.217984232,,,,,,,,,,,,
25c9bb19-a3b9-47e4-a5ef-86220ee0ee99,38.70124381,-9.212208494,,,,,,,,,,,,
caf90b10-68a7-486b-8978-a4531513d421,38.70447989,-9.211925261,,,,,,,,,,,,
9823c007-0a94-477a-a669-81aab09dd7e9,38.71118466,-9.199210882,Portugal,Lisbon,MUR,LWAL,CDL,2,RES,BP1,RSH2,RMT1,,
562edbce-5739-48ea-8a62-269d5a6d1fee,38.7035509,-9.210909902,,,,,,,,,,,,
e0e75b5a-77e3-4f77-9128-be1254c070b3,38.69763912,-9.203212221,Portugal,Lisbon,HYB(MCF;MUR),LWAL,CDL,4,RES,BP1,RSH1,RMN,,
2ca0e349-b697-4947-ac09-ec299ef5f05f,38.70382887,-9.175483259,Portugal,Lisbon,CR,LFM,CDN,4,COM,BP2,RSH1,RMN,,
555ea96a-2dab-499a-ba6a-8b06ccc981ea,38.70962389,-9.193908497,Portugal,Lisbon,MUR,LWAL,CDL,1,RES,BP1,RSH2,RMT1,,
15b522e1-c0d6-4056-a01c-8eae8eaf5be7,38.70207668,-9.19666552,Portugal,Lisbon,CR,LDUAL,CDN,4,RES,BPD,RSH1,RMN,,
51ced383-6cda-47ba-8a18-998a351f4845,38.71193681,-9.205518973,Portugal,Lisbon,MUR,LWAL,CDL,3,RES,BP1,RSH1,RMN,,
35c84b0d-15b2-45c0-881e-77157b45f392,38.70959382,-9.201045278,Portugal,Lisbon,MUR,LWAL,CDL,1,RES,BPD,RSH2,RMT1,,
62cdd743-fd89-48fb-9bb1-7dc6431772b4,38.70876023,-9.199206197,Portugal,Lisbon,MUR,LWAL,CDL,5,RES,BP1,RSH2,RMT1,,
67bef922-312b-4db4-89d3-e08685a357fc,38.71506625,-9.179834285,,,,,,,,,,,,
16a44f44-8905-4074-b1ca-8b83a39c9bdd,38.69744992,-9.218250267,Portugal,Lisbon,MUR,LWAL,CDL,1,RES,BPD,RSH2,RMT1,,
184c7156-dd44-423b-89bf-852cbf0f93c1,38.70036397,-9.224470577,,,,,,,,,,,,
4ed63575-9b54-4c5b-84c2-fb94d04ec01c,38.70509195,-9.182213233,Portugal,Lisbon,CR,LFM,CDL,4,RES,BP2,RSH1,RMN,,
e553e812-505a-4f49-9a08-a519d39462f8,38.70077402,-9.203461146,,,,,,,,,,,,
361e2e8b-ee3e-436e-ac8f-24b5b1ac8775,38.70371523,-9.19572662,Portugal,Lisbon,MCF,LWAL,CDL,2,COM,BP2,RSH1,RMN,,
233d25e1-b8f5-47aa-bf5c-77f045337b1c,38.6968447,-9.217445109,Portugal,Lisbon,MUR,LWAL,CDL,2,RES,BP1,RSH1,RMN,,
35fef272-eef2-4d25-be66-3c4456040d07,38.70827688,-9.174950351,Portugal,Lisbon,MUR,LWAL,CDN,1,COM,BP2,RSH2,RMT1,,
d5d67df3-659d-42a8-892c-ba699e23c6d3,38.70831246,-9.174348202,Portugal,Lisbon,MUR,LWAL,CDL,2,RES,BP1,RSH2,RMT1,,
38e078fc-4e07-4a70-905c-9001991b095f,38.71624204,-9.215220613,Portugal,Lisbon,S,LFM,CDL,1,RES,BPD,RSH2,RMT1,,
1456682e-0bbe-476e-8a40-f056f6a5cd88,38.69692395,-9.215849765,Portugal,Lisbon,MUR,LWAL,CDL,2,RES,BP1,RSH2,RMT1,,
c2a8457a-4b70-4557-bdb4-922992531e52,38.70328785,-9.181996334,,,,,,,,,,,,
2d1a26c1-1c04-45c1-a855-e19d335b072b,38.69761842,-9.212183316,,,,,,,,,,,,
e37a41c9-31ad-48df-84be-1caca72f970e,38.71308764,-9.206229398,Portugal,Lisbon,MUR,LWAL,CDL,3,RES,BP1,RSH2,RMT1,,
b332514f-5577-4b0f-a556-3a2e0c22dcbb,38.70957775,-9.214058679,Portugal,Lisbon,CR,LDUAL,CDN,1,RES,BPD,RSH1,RMN,,
effde3ae-710a-4c13-a254-440df1fff86c,38.7162118,-9.185367833,,,,,,,,,,,,
9d3964a7-6b83-47c0-a458-2995f085eace,38.70819999,-9.201964786,,,,,,,,,,,,
bd817037-889c-4cee-814f-5a3d6b88ff8b,38.71413274,-9.208303933,,,,,,,,,,,,
47d0e1bc-1736-4afb-8811-301c7e884577,38.69955579,-9.199575084,Portugal,Lisbon,CR,LFM,CDM,4,RES,BP2,RSH1,RMN,,
13f3cb5a-16a9-40c1-b6c0-8074d875aa8a,38.70675444,-9.176880878,Portugal,Lisbon,MUR,LWAL,CDL,5,MIX(RES;COM),BP1,RSH2,RMT1,,
c3b9863f-9b3c-41ae-944a-af6a5777bbfb,38.70600627,-9.175564247,Portugal,Lisbon,MUR,LWAL,CDL,3,RES,BP1,RSH2,RMT1,,
adf14912-4dc2-40d0-bb41-e325c86f1d4a,38.69991203,-9.178136625,Portugal,Lisbon,CR,LDUAL,CDN,13+,COM,BPD,RSH1,RMN,,
54177f5d-aa79-4846-bf18-f9b12cc1a5db,38.70041399,-9.216260085,Portugal,Lisbon,MUR,LWAL,CDN,1,RES,BPD,RSH2,RMT1,,
0db40760-bc47-494b-999b-dab5de69d326,38.70857979,-9.196269991,Portugal,Lisbon,MUR,LWAL,CDL,2,RES,BP1,RSH2,RMT1,,
4ebc5e7d-65c8-4541-b684-ac36ed5dd86c,38.70203709,-9.203822336,Portugal,Lisbon,CR,LFM,CDL,4,RES,BP3,RSH1,RMN,,
87ebbb0e-0779-4427-aadd-d45c222a8af7,38.71113825,-9.216303948,,,,,,,,,,,,
7e65ca0d-3bd7-4d93-a82d-f7989c092d9a,38.71006874,-9.196304458,,,,,,,,,,,,
a68c9884-52e0-4920-969d-9a5483816fb0,38.70296422,-9.194028149,Portugal,Lisbon,MUR,LWAL,CDL,2,RES,BP1,RSH2,RMT1,,
21b11109-ac5a-4edc-a864-ec90b9e42bab,38.71308032,-9.208487342,Portugal,Lisbon,S,LFM,CDH,2,RES,BP1,RSH2,RMT1,,
4c0ba54c-aa70-45b1-8c53-a8ca54a73d3c,38.70015577,-9.198745426,Portugal,Lisbon,S,LFM,CDL,1,RES,BPD,RSH2,RMT1,,
4ad90bc3-3259-4bdb-8cca-a5fe0ccfa94d,38.70122678,-9.183568871,Portugal,Lisbon,S,LFM,CDM,5,MIX(RES;COM),BP3,RSH1,RMN,,
904a94db-be84-4a65-92e8-1c663bb4aef1,38.70736846,-9.175276217,,,,,,,,,,,,
00aab9e4-22ee-4f74-afa3-fd4d6cb48217,38.7024359,-9.216715627,,,,,,,,,,,,
de1d360c-a459-48f7-9335-740d23c51633,38.71138211,-9.192912679,Portugal,Lisbon,CR,LFM,CDH,5,RES,BP2,RSH1,RMN,,
d311f873-5dc3-47f1-b9b1-bee0ed0e24d2,38.69876883,-9.220370512,Portugal,Lisbon,MUR,LWAL,CDL,2,RES,BPD,RSH2,RMT1,,
e0937f7b-7182-403c-b381-3bbf68ac830e,38.69856638,-9.213938001,,,,,,,,,,,,
804b4c0b-2c53-476a-b9bb-b9f3a3114aa2,38.7123777,-9.1941146,,,,,,,,,,,,
57738031-79a2-4668-ae6d-424db270a47a,38.70136371,-9.191003829,Portugal,Lisbon,MUR,LWAL,CDL,4,RES,BP1,RSH2,RMT1,,
e6cf4253-8d32-4add-872c-377f99896457,38.70247375,-9.21845804,,,,,,,,,,,,
88555637-2377-42d4-b6be-b6712fac8e02,38.69532164,-9.218160117,Portugal,Lisbon,CR,LFM,CDL,5,MIX(RES;COM),BP1,RSH1,RMN,,
84dd8275-52cd-4524-ad8c-35bf45927e04,38.69459787,-9.217210844,Portugal,Lisbon,MUR,LWAL,CDL,2,MIX(RES;COM),BP1,RSH2,RMT1,,
1ad1b2a1-aa7b-45a3-9175-9708f1825312,38.6950496,-9.220810022,Portugal,Lisbon,MUR,LWAL,CDL,1,RES,BP1,RSH2,RMT1,,
ffc3db28-d46b-4a71-9256-764e0554be57,38.71105522,-9.205042246,,,,,,,,,,,,
1bf7a324-42cf-4f3f-a089-89f6b954abf9,38.71046364,-9.213985159,,,,,,,,,,,,
c3b297ce-49fe-49be-9e37-2e71ccdd59c4,38.7098792,-9.1969065,,,,,,,,,,,,
0e307a0c-ff02-4858-9475-de57179a41d7,38.69990299,-9.225263476,,,,,,,,,,,,
dd994392-f645-486e-9bcb-a48f164c8e96,38.70048513,-9.219875565,,,,,,,,,,,,
739483ed-e4f4-4325-a7df-4ae894cc1ae5,38.70312066,-9.213689104,,,,,,,,,,,,
495ecd79-1b22-4888-a793-bdf98bbff81b,38.70621507,-9.187583748,Portugal,Lisbon,MUR,LWAL,CDL,4,RES,BP1,RSH1,RMN,,
72c2a3ef-6a49-40c3-8d4b-395bb05a8b38,38.70463611,-9.185696028,,,,,,,,,,,,
da647e57-ceff-4aec-bf86-16b9b2e758c9,38.70317065,-9.179532672,,,,,,,,,,,,
2c680942-82a2-417b-bfc1-15e594340818,38.71268085,-9.209040388,Portugal,Lisbon,MUR,LWAL,CDL,2,RES,BP1,RSH1,RMN,,
31430ddb-bffa-46b8-92bb-706639cdb72e,38.70801525,-9.175611498,Portugal,Lisbon,MUR,LWAL,CDN,4,RES,BP2,RSH1,RMN,,
1b6b3393-d40e-4b40-9515-4f3c467d36ef,38.70589745,-9.2169784,,,,,,,,,,,,
a5a37325-56f9-4100-a0e7-019778385910,38.69959066,-9.183264028,Portugal,Lisbon,S,LFM,CDH,4,COM,BP1,RSH1,RMN,,
aba3694d-ec39-4913-83aa-7e5b166919c8,38.71669144,-9.215064462,,,,,,,,,,,,
8a329ac6-1415-4de9-a19a-a6470424d110,38.7071884,-9.191698667,Portugal,Lisbon,MUR,LWAL,CDL,4,RES,BP1,RSH2,RMT1,,
f5abff31-c846-459d-aea0-411781091a8d,38.71188422,-9.212808506,Portugal,Lisbon,CR,LDUAL,CDH,10/dez,RES,BPD,RSH1,RMN,,
616373c8-f5e4-4bcf-959c-24c2a9dda299,38.69694292,-9.194435678,Portugal,Lisbon,MUR,LWAL,CDN,3,RES,BP1,RSH2,RMT1,,
cf29acb3-c2c7-4fb2-b404-5770f00157a9,38.70610813,-9.202680544,Portugal,Lisbon,CR,LFM,CDN,5,RES,BP2,RSH1,RMN,,
26777dd7-b4ae-4d21-8ab7-bfa274c4f6bd,38.70050544,-9.192444745,Portugal,Lisbon,CR,LFM,CDL,4,MIX(RES;COM),BP2,RSH1,RMN,,
2bb1b477-1f39-40e4-8d6a-835260bb8a4b,38.71764051,-9.211107354,Portugal,Lisbon,MUR,LWAL,CDL,2,RES,BPD,RSH2,RMT1,,
2d3b0d57-9c6b-4c3e-8379-a0bc142458fb,38.70304868,-9.19597742,Portugal,Lisbon,MUR,LWAL,CDL,2,RES,BP2,RSH1,RMN,,
15b5b531-4aca-42b6-bceb-83b5fb5fc03e,38.70150044,-9.180567272,,,,,,,,,,,,
07bf3924-a777-416a-9543-ad43984b0814,38.7122499,-9.205288638,Portugal,Lisbon,MUR,LWAL,CDL,1,IND,BP2,RSH1,RMN,,
f10e9614-efa3-4574-a856-9a00bc7808e5,38.70406084,-9.19728377,Portugal,Lisbon,HYB(MCF;MUR),LWAL,CDL,3,RES,BP2,RSH2,RMT1,,
43694715-2e42-4f5d-b994-abb40aeb706f,38.71107637,-9.192223153,Portugal,Lisbon,CR,LFINF,CDL,4,MIX(RES;COM),BPD,RSH1,RMN,,
28318c3c-75a1-462c-b852-2e5eac0a2ad0,38.70114392,-9.19149693,Portugal,Lisbon,CR,LFM,CDL,4,MIX(RES;COM),BP2,RSH1,RMN,,
045888f3-427c-4caa-8aff-cdbf7cee2e1a,38.71570455,-9.217730553,Portugal,Lisbon,MUR,LWAL,CDL,2,RES,BP2,RSH2,RMT1,,
5dd0e4d7-3a7f-45fd-8e01-14caae0825b9,38.69719476,-9.211799617,Portugal,Lisbon,CR,LFM,CDM,3,RES,BPD,RSH1,RMN,,
190634a3-76d8-4a7d-8156-a34d22750711,38.7100271,-9.2023722,Portugal,Lisbon,S,LFM,CDL,1,RES,BP2,RSH1,RMN,,
a779d8e5-0f4e-40d0-836c-454977322f57,38.70617955,-9.17941234,Portugal,Lisbon,MUR,LWAL,CDL,4,RES,BP2,RSH1,RMN,,
f21e4387-2168-4c14-9260-a66fddbbf830,38.70664157,-9.190785076,Portugal,Lisbon,MUR,LWAL,CDN,4,RES,BP3,RSH2,RMT1,,
d17fbf95-f3e6-4345-8609-4b2038544341,38.7017941,-9.21519755,Portugal,Lisbon,MUR,LWAL,CDN,2,RES,BP2,RSH5,RMT1,,
3d6845b0-5130-4de2-b847-db5a216e9d0c,38.69952692,-9.212510436,,,,,,,,,,,,
2882ab9f-db38-4cf4-9aa4-a8add77d39af,38.71784141,-9.212348601,Portugal,Lisbon,MUR,LWAL,CDL,2,RES,BP2,RSH1,RMN,,
3389338d-f3cf-40e1-a5f0-ce41709072d6,38.69810548,-9.215479209,,,,,,,,,,,,
eca2445f-705e-472c-b084-94c756518e8c,38.70952625,-9.2008029,Portugal,Lisbon,MUR,LWAL,CDL,2,RES,BPD,RSH1,RMN,,
6431d15a-28e1-4127-a2fc-a6ba2a247458,38.70078124,-9.220044864,Portugal,Lisbon,MUR,LWAL,CDN,2,RES,BP2,RSH2,RMT1,,
99261584-a921-4cd7-a682-f1c9405bd7f1,38.71906412,-9.186923567,,,,,,,,,,,,
17b5d0c9-b5bb-47e4-8085-4cec3bc5359e,38.70471137,-9.213045854,Portugal,Lisbon,MUR,LWAL,CDN,2,RES,BP2,RSH1,RMN,,
e3027d31-9876-46ac-b1ed-f954711d5c9a,38.71028882,-9.2010322,Portugal,Lisbon,MUR,LWAL,CDL,2,MIX(RES;COM),BPD,RSH2,RMT1,,
8593391c-19c7-49ae-abc3-27cc41955feb,38.7035759,-9.177541753,Portugal,Lisbon,MUR,LWAL,CDL,2,RES,BP1,RSH2,RMT1,,
314bbfb3-e7ed-4a21-9377-c90e839970cf,38.70463043,-9.182452451,Portugal,Lisbon,MUR,LWAL,CDL,5,RES,BP2,RSH1,RMN,,
8b036974-5c4d-4b8d-8fbc-885d99b7c89f,38.71361358,-9.204583523,,,,,,,,,,,,
99b01702-287d-4724-9b5f-f46ac29db9a6,38.70718905,-9.19953337,,,,,,,,,,,,
44a6257b-f4b1-4ea6-b5c5-c4564bdc30d4,38.70081115,-9.191093899,Portugal,Lisbon,MUR,LWAL,CDL,3,RES,BP2,RSH1,RMN,,
31fa8115-7271-41b8-ba65-4184c1218aba,38.696272,-9.22035415,Portugal,Lisbon,MUR,LWAL,CDN,1,RES,BP1,RSH2,RMT1,,
4bf3d3c0-8e90-470e-9c6e-752325c272f9,38.69756646,-9.202668659,Portugal,Lisbon,MUR,LWAL,CDL,1,RES,BP1,RSH2,RMT1,,
d9eaa527-04e9-4a70-adc2-53ff4a47c6d5,38.69858197,-9.220991801,,,,,,,,,,,,
18decf46-daa1-4616-af93-f86f7675bbb6,38.70753717,-9.194017485,Portugal,Lisbon,CR,LDUAL,CDM,06/jul,COM,BPD,RSH1,RMN,,
4e1be860-8cd6-432b-8b0b-1eb765bbc54a,38.69720582,-9.219515302,,,,,,,,,,,,
4a780f29-47bc-4a41-a5ee-2112aaaaedc8,38.7102756,-9.201271123,Portugal,Lisbon,MUR,LWAL,CDL,2,COM,BP3,RSH2,RMT1,,
9c331e4d-5473-4318-a499-74026d1552cf,38.71284432,-9.204857212,Portugal,Lisbon,MUR,LWAL,CDL,2,RES,BP1,RSH1,RMN,,
a23a163a-e075-42c5-ac77-20a9a4caafea,38.69954351,-9.18914352,,,,,,,,,,,,
df36bc6f-572b-4f74-baa5-2a41274ff787,38.69931186,-9.21162989,,,,,,,,,,,,
f9d3a45c-d371-44b9-8807-c7b43e5cf8a9,38.703142,-9.17897695,Portugal,Lisbon,MUR,LWAL,CDN,1,RES,BP2,RSH2,RMT1,,
52389743-d1f6-4d00-a472-448298fbad7a,38.69924731,-9.217625324,Portugal,Lisbon,MUR,LWAL,CDN,2,RES,BP1,RSH1,RMN,,
ee51d705-2b15-47fb-9344-9944c7f82b7a,38.69637275,-9.216120012,,,,,,,,,,,,
a39c3de9-f269-4db6-8387-5ea0a4d67a57,38.69384905,-9.2234273,,,,,,,,,,,,
c1c0de23-74a7-4bcf-b81e-b9fa871dc93f,38.70694605,-9.190747308,Portugal,Lisbon,MUR,LWAL,CDN,1,RES,BP1,RSH2,RMT1,,
ccb286df-d75e-44e7-bb3a-d1c9741893ff,38.70296699,-9.212543445,Portugal,Lisbon,MUR,LWAL,CDL,1,COM,BP2,RSH1,RMN,,
8548adfe-f91b-44d6-80ec-b2e1c5c2eab2,38.71119532,-9.200198748,Portugal,Lisbon,MUR,LWAL,CDL,2,RES,BPD,RSH5,RMT1,,
b05ad8cf-c820-4007-ba99-67669fce7869,38.69545266,-9.195546476,,,,,,,,,,,,
0123f128-818f-4e62-8e78-01277ab51bb6,38.70479965,-9.191651346,Portugal,Lisbon,MUR,LWAL,CDL,1,RES,BPD,RSH2,RMT1,,
bd0c915d-9fbc-4312-8586-2166fc455405,38.70174781,-9.204481586,Portugal,Lisbon,CR,LFM,CDL,5,MIX(RES;COM),BP1,RSH1,RMN,,
00e63ff9-a1e7-47e3-a398-2fcecadbd9e6,38.70106981,-9.181352451,Portugal,Lisbon,MUR,LWAL,CDL,3,RES,BP2,RSH2,RMT1,,
35a6ce77-d8a7-4c5d-8077-d06f5ef17ee2,38.69730641,-9.194477658,Portugal,Lisbon,MUR,LWAL,CDN,4,RES,BP2,RSH1,RMN,,
764ab09a-4818-4324-9204-ea6993772ae3,38.70288192,-9.216217099,,,,,,,,,,,,
3f212606-e68c-4c27-b650-3f6814549944,38.70974425,-9.214582325,,,,,,,,,,,,
6b701d18-212e-4225-a887-3770c4d63af9,38.698929,-9.191571266,Portugal,Lisbon,CR,LFM,CDL,4,RES,BP1,RSH1,RMN,,
9e8a788b-4750-4379-a0f8-a73f4693696e,38.70507224,-9.199143876,Portugal,Lisbon,MUR,LWAL,CDN,1,RES,BP1,RSH1,RMN,,
af05419c-509e-419c-b07b-fe6e6380fb37,38.69756191,-9.203361489,Portugal,Lisbon,HYB(MCF;MUR),LWAL,CDL,4,RES,BP2,RSH1,RMN,,
3c5915c7-14c1-4a66-aa0d-26aafc949adc,38.70498235,-9.199462979,Portugal,Lisbon,MUR,LWAL,CDL,4,RES,BP1,RSH2,RMT1,,
4488b4a5-8628-4ad8-90ba-9feebfb40dc7,38.69693452,-9.224850057,Portugal,Lisbon,HYB(MCF;MUR),LFM,CDL,3,COM,BP1,RSH1,RMN,,
bab028e1-f9e5-4968-b5e9-2453b5ec320d,38.69607715,-9.222396842,Portugal,Lisbon,MUR,LWAL,CDN,2,IND,BP1,RSH1,RMN,,
d2002585-67bd-4664-8ae3-100fd061da07,38.7024873,-9.204890981,Portugal,Lisbon,CR,LDUAL,CDL,06/jul,RES,BP1,RSH1,RMN,,
4e4d7a6b-b153-4168-b477-24dcada4a927,38.70507294,-9.176525654,Portugal,Lisbon,CR,LFM,CDH,2,COM,BP3,RSH2,RMT1,,
0f315bf3-67dc-4ead-823a-dec3b3971664,38.71036163,-9.200756891,,,,,,,,,,,,
00c3b0ef-daa1-48be-8e45-0aad95c42f8f,38.71630829,-9.215594875,Portugal,Lisbon,MUR,LWAL,CDL,2,RES,BP2,RSH2,RMT1,,
f7b918ce-be7c-4434-9b4c-2e4d13c5767d,38.70546362,-9.18135591,Portugal,Lisbon,MUR,LWAL,CDL,5,RES,BP2,RSH2,RMT1,,
8e659df5-e8ff-40ab-99b3-7a80d1683298,38.69994592,-9.220712511,Portugal,Lisbon,MUR,LWAL,CDL,2,RES,BP2,RSH2,RMT1,,
8c1393dc-9761-4800-b71a-ebe78c66b827,38.69793777,-9.193447615,,,,,,,,,,,,
edcf666b-3bcd-40a5-b6b0-c11dc1c425ab,38.69980594,-9.196086106,Portugal,Lisbon,MUR,LWAL,CDL,4,RES,BP1,RSH2,RMT1,,
ac47b7c7-9f3b-4a5b-a947-501ccc652682,38.71216731,-9.191111712,,,,,,,,,,,,
ea55b7c1-c4e1-4bad-b0e0-161a88666d43,38.7021357,-9.190995642,Portugal,Lisbon,CR,LFM,CDN,4,RES,BP3,RSH1,RMN,,
9ff0feff-cc1d-4317-b31a-6f7fdc7ce0ca,38.70033518,-9.176914702,,,,,,,,,,,,
498498aa-9c18-45bf-b7e8-9d7f360f41cd,38.70531894,-9.193684666,Portugal,Lisbon,CR,LFM,CDH,06/jul,MIX(RES;COM),BP1,RSH1,RMN,,
2900af71-b922-427a-92d3-5f883bbc01a7,38.70078238,-9.209820545,Portugal,Lisbon,MUR,LWAL,CDL,4,RES,BP2,RSH1,RMN,,
59d54dd8-19a1-4a11-8a76-5200da114699,38.6989933,-9.193006254,,,,,,,,,,,,
4ca29a1c-81f7-429e-94eb-2fa55c4f2fe3,38.70226262,-9.195158951,Portugal,Lisbon,HYB(MCF;MUR),LWAL,CDN,2,RES,BP1,RSH1,RMN,,
d4062454-8b84-4c90-b1c0-7e728a1bb463,38.70370551,-9.190530274,Portugal,Lisbon,MUR,LWAL,CDL,4,RES,BP1,RSH2,RMT1,,
39b92551-9320-4ed4-9bb1-ebd1851ac6fb,38.70255917,-9.178205502,,,,,,,,,,,,
89ffba4c-3a38-4c5f-b1d3-980626deaac0,38.69527106,-9.216407032,Portugal,Lisbon,CR,LFM,CDM,2,MIX(RES;COM),BP2,RSH1,RMN,,
387202c6-7048-44a0-92ca-2da0e3dc6ebf,38.70416653,-9.192120072,Portugal,Lisbon,CR,LFM,CDM,2,COM,BP1,RSH1,RMN,,
a93285f2-ee8a-4216-aff5-8ccb29200055,38.70268378,-9.218865663,,,,,,,,,,,,
a80c37dd-b60f-444a-9743-b932eef95380,38.69793157,-9.212299862,,,,,,,,,,,,
bd1208dc-abdc-4742-bca3-6f72e2126041,38.70579718,-9.203736649,Portugal,Lisbon,CR,LFINF,CDL,08/set,MIX(RES;COM),BPD,RSH1,RMN,,
cb1fa786-549d-465f-adbf-228b0b783778,38.70116749,-9.222294517,,,,,,,,,,,,
7eec72f2-a5b8-4b9f-87c4-5c55c797a286,38.70527223,-9.193401633,Portugal,Lisbon,CR,LFM,CDL,5,MIX(RES;COM),BP3,RSH1,RMN,,
e7e92ddc-30be-411d-a267-7fc13adbd07a,38.70587137,-9.183341534,Portugal,Lisbon,MUR,LWAL,CDL,4,RES,BP2,RSH1,RMN,,
e741f702-74a1-40a9-96a5-41df116a9e82,38.70490765,-9.213188182,Portugal,Lisbon,CR,LFM,CDM,2,RES,BP1,RSH2,RMT1,,
70718a74-49af-4555-8108-8fd7708063a5,38.705937,-9.2075878,Portugal,Lisbon,CR,LFM,CDM,08/set,COM,BP2,RSH1,RMN,,
5431d001-f65a-4e12-ba04-5320344db761,38.70341342,-9.184357645,,,,,,,,,,,,
a2064d01-7986-4bb4-9f0b-03d38be2f4f6,38.70045001,-9.216599991,,,,,,,,,,,,
a07d7684-58de-45e5-8a59-a6f5d1951ebe,38.69886338,-9.21362828,Portugal,Lisbon,MUR,LWAL,CDN,3,RES,BP1,RSH2,RMT1,,
bb704c50-f3b0-4b37-83e3-350def7f6d15,38.70223027,-9.193564603,Portugal,Lisbon,CR,LFINF,CDN,2,MIX(RES;COM),BP2,RSH2,RMT1,,
5c15dcb1-3941-4ec8-bfcc-28b534cb56e7,38.6959414,-9.2107386,Portugal,Lisbon,CR,LFM,CDN,5,MIX(RES;COM),BP1,RSH1,RMN,,
b9709fe9-32ba-4b65-be79-68fdb3275bd3,38.7008484,-9.184267011,Portugal,Lisbon,MUR,LWAL,CDL,4,MIX(RES;COM),BP2,RSH2,RMT1,,
317dda70-dc6a-4d27-bc21-14fef3ec254d,38.70424904,-9.181583656,Portugal,Lisbon,CR,LFINF,CDL,06/jul,RES,BP2,RSH1,RMN,,
295208ba-739e-409d-a5b7-93a8c666febb,38.6976296,-9.216859782,Portugal,Lisbon,MUR,LWAL,CDL,1,RES,BP1,RSH1,RMN,,
be6023fd-948a-4958-ad10-d483fe922f5c,38.69777819,-9.195054717,Portugal,Lisbon,MUR,LWAL,CDL,2,RES,BP1,RSH1,RMN,,
0e8ead8e-1495-4f6b-80b8-ec01ddd0e34e,38.70350055,-9.214320647,Portugal,Lisbon,MUR,LWAL,CDN,2,RES,BP2,RSH1,RMN,,
90c82fcb-ed5e-4ee8-9172-2bf60de26feb,38.71047612,-9.202147575,Portugal,Lisbon,MUR,LWAL,CDL,4,RES,BP1,RSH2,RMT1,,
9a141f36-72b6-4040-a804-aa9950b42cde,38.70672605,-9.2110603,Portugal,Lisbon,MUR,LWAL,CDL,2,RES,BP1,RSH2,RMT1,,
4b247eed-5ce2-47b0-b6bb-0dbc992b0beb,38.70226599,-9.201276531,Portugal,Lisbon,MUR,LWAL,CDL,4,RES,BP1,RSH2,RMT1,,
8f7a6c19-429b-43a5-89d8-6655a9f6bfd0,38.70496205,-9.191785105,,,,,,,,,,,,
0a5e0ca9-403a-4244-8286-ed7be1e86707,38.7073268,-9.18843225,,,,,,,,,,,,
3d0a0d50-27b7-41fb-919a-7d93dcf9c80c,38.70962953,-9.193425532,Portugal,Lisbon,CR,LFM,CDM,5,RES,BP3,RSH1,RMN,,
d5bb1d6f-91ac-4732-8f03-6d1ad7d4a721,38.69661409,-9.216391508,Portugal,Lisbon,MUR,LWAL,CDL,2,RES,BP2,RSH1,RMN,,
bab4366e-c42d-4189-9aea-393c030ae0ac,38.70341266,-9.182724326,Portugal,Lisbon,MUR,LWAL,CDL,4,RES,BP1,RSH1,RMN,,
8d16ba80-bce8-46dc-86b7-80594f87b46d,38.69876072,-9.219751187,,,,,,,,,,,,
0838a5da-10e1-4516-9b75-b05fe7e08cdd,38.71259514,-9.18413845,,,,,,,,,,,,
21f9ac2c-b569-4231-8534-a2457c288f98,38.70928615,-9.19586545,Portugal,Lisbon,CR,LFM,CDL,08/set,MIX(RES;COM),BP2,RSH1,RMN,,
0411fabc-0b55-4d59-97c6-8dc01fdccd89,38.70512136,-9.190114381,Portugal,Lisbon,CR,LFM,CDL,4,RES,BP3,RSH1,RMN,,
1f05cea2-5a90-4e72-9d34-908e70eb04a4,38.69741965,-9.201659136,Portugal,Lisbon,MCF,LWAL,CDH,2,RES,BP2,RSH1,RMN,,
2a224f8e-3448-4366-a1a3-b6f018b13868,38.70441465,-9.200612823,Portugal,Lisbon,CR,LFM,CDN,1,COM,BP1,RSH1,RMN,,
6c0b0dda-844b-441d-ac7f-145060338310,38.70300782,-9.196523288,Portugal,Lisbon,MUR,LWAL,CDL,4,RES,BP1,RSH1,RMN,,
46953acf-4df8-4eaf-af1e-86885d43c225,38.71540319,-9.215460331,Portugal,Lisbon,MUR,LWAL,CDL,3,RES,BP2,RSH2,RMT1,,
ed4fe90b-7155-40c7-993b-a2c2d6656eda,38.70060265,-9.193016468,Portugal,Lisbon,MUR,LWAL,CDL,4,RES,BP1,RSH2,RMT1,,
4d334f61-f6bd-4f7d-a794-9144789be6f2,38.69448288,-9.202011853,,,,,,,,,,,,
dbf91754-df7d-4006-9445-945bdf3e3c2e,38.70727095,-9.18130315,,,,,,,,,,,,
ab477fd5-75ca-4163-9e23-c238336a6b38,38.71418495,-9.18005995,Portugal,Lisbon,MUR,LWAL,CDL,2,RES,BP1,RSH2,RMT1,,
21e3ad36-5d87-47aa-b373-8646910fa61b,38.69712353,-9.217656657,Portugal,Lisbon,MUR,LWAL,CDL,2,RES,BP1,RSH1,RMN,,
cad2c505-dd93-4fac-a286-347a6aa773a5,38.70015385,-9.2126374,,,,,,,,,,,,
79c79b9a-ae93-46cc-9aec-a06c87e306e2,38.70368775,-9.203449369,Portugal,Lisbon,MCF,LWAL,CDL,1,COM,BP2,RSH2,RMT1,,
94da1b40-d9e1-4050-a6b3-ba8868b8da22,38.71121945,-9.2029554,,,,,,,,,,,,
0884985f-ee70-441f-bb39-c8bc88a2bffb,38.71042154,-9.175143348,Portugal,Lisbon,S,LFM,CDN,1,COM,BPD,RSH2,RMT1,,
0f4dd12f-b847-4c72-b949-f16978954c09,38.70288652,-9.203606363,Portugal,Lisbon,CR,LFM,CDL,5,MIX(RES;COM),BP1,RSH1,RMN,,
a021552f-560a-4ac6-a1ee-79f98632982b,38.70845515,-9.211660738,Portugal,Lisbon,CR,LFM,CDL,2,RES,BP1,RSH1,RMN,,
bdfd5b90-3e39-4eea-8976-d76bdf27786e,38.71096113,-9.202946827,Portugal,Lisbon,S,LFM,CDH,2,RES,BPD,RSH2,RMT1,,
0c259025-933f-4889-bde6-8000c7646c6f,38.69999537,-9.182207513,Portugal,Lisbon,MUR,LWAL,CDL,3,MIX(RES;COM),BP2,RSH1,RMN,,
72727b50-cb3b-4edd-9363-b80ef50658fe,38.70277048,-9.205749112,Portugal,Lisbon,CR,LDUAL,CDM,06/jul,RES,BP1,RSH1,RMN,,
d7a84a7a-3ae5-46e0-b55a-f6391b8ba573,38.69687079,-9.211717226,,,,,,,,,,,,
80600599-bd7a-4b13-9715-359407547282,38.71019426,-9.197927512,Portugal,Lisbon,CR,LFM,CDM,5,RES,BP1,RSH1,RMN,,
8c4da682-4f6f-4646-b775-cb4e5f046b51,38.6986756,-9.220559984,Portugal,Lisbon,MUR,LWAL,CDL,2,RES,BPD,RSH5,RMT1,,
fcdb7531-2668-4689-998c-14289e320c69,38.69915235,-9.19788993,,,,,,,,,,,,
8ca1fd96-0c2d-44c0-ae79-86461ce43097,38.71695436,-9.216588625,Portugal,Lisbon,MUR,LWAL,CDL,2,RES,BP1,RSH1,RMN,,
15682ceb-6a6b-456f-a159-6387e8bbc813,38.71238385,-9.207816079,Portugal,Lisbon,MUR,LWAL,CDN,2,RES,BP2,RSH1,RMN,,
92612d54-4123-4eec-aca1-3d19214ccc20,38.71209618,-9.204465185,,,,,,,,,,,,
5e802dc4-5fea-4faf-a543-97a5db0b5d65,38.70163896,-9.218915909,,,,,,,,,,,,
e338460e-3a4a-408d-8250-6708924fff3e,38.70186857,-9.206218107,,,,,,,,,,,,
75de0b89-2def-4528-9a98-a3f05e8807bd,38.7055833,-9.215994118,,,,,,,,,,,,
cf85b077-ac0e-4d33-9eed-0d278ce58797,38.70512519,-9.181517992,Portugal,Lisbon,MUR,LWAL,CDL,5,MIX(RES;COM),BP2,RSH1,RMN,,
ac3a9b6b-5bb3-4b16-870a-844e172aa468,38.70607438,-9.199402948,,,,,,,,,,,,
1af627c4-ce4d-4d26-ba00-642e6211750d,38.71066233,-9.216875326,,,,,,,,,,,,
09acc795-a684-4ce4-9b8e-9b7629d90921,38.70282774,-9.194862158,Portugal,Lisbon,S,LFM,CDL,1,COM,BP1,RSH2,RMT1,,
a8dab6bf-4706-419a-9f1a-8df72223a2fb,38.69892652,-9.176365274,,,,,,,,,,,,
5b656621-301c-42f0-bdd7-73a1c150c11b,38.70930435,-9.202103063,Portugal,Lisbon,CR,LFM,CDN,1,COM,BPD,RSH2,RMT1,,
4fcb7c3f-9564-4f2d-9ebb-c1f2db76e234,38.71095406,-9.197042553,Portugal,Lisbon,CR,LFM,CDH,5,RES,BP1,RSH1,RMN,,
8e409498-e741-4eec-83e1-c74c73a7c8b6,38.71585163,-9.216341237,Portugal,Lisbon,MUR,LWAL,CDL,2,RES,BP1,RSH2,RMT1,,
5cc3865b-56f2-4fbc-9a06-766194795958,38.69991554,-9.191522509,Portugal,Lisbon,CR,LFINF,CDL,4,MIX(RES;COM),BP1,RSH1,RMN,,
d1b561e3-58a9-4e3e-a913-830847917772,38.69854061,-9.225826545,Portugal,Lisbon,CR,LFM,CDL,4,RES,BP1,RSH1,RMN,,
33341c64-7f2d-4d32-9c16-80029e325d80,38.71762904,-9.21057429,Portugal,Lisbon,MUR,LWAL,CDL,2,RES,BP2,RSH2,RMT1,,
e94fbd03-cd40-4afe-a1f6-0a8bd7750863,38.6983734,-9.215969766,Portugal,Lisbon,CR,LFM,CDM,2,RES,BP2,RSH1,RMN,,
cb222a83-bbc6-4fbd-96e5-6c3a968c8a44,38.6995034,-9.2051889,Portugal,Lisbon,MUR,LWAL,CDN,1,IND,BP2,RSH2,RMT1,,
c380473b-808c-44d9-8304-c1aeee1fe079,38.7034121,-9.1949989,Portugal,Lisbon,MCF,LWAL,CDL,4,RES,BP2,RSH2,RMT1,,
3dd10e17-9ff9-4312-98fd-7e415750583a,38.69926312,-9.20430532,Portugal,Lisbon,MUR,LWAL,CDL,2,COM,BPD,RSH1,RMN,,
9d322d73-aba1-4f3a-9271-747e0ae82cac,38.70411693,-9.197013856,Portugal,Lisbon,CR,LFM,CDL,4,RES,BP1,RSH2,RMT1,,
cedeff77-b651-4228-8109-c21141aeb63c,38.70380605,-9.203040834,Portugal,Lisbon,MCF,LWAL,CDL,2,RES,BP1,RSH1,RMN,,
4d8076a1-192b-430a-90eb-ec2a3064819d,38.70406963,-9.203248647,Portugal,Lisbon,MUR,LWAL,CDL,3,RES,BP1,RSH2,RMT1,,
acba7f8f-6a79-4f8b-96da-d9f6922311d6,38.70286254,-9.199741439,,,,,,,,,,,,
00e61072-0fae-4306-835f-111db591344b,38.71208821,-9.203247091,,,,,,,,,,,,
04869ed4-ae77-4272-9a26-011d82a6c7ec,38.7016365,-9.218563835,,,,,,,,,,,,
6322a64b-e7eb-44e6-9fc2-be6493290ffb,38.71559264,-9.217360821,Portugal,Lisbon,MUR,LWAL,CDL,2,RES,BP2,RSH2,RMT1,,
30e0e8cb-9eb8-4455-b6d2-97dd7f3f2bd5,38.71246317,-9.209072986,Portugal,Lisbon,MUR,LWAL,CDL,2,RES,BP1,RSH3,RMT1,,
aa63e7b1-44cc-4a09-bac5-ab786178c61f,38.70663851,-9.215346886,,,,,,,,,,,,
44145d80-d9f4-45e6-b77a-1235a0dea58d,38.69360489,-9.205695088,,,,,,,,,,,,
7d5b9a86-99d0-46ec-92cb-0e64674b48b7,38.69492601,-9.213237963,Portugal,Lisbon,MUR,LWAL,CDL,4,RES,BP1,RSH2,RMT1,,
714d9d23-2f5f-4846-95fc-fcebcd1867cd,38.69936541,-9.191662539,Portugal,Lisbon,CR,LFM,CDM,4,COM,BP2,RSH1,RMN,,
c76cc043-2a89-4b01-aa51-97ee032c341d,38.71235113,-9.20392562,Portugal,Lisbon,CR,LFM,CDL,5,RES,BPD,RSH1,RMN,,
77c5347a-7461-4bc2-940c-70c9ebf2e6e1,38.71513715,-9.17626125,Portugal,Lisbon,MUR,LWAL,CDN,1,COM,BP1,RSH1,RMN,,
8945d728-1cbe-48cf-80d1-491853d84cd7,38.69847884,-9.199725933,,,,,,,,,,,,
db603393-c30c-4131-9952-5d362930bc12,38.71812585,-9.192835,,,,,,,,,,,,
0a00de76-13d4-4d51-99af-bb61d95e0ff5,38.69991174,-9.18214372,Portugal,Lisbon,CR,LFM,CDH,4,RES,BP1,RSH1,RMN,,
95f41990-8983-4e03-80cc-b9a902aeb03d,38.70754278,-9.175271449,Portugal,Lisbon,MUR,LWAL,CDL,2,RES,BP1,RSH2,RMT1,,
f56c265c-ca6c-43df-ba35-41213594c81b,38.70443594,-9.217700553,,,,,,,,,,,,
e6f23f12-5732-42de-b9a5-7c869c5830da,38.70498088,-9.195080131,Portugal,Lisbon,MUR,LWAL,CDL,4,RES,BP1,RSH1,RMN,,
ab35cbfc-446a-4cf1-aad2-ba3d930a9bea,38.69651097,-9.216052693,Portugal,Lisbon,MUR,LWAL,CDL,3,RES,BP1,RSH2,RMT1,,
b5788077-9d88-48fd-a70d-ddc16dbdbcf8,38.70074334,-9.215334776,Portugal,Lisbon,MUR,LWAL,CDL,2,RES,BP1,RSH1,RMN,,
79e48c96-36e0-4d78-80d3-ee90fc5753eb,38.69682445,-9.215042694,,,,,,,,,,,,
6fab6e97-8bb5-40ed-ac86-cce145b67662,38.70459169,-9.209824726,Portugal,Lisbon,MUR,LWAL,CDN,3,RES,BP2,RSH1,RMN,,
e85ac2da-adbd-4cb1-81c9-26316a130628,38.69749677,-9.192764222,Portugal,Lisbon,MUR,LWAL,CDL,2,RES,BPD,RSH2,RMT1,,
2c2fb865-da72-4688-bd06-1014b0daef68,38.7134773,-9.1900598,,,,,,,,,,,,
28975a86-aae2-4273-858b-c3334396ed99,38.71141958,-9.199527886,Portugal,Lisbon,MUR,LWAL,CDL,2,RES,BPD,RSH2,RMT1,,
416c3b88-3989-4389-949d-1f5dcc4f6bde,38.69764737,-9.216481966,Portugal,Lisbon,MUR,LWAL,CDL,2,RES,BP1,RSH1,RMN,,
11b0ef6f-ef96-41d4-9aa5-e39a7e79a5ad,38.7175573,-9.2127555,Portugal,Lisbon,MUR,LWAL,CDL,2,RES,BP1,RSH2,RMT1,,
ef0945de-4f6c-4983-9ba6-4ef831751c0b,38.70727697,-9.210911844,,,,,,,,,,,,
de09930d-e80c-4235-adc3-9cd66e117066,38.69825943,-9.190032126,Portugal,Lisbon,MUR,LWAL,CDL,4,RES,BP2,RSH1,RMN,,
dbb530ff-779c-4289-90f7-83c3128dcf51,38.70111618,-9.181999632,Portugal,Lisbon,MUR,LWAL,CDL,4,RES,BP1,RSH1,RMN,,
410fa1a3-8b11-47d0-875d-7472ba47f0a8,38.6974166,-9.193217209,Portugal,Lisbon,CR,LFM,CDH,1,COM,BPD,RSH1,RMN,,
14364aab-f242-4cae-becc-4b5914b65d01,38.70176634,-9.217592148,,,,,,,,,,,,
fbf21a37-ac41-4883-990a-a6350406b55e,38.70155375,-9.2031067,,,,,,,,,,,,
28fc145a-a48f-4636-864e-3b811041964a,38.70592319,-9.186922094,Portugal,Lisbon,CR,LFINF,CDL,4,MIX(RES;COM),BP3,RSH1,RMN,,
4027f66a-f5de-4081-a6db-e2e99044f750,38.69651008,-9.218179876,,,,,,,,,,,,
1dfd730a-881e-410f-87ce-372d0ad722ad,38.70303611,-9.206307446,Portugal,Lisbon,CR,LFM,CDH,5,RES,BP1,RSH2,RMT1,,
7662c919-a88c-4b27-9f05-ba229cd8b49c,38.70255145,-9.2129365,,,,,,,,,,,,
aa77090f-db87-490c-9591-688a7837c235,38.70484942,-9.199471752,Portugal,Lisbon,MUR,LWAL,CDL,4,RES,BP1,RSH1,RMN,,
42a8ca9b-4878-4915-86ab-65c3345bdfe7,38.71061405,-9.203513863,Portugal,Lisbon,MUR,LWAL,CDL,2,RES,BP1,RSH2,RMT1,,
6ec8268b-8f7a-485c-bcdf-9f8f78cb1b7d,38.70132057,-9.202170929,,,,,,,,,,,,
872cbf55-0572-43bf-a530-e48993503276,38.69428457,-9.202431044,,,,,,,,,,,,
a05fc0db-22e1-4547-88cb-d81cd57e1cc1,38.69267026,-9.217947236,,,,,,,,,,,,
99316f05-e49a-439c-b96c-bb5c32ffae91,38.71521038,-9.214484321,Portugal,Lisbon,MCF,LWAL,CDL,4,MIX(RES;COM),BP1,RSH2,RMT1,,
e7d2bd55-7620-4efe-9f62-4e9facdf21be,38.7081793,-9.1810691,,,,,,,,,,,,
15a68a96-2372-48fa-a067-189554f4eacc,38.70712082,-9.181989063,,,,,,,,,,,,
8fe764f1-6fbd-45b6-9690-dde03fa07547,38.70535417,-9.187056624,,,,,,,,,,,,
bf88f21e-d21d-4c45-af07-05802d962233,38.70905046,-9.17432743,Portugal,Lisbon,MCF,LWAL,CDL,2,RES,BP2,RSH1,RMN,,
a78c06a3-c1bb-4ddc-b2df-4612e235a8bf,38.70065589,-9.222670419,,,,,,,,,,,,
01e87cae-9572-4140-b386-ac8af04bb9e0,38.69713893,-9.225235678,Portugal,Lisbon,HYB(MCF;MUR),LWAL,CDL,4,IND,BP1,RSH1,RMN,,
7df1cd91-299a-47ea-816e-8a0863205476,38.71386184,-9.176492275,,,,,,,,,,,,
27e91c11-5b51-41c3-b47a-2946ce243007,38.6972161,-9.218006027,,,,,,,,,,,,
840d92a3-db5f-433f-8194-ad821905ee05,38.7065401,-9.215184138,,,,,,,,,,,,
a182d4f6-62e9-4e7f-aa50-8896fb4855a7,38.70610161,-9.191213197,Portugal,Lisbon,CR,LFINF,CDL,3,MIX(RES;COM),BP1,RSH1,RMN,,
175dd709-4fa2-44b6-a9d8-706a7995c597,38.70129223,-9.219837349,,,,,,,,,,,,
6f429206-c3e8-4325-971c-1790ec9c4101,38.70595082,-9.180465813,Portugal,Lisbon,CR,LFM,CDN,4,MIX(RES;COM),BP2,RSH1,RMN,,
acb253b5-b52f-446c-9212-d666cfaa5680,38.71571793,-9.217157124,Portugal,Lisbon,MUR,LWAL,CDL,2,RES,BP1,RSH1,RMN,,
1c07a7cc-88fd-4856-899f-4a38dd8827f8,38.71678385,-9.2131469,Portugal,Lisbon,MUR,LWAL,CDL,2,RES,BP1,RSH1,RMN,,
a0578834-9118-4603-88ae-1a26df55c4cd,38.69687729,-9.19687749,,,,,,,,,,,,
fb93db14-bb96-4d67-aab3-5a9ca3587104,38.70606239,-9.176868129,Portugal,Lisbon,CR,LFM,CDH,4,MIX(RES;COM),BP2,RSH1,RMN,,
a9e93f45-b6b6-4475-a79b-2fc0ee8ed1fb,38.70286343,-9.184910519,Portugal,Lisbon,MUR,LWAL,CDL,4,MIX(RES;COM),BP2,RSH1,RMN,,
83764ad6-1120-455e-a5a0-ec3327ef5534,38.71666603,-9.214912581,,,,,,,,,,,,
01a7313b-e97f-4f7e-bac6-6d55b10efa2c,38.70711352,-9.190306911,Portugal,Lisbon,MUR,LWAL,CDN,1,RES,BP1,RSH2,RMT1,,
35964a17-03ec-408a-b687-2a5ceb99f00e,38.70206407,-9.201150984,Portugal,Lisbon,MUR,LWAL,CDL,4,RES,BP1,RSH1,RMN,,
87a2c17a-0195-4aa2-b85a-f5b5ae484760,38.69764813,-9.195327232,Portugal,Lisbon,MUR,LWAL,CDL,4,RES,BP2,RSH1,RMN,,
59bba7ce-cfb6-45c1-af8b-d5d27120e7ad,38.70584166,-9.199414036,Portugal,Lisbon,MUR,LWAL,CDL,2,RES,BP1,RSH2,RMT1,,
42a25d8d-b7a6-47be-8e78-906aeea8b5c7,38.70649553,-9.176239553,,,,,,,,,,,,
1ce7bedf-c057-4275-b97f-d4cd1e70202c,38.70462791,-9.20150315,Portugal,Lisbon,CR,LFM,CDH,4,RES,BP2,RSH1,RMN,,
41f8b330-f0a6-4961-aaa9-b4c386fa4d2b,38.71145875,-9.204148509,Portugal,Lisbon,CR,LFM,CDH,3,RES,BP1,RSH2,RMT1,,
3f0e31ac-97c3-4404-8132-0a659a9d855b,38.70280985,-9.19145265,Portugal,Lisbon,MCF,LWAL,CDM,4,RES,BP2,RSH1,RMN,,
08fb8f95-4e7d-409f-ae8a-8f58b07448fb,38.69873179,-9.211951547,Portugal,Lisbon,MUR,LWAL,CDN,1,RES,BP1,RSH1,RMN,,
5aca9d00-79cb-4700-b221-7cffde57d118,38.70519887,-9.175654731,Portugal,Lisbon,CR,LDUAL,CDN,4,COM,BP1,RSH2,RMT1,,
278da4f7-aa69-4eda-bc7c-fd8f3547e39c,38.71374124,-9.215775071,,,,,,,,,,,,
fcc0a77b-e5d0-44e3-97e4-f04dc01cb4a3,38.70443988,-9.1899277,Portugal,Lisbon,MUR,LWAL,CDL,2,RES,BP1,RSH2,RMT1,,
851f5a34-9027-4e5c-a117-9b502e34848d,38.7085891,-9.2149353,,,,,,,,,,,,
9af20442-477b-4e8a-9639-335e0da9e689,38.71092976,-9.201978397,Portugal,Lisbon,MUR,LWAL,CDL,1,RES,BPD,RSH2,RMT1,,
a2a01277-5057-4d52-a171-5339f39398a0,38.70563332,-9.179514988,Portugal,Lisbon,CR,LFM,CDL,5,RES,BP2,RSH1,RMN,,
b7443c01-a679-4892-b0e6-6c45c4e24764,38.70169085,-9.1782756,,,,,,,,,,,,
7995f00f-b870-4179-b0c2-e7576385a367,38.7050227,-9.194757587,Portugal,Lisbon,CR,LFINF,CDL,4,MIX(RES;COM),BP2,RSH1,RMN,,
3a78eb49-757d-4de6-97a7-07fd0157de2e,38.71439373,-9.176466503,,,,,,,,,,,,
251e524e-3b95-43de-b93a-3d861e233db1,38.7056592,-9.20130395,,,,,,,,,,,,
e4519611-8c9d-4435-82c3-81a01211de9b,38.7054395,-9.176589988,Portugal,Lisbon,MUR,LWAL,CDN,3,COM,BP2,RSH1,RMN,,
5ba178d3-c167-4408-9c14-f0057481deb4,38.70549846,-9.182506876,Portugal,Lisbon,CR,LFM,CDL,4,RES,BP3,RSH1,RMN,,
4d112e99-c7d2-40cb-ba02-fc8088c7d8cc,38.69570402,-9.217739822,Portugal,Lisbon,CR,LFINF,CDN,4,MIX(RES;COM),BP1,RSH1,RMN,,
e6b866c0-d5c4-4abf-83cd-7db02fb175fe,38.71747863,-9.211159737,Portugal,Lisbon,MUR,LWAL,CDL,3,RES,BP1,RSH1,RMN,,
89cc4b93-dbb0-46cb-94ad-297e3a4a000a,38.71019402,-9.194115647,Portugal,Lisbon,MUR,LWAL,CDN,1,RES,BP2,RSH1,RMN,,
421decd1-92e9-43cd-be1a-e6d6dec12809,38.70561791,-9.179633173,Portugal,Lisbon,CR,LFM,CDL,5,RES,BP3,RSH1,RMN,,
238b9088-0782-4833-832a-aeadb99594e4,38.70760669,-9.211463495,Portugal,Lisbon,MUR,LWAL,CDN,4,MIX(RES;COM),BP1,RSH2,RMT1,,
3f78b98c-e38d-4483-94e3-ac79af1b6f32,38.69982796,-9.220989439,Portugal,Lisbon,MUR,LWAL,CDL,2,RES,BP1,RSH3,RMT1,,
85065ac3-7e56-4078-8dd6-02b08e6b40c8,38.6955798,-9.220124931,,,,,,,,,,,,
c09e9ed8-80e6-40d9-ac35-e2b014d9631c,38.70285754,-9.196989992,Portugal,Lisbon,MUR,LWAL,CDL,2,RES,BP1,RSH1,RMN,,
b24d1324-a7e2-46a4-9933-85541d7942a6,38.70450858,-9.189859045,Portugal,Lisbon,MUR,LWAL,CDL,2,RES,BP1,RSH2,RMT1,,
06c4bc84-4050-42cd-811a-e8fbfe1986d0,38.70336171,-9.213413442,Portugal,Lisbon,MUR,LWAL,CDN,3,RES,BP1,RSH1,RMN,,
2b2bc083-ca94-41e6-96bb-979b5a962861,38.70222706,-9.205480762,Portugal,Lisbon,MUR,LWAL,CDL,2,RES,BP1,RSH2,RMT1,,
797c7a39-72d5-4a67-bcdd-d5a45544732d,38.7040344,-9.181978291,Portugal,Lisbon,CR,LFM,CDL,5,RES,BP2,RSH1,RMN,,
14f3a7ec-76ce-4750-80a8-9c238e9b1984,38.70795925,-9.215238881,,,,,,,,,,,,
2342e73b-27bd-43ae-86b2-936d2cf860f0,38.71144571,-9.201952836,Portugal,Lisbon,MUR,LWAL,CDL,3,RES,BP1,RSH1,RMN,,
c9c85dec-c53d-4bff-a3e9-61c454bd6123,38.71635142,-9.215180444,Portugal,Lisbon,MUR,LWAL,CDL,2,RES,BPD,RSH2,RMT1,,
ab6ec5d2-3e1d-45d7-824a-2285c235e23e,38.7075964,-9.174548394,Portugal,Lisbon,MUR,LWAL,CDL,2,RES,BP1,RSH2,RMT1,,
a8f1cf75-4508-4c96-87e9-d87b96a77e59,38.69967408,-9.191693752,Portugal,Lisbon,MUR,LWAL,CDL,4,MIX(RES;COM),BP2,RSH1,RMN,,
3832c330-54f9-4bc9-8849-11b78269b31a,38.71639219,-9.215586197,,,,,,,,,,,,
2afa2954-3dd8-4842-89a8-0d1c0a0fc238,38.71343461,-9.190161927,,,,,,,,,,,,
679ed14f-c916-40fd-9063-516db0ad2b5a,38.71666195,-9.2153718,,,,,,,,,,,,
9580e88f-4e48-40a9-bfeb-2617d4ed6823,38.70483502,-9.212157843,Portugal,Lisbon,MUR,LWAL,CDN,2,RES,BP1,RSH1,RMN,,
bac34594-310b-4c6d-8ec4-887dda03ad51,38.70482432,-9.1763446,Portugal,Lisbon,MCF,LWAL,CDN,1,RES,BPD,RSH2,RMT1,,
7f7b19be-7d0e-44fa-814b-f058842fafe4,38.70588987,-9.181864305,Portugal,Lisbon,MUR,LWAL,CDL,4,MIX(RES;COM),BP2,RSH1,RMN,,
d1e10462-c0cd-44c1-908c-17b071109cf2,38.705846,-9.188066944,Portugal,Lisbon,CR,LFM,CDL,4,MIX(RES;COM),BP2,RSH1,RMN,,
2b8b2f5c-4221-489c-92dc-53524fac004d,38.69717535,-9.202933732,Portugal,Lisbon,MUR,LWAL,CDN,3,COM,BP2,RSH1,RMN,,
442f82b9-5bc1-4c26-b33a-7fc97695448e,38.70436143,-9.198775274,Portugal,Lisbon,MUR,LWAL,CDN,1,COM,BPD,RSH3,RMT1,,
bc3146cc-e56b-4f85-8a04-85bb0c91f587,38.71384583,-9.207781457,,,,,,,,,,,,
dd3a8c10-29bb-4fd7-9b57-10d2a618bc06,38.69661988,-9.216216565,,,,,,,,,,,,
f57fca9f-e421-474c-a4f0-ff9fbcd674f7,38.715481,-9.21760335,Portugal,Lisbon,MUR,LWAL,CDL,4,RES,BP1,RSH2,RMT1,,
a4d30498-6c34-4af8-843a-d144b9ade0f9,38.69490403,-9.198922487,,,,,,,,,,,,
033c140c-e175-4c3b-9b0f-0ea53ae891b5,38.71953115,-9.1867082,,,,,,,,,,,,
e26b2381-f3cb-42bb-abb9-c992ef9ffa13,38.71136601,-9.19999958,Portugal,Lisbon,CR,LFM,CDH,1,RES,BP1,RSH1,RMN,,
3430b849-a781-4b20-a4f4-5db8bb2a3338,38.71217647,-9.207767911,,,,,,,,,,,,
f792206d-e6d0-482d-9cd2-104536c1e2ca,38.71297549,-9.211721769,,,,,,,,,,,,
251e9290-98c8-4529-a740-4090c349f9fe,38.70717577,-9.192623968,,,,,,,,,,,,
d2af3750-189f-4b84-a1a2-52d682d4d00a,38.71253759,-9.186791073,,,,,,,,,,,,
b94c5e75-9f14-4802-aca8-b8318b44b8d9,38.70033637,-9.2077951,,,,,,,,,,,,
9d76b925-8bb0-4be2-97a1-0b1de0159ea2,38.69620978,-9.215797869,Portugal,Lisbon,MUR,LWAL,CDL,3,RES,BP2,RSH2,RMT1,,
5b38f810-f735-4266-92c7-3680f30636ab,38.70595754,-9.179671128,Portugal,Lisbon,MUR,LWAL,CDL,1,RES,BP1,RSH2,RMT1,,
30c43de0-cf60-4fbf-a2ab-44f544bf5299,38.70484749,-9.191853378,Portugal,Lisbon,CR,LFM,CDN,1,COM,BP2,RSH1,RMN,,
319cdcae-a142-4adf-b2ca-08ad0068a12a,38.70254848,-9.195782207,Portugal,Lisbon,CR,LFM,CDL,4,MIX(RES;COM),BP2,RSH1,RMN,,
d9c5d6b1-49bb-42a6-8edc-7abd02a23ba5,38.70005084,-9.193092631,Portugal,Lisbon,MUR,LWAL,CDL,4,RES,BP1,RSH1,RMN,,
a2a61ddf-a9c7-452a-99a9-5336481b434d,38.7160429,-9.2015015,,,,,,,,,,,,
73199c4f-21da-40d7-af9c-63a91add6c8c,38.70054822,-9.203612971,Portugal,Lisbon,MUR,LWAL,CDN,1,COM,BPD,RSH2,RMT1,,
62cd7c25-ac7c-4bd6-a25a-b41cab08d7e4,38.71176355,-9.201683269,Portugal,Lisbon,MUR,LWAL,CDL,2,RES,BP1,RSH2,RMT1,,
b078187b-f91e-4189-9939-e7c4adeccd59,38.70450145,-9.203668877,,,,,,,,,,,,
c9e8a6ec-e5a9-42e3-8e7e-179e318b3d8a,38.70841231,-9.188993327,,,,,,,,,,,,
ff63739a-2d03-4987-b78f-906e311d2784,38.70864683,-9.19836772,Portugal,Lisbon,MUR,LWAL,CDN,2,RES,BP2,RSH1,RMN,,
513339a2-b751-4315-8f3b-42854ce24b1c,38.69914705,-9.219659882,Portugal,Lisbon,MUR,LWAL,CDL,2,RES,BP1,RSH5,RMT1,,
4845f409-81de-42a4-b93e-694bfad87027,38.7019964,-9.19951775,,,,,,,,,,,,
f0cf4a87-e3e7-4e4d-bec8-52aac5cd14d8,38.6989237,-9.2105715,,,,,,,,,,,,
18dcf030-daf8-4ac7-a51e-abb0aa801281,38.7091975,-9.199579211,,,,,,,,,,,,
7f0f2cce-d0da-4489-b475-be18b098b732,38.71175309,-9.205713929,Portugal,Lisbon,MUR,LWAL,CDL,2,RES,BP1,RSH2,RMT1,,
78bb2132-6a20-4284-9e46-5dd103272ac0,38.70581068,-9.188699715,Portugal,Lisbon,MUR,LWAL,CDL,5,RES,BP2,RSH1,RMN,,
29f77325-4781-4496-9937-1c4cb038b6b8,38.69699294,-9.202189502,Portugal,Lisbon,MUR,LWAL,CDL,1,IND,BPD,RSH2,RMT1,,
d813814c-4f0c-4df8-b7bc-d06eb5190fb2,38.70129743,-9.184742396,Portugal,Lisbon,CR,LFM,CDL,5,MIX(RES;COM),BP1,RSH7,RMT6,,
e692b168-9d4c-419e-af41-ec7573379390,38.6936271,-9.208459692,,,,,,,,,,,,
ec28dc33-6c31-4095-a581-30b8dd53bb20,38.70339077,-9.196094491,Portugal,Lisbon,MCF,LWAL,CDM,1,COM,BP2,RSH1,RMN,,
38e2f9d1-8308-4065-a3c2-0073e8b2fc95,38.7101938,-9.2121216,,,,,,,,,,,,
d7976dbe-5612-41a0-a0ca-d82d3afd4e29,38.70341079,-9.192615978,Portugal,Lisbon,CR,LFM,CDL,3,RES,BP1,RSH1,RMN,,
ae263f07-4d77-4d31-8530-91c30762f3e1,38.6967761,-9.215539659,Portugal,Lisbon,MCF,LWAL,CDL,2,RES,BPD,RSH1,RMN,,
da3f8fae-a917-4747-bf96-6d46f01f2625,38.69698351,-9.202090596,,,,,,,,,,,,
311b02b2-a6d9-4ce4-ad48-8d89d39a8123,38.69589015,-9.2208486,,,,,,,,,,,,
fe61c208-ec21-42df-9a34-d304aae8ada9,38.70519034,-9.19159656,Portugal,Lisbon,MUR,LWAL,CDL,1,RES,BP1,RSH5,RMT1,,
eec0937d-f6ae-4c41-af3c-30cc1146abf8,38.71109717,-9.20555319,,,,,,,,,,,,
0d19c640-742e-4410-b1ce-6d420bce766f,38.70536008,-9.195258183,Portugal,Lisbon,CR,LFM,CDL,5,MIX(RES;COM),BP3,RSH1,RMN,,
9451a682-1b11-46c7-9956-866313390496,38.71183692,-9.207196793,,,,,,,,,,,,
0ed760cf-2501-4be0-9321-822c59a210fa,38.70560992,-9.185823887,Portugal,Lisbon,CR,LFM,CDL,4,COM,BP1,RSH1,RMN,,
c7da5978-e786-4751-ae35-77f2397f5afc,38.70145212,-9.219333252,,,,,,,,,,,,
6606729c-a611-43c5-8c37-03053020edcf,38.71717451,-9.211103414,Portugal,Lisbon,MUR,LWAL,CDN,2,RES,BP1,RSH1,RMN,,
904c04be-57bd-43c9-b397-4bd947c9c5ce,38.69838136,-9.225968788,Portugal,Lisbon,MUR,LWAL,CDL,5,MIX(RES;COM),BP3,RSH1,RMN,,
0cfe8f36-3a7f-4f28-bc3d-9dd19e38d7bc,38.70380989,-9.193249577,Portugal,Lisbon,MUR,LWAL,CDL,2,RES,BP2,RSH1,RMN,,
18262c2c-1859-4e76-9cef-ae104f476b1e,38.70559297,-9.201779193,,,,,,,,,,,,
cc017c75-4a0c-4c11-a6bf-6ee36d754d70,38.70637283,-9.190895847,Portugal,Lisbon,MUR,LWAL,CDN,3,RES,BP2,RSH1,RMN,,
e110543c-c96e-4484-a494-3a589df2dec2,38.71479511,-9.183093823,,,,,,,,,,,,
ed622830-8758-4186-bcab-b3ac2c17a73a,38.70888515,-9.20240515,,,,,,,,,,,,
03073f39-374c-4508-9ca1-01d0e58e64d6,38.70514043,-9.188431207,Portugal,Lisbon,MUR,LWAL,CDL,1,RES,BP1,RSH1,RMN,,
263ff2af-5281-4d9d-9de8-7cc274b0a989,38.70436593,-9.202953967,Portugal,Lisbon,MUR,LWAL,CDL,4,RES,BP2,RSH1,RMN,,
b499f16b-c3ad-41a1-b938-a60b6762b664,38.70325092,-9.195587215,Portugal,Lisbon,MUR,LWAL,CDL,4,RES,BP2,RSH1,RMN,,
63efe04d-21d0-4ea7-841e-d9590f9cf4fa,38.70338433,-9.190524676,,,,,,,,,,,,
b2002210-8ee3-4deb-a975-2bbd6cc65ee6,38.7024537,-9.177132866,,,,,,,,,,,,
34d1e1c2-d3d6-4ab1-978a-1c6f1cd441e2,38.70150765,-9.20293915,,,,,,,,,,,,
9025a905-4694-4fd5-9d4b-d8b4b5f1a8f7,38.70554966,-9.2134732,Portugal,Lisbon,MCF,LWAL,CDN,2,RES,BP1,RSH1,RMN,,
c9a41bca-2066-4617-9b7f-ef05ca75b178,38.70123217,-9.20553448,Portugal,Lisbon,MUR,LWAL,CDL,3,RES,BP2,RSH2,RMT1,,
69a03ae0-fb62-496d-9b72-fd3e300798b5,38.70703551,-9.191251218,Portugal,Lisbon,MUR,LWAL,CDL,1,RES,BPD,RSH3,RMT1,,
fc0deb59-a031-4aea-bf47-5c6a58db9096,38.69557535,-9.216527232,Portugal,Lisbon,MUR,LWAL,CDN,3,COM,BP2,RSH1,RMN,,
266cacfe-ff8c-40c9-94a7-3241a13834e4,38.70322345,-9.20267045,Portugal,Lisbon,CR,LFM,CDM,5,RES,BP1,RSH1,RMN,,
39adf789-0b3b-4c55-b314-cbe84807c79d,38.69876584,-9.214792378,,,,,,,,,,,,
5bfee50c-839d-4c58-8b22-c4a139a40c56,38.70248355,-9.190678279,Portugal,Lisbon,CR,LFM,CDL,06/jul,MIX(RES;COM),BP3,RSH1,RMN,,
44909c39-d174-40ec-9d96-73823d13aefe,38.6966908,-9.221992194,Portugal,Lisbon,HYB(MCF;MUR),LWAL,CDH,2,MIX(RES;COM),BP1,RSH2,RMT1,,
4926791e-7568-4add-aa13-d36f558610af,38.7098686,-9.1917225,Portugal,Lisbon,CR,LFM,CDL,4,RES,BP1,RSH1,RMN,,
a5c86285-6d96-4da3-b61b-20131a1790a3,38.69481633,-9.209959247,Portugal,Lisbon,CR,LFM,CDH,1,COM,BPD,RSH2,RMT1,,
b8e81574-8bc7-482c-ac3e-a430aab95017,38.69693906,-9.194656521,,,,,,,,,,,,
5a14bd14-3ece-42ba-9b4e-1870cbbe71b2,38.71198951,-9.185259821,,,,,,,,,,,,
e0daa112-cea5-4869-bc39-d06e868f68da,38.71792175,-9.2108073,Portugal,Lisbon,CR,LFM,CDH,2,MIX(RES;COM),BP1,RSH1,RMN,,
ff8b5ee6-4044-4568-93fb-9b8635c99338,38.70965175,-9.182534277,,,,,,,,,,,,
4f5be42e-0f83-41d0-8fad-980e0967d0c7,38.70717395,-9.176380193,,,,,,,,,,,,
a1b7258c-704a-4a21-9735-0d04f86b26b7,38.71375004,-9.205303554,Portugal,Lisbon,MUR,LWAL,CDL,3,RES,BP1,RSH1,RMN,,
763b4341-8ffe-408b-8a91-829d4db200f6,38.70884008,-9.194126557,Portugal,Lisbon,MCF,LWAL,CDL,2,RES,BP1,RSH2,RMT1,,
b9412106-efbc-4d82-a5c5-473146f515b9,38.70818105,-9.20866485,Portugal,Lisbon,CR,LFM,CDM,06/jul,MIX(RES;COM),BP1,RSH1,RMN,,
13abdaf8-ea4b-4f37-9bd3-61c6d93d68d8,38.6988001,-9.2134212,,,,,,,,,,,,
0ec6201e-d664-4e97-aa45-812795df1269,38.71959965,-9.1790235,,,,,,,,,,,,
5170426c-a37c-4482-bf1e-067f63a9b176,38.69925741,-9.189263946,Portugal,Lisbon,MCF,LWAL,CDM,2,COM,BP2,RSH1,RMN,,
d435bfc6-ea8c-4385-8b24-237602952739,38.70406003,-9.179188961,Portugal,Lisbon,MUR,LWAL,CDN,3,COM,BP2,RSH1,RMN,,
1f206f41-1bda-4913-863f-15b8cbf3b909,38.69978241,-9.190463544,Portugal,Lisbon,MUR,LWAL,CDL,4,RES,BP2,RSH1,RMN,,
99566164-7ad2-49a2-bf38-e9537ffb98ac,38.70259721,-9.219070858,,,,,,,,,,,,
3aac253b-20f6-49a2-8968-cc597f4ed5fc,38.70329502,-9.184720849,,,,,,,,,,,,
0789b688-8324-40eb-9972-bad5e1c616df,38.70213409,-9.18561413,,,,,,,,,,,,
56820bc5-111c-4d42-957f-757922ad1347,38.69950178,-9.221130524,,,,,,,,,,,,
bf81b64d-7092-466b-88ed-d6029b4c687b,38.71628196,-9.216898757,Portugal,Lisbon,MUR,LWAL,CDL,2,RES,BP1,RSH2,RMT1,,
57f41182-6251-4182-8916-85fd7c94050c,38.70239499,-9.176957725,,,,,,,,,,,,
d092bcfd-eee2-4fc0-b7da-4c12c1c547aa,38.7038454,-9.1772425,Portugal,Lisbon,MCF,LWAL,CDN,3,RES,BP2,RSH1,RMN,,
7bd03113-173e-4ff4-8e1f-9d9aa4560de3,38.70296175,-9.19742135,Portugal,Lisbon,CR,LFINF,CDM,4,MIX(RES;COM),BP2,RSH1,RMN,,
1efaaa25-95aa-4cbe-9835-4dab8c15e5c8,38.698254,-9.204385844,Portugal,Lisbon,MUR,LWAL,CDL,2,RES,BP1,RSH1,RMN,,
c61aab84-1c4a-40b1-b120-948b81c8a455,38.6985164,-9.220264584,,,,,,,,,,,,
efeaa984-5613-4f6e-8802-6760bc93583e,38.7079398,-9.196204855,Portugal,Lisbon,MUR,LWAL,CDN,2,RES,BP1,RSH1,RMN,,
a8693ea9-d22b-4045-bd0d-7c59043aa0c0,38.69969046,-9.188016187,,,,,,,,,,,,
96756c65-a93f-444a-8172-c848c68f2820,38.7121897,-9.2122118,Portugal,Lisbon,MUR,LWAL,CDN,1,RES,BP2,RSH1,RMN,,
373b0eda-eb4f-4b0f-a89a-876b4d216056,38.7162014,-9.215595132,Portugal,Lisbon,MUR,LWAL,CDL,2,RES,BP1,RSH2,RMT1,,
63a593bb-b2bd-4ea3-9c9a-543454f4378e,38.6987975,-9.2206077,,,,,,,,,,,,
cc632eeb-7151-4689-a0d9-9ab504ae71b1,38.69700164,-9.217752019,Portugal,Lisbon,MUR,LWAL,CDL,2,RES,BPD,RSH1,RMN,,
338b87bf-ed19-4822-b328-560375096930,38.6973702,-9.215665076,Portugal,Lisbon,MUR,LWAL,CDL,3,RES,BPD,RSH1,RMN,,
16f04bb8-8683-4a7c-a484-c86e97589ae9,38.7093212,-9.175782722,Portugal,Lisbon,MUR,LWAL,CDL,1,RES,BP2,RSH1,RMN,,
49d34097-bffb-4905-9b14-c570b48f5d54,38.71718271,-9.211455583,,,,,,,,,,,,
34b03e6b-705d-4df1-95b6-1c8345089f8d,38.69714481,-9.203243904,Portugal,Lisbon,MUR,LWAL,CDL,2,COM,BP1,RSH2,RMT1,,
270ac5ee-eb70-4629-9eae-3e907d593334,38.70411191,-9.190334194,Portugal,Lisbon,CR,LFINF,CDN,4,RES,BP3,RSH1,RMN,,
8ec4d269-8a36-4780-a757-2fc537a3f001,38.69593824,-9.215701323,,,,,,,,,,,,
36eb8969-d07e-4a24-870b-796bd3191337,38.70881071,-9.208122786,Portugal,Lisbon,CR,LFM,CDN,5,RES,BP1,RSH1,RMN,,
f85725a4-ae8e-47b9-b523-0268a0f2377d,38.70108572,-9.179129358,,,,,,,,,,,,
f12c8633-920b-4b61-9c2d-8529ea04b517,38.71083869,-9.197796746,,,,,,,,,,,,
78411efa-ef02-4369-bc9c-c89fb054761c,38.70873085,-9.176243999,Portugal,Lisbon,MUR,LWAL,CDL,2,RES,BP1,RSH2,RMT1,,
7cfe5eaf-a6b9-43fd-9571-c6d50113978f,38.71676568,-9.214881377,,,,,,,,,,,,
ed0a2e41-b5cf-4ba8-8d8e-7c01e7026772,38.70340552,-9.179910844,,,,,,,,,,,,
172623f0-5c31-4172-a1ba-57bb79b5151f,38.70294203,-9.211366098,Portugal,Lisbon,CR,LFM,CDN,4,RES,BP2,RSH1,RMN,,
4d5e3971-2cea-43f5-ac60-0671ed6084bd,38.71666065,-9.216899712,,,,,,,,,,,,
92b61d63-bbfd-4a19-973a-a42429d8c2e1,38.69683954,-9.217028788,Portugal,Lisbon,MUR,LWAL,CDL,2,RES,BP1,RSH1,RMN,,
5a8effaa-413a-438a-bbc2-ab2772caef4e,38.71736444,-9.210576375,Portugal,Lisbon,MUR,LWAL,CDL,2,RES,BPD,RSH2,RMT1,,
bcbdec32-91f6-4e21-85d7-2168d3964875,38.7048646,-9.176748493,,,,,,,,,,,,
a9e530df-be00-48f9-a9ae-2d94598ce3d5,38.70131994,-9.222384584,Portugal,Lisbon,MUR,LWAL,CDN,2,COM,BPD,RSH2,RMT1,,
9845a296-c483-4dcf-85c9-18db446385dc,38.71119291,-9.198443352,,,,,,,,,,,,
f5697353-773c-481c-a86c-551e429abdb5,38.70140933,-9.191434764,,,,,,,,,,,,
62f8bbbf-dbd3-4bef-8be1-556caaeef7ee,38.70550058,-9.201776338,,,,,,,,,,,,
93974986-205d-41d8-b28e-7fe3d036e6e5,38.71012577,-9.198605117,,,,,,,,,,,,
d886f9c7-52b3-4d7b-a407-754dcdbacf2f,38.70084862,-9.183666079,Portugal,Lisbon,CR,LFINF,CDM,4,MIX(RES;COM),BP2,RSH1,RMN,,
9c7f1aa8-c550-4639-8a0d-6aabebe3297d,38.7180266,-9.211700775,Portugal,Lisbon,MUR,LWAL,CDL,4,RES,BP1,RSH2,RMT1,,
c1bf6af7-3078-4f5d-bfd3-8a7d2a5b7caf,38.7042469,-9.17717045,Portugal,Lisbon,MUR,LWAL,CDN,2,RES,BP2,RSH1,RMN,,
b147ac30-398a-4fb9-8396-a8eaa12f2e64,38.69959062,-9.215839027,,,,,,,,,,,,
7e37e1f7-735f-4a87-8e40-30c62fe1ff0b,38.69983573,-9.223281874,Portugal,Lisbon,MUR,LWAL,CDN,2,RES,BP1,RSH1,RMN,,
c135c64a-1b79-4522-b1b4-6affe47cc65e,38.70214564,-9.190581452,Portugal,Lisbon,CR,LFM,CDL,08/set,RES,BP2,RSH1,RMN,,
94bc11ea-5ff3-40cb-87bd-c0a64d8bfb92,38.70997152,-9.176150706,,,,,,,,,,,,
8efeaf5d-d9fe-4e41-ad26-279dd3b4f93d,38.70051971,-9.214623586,,,,,,,,,,,,
044affaf-2895-4e7b-8323-ecb542905a25,38.7013151,-9.2149986,,,,,,,,,,,,
411dd993-d08a-4030-bcc6-4b0374404eb8,38.70422116,-9.211931942,,,,,,,,,,,,
5a6050b1-34eb-46dc-bb36-fac01920f854,38.71322236,-9.198042917,Portugal,Lisbon,CR,LFM,CDN,5,RES,BPD,RSH1,RMN,,
24a6f38c-1cf4-4008-9db1-06eccd9271c9,38.70802792,-9.185154431,,,,,,,,,,,,
fc8f6713-42e9-472b-a587-12fa8bfc0070,38.70547225,-9.212866514,Portugal,Lisbon,MUR,LWAL,CDL,2,RES,BPD,RSH2,RMT1,,
4abcc4ed-1710-4af3-87ff-3a5268475866,38.72257793,-9.179504351,Portugal,Lisbon,W,LFINF,CDN,1,RES,BPD,RSH1,RMN,,
c0a87035-8836-4f05-b24b-e36c44f1015d,38.71012019,-9.192046174,,,,,,,,,,,,
42c747bb-fa6b-4c32-aa51-ccba16563bfa,38.69536891,-9.208932534,Portugal,Lisbon,CR,LDUAL,CDH,2,IND,BPD,RSH1,RMN,,
abcae787-82f9-4abc-b082-70422095321f,38.69781283,-9.196968181,Portugal,Lisbon,MUR,LWAL,CDL,3,RES,BP1,RSH1,RMN,,
a906f223-dda0-474e-8bf4-4a9448b482f6,38.7033564,-9.191302813,Portugal,Lisbon,CR,LFINF,CDM,4,RES,BP2,RSH1,RMN,,
cffe7b64-caa4-4721-b592-370c3e9b4ad8,38.71270836,-9.205112144,,,,,,,,,,,,
4a8360ac-fcb0-4377-aa58-59ae150d3dd1,38.69748002,-9.202895815,Portugal,Lisbon,MUR,LWAL,CDN,4,RES,BP1,RSH1,RMN,,
d3188b5b-f563-4541-92cb-cf7b62b7e605,38.69451686,-9.217882267,Portugal,Lisbon,MUR,LWAL,CDN,1,RES,BPD,RSH2,RMT1,,
62b5f491-46b9-4f26-bb3e-a62cbdf7f998,38.70175282,-9.176873335,Portugal,Lisbon,CR,LFM,CDN,2,COM,BP1,RSH3,RMT1,,
6ffd19c8-7c0c-4888-8dff-e094a7402f9b,38.70177032,-9.187858957,,,,,,,,,,,,
9a107cef-900f-4b11-a184-778d0c362fcc,38.69959262,-9.179027615,Portugal,Lisbon,INF,LN,CDN,1,IND,BP1,RSH2,RMT1,,
53f1079f-ae71-4f05-a416-4b2b0f0b42f3,38.70940875,-9.1952001,Portugal,Lisbon,MCF,LWAL,CDL,2,RES,BP2,RSH1,RMN,,
075c0b6a-a489-4861-ac92-fe562b5b07e0,38.71191411,-9.199832548,Portugal,Lisbon,MUR,LWAL,CDL,2,RES,BP1,RSH2,RMT1,,
9425b3ee-3c8d-4f55-9e54-ed330c571b42,38.70530656,-9.199637028,Portugal,Lisbon,MUR,LWAL,CDL,4,RES,BP2,RSH2,RMT1,,
1301270a-e5e0-4fa6-8a6c-fb5ca22d4427,38.70170142,-9.215233466,Portugal,Lisbon,MUR,LWAL,CDN,1,RES,BP2,RSH5,RMT1,,
d34d992b-9bd0-49b0-bdf9-e5212762bd25,38.70068955,-9.190565177,Portugal,Lisbon,CR,LFM,CDH,4,RES,BP2,RSH1,RMN,,
ba8ae25d-fd47-40d2-b2f3-d439640686cd,38.69782495,-9.217455885,Portugal,Lisbon,MCF,LWAL,CDM,2,RES,BP1,RSH2,RMT1,,
15589dad-af3d-4db9-8efb-3c13f346587b,38.7053615,-9.18821695,Portugal,Lisbon,MCF,LWAL,CDH,1,RES,BPD,RSH2,RMT1,,
8f10810d-4059-4116-a563-14a01cdb5d51,38.70375572,-9.21217582,,,,,,,,,,,,
fcec89a5-93c4-42a2-a677-6a69dec614f3,38.6984674,-9.211699674,Portugal,Lisbon,MUR,LWAL,CDN,2,RES,BPD,RSH1,RMN,,
aa65486c-916e-458b-bb06-c0300cb4c317,38.70366435,-9.176231034,Portugal,Lisbon,MR,LWAL,CDL,1,RES,BP2,RSH2,RMT1,,
857684d6-d537-44e1-8f75-78549eb333ac,38.69821994,-9.219455948,,,,,,,,,,,,
a872b88c-b2af-4952-a8d2-bedac3cf2735,38.70389519,-9.213810195,,,,,,,,,,,,
aa34b640-b669-4ada-906e-66d1cf842d3e,38.70479653,-9.202521388,Portugal,Lisbon,MUR,LWAL,CDL,4,COM,BP1,RSH2,RMT1,,
3061e73e-2a1c-4866-8fd4-39fc6c0def73,38.70749442,-9.209307093,Portugal,Lisbon,CR,LDUAL,CDH,1,RES,BPD,RSH1,RMN,,
60215faf-23a1-4aa9-a489-f63e08799a52,38.71912636,-9.199585791,,,,,,,,,,,,
f5991c6f-f4bf-497f-81c5-54194b7277f2,38.69570708,-9.21719631,,,,,,,,,,,,
30804dd6-95db-477d-abe8-c9304561853c,38.70002618,-9.20442559,Portugal,Lisbon,MUR,LWAL,CDL,2,RES,BP1,RSH1,RMN,,
32adf238-ef07-4379-8d5d-97a8551f0134,38.70071125,-9.2115112,Portugal,Lisbon,MUR,LWAL,CDN,1,RES,BPD,RSH1,RMN,,
a393881b-f0b4-4a1f-a9e7-f028e6de04a6,38.70344494,-9.183662407,Portugal,Lisbon,CR,LFM,CDH,5,RES,BP1,RSH2,RMT1,,
18545bea-87c6-446d-befc-36f1169de642,38.69978146,-9.207579352,,,,,,,,,,,,
a0739a65-e3cc-45e7-a436-1958450cd009,38.70827898,-9.207779466,Portugal,Lisbon,CR,LFM,CDN,06/jul,MIX(RES;COM),BP1,RSH1,RMN,,
922a849d-64f0-44ce-8377-e77b505320c0,38.6967172,-9.22443595,Portugal,Lisbon,HYB(MCF;MUR),LFM,CDL,4,RES,BP1,RSH1,RMN,,
1db3f25e-90c8-4e3d-9018-d49da53207b6,38.70656085,-9.1926768,,,,,,,,,,,,
99e86de3-23b5-4faa-b4ee-e64abbee2cda,38.71040397,-9.207371114,,,,,,,,,,,,
381335e3-d9b9-43aa-a272-d2e957761294,38.70566127,-9.212803438,Portugal,Lisbon,MUR,LWAL,CDL,2,RES,BPD,RSH1,RMN,,
24ebc93a-cdbe-425c-9bd9-f21a5a490f41,38.69781091,-9.203039741,Portugal,Lisbon,MCF,LWAL,CDL,1,IND,BPD,RSH2,RMT1,,
5208662d-a2c8-42ab-af45-b0c1299fb9f4,38.70693673,-9.187810403,,,,,,,,,,,,
187b5cf1-ee3c-425a-bb90-afa1454d0960,38.70333361,-9.202701846,Portugal,Lisbon,CR,LFINF,CDL,4,MIX(RES;COM),BP2,RSH1,RMN,,
29d1edbe-2afa-416a-8b5d-20a50d3b8043,38.71575817,-9.216150961,Portugal,Lisbon,MUR,LWAL,CDN,2,RES,BP1,RSH1,RMN,,
e794f4a5-1094-49a8-98b1-28d75957b774,38.71599243,-9.216931424,Portugal,Lisbon,MUR,LWAL,CDL,2,RES,BP2,RSH1,RMN,,
0d36a968-6c56-4f3a-b1f0-f111d66b5e10,38.70114562,-9.221763329,,,,,,,,,,,,
22cd7f9a-847c-43d9-84d8-a417feefc44c,38.72245605,-9.17964775,Portugal,Lisbon,W,LWAL,CDN,1,RES,BPD,RSH2,RMT1,,
7e571074-bc43-47bd-bc20-d84922a7a58f,38.70300724,-9.215344717,Portugal,Lisbon,MUR,LWAL,CDL,2,RES,BPD,RSH1,RMN,,
5ee77d41-b4b1-4e21-8943-bafa75192d09,38.70705783,-9.214056059,Portugal,Lisbon,MUR,LWAL,CDL,2,RES,BP1,RSH1,RMN,,
8f3f4c5f-36b2-496f-98d3-3eba524f18c5,38.71210165,-9.199886359,Portugal,Lisbon,CR,LFM,CDM,4,RES,BP1,RSH1,RMN,,
11e0fc1d-dcf3-4962-b457-e6f2ce86968f,38.69757934,-9.194626867,Portugal,Lisbon,MUR,LWAL,CDN,4,COM,BP2,RSH1,RMN,,
1e552920-822c-43b4-ae13-23312eb4fbab,38.69404312,-9.2183228,,,,,,,,,,,,
309e6ce8-8063-4c15-b0aa-18881082f0b6,38.70778697,-9.174561657,,,,,,,,,,,,
f21f42d0-4756-4242-bcff-cde4630daa16,38.70062364,-9.222891862,,,,,,,,,,,,
bb9c08ac-1a6f-412b-8870-fc6c055859bc,38.69655982,-9.218608527,Portugal,Lisbon,MUR,LWAL,CDL,2,RES,BP2,RSH3,RMT1,,
bf21764b-f16b-4164-8abc-5b7e74e5af18,38.7168803,-9.215393376,,,,,,,,,,,,
9e5ae890-cdb1-4bac-af1d-3ef94ed7b383,38.70867792,-9.215139887,,,,,,,,,,,,
40a8f682-f120-4ecf-9450-2edaf0b61725,38.70319354,-9.211226459,Portugal,Lisbon,MCF,LWAL,CDH,1,RES,BPD,RSH1,RMN,,
d956efd1-e8d6-45f4-9526-a67d2b0d3a07,38.69570703,-9.216925158,Portugal,Lisbon,MUR,LWAL,CDL,3,RES,BP2,RSH2,RMT1,,
f7a993e6-d8a4-4038-ba27-009c92ad59e8,38.70339771,-9.208746496,,,,,,,,,,,,
a2e855e6-887d-4b3c-8fb2-30ba56c9a2b3,38.70052438,-9.21646239,Portugal,Lisbon,MUR,LWAL,CDN,1,RES,BP2,RSH1,RMN,,
4c7c3cea-a38d-4062-a113-8eaed927ba4e,38.71697668,-9.214612642,Portugal,Lisbon,MUR,LWAL,CDL,1,RES,BP1,RSH2,RMT1,,
525c17fd-792a-45a4-8744-bfad90d7b8ba,38.70063954,-9.180251065,Portugal,Lisbon,CR,LFINF,CDL,2,RES,BP1,RSH2,RMT1,,
989646fc-33d6-4e34-a85d-0721551fadff,38.70003569,-9.22030543,,,,,,,,,,,,
38b98699-5872-47c3-b6ac-5c6061b9a60a,38.7017416,-9.207556014,,,,,,,,,,,,
6d3f3563-0a99-4bd4-a422-8ec2e95af5a0,38.70021388,-9.204224731,Portugal,Lisbon,CR,LFM,CDM,2,RES,BP1,RSH2,RMT1,,
5b97a6a3-524b-4614-9664-acdbba356046,38.71678315,-9.214586672,Portugal,Lisbon,MUR,LWAL,CDL,1,RES,BP1,RSH2,RMT1,,
5f73e1a8-867c-4727-a69b-23cd08e9c711,38.70515731,-9.20117661,Portugal,Lisbon,MCF,LWAL,CDH,2,RES,BP1,RSH2,RMT1,,
f0fc9024-c70a-4de4-9a92-751c5775b87d,38.70196527,-9.181729266,Portugal,Lisbon,MUR,LWAL,CDL,4,RES,BP1,RSH2,RMT1,,
5794d928-40ee-41e4-9996-f24aa0a2ef54,38.6963698,-9.223003385,,,,,,,,,,,,
8862cc35-2fec-4340-9744-2804fc05a506,38.70318173,-9.190701702,Portugal,Lisbon,CR,LFINF,CDN,08/set,MIX(RES;COM),BP1,RSH1,RMN,,
35e9b033-11de-4f8c-b2c7-a3912d1e2d3b,38.7052699,-9.1998333,Portugal,Lisbon,MUR,LWAL,CDL,2,RES,BP2,RSH2,RMT1,,
9997b699-a94b-4adf-8221-147e2c44ce3a,38.70419448,-9.189408547,,,,,,,,,,,,
9f0ccb93-55d8-4270-a35f-93e2769704f2,38.6931431,-9.22084068,Portugal,Lisbon,CR,LFM,CDN,1,IND,BP1,RSH7,RMT6,,
4c68e67b-419f-4c68-b444-c71bf5ec76f8,38.69794405,-9.215264531,,,,,,,,,,,,
31faf3ab-ee01-47a3-83cd-fd174a6de350,38.69969485,-9.21488195,,,,,,,,,,,,
315509e5-f24c-4b9a-9589-4553dc8673b8,38.69823008,-9.217078699,Portugal,Lisbon,MUR,LWAL,CDN,2,RES,BP1,RSH1,RMN,,
b4d6b8d7-9403-43ef-88d6-435400773d5f,38.69693682,-9.219002804,,,,,,,,,,,,
d137f7fc-910b-4ae2-9832-f1403df5b921,38.69606485,-9.216254916,,,,,,,,,,,,
cbc408d8-c7bd-4790-bea6-e90e343ba954,38.69759544,-9.196093473,Portugal,Lisbon,CR,LFM,CDL,4,COM,BP1,RSH1,RMN,,
dc74d305-8e4a-4890-b56d-4b57bf0500ea,38.70197445,-9.2153816,,,,,,,,,,,,
bd97011d-c204-469a-8211-c498c97062f4,38.70365858,-9.177330572,Portugal,Lisbon,CR,LDUAL,CDH,10/dez,IND,BP1,RSH1,RMN,,
2481ddc4-42c7-4b35-aba7-9cee4923d6f3,38.70997799,-9.197560411,Portugal,Lisbon,CR,LFM,CDH,5,RES,BP1,RSH1,RMN,,
a1288b72-6f6c-4c45-bb99-8d0ca3d84dea,38.71203435,-9.199309172,,,,,,,,,,,,
9c48037c-e3f2-47b1-90f8-519e90ad5816,38.70993653,-9.213964834,,,,,,,,,,,,
029a49d3-434a-4874-b952-750af83905f7,38.71683688,-9.212589807,Portugal,Lisbon,MUR,LWAL,CDL,4,RES,BPD,RSH1,RMN,,
c11e0e07-c8f7-491b-91dc-d95ab2c98102,38.70570743,-9.204523422,,,,,,,,,,,,
2238c5bf-981b-4bc6-9d2d-cae885c28b75,38.70002353,-9.189543434,,,,,,,,,,,,
3215a279-be6d-4752-950d-74024589065e,38.70479779,-9.17688147,Portugal,Lisbon,CR,LFM,CDM,1,COM,BP1,RSH5,RMT6,,
09fe9770-a7da-427e-98d7-cdd7de56a278,38.7075105,-9.21824075,,,,,,,,,,,,
318f8830-36a0-4d18-be63-6db229b63992,38.70577808,-9.212306282,Portugal,Lisbon,MCF,LWAL,CDM,2,MIX(RES;COM),BP1,RSH2,RMT1,,
a6da8618-7455-4cf0-93c8-283c0519234b,38.69752606,-9.211674005,Portugal,Lisbon,MUR,LWAL,CDL,2,RES,BP1,RSH2,RMT1,,
5ab82f6e-bc86-4858-b6b7-011a2455db06,38.69265864,-9.221791379,Portugal,Lisbon,CR,LFM,CDH,1,COM,BPD,RSH2,RMT1,,
445b58fc-d324-4d39-86e5-14ebdc9654c4,38.70377869,-9.210519555,,,,,,,,,,,,
be78ac29-b761-48b8-ac34-7775f5d4335c,38.70610504,-9.207670969,Portugal,Lisbon,CR,LDUAL,CDH,10/dez,IND,BPD,RSH1,RMN,,
daeeffe6-711e-4f26-a0b1-fefb46cdf128,38.70533242,-9.21065821,,,,,,,,,,,,
07c499f4-453c-4e96-872a-e28cecefaab6,38.70747345,-9.210249568,,,,,,,,,,,,
ce65f8fb-117d-4a28-95c6-0449d4b1be4e,38.70670787,-9.178037866,,,,,,,,,,,,
914f4750-5489-41a5-9b02-5c2bd5d33059,38.70596054,-9.187084669,Portugal,Lisbon,CR,LFM,CDL,5,RES,BP2,RSH1,RMN,,
8b32f82d-4bf5-49a0-a695-63dfe169437a,38.70377913,-9.192415018,Portugal,Lisbon,MUR,LWAL,CDL,5,RES,BP1,RSH2,RMT1,,
e2cd7676-a2be-42ae-9978-062783b6a09c,38.69934104,-9.226356823,,,,,,,,,,,,
1d661502-d977-43d7-9d49-5b04505b10f0,38.69918429,-9.214675429,,,,,,,,,,,,
60b6923f-4299-450e-ba3c-9e845ce44a36,38.71667938,-9.212126554,Portugal,Lisbon,MUR,LWAL,CDL,2,RES,BP1,RSH1,RMN,,
ebd6df63-aa6c-4fbc-bc5f-f37465d4eaeb,38.70876143,-9.195534352,Portugal,Lisbon,MUR,LWAL,CDN,1,RES,BP2,RSH5,RMT6,,
fa4bcc87-b3af-41b8-bb70-a463abda9a37,38.70602278,-9.175974898,Portugal,Lisbon,MUR,LWAL,CDL,4,MIX(RES;COM),BP1,RSH2,RMT1,,
69498a2e-93eb-4224-b5d5-7bae1e235d3d,38.70024875,-9.220448542,,,,,,,,,,,,
61408583-446a-4357-928c-1cfcf17ecfb0,38.69749966,-9.192839864,Portugal,Lisbon,MUR,LWAL,CDL,3,RES,BP1,RSH1,RMN,,
bf77dee0-7da5-401d-8a9a-adbf51accff4,38.70583258,-9.180973884,Portugal,Lisbon,CR,LFM,CDL,5,RES,BP2,RSH1,RMN,,
7ac22471-716b-4d43-82cf-66a330e7fb13,38.70166067,-9.217197125,,,,,,,,,,,,
d4f608ba-ca2a-40d5-846b-fc36e2d78645,38.70215647,-9.181782958,Portugal,Lisbon,MUR,LWAL,CDL,2,MIX(RES;COM),BP2,RSH2,RMT1,,
a75bca5e-47a7-41cc-8dae-0b9c14940fb3,38.70957194,-9.212092405,,,,,,,,,,,,
9372af9c-4f0e-4bc7-b9d3-36ec86d466d9,38.71001791,-9.199315854,Portugal,Lisbon,MUR,LWAL,CDL,2,RES,BP2,RSH1,RMN,,
6809aafa-e6d8-412d-86d1-301e854f81d9,38.6995773,-9.219425152,Portugal,Lisbon,MUR,LWAL,CDL,2,RES,BP1,RSH2,RMT1,,
30a7c411-619a-458e-a2b9-f438aa940e7d,38.70740557,-9.192959945,Portugal,Lisbon,CR,LFM,CDL,5,MIX(RES;COM),BP1,RSH1,RMN,,
814b6a25-9819-40ce-96fd-df193cd09f6c,38.70001246,-9.219901475,,,,,,,,,,,,
8be7700d-eeb0-4759-b3a3-722c0157e11a,38.70452188,-9.188927788,Portugal,Lisbon,CR,LFINF,CDL,2,MIX(RES;COM),BP2,RSH2,RMT1,,
92515e95-a801-4362-a331-6d62640bcd4c,38.70462273,-9.211708501,Portugal,Lisbon,MUR,LWAL,CDN,2,RES,BP2,RSH1,RMN,,
5ad80780-37d1-4bc7-a07d-96a69f2bf669,38.70026704,-9.188047989,,,,,,,,,,,,
d0dbdf55-da9d-4734-80bb-87ec2c1fdc70,38.69757042,-9.203870228,,,,,,,,,,,,
97c81b19-012d-415b-95d4-0fd963536c16,38.70465945,-9.19144642,Portugal,Lisbon,CR,LFM,CDN,1,RES,BPD,RSH2,RMT1,,
2f981358-ba6b-48d7-8bd5-3ad96966ac8b,38.70415736,-9.214348276,,,,,,,,,,,,
9812b8bf-e4c1-4f65-b100-6b74d2cd781b,38.70302756,-9.19306093,,,,,,,,,,,,
e61e7298-9697-42dc-b351-3d250710dd19,38.7151937,-9.215029825,Portugal,Lisbon,MUR,LWAL,CDL,2,RES,BP2,RSH1,RMN,,
4c9c9227-b759-4bf0-8ede-9c942df4ffee,38.71033879,-9.197939575,Portugal,Lisbon,HYB(MCF;MUR),LWAL,CDH,5,RES,BP1,RSH1,RMN,,
ca988c16-c933-47ec-adb6-e9e3387a6923,38.70712545,-9.194105765,,,,,,,,,,,,
0be7d033-62a1-4a45-b409-8c1b530c6fc5,38.71792683,-9.211595835,Portugal,Lisbon,HYB(MCF;MUR),LFINF,CDL,5,RES,BP1,RSH2,RMT1,,
a88bfdac-7c5c-4ed1-810d-315f324cb4b3,38.6988563,-9.20403915,,,,,,,,,,,,
54b06ea7-c7d8-4c10-b8d8-339f2b8886ff,38.69362079,-9.20570136,,,,,,,,,,,,
e7ddec64-fa0f-49d1-b0f7-006577956238,38.70472546,-9.200309698,Portugal,Lisbon,CR,LFM,CDL,1,COM,BP1,RSH2,RMT1,,
afbd33c6-6559-4a85-a478-3d9a14061235,38.69842572,-9.209824451,,,,,,,,,,,,
1ff2d065-a848-47ee-82c1-998fe8e12567,38.71557522,-9.21514526,Portugal,Lisbon,MUR,LWAL,CDL,2,RES,BP1,RSH1,RMN,,
7986a894-0413-464f-91d9-ae48e4865408,38.69566809,-9.208051206,,,,,,,,,,,,
27f2d644-c864-4992-88c0-d86bb7308fe4,38.70049364,-9.221694142,,,,,,,,,,,,
ec9679c7-8d16-41e7-98b7-717414072aed,38.70841366,-9.208254682,Portugal,Lisbon,CR,LFM,CDM,06/jul,RES,BP3,RSH1,RMN,,
139ebe15-9458-4c07-b425-b2e3575323a4,38.71572869,-9.189400437,,,,,,,,,,,,
672ea9cd-9c03-4079-826a-e7cff50fa370,38.70328883,-9.1815207,Portugal,Lisbon,MUR,LWAL,CDN,3,COM,BP2,RSH1,RMN,,
9d983d27-2c25-4239-be50-05c847363a99,38.69471761,-9.211987461,Portugal,Lisbon,CR,LFM,CDH,2,RES,BPD,RSH2,RMT1,,
2b9e31e9-d6f7-4690-936c-2b744ac31e8a,38.70887612,-9.211466446,,,,,,,,,,,,
d2c81d9b-c8c3-4cd5-b81f-51733b4825f4,38.70157972,-9.196219898,Portugal,Lisbon,MUR,LWAL,CDL,2,RES,BP1,RSH2,RMT1,,
ffc0c3e1-ca65-4e9c-a554-431664ff8b31,38.70316576,-9.212571645,,,,,,,,,,,,
518f5d82-8ba3-4d4d-b12b-ecffb86b36a8,38.70190727,-9.176612996,Portugal,Lisbon,CR,LFM,CDN,08/set,COM,BPD,RSH1,RMN,,
c880f31e-2d7a-42ed-8401-bf9a4c0a667f,38.70894757,-9.176111743,Portugal,Lisbon,MUR,LWAL,CDL,4,RES,BP1,RSH2,RMT1,,
de3bb4c2-bd62-419b-90e7-3ef5c2ca3796,38.69797857,-9.197810689,Portugal,Lisbon,MUR,LWAL,CDL,3,RES,BP2,RSH1,RMN,,
9be0b4d6-a3f9-4cc1-9b55-4dd68fc082e0,38.7004247,-9.203831414,Portugal,Lisbon,MUR,LWAL,CDN,2,RES,BP1,RSH1,RMN,,
aedf90ae-6eaa-4bad-88f1-a409aa916504,38.7018682,-9.183266937,,,,,,,,,,,,
56dc3640-49cb-43b9-bf74-9fd01b1c728c,38.71029737,-9.202128246,Portugal,Lisbon,MUR,LWAL,CDL,1,RES,BP1,RSH1,RMN,,
5b9dce25-6fa0-4f6e-932a-7c9b0ec136ad,38.71519485,-9.21675945,Portugal,Lisbon,MUR,LWAL,CDL,2,RES,BP1,RSH2,RMT1,,
4e086859-1206-4154-bf7b-ac1dfc536b67,38.6992254,-9.2121408,Portugal,Lisbon,MUR,LWAL,CDN,1,RES,BP1,RSH2,RMT1,,
feaab0a2-5e00-4292-8d7a-d33c83a78a42,38.69768662,-9.211326634,,,,,,,,,,,,
0d567676-05be-44da-8c52-9cf13b5180e8,38.70476572,-9.214870937,Portugal,Lisbon,MUR,LWAL,CDL,3,RES,BPD,RSH1,RMN,,
94292f5b-890c-4f0b-a87b-132754a47035,38.70513715,-9.183519847,Portugal,Lisbon,CR,LFM,CDL,3,RES,BP2,RSH1,RMN,,
f125fe5a-62b2-4cf7-a2c7-98ef5e0177b6,38.69916474,-9.191975232,Portugal,Lisbon,CR,LFM,CDH,5,RES,BP2,RSH1,RMN,,
c9f75c76-b7b2-4238-9679-2de7457871ca,38.71452705,-9.18109925,Portugal,Lisbon,MCF,LWAL,CDM,2,RES,BP2,RSH1,RMN,,
47739109-5765-464a-b17b-9f5e6915526d,38.70020093,-9.193849083,,,,,,,,,,,,
c05e69cb-12f8-4eb5-94c8-4baa68996ecf,38.69778211,-9.221534527,,,,,,,,,,,,
14890500-9f37-43a9-8670-7dbc0c1558a9,38.70349381,-9.204058215,Portugal,Lisbon,MUR,LWAL,CDL,1,COM,BP1,RSH2,RMT1,,
8a4a4569-0dac-4860-ba5e-58c6f696b99a,38.70267703,-9.191486056,Portugal,Lisbon,MUR,LWAL,CDL,4,COM,BP2,RSH1,RMN,,
12864354-eaa0-4463-ab78-70b7ee5b71d3,38.7093462,-9.19369875,,,,,,,,,,,,
e06126e8-6fc2-41b2-bdcd-b54c19e466fa,38.70803235,-9.2107064,Portugal,Lisbon,MUR,LWAL,CDL,2,RES,BP1,RSH1,RMN,,
7989c2cb-6061-46cc-aaff-7f6533f857a8,38.70226904,-9.216184493,,,,,,,,,,,,
dc4555ff-7fbf-4039-9d1b-bf8809437c6d,38.70764185,-9.174970733,Portugal,Lisbon,MUR,LWAL,CDL,1,RES,BP2,RSH2,RMT1,,
2ed59701-654e-446c-95e3-5eeabed2f27e,38.70336608,-9.179365789,Portugal,Lisbon,MUR,LWAL,CDL,2,COM,BP1,RSH2,RMT1,,
0a63fc37-e6b5-4be7-83a9-1c091adcadb1,38.70157062,-9.21855544,,,,,,,,,,,,
c322de76-960a-466a-a844-fc9afae3a16b,38.69979826,-9.222406579,,,,,,,,,,,,
26608546-b616-404d-85b7-9b68c1d7a1aa,38.70770452,-9.176763401,Portugal,Lisbon,MUR,LWAL,CDL,4,RES,BP1,RSH2,RMT1,,
28acbd8d-4182-455d-904c-e09ce4e0deed,38.70156515,-9.18572965,,,,,,,,,,,,
0792d20b-f94b-4be8-aefc-4a0df9caf933,38.7103026,-9.193918519,Portugal,Lisbon,MUR,LWAL,CDN,2,RES,BP2,RSH1,RMN,,
aecedaad-d268-418c-ba38-b0c154b0129b,38.71184815,-9.2160913,,,,,,,,,,,,
16c530e9-9693-4805-be49-2c02c8f28bf1,38.6979104,-9.194782976,Portugal,Lisbon,CR,LFM,CDL,4,RES,BP1,RSH1,RMN,,
0bd8896f-a793-4071-8d3e-700231f271fc,38.71802565,-9.21268105,Portugal,Lisbon,CR,LFM,CDL,4,RES,BP1,RSH1,RMN,,
7edc5832-e374-4a1f-a53e-c6ec1948d09a,38.69835659,-9.21931539,Portugal,Lisbon,MUR,LWAL,CDL,3,RES,BP2,RSH2,RMT1,,
c96670c7-ba17-4fd7-8e79-6cf2b5e49a92,38.7008776,-9.217624825,Portugal,Lisbon,CR,LFM,CDN,1,COM,BP2,RSH1,RMN,,
d08072c8-bbe9-40b6-97c7-7a0ee8c14044,38.70528219,-9.179998015,Portugal,Lisbon,MUR,LWAL,CDL,1,COM,BP2,RSH1,RMN,,
9717fae1-d086-43c2-ab04-5f6567ab9270,38.69670839,-9.217119319,Portugal,Lisbon,MUR,LWAL,CDL,1,COM,BPD,RSH2,RMT1,,
3c21c5af-6bd5-41b2-985e-8414d9bdd5af,38.69928075,-9.2214864,,,,,,,,,,,,
57895600-e821-4633-a4af-1ee48473c970,38.70567606,-9.20527233,Portugal,Lisbon,CR,LFINF,CDM,06/jul,MIX(RES;COM),BP1,RSH1,RMN,,
84d5ca98-8c46-48ad-b12e-99dbec857ccb,38.70473,-9.2201779,,,,,,,,,,,,
2ce90ee9-c746-405e-abd7-6fda22bafad5,38.70354858,-9.203553995,Portugal,Lisbon,CR,LFINF,CDM,3,RES,BP2,RSH2,RMT1,,
0a754bf1-f202-4e64-8e98-5f38bb492bd6,38.71011349,-9.197553796,Portugal,Lisbon,CR,LFM,CDN,08/set,RES,BP1,RSH1,RMN,,
0b8e5441-bdde-420f-a1ea-7449c643e11a,38.70164712,-9.205081974,Portugal,Lisbon,MUR,LWAL,CDL,3,RES,BP1,RSH1,RMN,,
d99c0d42-b7fc-418c-880d-23ff1972f031,38.69441212,-9.217144962,Portugal,Lisbon,MUR,LWAL,CDL,1,IND,BP1,RSH2,RMT1,,
519ae425-0c2d-4634-b326-862fcd483d6c,38.71062077,-9.181201509,,,,,,,,,,,,
940077d2-348b-486e-839e-8c77a5da068e,38.70850379,-9.193973933,Portugal,Lisbon,MUR,LWAL,CDN,1,RES,BP1,RSH2,RMT1,,
9662809f-ad3c-4b47-9dea-29bad48430f0,38.70898043,-9.208406798,,,,,,,,,,,,
ebd5a4ea-7933-4234-ba5f-308a9b941e98,38.70980055,-9.197321749,Portugal,Lisbon,CR,LFM,CDL,5,RES,BP1,RSH1,RMN,,
d9fb1043-bfdc-46e2-87f1-68c6469fee56,38.70585605,-9.183192954,Portugal,Lisbon,MUR,LWAL,CDL,4,RES,BP2,RSH1,RMN,,
00f05806-445e-4171-b130-9b46e5fdd3fb,38.70481053,-9.188876512,Portugal,Lisbon,CR,LFM,CDN,06/jul,MIX(RES;COM),BP1,RSH1,RMN,,
5c88c262-380e-4ad9-a0d1-d2b83e06ad5c,38.70699308,-9.20217974,Portugal,Lisbon,MUR,LWAL,CDN,1,RES,BP2,RSH1,RMN,,
30f42875-c80c-4e4d-8abf-9c1a49c7f1ba,38.69999463,-9.221891274,Portugal,Lisbon,MUR,LWAL,CDN,1,RES,BPD,RSH2,RMT1,,
8cff98a2-187a-49a3-8127-c95aa65803dd,38.70537743,-9.195142043,Portugal,Lisbon,CR,LFM,CDL,5,MIX(RES;COM),BP3,RSH1,RMN,,
491e4b12-8919-4764-8e5f-73432c7cb073,38.72411121,-9.18947741,,,,,,,,,,,,
19f79ab2-36ad-44f8-a1bb-33eef8ff3f16,38.69981804,-9.187608197,,,,,,,,,,,,
b6c51299-288f-4f58-b9d8-825c0e4f70e3,38.69518989,-9.220574668,Portugal,Lisbon,S,LFM,CDM,1,COM,BP1,RSH5,RMT1,,
a40ee2b5-91d6-4511-88c2-edba5882d3bd,38.69907678,-9.219230641,Portugal,Lisbon,MUR,LWAL,CDL,2,RES,BP1,RSH1,RMN,,
69509324-6969-4e04-8f56-e56784fd68c9,38.70529053,-9.194817175,Portugal,Lisbon,MUR,LWAL,CDL,4,RES,BP2,RSH1,RMN,,
d8cc1fb4-b900-4d58-bd89-2553e8050e80,38.70824123,-9.206774661,,,,,,,,,,,,
d8ae6f56-ce95-438f-b47e-5cb9e90a08b9,38.69653456,-9.223359163,,,,,,,,,,,,
8cfe7817-6e8c-40bb-80f8-54008e272d48,38.69685452,-9.218797475,Portugal,Lisbon,MUR,LWAL,CDL,2,RES,BP2,RSH1,RMN,,
a2d60124-5064-48d2-8101-54c88eb9d791,38.70726685,-9.2082276,,,,,,,,,,,,
1562ccb4-e0e0-45b4-8b4b-4be8f20899e4,38.70071957,-9.192258264,Portugal,Lisbon,CR,LFM,CDL,4,RES,BP1,RSH1,RMN,,
5a8253b4-1ede-45c2-93c7-70220ab4e6a7,38.70748141,-9.212994437,Portugal,Lisbon,CR,LFINF,CDL,5,RES,BP1,RSH2,RMT1,,
a76c0f64-2880-4560-b3e2-6b8a776a5edd,38.708469,-9.175110793,Portugal,Lisbon,MUR,LWAL,CDN,3,RES,BP2,RSH1,RMN,,
94486034-12d7-41d9-b3ec-0b2ebf6c4bc2,38.71134505,-9.20360055,Portugal,Lisbon,MUR,LWAL,CDL,1,RES,BPD,RSH1,RMN,,
c0415e35-f1a5-4c04-b8d8-56cb46453f21,38.708748,-9.196271115,Portugal,Lisbon,MCF,LWAL,CDN,1,COM,BP1,RSH1,RMN,,
6443afd2-f9a2-49c8-a610-e0eaf2e09fb7,38.71599378,-9.216325629,Portugal,Lisbon,MUR,LWAL,CDL,3,RES,BP2,RSH2,RMT1,,
05ab7164-90ca-43d9-85f9-f6fd1519529d,38.7066829,-9.210799528,Portugal,Lisbon,MUR,LWAL,CDL,2,RES,BP1,RSH1,RMN,,
9650b2ec-41a4-4c4d-88a3-534b43db9e33,38.70458488,-9.199521467,Portugal,Lisbon,MUR,LWAL,CDN,1,RES,BP2,RSH1,RMN,,
35f46f09-1557-42ff-8f19-e14608b4078c,38.70298945,-9.203196433,Portugal,Lisbon,CR,LFM,CDN,06/jul,RES,BP1,RSH1,RMN,,
d465d7a5-1a76-41e0-8cf6-dbbafb29ff29,38.69799977,-9.216605536,Portugal,Lisbon,MUR,LWAL,CDL,2,RES,BP2,RSH1,RMN,,
dabedbd8-32b4-44ea-9f4c-ef04ff22cf14,38.69640931,-9.216503046,Portugal,Lisbon,MUR,LWAL,CDL,2,RES,BP1,RSH1,RMN,,
204e68cc-52f1-4402-af1b-ac9c29d562d5,38.69949461,-9.22549748,Portugal,Lisbon,MUR,LWAL,CDL,4,RES,BP1,RSH1,RMN,,
b22616d3-814e-446a-bb2e-19a2e5122a50,38.6978027,-9.193516531,Portugal,Lisbon,INF,LN,CDH,4,COM,BP1,RSH1,RMN,,
e93eb975-83d9-4dcf-9cfe-2d1a1338f60f,38.71684653,-9.217491303,Portugal,Lisbon,MUR,LWAL,CDL,2,RES,BPD,RSH1,RMN,,
07072c5e-53c5-47f0-929d-156ce9f5be4e,38.70353328,-9.177714558,Portugal,Lisbon,MUR,LWAL,CDL,2,RES,BP1,RSH2,RMT1,,
cc8951bb-80ee-41e3-b86f-47eb55ebeea4,38.70750758,-9.192213482,Portugal,Lisbon,MUR,LWAL,CDN,2,RES,BP2,RSH1,RMN,,
0be58eac-acda-4081-b6c9-100d93a80ebd,38.70781504,-9.174246537,Portugal,Lisbon,MUR,LWAL,CDL,2,RES,BP1,RSH2,RMT1,,
a48937ae-6878-4db1-8dfb-095bf1f4e432,38.71272382,-9.205387283,Portugal,Lisbon,MUR,LWAL,CDL,2,RES,BP1,RSH1,RMN,,
c412b3a3-a871-47ed-b743-2f40d5f4450d,38.70229508,-9.202693552,Portugal,Lisbon,MUR,LWAL,CDN,2,RES,BP1,RSH2,RMT1,,
5c43ff8f-303b-4517-9b14-e6ba2c1e5557,38.71207002,-9.200466583,Portugal,Lisbon,MUR,LWAL,CDL,2,RES,BP1,RSH1,RMN,,
570598be-e244-46af-ad9b-f9ed97934014,38.70053614,-9.190771121,Portugal,Lisbon,MUR,LWAL,CDL,4,RES,BP1,RSH1,RMN,,
5ea8ea4a-f500-4c29-8b8a-0d3d4fc81126,38.70703008,-9.19822933,,,,,,,,,,,,
d78a45ca-d628-400a-87b8-44c7b922e16e,38.70020547,-9.219671518,,,,,,,,,,,,
6317085e-7491-4aaf-b8f4-c6e5da5d06f2,38.70296333,-9.190576888,Portugal,Lisbon,CR,LFINF,CDN,08/set,MIX(RES;COM),BP2,RSH1,RMN,,
c219e54e-222b-44da-8f15-dd8806d8cd4d,38.7106559,-9.193318652,Portugal,Lisbon,MUR,LWAL,CDN,2,RES,BP2,RSH2,RMT1,,
e67effb4-4719-4a58-8628-dd3ffe076b52,38.6966492,-9.216757863,Portugal,Lisbon,MUR,LWAL,CDL,2,RES,BP1,RSH1,RMN,,
821790e7-0f6b-4925-9b76-23bbd5b9d3d6,38.69836845,-9.1875791,Portugal,Lisbon,MUR,LWAL,CDN,1,COM,BP2,RSH1,RMN,,
9f387494-9b60-4f70-afdf-85a1c6500406,38.69913138,-9.220325529,Portugal,Lisbon,MUR,LWAL,CDL,2,RES,BP2,RSH2,RMT1,,
6c88e0d2-c023-4779-b2fa-ed9c797d9dcb,38.70443193,-9.189621887,Portugal,Lisbon,MCF,LWAL,CDL,4,RES,BP1,RSH1,RMN,,
5f442137-230e-4199-a034-a460a1928668,38.70399687,-9.19638165,Portugal,Lisbon,MUR,LWAL,CDL,5,RES,BP2,RSH1,RMN,,
73b0ff0e-967e-4b06-8597-6face6b8d776,38.70615309,-9.20602047,Portugal,Lisbon,HYB(MCF;MUR),LWAL,CDH,08/set,MIX(RES;COM),BP1,RSH1,RMN,,
1e4b510f-ca39-4f22-bffb-c97925a704dc,38.70995752,-9.194452116,Portugal,Lisbon,MUR,LWAL,CDL,4,COM,BP1,RSH2,RMT1,,
16abd52f-c05e-4974-aeef-3b962786ded5,38.69825417,-9.217847423,Portugal,Lisbon,MUR,LWAL,CDL,3,RES,BP1,RSH2,RMT1,,
d9006e01-9b43-4cd2-a975-50a2355adfba,38.7001339,-9.212781371,,,,,,,,,,,,
e51f56a1-ff4f-4f30-a3e3-b61374102962,38.69430762,-9.21785851,Portugal,Lisbon,MUR,LWAL,CDN,1,COM,BP1,RSH2,RMT1,,
0eb65fb0-e3b4-4b90-bfd9-05b14a048053,38.70883495,-9.1978384,,,,,,,,,,,,
438b2e28-7779-4562-aab5-9e0b4aa322a9,38.70449031,-9.191341486,Portugal,Lisbon,MCF,LWAL,CDN,2,RES,BP1,RSH2,RMT1,,
b7c1e3cc-c397-4ba4-a312-51f0a7877a21,38.69687091,-9.219325545,,,,,,,,,,,,
112e04a1-e3e6-4136-9fdd-ab62834f4c3d,38.70554561,-9.201499857,Portugal,Lisbon,MUR,LWAL,CDN,2,COM,BP2,RSH1,RMN,,
0e2a16ec-415b-4184-9e50-db4b1b345f71,38.70339064,-9.19730757,Portugal,Lisbon,CR,LFM,CDL,4,MIX(RES;COM),BP2,RSH1,RMN,,
c913a973-a341-4a45-8852-15c7b9628031,38.71620425,-9.2173011,Portugal,Lisbon,S,LFM,CDL,1,RES,BP1,RSH2,RMT1,,
41abfc2b-4fe1-4bef-8599-dd394ce83ab8,38.6943245,-9.2148803,,,,,,,,,,,,
7c053800-349f-4619-b3f4-17e443e9f920,38.70182431,-9.188696128,,,,,,,,,,,,
40c0c2d9-0a49-42a6-a0ad-ad06f6a26f37,38.69819635,-9.204454607,Portugal,Lisbon,MUR,LWAL,CDL,2,RES,BP1,RSH1,RMN,,
24110e64-1ca1-4299-8f27-e6a5bd73fc31,38.70797101,-9.174780787,Portugal,Lisbon,MUR,LWAL,CDN,1,COM,BP1,RSH2,RMT1,,
958d5b7f-6133-491c-9781-0c43d514c634,38.69804029,-9.217649543,Portugal,Lisbon,MUR,LWAL,CDL,2,RES,BP1,RSH1,RMN,,
a19a7e40-f68d-4844-bd1e-f042739e3b79,38.71782615,-9.211550974,Portugal,Lisbon,MUR,LWAL,CDL,2,RES,BP1,RSH1,RMN,,
4baaf7a5-f072-45a7-aa88-452f0daf6e28,38.69648817,-9.222454213,Portugal,Lisbon,MUR,LWAL,CDL,1,RES,BPD,RSH1,RMN,,
84dfcfd3-842d-482f-9404-068afb4248d5,38.71355094,-9.2114845,,,,,,,,,,,,
0ac295ac-250d-4724-a7f5-d0ade9af3a50,38.69850345,-9.21196195,,,,,,,,,,,,
c2dc21d6-3bc7-40a8-b30b-d29d17fbb05e,38.70828447,-9.194987652,,,,,,,,,,,,
edc8e0a3-ef16-4091-8c37-d9c75884754b,38.70765559,-9.17428449,Portugal,Lisbon,MUR,LWAL,CDN,5,RES,BP1,RSH1,RMN,,
8787833c-e5df-4672-a895-b607152841c5,38.70186952,-9.220952601,,,,,,,,,,,,
3e774ea3-bc1d-4532-aaf2-9ff301ce2d44,38.70517982,-9.195768596,Portugal,Lisbon,CR,LDUAL,CDH,08/set,RES,BP2,RSH1,RMN,,
d074a00c-5b07-4067-bbb2-9360dc6e0c70,38.70694164,-9.19200983,Portugal,Lisbon,MUR,LWAL,CDL,1,IND,BPD,RSH2,RMT1,,
e4a8533d-d50f-4fcd-94b3-18dba279bb38,38.70721307,-9.180666447,,,,,,,,,,,,
1b6b2562-a295-422f-9c37-79971808865a,38.70693624,-9.201714319,,,,,,,,,,,,
6fba79e2-3a9b-4051-bf49-7d1188100f5e,38.70933093,-9.195753294,Portugal,Lisbon,CR,LFM,CDN,5,RES,BP2,RSH1,RMN,,
ce874558-e058-49d9-a114-0f684280880b,38.71592569,-9.213732743,Portugal,Lisbon,MCF,LWAL,CDH,3,RES,BPD,RSH1,RMN,,
c59601c5-8b2e-4415-8870-62663b31d7e7,38.69650965,-9.217254,Portugal,Lisbon,W,LWAL,CDL,2,RES,BP1,RSH2,RMT1,,
534e86f0-86ea-415e-951d-5211acd8b760,38.70259724,-9.195616935,Portugal,Lisbon,CR,LFM,CDH,4,RES,BP2,RSH1,RMN,,
8a6e7fb4-1cfe-4bf6-bdab-3d0a2436f70c,38.70856128,-9.194249149,Portugal,Lisbon,MUR,LWAL,CDN,1,RES,BP2,RSH2,RMT1,,
e33e9510-b183-4f22-8e69-4f2acb00e4bb,38.70595248,-9.204912394,Portugal,Lisbon,CR,LFINF,CDM,5,MIX(RES;COM),BP1,RSH1,RMN,,
3886d89c-afa3-4992-871c-55617533797e,38.69733114,-9.192697696,Portugal,Lisbon,S,LFM,CDH,1,RES,BPD,RSH2,RMT1,,
73022d6f-614a-403f-9255-3279c127ad0f,38.70199644,-9.183350696,,,,,,,,,,,,
bd4d25a0-3727-4e21-96e5-4fbc5acb57a3,38.7051315,-9.180579408,Portugal,Lisbon,CR,LFINF,CDM,4,MIX(RES;COM),BP2,RSH1,RMN,,
9a4380cd-c3c0-4f9b-9182-1e8f5b92abd5,38.71648207,-9.216865514,Portugal,Lisbon,MUR,LWAL,CDL,2,RES,BP1,RSH1,RMN,,
f9690c84-cfb5-43c9-8281-685bc8a3b033,38.7086033,-9.194827256,,,,,,,,,,,,
ce1e081b-a5e1-442b-bdcd-7e4124b26cef,38.70210005,-9.20588425,Portugal,Lisbon,MUR,LWAL,CDL,2,RES,BP2,RSH2,RMT1,,
8400386b-9e93-4fb7-bee0-c4aeb7a48667,38.71557277,-9.215452044,Portugal,Lisbon,MUR,LWAL,CDL,3,RES,BP1,RSH2,RMT1,,
5f412763-4414-45bd-9bf0-226f19d5c79a,38.7043465,-9.18839293,Portugal,Lisbon,CR,LFM,CDL,4,RES,BP1,RSH2,RMT1,,
ed3ae164-4985-4278-8db5-85bb24c01ed5,38.7124708,-9.208279959,Portugal,Lisbon,S,LFM,CDN,1,COM,BP1,RSH2,RMT1,,
3083eb76-188f-4e05-97b9-e693893386bc,38.70231665,-9.203498103,Portugal,Lisbon,MUR,LWAL,CDL,4,RES,BP1,RSH2,RMT1,,
15578601-6063-4073-97c1-5248ffe6b3ac,38.70078188,-9.189944034,Portugal,Lisbon,CR,LFM,CDL,06/jul,MIX(RES;COM),BP3,RSH1,RMN,,
88339d63-1e33-48e2-9b67-47e543ad28b7,38.69991135,-9.226141484,Portugal,Lisbon,MUR,LWAL,CDL,5,RES,BP1,RSH1,RMN,,
40b352ca-30c1-40da-be68-a4e6d0252493,38.70840821,-9.175614378,Portugal,Lisbon,MUR,LWAL,CDL,2,RES,BP2,RSH2,RMT1,,
4075259d-efa3-47b4-91d4-ffdfd476c556,38.70494892,-9.211007139,,,,,,,,,,,,
88a67031-ef24-4c25-9aff-702882a12fa6,38.69734198,-9.225643377,Portugal,Lisbon,HYB(MCF;MUR),LWAL,CDL,5,RES,BP1,RSH1,RMN,,
cb447f32-3c91-47ed-b506-fd2d0ded685a,38.69983086,-9.21847403,,,,,,,,,,,,
7d0cac70-80ac-49a4-9d92-651a4a002b7e,38.70818207,-9.175799811,,,,,,,,,,,,
6c2fef0c-8ef1-4d6a-bd54-c6af2f0dcb58,38.69585973,-9.210221242,,,,,,,,,,,,
4dd9df9f-0718-4c65-b12b-dec38043f94d,38.70011703,-9.218782246,Portugal,Lisbon,MUR,LWAL,CDL,1,IND,BP1,RSH2,RMT1,,
0c275904-063b-454b-a69d-9ebfd3d76aae,38.7032447,-9.18468719,,,,,,,,,,,,
2e7bcbc1-63fb-4b84-a66a-30d0d4980377,38.7045939,-9.188776172,Portugal,Lisbon,CR,LFINF,CDL,2,MIX(RES;COM),BP1,RSH1,RMN,,
e1862080-2ee3-4cdb-a76e-d777ec411136,38.70968444,-9.194371844,Portugal,Lisbon,MUR,LWAL,CDL,4,RES,BP1,RSH2,RMT1,,
a5c4a130-d57f-4008-9f31-6e7aeddd1356,38.70731851,-9.21552264,,,,,,,,,,,,
a1f3fa8e-4086-488e-b188-fda8be1c8106,38.71091976,-9.206948695,Portugal,Lisbon,MUR,LWAL,CDL,2,RES,BP2,RSH1,RMN,,
58774192-a3f8-4f9b-9037-a2dc54dcf032,38.7121724,-9.20074765,,,,,,,,,,,,
dfabb045-a925-47b6-8c8f-0867663ed1e3,38.69895728,-9.193572739,,,,,,,,,,,,
903551d4-ab37-4ee7-9d80-48f30bd3a2be,38.69728084,-9.211459821,Portugal,Lisbon,MUR,LWAL,CDL,2,RES,BP1,RSH1,RMN,,
a3f7d691-7f18-4d0b-9611-d75fc184527e,38.70163727,-9.217580306,,,,,,,,,,,,
36a8e1ad-44e8-491f-b3c3-e08c3368873b,38.6995655,-9.221200095,,,,,,,,,,,,
20313cf9-793b-4600-9e33-76d20ebd8648,38.7066575,-9.211078929,,,,,,,,,,,,
f77a2eca-0d60-401a-a90d-76f119669b1c,38.7064121,-9.178378722,Portugal,Lisbon,MUR,LWAL,CDN,4,RES,BP1,RSH1,RMN,,
cd325728-4f41-44b4-a9f4-327c4d5b50aa,38.70641797,-9.177197153,Portugal,Lisbon,MUR,LWAL,CDL,4,RES,BP2,RSH1,RMN,,
50399b95-4b3f-46b2-8da8-967f1a5233a1,38.71353017,-9.185251063,,,,,,,,,,,,
bd88bf8f-9654-4cd6-8257-1aaee37384ad,38.71010908,-9.201219224,Portugal,Lisbon,MUR,LWAL,CDL,2,RES,BP1,RSH2,RMT1,,
0d8fb8f6-d95d-465d-8893-9d3cae4f872d,38.70257467,-9.180759036,Portugal,Lisbon,MUR,LWAL,CDN,4,MIX(RES;COM),BP2,RSH1,RMN,,
18e44e25-3b05-4cd9-a55b-9091b1248e5d,38.6982276,-9.213616541,,,,,,,,,,,,
e0f85f8e-c5f2-4f89-8e5d-e9f5600ccce4,38.70213034,-9.191360248,Portugal,Lisbon,CR,LFM,CDN,5,MIX(RES;COM),BP2,RSH1,RMN,,
3122a39e-ad2b-4d51-8974-654e6d6af91a,38.6951861,-9.21169551,,,,,,,,,,,,
5540faa2-5fb7-4d23-b769-541a6b3feaba,38.70395285,-9.19483145,Portugal,Lisbon,MUR,LWAL,CDN,2,COM,BP2,RSH1,RMN,,
04226372-2fff-4eeb-ad98-48afeb2f9152,38.70194999,-9.200612156,Portugal,Lisbon,MUR,LWAL,CDL,3,RES,BP1,RSH1,RMN,,
c6de35f4-956a-47e0-a072-7085a315f335,38.69943581,-9.220372955,Portugal,Lisbon,MUR,LWAL,CDL,2,RES,BPD,RSH2,RMT1,,
9f5ad64f-d576-4e6f-a7ee-bb1feca071df,38.71047121,-9.209146859,Portugal,Lisbon,CR,LFM,CDM,13+,COM,BP1,RSH1,RMN,,
cc51734d-315c-4348-8528-a7c85490d585,38.70517937,-9.176400226,Portugal,Lisbon,S,LFM,CDL,2,COM,BP1,RSH1,RMN,,
30ff5b24-53de-4f5c-a08f-dfd473ca4d2b,38.6993656,-9.21984408,Portugal,Lisbon,MCF,LWAL,CDM,2,RES,BPD,RSH2,RMT1,,
6cc5b4db-207e-4f05-85f6-d72418a86294,38.70710385,-9.174394676,Portugal,Lisbon,MCF,LWAL,CDL,4,RES,BP1,RSH2,RMT1,,
0f451557-4be5-49d6-8b13-a43e7cb3bfa6,38.70382487,-9.19774351,Portugal,Lisbon,CR,LFM,CDL,4,RES,BP1,RSH1,RMN,,
329465eb-1906-4dc5-800b-1dbaeef92fb8,38.71786863,-9.213127424,Portugal,Lisbon,MUR,LWAL,CDL,2,RES,BP2,RSH1,RMN,,
ead6e6c8-fe9e-459b-b8e0-1bb42a6092f8,38.70106227,-9.216818525,,,,,,,,,,,,
eff8b362-862e-43f0-982d-b37c27b8e14a,38.71078035,-9.1747696,Portugal,Lisbon,CR,LDUAL,CDH,08/set,RES,BP1,RSH2,RMT1,,
d65ff5d4-b571-4855-aba3-a3b1bb5d1ad9,38.7083981,-9.189118967,,,,,,,,,,,,
93c355bc-62de-4223-bee7-b527565f1c9f,38.71758698,-9.213145123,Portugal,Lisbon,MUR,LWAL,CDL,2,RES,BP1,RSH2,RMT1,,
d00de75d-b3ce-4f36-a173-ce0200184d02,38.7005192,-9.202113747,,,,,,,,,,,,
0a73e383-364b-4b57-b743-0de3a3ab54b7,38.70134794,-9.205108866,Portugal,Lisbon,CR,LFINF,CDL,3,RES,BP1,RSH3,RMT1,,
d416b45d-74d8-4894-9366-8725bd83fceb,38.7051155,-9.19196066,Portugal,Lisbon,W,LWAL,CDL,3,RES,BP1,RSH2,RMT1,,
c66997ec-ad03-40c3-8388-21e2ed98a668,38.69919177,-9.217692889,Portugal,Lisbon,MUR,LWAL,CDL,2,RES,BP1,RSH2,RMT1,,
a2b74c9c-a9a9-43b0-a858-c42b588c3047,38.70560208,-9.179791465,Portugal,Lisbon,CR,LFM,CDN,5,MIX(RES;COM),BP3,RSH1,RMN,,
2d5fcbe9-8068-43ac-8f95-f5cdcb09a973,38.71007517,-9.199939442,Portugal,Lisbon,MUR,LWAL,CDL,1,COM,BP2,RSH1,RMN,,
e32244ef-4d6e-4caf-a647-80c3cc2ca885,38.71612904,-9.215161077,,,,,,,,,,,,
21e383c7-599a-4947-8fdb-3c725dc17749,38.70802385,-9.19006125,Portugal,Lisbon,MUR,LWAL,CDN,2,RES,BP1,RSH1,RMN,,
f8cd9936-68b9-4145-b9da-85a6f54512a7,38.703042,-9.202739213,Portugal,Lisbon,MUR,LWAL,CDN,1,RES,BP1,RSH1,RMN,,
7ed91b34-b02a-4521-92f6-572f616d0ee2,38.6967593,-9.195508434,,,,,,,,,,,,
f856dcbd-d0bb-400d-9a38-9b3bcbae0be6,38.6984636,-9.196711428,,,,,,,,,,,,
4a116040-9636-4a72-801b-97e976250921,38.70225243,-9.180916542,Portugal,Lisbon,CR,LFM,CDL,4,MIX(RES;COM),BP2,RSH1,RMN,,
086de459-83b7-4d5a-a94f-4acf57505f45,38.70291107,-9.193777888,Portugal,Lisbon,MUR,LWAL,CDL,2,RES,BP1,RSH3,RMT1,,
09f8d9d1-0593-4010-872d-315d8e385d31,38.7028113,-9.18348367,Portugal,Lisbon,MUR,LWAL,CDL,4,RES,BP1,RSH1,RMN,,
fa4b234a-dda3-4b8c-beb4-9cf2a0a5666e,38.69721035,-9.19482351,Portugal,Lisbon,MUR,LWAL,CDN,2,COM,BP2,RSH2,RMT1,,
bc195e0e-090b-4d4f-a2bd-3a52b5a5af77,38.70553042,-9.199802838,Portugal,Lisbon,MUR,LWAL,CDN,1,RES,BP2,RSH2,RMT1,,
442d1bf2-9d4f-4a82-a8bb-fcf7909c8c35,38.70200008,-9.190934346,Portugal,Lisbon,CR,LFINF,CDL,4,MIX(RES;COM),BP2,RSH1,RMN,,
554716c5-80c8-48ac-b753-cebd68bf8636,38.71220143,-9.205575604,Portugal,Lisbon,MUR,LWAL,CDL,3,IND,BP1,RSH2,RMT1,,
ea7f53f6-c17b-4e90-b9f2-1d6ad2f10830,38.69776852,-9.217517279,Portugal,Lisbon,MUR,LWAL,CDL,3,RES,BP2,RSH2,RMT1,,
cc05897b-fa07-4b67-a476-b7f93e8ab050,38.70853876,-9.194352083,,,,,,,,,,,,
1676ab53-bf13-4394-9d68-1a97f2ca9008,38.70648148,-9.177572257,Portugal,Lisbon,CR,LFM,CDL,5,RES,BP1,RSH1,RMN,,
e084f186-b7e1-4f76-9da3-e4f4e1293b1a,38.71802705,-9.2113736,Portugal,Lisbon,CR,LFM,CDH,4,RES,BP1,RSH1,RMN,,
10bdf315-6e79-4513-b0cd-52db1b6cd979,38.70599456,-9.214960563,,,,,,,,,,,,
1969748e-99ae-4ae5-86bb-96039d583256,38.70390578,-9.211480628,,,,,,,,,,,,
52bd8eed-4bdf-4e70-911d-fd041141f3d3,38.71044955,-9.19685777,Portugal,Lisbon,CR,LFM,CDH,1,RES,BPD,RSH2,RMT1,,
067761ec-cebd-4d28-9884-c491e079d447,38.70495888,-9.188998945,Portugal,Lisbon,MUR,LWAL,CDL,2,RES,BP1,RSH2,RMT1,,
ffdc366e-c79c-42ee-a54c-158261e60ee1,38.7003077,-9.190158124,Portugal,Lisbon,S,LFM,CDL,2,RES,BP1,RSH2,RMT1,,
8f2ddd63-59af-4cc6-bb96-d9a66fec9050,38.70543053,-9.185757677,,,,,,,,,,,,
e322a1e5-d8c0-40c8-86e5-ade96acf1acd,38.7133491,-9.209185865,Portugal,Lisbon,MUR,LWAL,CDL,2,RES,BP1,RSH1,RMN,,
7fef3bef-f157-4488-9081-5aa3617fc471,38.7150984,-9.193497933,,,,,,,,,,,,
351981a2-5fe8-4099-a2e4-08d574f52bbb,38.70808771,-9.196444375,Portugal,Lisbon,MUR,LWAL,CDL,3,RES,BP2,RSH1,RMN,,
87493549-76fe-42f0-a345-8946d280e832,38.69371436,-9.222962087,,,,,,,,,,,,
3a2260e5-7ab4-40c2-be4a-19e4c4b8287a,38.7038511,-9.192850394,,,,,,,,,,,,
aa2d980f-feb4-4dca-a86b-a5fc8cce4557,38.70218573,-9.204131348,Portugal,Lisbon,CR,LFINF,CDL,5,RES,BP2,RSH1,RMN,,
e0c061f5-65a0-4539-8324-c5936c133755,38.70970076,-9.193550771,Portugal,Lisbon,CR,LFM,CDL,5,RES,BP1,RSH2,RMT1,,
d3e15d30-9ff8-49c7-a305-d177fce18a5f,38.70016,-9.2085604,Portugal,Lisbon,CR,LFM,CDM,2,RES,BP1,RSH1,RMN,,
2d25047f-1ae6-4581-a046-e1e9dc4ee805,38.71017557,-9.20160384,Portugal,Lisbon,MUR,LWAL,CDL,2,RES,BPD,RSH2,RMT1,,
8e963951-c51a-4cbb-be33-e61fa8460476,38.70120908,-9.18339532,,,,,,,,,,,,
58100a01-e5ed-4165-b9ea-442c6c267112,38.7131696,-9.2075848,,,,,,,,,,,,
e17cd2dd-82df-4a03-805b-73cba9d59767,38.70589457,-9.178288357,Portugal,Lisbon,MUR,LWAL,CDN,4,COM,BP2,RSH1,RMN,,
7dff13fc-bc56-4ae0-9843-74dd4ab32bcf,38.69608546,-9.203645935,,,,,,,,,,,,
19d9dc18-0c9c-43cc-a73a-7c3952d86d01,38.6975761,-9.217288835,Portugal,Lisbon,MUR,LWAL,CDL,2,RES,BPD,RSH2,RMT1,,
259ec925-15e0-46fe-b474-09fa8110d04c,38.69740671,-9.193321763,Portugal,Lisbon,MUR,LWAL,CDN,3,RES,BP1,RSH1,RMN,,
6aae6076-6827-4069-a3db-953f9ff255b0,38.69970575,-9.2038598,Portugal,Lisbon,MUR,LWAL,CDL,3,RES,BP1,RSH1,RMN,,
279fea14-2101-4e6d-896d-fde058dfb37e,38.70022449,-9.220065804,,,,,,,,,,,,
ec8bf170-4677-47c9-9fa6-e220b2c56c3a,38.70409262,-9.176806549,Portugal,Lisbon,MUR,LWAL,CDN,1,RES,BP1,RSH1,RMN,,
c38b9c8e-de6d-47c4-9abf-d0bec86705a2,38.6993104,-9.218519486,Portugal,Lisbon,MUR,LWAL,CDL,2,RES,BPD,RSH1,RMN,,
f8392dab-97da-40c2-bc13-337c4134ff52,38.70556296,-9.180090215,Portugal,Lisbon,MUR,LWAL,CDL,4,RES,BP2,RSH1,RMN,,
969f6089-a006-4311-9bc8-1289cc9b75ee,38.70612044,-9.203282237,Portugal,Lisbon,S,LFM,CDM,5,RES,BP1,RSH1,RMN,,
52d17b5e-04fe-4895-924b-6bb6f53cbc5e,38.70137399,-9.190646803,Portugal,Lisbon,MUR,LWAL,CDL,4,RES,BP2,RSH2,RMT1,,
6f2b7fb0-eddf-4bdb-9217-3bc690852e4d,38.70383992,-9.212607189,,,,,,,,,,,,
f942d919-e908-4d1b-9dea-23f88a5eda48,38.70947789,-9.196311276,Portugal,Lisbon,MUR,LWAL,CDL,1,RES,BPD,RSH2,RMT1,,
9854bcec-b4da-4dfc-af86-0617b0027ec5,38.7042196,-9.178056483,Portugal,Lisbon,MUR,LWAL,CDL,4,RES,BP1,RSH1,RMN,,
ff8e38fc-7a8c-4f4a-8611-d2d4ed7314eb,38.70298683,-9.182981209,Portugal,Lisbon,MUR,LWAL,CDL,4,RES,BP1,RSH2,RMT1,,
edbf3daa-1ec8-4bf4-98c7-e443646ef465,38.70051045,-9.204850022,Portugal,Lisbon,MUR,LWAL,CDL,2,RES,BP1,RSH1,RMN,,
bc6b0b61-15e8-4956-a970-406caab80b48,38.70757205,-9.185298119,,,,,,,,,,,,
8b27020d-d5f8-40af-9a82-3f2d9a2667ec,38.7017238,-9.210763156,,,,,,,,,,,,
35481d63-25d4-4f69-8621-c0f3349b1888,38.69718028,-9.216830218,,,,,,,,,,,,
cb11518b-2921-4c38-97d4-ce02299bfaa9,38.71578237,-9.209633518,,,,,,,,,,,,
95f6d14e-868e-48ef-a6e2-014c8889b6da,38.71053281,-9.193578207,Portugal,Lisbon,MUR,LWAL,CDL,4,RES,BP2,RSH2,RMT1,,
3f88af75-4553-49c4-9ea5-b354123ad63f,38.71177849,-9.216018128,,,,,,,,,,,,
495514df-ed0c-4065-80ee-deaa5a3c7fe2,38.70727302,-9.194737336,,,,,,,,,,,,
aa6206d4-1bea-40b8-87c0-f2d9f1e32518,38.70046877,-9.217492098,,,,,,,,,,,,
2e3a2adb-6692-468f-a0c7-36f659de1f3a,38.69892739,-9.218957522,Portugal,Lisbon,MUR,LWAL,CDL,2,RES,BP1,RSH1,RMN,,
64511001-2c90-430b-bbd1-2031da5215f1,38.70372699,-9.222092203,,,,,,,,,,,,
68e763ce-3590-4059-bfbc-799e7c22021b,38.71803687,-9.191460921,,,,,,,,,,,,
7aec4241-c8ff-4dda-aae4-276774b379d7,38.69781712,-9.197149064,Portugal,Lisbon,MUR,LWAL,CDL,2,COM,BP2,RSH2,RMT1,,
0eb444f8-6c95-4cfb-a9dc-82c2f58c21b9,38.69628424,-9.215769469,Portugal,Lisbon,MUR,LWAL,CDL,2,RES,BP2,RSH1,RMN,,
7a48ebfe-d84b-48fd-982f-b9f01fceeddf,38.70299162,-9.193824841,Portugal,Lisbon,MUR,LWAL,CDN,1,COM,BP2,RSH2,RMT1,,
175c6920-9a19-4a08-8649-d27e3eea60c3,38.70627225,-9.18083055,Portugal,Lisbon,CR,LFM,CDL,06/jul,MIX(RES;COM),BP2,RSH7,RMT6,,
05432d68-304f-4969-b557-a58ea501f2ec,38.7013943,-9.209082086,Portugal,Lisbon,S,LFM,CDM,1,RES,BP2,RSH1,RMN,,
5e3057c1-a3fd-4742-aa8a-25f1605efcab,38.6976968,-9.217187356,Portugal,Lisbon,MUR,LWAL,CDL,2,RES,BP1,RSH1,RMN,,
1de5d2b6-5f2f-4439-820d-b7760c387152,38.70572735,-9.2067674,Portugal,Lisbon,CR,LFM,CDL,2,RES,BP2,RSH1,RMN,,
eac529cc-a350-4304-aaa2-54fcda9b2f61,38.70273365,-9.2095717,,,,,,,,,,,,
a1d2a253-a399-4a6e-b7e1-74590e09cfcc,38.70244135,-9.18576048,Portugal,Lisbon,W,LFM,CDN,2,RES,BP2,RSH2,RMT1,,
5a74a135-c5a0-4dac-b867-ada05b0fab77,38.69772499,-9.193154125,Portugal,Lisbon,MUR,LWAL,CDL,2,RES,BP1,RSH1,RMN,,
d71fd22a-65f3-4fb5-b6d8-e396fcec34a6,38.69962217,-9.193327846,Portugal,Lisbon,CR,LFINF,CDM,2,COM,BP1,RSH2,RMT1,,
83854336-42f9-4b9b-a0d9-3b6394a3a06b,38.7011705,-9.21908305,Portugal,Lisbon,MUR,LWAL,CDN,1,RES,BPD,RSH1,RMN,,
d218a94d-3f2b-47b5-b055-4155c7a5b56c,38.70309037,-9.194897562,Portugal,Lisbon,MUR,LWAL,CDL,2,RES,BP1,RSH2,RMT1,,
4b951dc1-97d0-4a75-a31a-66c13b49935b,38.6962389,-9.225338416,Portugal,Lisbon,CR,LFM,CDN,1,COM,BP1,RSH1,RMN,,
41d8d928-cfc6-47c2-bb4a-892ee3fbbd5c,38.70865325,-9.198555015,Portugal,Lisbon,MUR,LWAL,CDL,4,MIX(RES;COM),BP2,RSH2,RMT1,,
8ddd6c93-2252-440b-8410-65280b7df1dd,38.70575105,-9.190959741,Portugal,Lisbon,CR,LFINF,CDL,06/jul,MIX(RES;COM),BP1,RSH1,RMN,,
8823f49d-1f4c-4760-a260-7e7afc8bfb04,38.71195196,-9.208479209,,,,,,,,,,,,
0cabbbb9-46c6-4524-942a-c509ac44dc7e,38.70504059,-9.178045862,Portugal,Lisbon,CR,LFINF,CDL,4,MIX(RES;COM),BP1,RSH1,RMN,,
a09e05a3-7177-47d2-9fb5-a74d016b91bd,38.6996887,-9.191322102,Portugal,Lisbon,MCF,LWAL,CDL,5,IND,BP1,RSH2,RMT1,,
f823075f-4493-41d6-8aa0-1f7c5657448f,38.69814976,-9.192836121,Portugal,Lisbon,MUR,LWAL,CDN,1,COM,BP2,RSH2,RMT1,,
824b0798-4397-439a-bbfa-d88151bb2b91,38.70408733,-9.203499504,Portugal,Lisbon,CR,LFM,CDL,4,RES,BP2,RSH1,RMN,,
34574c7a-4c8c-493e-b912-06b9f641c993,38.70238354,-9.200749168,Portugal,Lisbon,MUR,LWAL,CDL,3,RES,BP1,RSH1,RMN,,
4d5c27ee-bccc-492e-8783-6bd79fc3635f,38.70316381,-9.217975051,,,,,,,,,,,,
a39c2542-416a-4b6f-98cd-ea43b905105f,38.6971221,-9.201975831,Portugal,Lisbon,MUR,LWAL,CDN,3,COM,BP2,RSH1,RMN,,
2ef292e6-00a5-4585-a3a3-e2672cb86b5b,38.69921077,-9.218996753,Portugal,Lisbon,MUR,LWAL,CDL,3,RES,BP1,RSH1,RMN,,
e2ddac74-f552-4b82-843f-dc1722be884e,38.70623837,-9.175795317,Portugal,Lisbon,MUR,LWAL,CDL,1,MIX(RES;COM),BP2,RSH2,RMT1,,
e7067341-8ee7-4a24-87f2-8d7c00acb5d0,38.70481129,-9.183128834,Portugal,Lisbon,CR,LFM,CDL,4,RES,BP1,RSH3,RMT1,,
787ebcbe-1164-4e20-a01c-a207c552f66e,38.70470175,-9.189094334,Portugal,Lisbon,CR,LFINF,CDL,4,RES,BP1,RSH1,RMN,,
ec790a3f-8724-446b-b2ca-2547b8c958b1,38.69854931,-9.2163268,Portugal,Lisbon,MUR,LWAL,CDN,2,RES,BP2,RSH1,RMN,,
f72ccfc6-2cde-4850-9731-5c2463b2004a,38.7061913,-9.177860397,Portugal,Lisbon,CR,LFM,CDH,5,RES,BP1,RSH1,RMN,,
afc00812-bed4-4de8-b3cd-47c302b46461,38.70243512,-9.212421378,Portugal,Lisbon,MUR,LWAL,CDL,2,RES,BPD,RSH1,RMN,,
1b8441cd-43c7-4031-932d-71bdaab6cd21,38.69892113,-9.218126377,,,,,,,,,,,,
598f4b5f-3a4e-42c2-bb9f-b92c09361c7e,38.71746599,-9.212897775,Portugal,Lisbon,MUR,LWAL,CDL,2,RES,BP2,RSH1,RMN,,
5d4a1e08-34ea-410e-a4a8-34b5631add28,38.69622018,-9.208974238,,,,,,,,,,,,
fe775b8e-e3b0-4674-a1f5-1eb895e90f3e,38.70972787,-9.2019865,,,,,,,,,,,,
aca67420-3091-42a7-a9c7-7dc12be1d323,38.7058822,-9.213534382,Portugal,Lisbon,MUR,LWAL,CDN,3,RES,BP2,RSH2,RMT1,,
0a41f43d-22aa-4dfc-bfaa-9d12794c2f3f,38.70013272,-9.219625944,,,,,,,,,,,,
f9ca09e2-c7ba-461d-8bb4-834582f95da8,38.69761024,-9.196009827,Portugal,Lisbon,MUR,LWAL,CDN,2,RES,BP2,RSH1,RMN,,
17a24e4a-7885-457e-b5b6-2ceaee8b421c,38.70776213,-9.175108067,Portugal,Lisbon,MCF,LWAL,CDH,1,RES,BP1,RSH2,RMT1,,
30e2411f-a360-4608-9d53-136d35ce1c53,38.7006324,-9.22352125,,,,,,,,,,,,
5e779386-9315-4d21-bd16-de5900e28ac3,38.70321204,-9.194509337,Portugal,Lisbon,MUR,LWAL,CDL,2,RES,BP1,RSH2,RMT1,,
4414ea3e-12f3-41d4-880b-86a41f16b64d,38.70544945,-9.194625525,Portugal,Lisbon,CR,LFM,CDN,5,MIX(RES;COM),BP1,RSH1,RMN,,
3bf7c03a-4d6a-4360-a3c1-2af3ce43c1e3,38.70407781,-9.198091747,Portugal,Lisbon,MUR,LWAL,CDL,2,RES,BP1,RSH1,RMN,,
77bed498-a521-4f28-867c-78841b8f409e,38.71090475,-9.19741855,Portugal,Lisbon,CR,LFM,CDH,4,RES,BP1,RSH1,RMN,,
d5622782-ad24-4b93-bea3-44c95b1f9e93,38.704983,-9.214151921,Portugal,Lisbon,MUR,LWAL,CDL,3,RES,BP1,RSH1,RMN,,
eb4df663-faad-4a12-ad17-47bf04c4ddd1,38.70830486,-9.193351694,Portugal,Lisbon,MUR,LWAL,CDN,2,COM,BP2,RSH1,RMN,,
54e45884-ca90-4f3d-9e2f-37b3c64a7700,38.7050093,-9.188295813,Portugal,Lisbon,CR,LFM,CDH,5,RES,BP1,RSH1,RMN,,
99664fab-35df-4b5e-b58d-1c44466e7222,38.70677745,-9.20307995,Portugal,Lisbon,CR,LDUAL,CDM,08/set,RES,BPD,RSH1,RMN,,
57b4f159-aae1-4522-88ad-94c0e7e11480,38.71608424,-9.217331789,,,,,,,,,,,,
76152bbe-bf73-4e38-8c3d-d6ccbe2af814,38.71304124,-9.206702423,,,,,,,,,,,,
f14b99fd-3085-4319-95b2-a61169d52b82,38.70573256,-9.179989101,Portugal,Lisbon,MUR,LWAL,CDL,4,RES,BP1,RSH2,RMT1,,
89071199-6b54-4cba-8056-b100174bd534,38.72381409,-9.184011917,,,,,,,,,,,,
f117054d-c43f-4792-a23b-0ebbdb7f4a8d,38.70141585,-9.218559702,,,,,,,,,,,,
58adc331-c871-47e2-8414-e3b51e2a7208,38.697119,-9.195855714,,,,,,,,,,,,
31b3c53e-e5b8-4c00-a7ca-5cce1383c9be,38.6920282,-9.2168875,,,,,,,,,,,,
95a90c4f-e81c-4a3c-af75-cdb42d366783,38.71385255,-9.20647565,Portugal,Lisbon,MUR,LWAL,CDL,2,RES,BP1,RSH2,RMT1,,
74847b1d-bf0b-4709-8ef7-0d24d18b1e19,38.70729348,-9.212873055,,,,,,,,,,,,
dc6b8a91-661f-4986-8554-52bb20b3721f,38.7180253,-9.1815022,,,,,,,,,,,,
e8b348a7-3c08-4c74-b313-10762a45bf78,38.71264955,-9.184460781,,,,,,,,,,,,
9bdb78cd-e576-4923-96c3-00115d02378c,38.70282893,-9.184699702,Portugal,Lisbon,CR,LFM,CDN,4,RES,BP2,RSH1,RMN,,
67529d4c-bb2d-46fa-9339-38e1f4820d58,38.71190738,-9.20685263,,,,,,,,,,,,
fe0c75bf-a783-4624-ad10-fb023bf948ea,38.70628891,-9.176518554,Portugal,Lisbon,MUR,LWAL,CDL,4,RES,BP2,RSH1,RMN,,
9231e8da-7913-44d6-9a14-70461faa221d,38.70017074,-9.216987943,,,,,,,,,,,,
f512827b-bc05-4a0a-a0b0-d2152940a65e,38.6981589,-9.2107372,,,,,,,,,,,,
cd70abb2-fea6-41c6-bf82-7d055fcf5ab6,38.70552352,-9.201302808,Portugal,Lisbon,MUR,LWAL,CDL,2,RES,BP2,RSH2,RMT1,,
ebfdc529-cc51-463e-84e7-817f70a07d71,38.70389142,-9.209519564,,,,,,,,,,,,
98e30111-1cdb-4900-b8d6-989ad33a7811,38.71259737,-9.21208476,,,,,,,,,,,,
1a6af538-ba40-449a-bd2a-51def24da007,38.70884609,-9.176399934,,,,,,,,,,,,
bfaff759-e4b2-4616-a80e-6c94ccaa9159,38.69806845,-9.198472155,,,,,,,,,,,,
f7380744-4f5f-412d-b050-28ef0ad4e926,38.70853522,-9.19127541,Portugal,Lisbon,CR,LFM,CDH,5,RES,BP1,RSH1,RMN,,
549e142a-4456-4106-95e7-f915f1a60deb,38.69575077,-9.219386627,Portugal,Lisbon,CR,LFM,CDL,5,RES,BP1,RSH1,RMN,,
4b5dba47-4210-4a8d-8016-8f59e832793d,38.70471891,-9.191691327,Portugal,Lisbon,MUR,LWAL,CDN,2,RES,BP2,RSH2,RMT1,,
0dfdc79e-58ca-44d3-ad63-5f538cb1e020,38.71764362,-9.212601058,Portugal,Lisbon,MUR,LWAL,CDL,2,RES,BP1,RSH2,RMT1,,
4293d367-354f-45d1-9c19-536373d0e2a7,38.70735469,-9.190854177,Portugal,Lisbon,MUR,LWAL,CDL,2,RES,BP1,RSH2,RMT1,,
acd12f95-07f1-4aba-8e32-7809d70f2ea6,38.69902974,-9.217355913,Portugal,Lisbon,MUR,LWAL,CDN,1,RES,BP1,RSH1,RMN,,
4863a359-60b6-4e55-bd81-03802559fecb,38.69850569,-9.193474497,,,,,,,,,,,,
ba7471b9-dbb2-40fc-954b-1f908f9a189d,38.70023985,-9.213138393,,,,,,,,,,,,
e2be1fab-5cc9-4f7d-a892-d39469a25e5e,38.69680926,-9.21669051,Portugal,Lisbon,MUR,LWAL,CDL,2,RES,BP2,RSH2,RMT1,,
d317c708-adce-4506-936a-2d30bbbcdc86,38.70826632,-9.214330228,,,,,,,,,,,,
6a45bb5a-5815-4c59-83cb-c3e9087d662a,38.6981211,-9.190871927,Portugal,Lisbon,MUR,LWAL,CDN,3,RES,BP1,RSH2,RMT1,,
5ef06f00-fbd8-4826-bf22-8c0c10010ff8,38.70586531,-9.180629345,Portugal,Lisbon,CR,LFM,CDL,4,MIX(RES;COM),BP1,RSH1,RMN,,
5cdffabb-5a8a-4b56-9e0a-126479aa979e,38.70864757,-9.185873447,,,,,,,,,,,,
63cbdf32-591c-4795-a479-15ba1de614f4,38.69749145,-9.218650173,Portugal,Lisbon,MUR,LWAL,CDL,2,RES,BP2,RSH1,RMN,,
5bbe4811-511f-4d7e-827a-ac99a4dd4ece,38.6947162,-9.216869213,Portugal,Lisbon,MUR,LWAL,CDL,2,RES,BP1,RSH1,RMN,,
d47f38da-3755-4840-9965-9b554e9c424f,38.70536684,-9.206144597,Portugal,Lisbon,CR,LFINF,CDL,08/set,MIX(RES;COM),BP1,RSH1,RMN,,
054f70b0-6c91-4a4d-ac42-817863705dcb,38.7112,-9.19995569,Portugal,Lisbon,MUR,LWAL,CDL,1,RES,BPD,RSH2,RMT1,,
c178809c-4554-42b4-8c07-c2bab8d6f61d,38.71191047,-9.205768984,Portugal,Lisbon,MUR,LWAL,CDL,2,RES,BP2,RSH1,RMN,,
67caf8b8-2c87-4846-ac36-09a538a4c48c,38.70892846,-9.191951817,Portugal,Lisbon,MCF,LWAL,CDH,2,RES,BPD,RSH1,RMN,,
1718e73b-da43-4b34-a4f7-fbfd4bfe97f4,38.70311224,-9.19266356,Portugal,Lisbon,CR,LFINF,CDL,4,MIX(RES;COM),BP1,RSH2,RMT1,,
b2357f97-554b-419f-96fc-2fd0eadb91c3,38.71039755,-9.21438615,,,,,,,,,,,,
3fecb588-6709-4501-8a7c-8c657f9b04c4,38.70390747,-9.200058579,Portugal,Lisbon,MUR,LWAL,CDL,3,RES,BP2,RSH1,RMN,,
816e6d54-a1a4-4711-a198-710b5358e297,38.70592476,-9.182183728,Portugal,Lisbon,CR,LFINF,CDL,5,COM,BP1,RSH1,RMN,,
5bcfba1e-6f97-4377-88d2-396f50bfb2c1,38.7119932,-9.199486945,Portugal,Lisbon,CR,LDUAL,CDN,1,RES,BPD,RSH2,RMT1,,
c995f9cb-9a0b-41ae-a344-5ca285ad8342,38.69621869,-9.222690298,,,,,,,,,,,,
5b05c3bb-cfc0-4bf8-8e53-3203d201f90d,38.709831,-9.175338467,Portugal,Lisbon,MUR,LWAL,CDN,1,RES,BP1,RSH1,RMN,,
f9cf7162-c6ac-4dd2-8415-5bd3724bc8d8,38.70018317,-9.18649982,,,,,,,,,,,,
f396f6aa-4e98-4557-8d16-b05dcfed4f28,38.70739165,-9.190659771,Portugal,Lisbon,MUR,LWAL,CDN,2,RES,BP2,RSH1,RMN,,
8a949ace-639e-4123-b4c1-b5bb8d2a43b3,38.70553945,-9.19937655,Portugal,Lisbon,MUR,LWAL,CDL,2,RES,BP1,RSH1,RMN,,
9b56dad4-9df2-4ce7-9ee1-41ddcaa925a5,38.70748796,-9.190859897,Portugal,Lisbon,MUR,LWAL,CDL,2,RES,BP1,RSH3,RMT1,,
6de0e8b9-ee93-457e-9bb0-6ec7341b0adb,38.71244705,-9.19093295,,,,,,,,,,,,
fa89e052-9c79-4f14-886b-632faadb5001,38.69716165,-9.21561618,Portugal,Lisbon,MUR,LWAL,CDN,1,RES,BP2,RSH1,RMN,,
2a9c8328-124f-4b30-b770-56d73fc20f56,38.71177311,-9.199670716,Portugal,Lisbon,MCF,LWAL,CDH,2,RES,BPD,RSH2,RMT1,,
4053f8ee-90ae-4830-adc8-c4534f675324,38.70678545,-9.20273545,Portugal,Lisbon,MUR,LWAL,CDL,5,RES,BP1,RSH2,RMT1,,
e2f7dff4-047b-4a6b-8c5b-07d4a1423004,38.71020217,-9.21402676,,,,,,,,,,,,
a4421ea4-d697-4004-b154-b56e23327f7a,38.70296255,-9.2155671,Portugal,Lisbon,MUR,LWAL,CDL,2,RES,BPD,RSH1,RMN,,
07e16e60-60d0-46f6-9167-400af0ce8d9d,38.71315397,-9.214690375,,,,,,,,,,,,
a263c1bf-7cb3-438a-80ea-5b73ce1d8648,38.70615241,-9.208533978,Portugal,Lisbon,CR,LFM,CDL,4,RES,BP1,RSH1,RMN,,
3c57a05e-ee6d-4b15-8375-dca7e064d42c,38.70953543,-9.174246267,,,,,,,,,,,,
78cf0194-7c6d-4323-976f-e74632c3f17e,38.70720355,-9.213362933,Portugal,Lisbon,MUR,LWAL,CDN,3,RES,BP1,RSH1,RMN,,
7342a6d9-8443-4483-ae71-fb3b0e3549dc,38.70923483,-9.195214339,Portugal,Lisbon,MUR,LWAL,CDL,1,RES,BP2,RSH2,RMT1,,
108f7670-c6f3-48b3-a6e1-a11b513235c9,38.70935082,-9.175579312,Portugal,Lisbon,MUR,LWAL,CDL,1,COM,BP2,RSH1,RMN,,
f9460faf-73c0-44a0-a3af-60e7ddc42d20,38.70981529,-9.175663504,Portugal,Lisbon,MUR,LWAL,CDL,2,RES,BP1,RSH2,RMT1,,
122ebd29-ff1e-48b2-a409-d7175b82f57d,38.70363527,-9.209598508,,,,,,,,,,,,
39c215b2-e659-498c-8073-04590d010e51,38.70635258,-9.194257678,Portugal,Lisbon,CR,LFM,CDN,06/jul,RES,BP2,RSH1,RMN,,
51425ddf-d3d0-4249-b59e-116cefff4789,38.69940473,-9.215458423,,,,,,,,,,,,
4146e0a3-49ff-40d0-9343-5970d54d680e,38.70384125,-9.202888398,Portugal,Lisbon,MUR,LWAL,CDN,4,RES,BP3,RSH1,RMN,,
17a2f54b-c170-4087-a12b-df7985e460d8,38.70118125,-9.192914686,Portugal,Lisbon,S,LFM,CDH,2,IND,BPD,RSH2,RMT1,,
fc990f1e-65f8-4ef1-a10b-2e11a3e56a5b,38.69698553,-9.217355478,Portugal,Lisbon,MUR,LWAL,CDL,2,RES,BP1,RSH1,RMN,,
36aa224a-df1f-45d8-9e82-88769719ca86,38.70224359,-9.185561423,,,,,,,,,,,,
dd4d7342-fe2b-4a91-8aba-b9b7e3a538b3,38.70772255,-9.2122815,Portugal,Lisbon,CR,LFM,CDH,2,RES,BPD,RSH1,RMN,,
01f2d3e0-d293-4cbf-9f40-57adf3f211ac,38.70860008,-9.213408487,,,,,,,,,,,,
938b4eb4-5e73-43e1-8a55-c0889204d0e4,38.71032328,-9.191142875,,,,,,,,,,,,
aaf3f7b1-dbce-4371-8341-5c575747dd56,38.70977939,-9.174496748,Portugal,Lisbon,MUR,LWAL,CDL,4,RES,BP1,RSH2,RMT1,,
d7531d4f-018f-43c5-9da6-5b8a9f7f44e0,38.70448925,-9.193369374,Portugal,Lisbon,CR,LFM,CDL,4,RES,BP1,RSH1,RMN,,
e99ef021-8573-4611-92c2-38d59092e8c8,38.70052646,-9.205884542,Portugal,Lisbon,CR,LFM,CDL,4,MIX(RES;COM),BP1,RSH1,RMN,,
63d7153b-3db9-4682-b486-5a9096db3d3e,38.70133095,-9.20425815,Portugal,Lisbon,MUR,LWAL,CDL,2,RES,BP1,RSH1,RMN,,
064292ad-143b-45ba-8d34-32e218879333,38.71683304,-9.212838477,Portugal,Lisbon,MUR,LWAL,CDL,1,RES,BPD,RSH2,RMT1,,
901e95fa-d3e9-4c28-b90a-ca080a97fc79,38.70141006,-9.183839075,Portugal,Lisbon,CR,LFINF,CDL,5,MIX(RES;COM),BP2,RSH2,RMT1,,
f3f66c4c-c2b3-4c96-88c2-323de2d6933a,38.70166593,-9.19051924,Portugal,Lisbon,CR,LFM,CDN,5,RES,BP3,RSH1,RMN,,
9b4d8ed6-8a45-4d84-931d-3eeaf1083a66,38.69766265,-9.194763058,Portugal,Lisbon,S,LFM,CDL,1,IND,BP1,RSH2,RMT1,,
bfa0377b-b18b-4278-8ed0-f7176b8f8022,38.70028606,-9.206759458,,,,,,,,,,,,
463a4753-fabe-46e9-a6f3-94b6cf95b172,38.70290709,-9.196673687,Portugal,Lisbon,MUR,LWAL,CDL,4,RES,BP2,RSH1,RMN,,
0b71ddb5-8285-4557-b3ab-18d6961b2219,38.70924375,-9.17547402,,,,,,,,,,,,
6ce1f38d-479c-4fc3-b0a6-725ffa0e7935,38.71440915,-9.19382875,,,,,,,,,,,,
fdd645d2-444c-401c-97f5-fb775c5cf08f,38.72143585,-9.2008363,,,,,,,,,,,,
4be153c4-7863-4d8c-9181-b359053ff8dd,38.70267821,-9.2127446,,,,,,,,,,,,
caf36a33-7a66-4605-9206-ba0f659c1c35,38.70954493,-9.203453445,Portugal,Lisbon,MUR,LWAL,CDN,1,COM,BP2,RSH2,RMT1,,
276c081d-919c-4afc-a1a4-a8edd469aeb4,38.70353975,-9.176305578,Portugal,Lisbon,MUR,LWAL,CDL,3,COM,BP1,RSH1,RMN,,
40f7a88c-bc44-441d-81e6-7d710c3f8220,38.6997711,-9.216070679,,,,,,,,,,,,
96f0f588-63c4-4150-b0a3-11fd1f2b906b,38.70149942,-9.178261412,,,,,,,,,,,,
16fbc0c1-dbdb-4bd1-8252-736dfe07aef6,38.7077211,-9.214460009,,,,,,,,,,,,
a904ed96-23c1-400a-be71-fd230645bc1d,38.6966193,-9.219875947,Portugal,Lisbon,MUR,LWAL,CDL,3,RES,BP1,RSH1,RMN,,
0d6629bf-a96b-4100-83c7-d2cea3ddec29,38.70116546,-9.200672855,Portugal,Lisbon,MUR,LWAL,CDN,1,RES,BP3,RSH5,RMT6,,
812c7a09-30e2-47a8-873b-79e37f4fff4b,38.70645719,-9.176863432,Portugal,Lisbon,CR,LFM,CDL,4,RES,BP1,RSH1,RMN,,
c9bf9cab-cd2e-43b2-9e91-8e2e7d799a23,38.70282645,-9.197309259,Portugal,Lisbon,CR,LFINF,CDM,4,MIX(RES;COM),BP2,RSH1,RMN,,
fd05988b-05a4-477b-9da2-1e800cfb2d68,38.69851186,-9.201578707,,,,,,,,,,,,
b8b36872-d427-4d27-a7d7-ca97fd66bc4f,38.71627364,-9.217474295,Portugal,Lisbon,MUR,LWAL,CDL,1,RES,BP1,RSH2,RMT1,,
aba0a57d-8b26-452c-982e-c6b7d5013abf,38.69424817,-9.224079301,,,,,,,,,,,,
76d18357-d034-4e66-81fd-a49be103c5b0,38.72084831,-9.196453015,,,,,,,,,,,,
c2d7d512-4d44-48cf-821c-bda79e360955,38.70569772,-9.175810956,Portugal,Lisbon,MCF,LWAL,CDN,1,RES,BP1,RSH2,RMT1,,
f44672ce-9aba-452d-9881-7fc6b0a5150b,38.69792699,-9.203005749,Portugal,Lisbon,MCF,LWAL,CDL,1,IND,BPD,RSH2,RMT1,,
0ff33b37-1d56-4da1-a3a1-64afd0ffe501,38.7025424,-9.193841693,Portugal,Lisbon,MUR,LWAL,CDL,2,RES,BP2,RSH1,RMN,,
b919bc3f-a35e-48ad-8d1d-93a4b28261ff,38.70829178,-9.214620219,,,,,,,,,,,,
a6201629-b095-4b00-a006-3b09a8b4453e,38.70205656,-9.200578096,Portugal,Lisbon,CR,LFM,CDL,4,RES,BP1,RSH1,RMN,,
0ebd9592-83d9-47bc-84e4-28ca472b359d,38.70399855,-9.21217755,,,,,,,,,,,,
8c9bd315-6531-4345-b34d-9795fbd483bc,38.70718212,-9.201796473,,,,,,,,,,,,
59f7cd90-7c39-4d92-b594-b86ed607badf,38.70185855,-9.199862545,Portugal,Lisbon,MUR,LWAL,CDN,4,RES,BP1,RSH1,RMN,,
050fe409-3705-47da-be5c-7ba67e5abfcb,38.7021037,-9.22613765,,,,,,,,,,,,
16e21f7d-aece-4b68-aab7-f601daef67ab,38.70742888,-9.174581219,Portugal,Lisbon,MCF,LWAL,CDL,2,RES,BP2,RSH1,RMN,,
29c23ce7-1ab5-4a60-bf57-3f11e89494e6,38.70154974,-9.199350017,Portugal,Lisbon,MUR,LWAL,CDN,3,RES,BP1,RSH1,RMN,,
f7cf0ade-d25d-402d-9de4-d7d11bbde60a,38.71440594,-9.213916387,Portugal,Lisbon,MUR,LWAL,CDN,2,RES,BPD,RSH2,RMT1,,
886a2a47-28bf-4c65-941e-d5705a8f2451,38.70329817,-9.197104454,Portugal,Lisbon,CR,LFM,CDN,1,COM,BP2,RSH1,RMN,,
25b2cb72-0990-4a0e-bc03-fa7c20cc0e04,38.70410354,-9.193624355,,,,,,,,,,,,
1e3c982c-550c-4b17-829e-2fb04b2b9da3,38.69898815,-9.219383047,Portugal,Lisbon,MUR,LWAL,CDL,2,RES,BP1,RSH2,RMT1,,
c5462668-61da-4713-a3d3-be03e56df24f,38.70041156,-9.191983179,Portugal,Lisbon,CR,LFM,CDH,4,RES,BP1,RSH1,RMN,,
0608cc02-7872-4f35-baf5-738327160928,38.70469847,-9.183615546,Portugal,Lisbon,CR,LFM,CDN,1,RES,BP1,RSH1,RMN,,
01db775e-c4e7-4f93-a90d-3e869627a56c,38.70367693,-9.177705705,Portugal,Lisbon,MUR,LWAL,CDL,2,RES,BP1,RSH2,RMT1,,
c797c947-291b-471d-bd7d-ee7501dd7edd,38.69798222,-9.192097546,Portugal,Lisbon,MUR,LWAL,CDN,2,RES,BP1,RSH3,RMT1,,
42a6d552-ab47-482c-b822-87e7ac50d3f3,38.69640035,-9.2215007,Portugal,Lisbon,MUR,LWAL,CDN,2,RES,BP2,RSH1,RMN,,
632d68af-fff3-4699-baaa-fbdb11a318a4,38.70006609,-9.177692519,,,,,,,,,,,,
cb8a2170-80ee-4020-a93f-c67ef414801b,38.7000392,-9.20105485,,,,,,,,,,,,
4114afcb-3bf7-4f8c-9a1b-3f7eb62a1c3a,38.71231967,-9.211565682,,,,,,,,,,,,
1b6e089b-4549-4489-8c31-6a0076230462,38.70910768,-9.198405075,,,,,,,,,,,,
ef656442-eaae-4f0e-8267-8a6cca982db0,38.69284781,-9.210462144,,,,,,,,,,,,
1a0f8045-99c2-443b-9ed8-4f8aeff0afed,38.70425136,-9.18250155,Portugal,Lisbon,CR,LFM,CDM,4,MIX(RES;COM),BP2,RSH1,RMN,,
f15099af-9178-44af-b35e-cf1120aac562,38.69424668,-9.212499021,Portugal,Lisbon,MUR,LWAL,CDN,1,COM,BP2,RSH2,RMT1,,
cab5af8d-ed79-4800-b0bf-03af4809f096,38.71426608,-9.18142414,Portugal,Lisbon,MCF,LWAL,CDL,2,RES,BP3,RSH2,RMT1,,
c668c66b-a6f8-4d10-9918-6fc701ba4882,38.69865774,-9.219894778,,,,,,,,,,,,
8760d218-b852-45d5-b2c8-5a9ba1b9e514,38.6997726,-9.18339655,Portugal,Lisbon,CR,LFINF,CDL,4,RES,BPD,RSH2,RMT1,,
b2f64deb-d98f-4219-8326-35cb66f22614,38.72366195,-9.183911,,,,,,,,,,,,
714d3979-e599-4d0e-b566-f1e3583383b0,38.69601892,-9.217299746,,,,,,,,,,,,
966c2e38-24ba-4c43-a7d0-5acb16373f75,38.70053255,-9.193147381,Portugal,Lisbon,CR,LFINF,CDL,4,RES,BP1,RSH2,RMT1,,
13f2c330-153a-4c0e-8e6d-105848c84401,38.71066683,-9.200421637,,,,,,,,,,,,
1b033fc1-99bd-48bb-afc2-0fd5fe7a9ec5,38.70136643,-9.221686333,,,,,,,,,,,,
d0a4ca6e-6165-4910-bd95-29d1e723076c,38.70120286,-9.204548696,Portugal,Lisbon,MCF,LWAL,CDH,4,RES,BP1,RSH1,RMN,,
0bd9aaa0-c82b-4b44-910f-801a29eafc4e,38.69924821,-9.198618705,,,,,,,,,,,,
86c05514-e811-44ec-86df-8ea7dab8f70a,38.70014561,-9.219180945,,,,,,,,,,,,
b3998bf7-cdca-4cd0-b8b6-b74093566c6f,38.70587596,-9.181610739,Portugal,Lisbon,MUR,LWAL,CDL,4,RES,BP1,RSH1,RMN,,
68c75edd-9dab-4068-a410-872555f8ba41,38.72225185,-9.195292744,,,,,,,,,,,,
192f8d63-5c23-43f1-9418-7222f74a0b96,38.70445914,-9.202603481,Portugal,Lisbon,CR,LFM,CDN,5,RES,BP1,RSH1,RMN,,
7119c230-5bdd-47bd-86fd-e5a5faf87c30,38.70687529,-9.190672586,Portugal,Lisbon,MUR,LWAL,CDN,1,RES,BP1,RSH2,RMT1,,
1fea46cf-f111-4254-84bb-7120765e7d0f,38.70507852,-9.191636852,Portugal,Lisbon,MUR,LWAL,CDL,1,RES,BP1,RSH5,RMT1,,
78341b96-5256-43be-90c4-e27fff628277,38.70269758,-9.215616298,,,,,,,,,,,,
2eacc364-7562-492e-b6b1-d97baeb3aa3a,38.70031544,-9.224696525,,,,,,,,,,,,
4690d895-226f-43db-b5d4-a18fecd0c13a,38.7073504,-9.19938185,,,,,,,,,,,,
a088a539-19cf-4c05-a87f-7a419b2a5746,38.69777328,-9.205424286,,,,,,,,,,,,
b65291c0-4a0b-4133-9c58-44c7965bb2ef,38.70062163,-9.219103916,,,,,,,,,,,,
ac46b09b-21ff-40c4-a7cf-51fccfa3d3a1,38.70476914,-9.187558213,Portugal,Lisbon,MUR,LWAL,CDL,2,COM,BP1,RSH1,RMN,,
94cd741d-f1b0-4c2e-98f5-9c6173f74acf,38.6995083,-9.22663075,Portugal,Lisbon,CR,LFM,CDN,5,RES,BP1,RSH1,RMN,,
f9cd5417-4417-4f9c-a18d-f4ec18cacaf7,38.71184875,-9.199072478,,,,,,,,,,,,
e4c5e986-0d03-429f-952c-3288b33749ad,38.7011059,-9.21928415,Portugal,Lisbon,MUR,LWAL,CDN,4,RES,BP2,RSH1,RMN,,
73b092b5-c264-47dc-a5b0-e92831a8b63d,38.7032971,-9.17633965,Portugal,Lisbon,MCF,LWAL,CDH,2,RES,BP1,RSH2,RMT1,,
9ce120c8-313c-47cd-ba72-bf2b5f926e00,38.70349811,-9.176197115,Portugal,Lisbon,MCF,LWAL,CDL,2,COM,BP2,RSH1,RMN,,
78106e6f-a508-48c5-aaad-489530b66caf,38.70609315,-9.20497145,Portugal,Lisbon,CR,LFM,CDL,5,MIX(RES;COM),BP2,RSH1,RMN,,
07fe994b-de50-420a-9689-e2eb01ecdaf4,38.69644039,-9.216085408,Portugal,Lisbon,MUR,LWAL,CDL,2,RES,BP1,RSH1,RMN,,
14f9c04a-b434-4f14-99b0-8452067e1427,38.69731279,-9.19543329,Portugal,Lisbon,MUR,LWAL,CDN,1,RES,BP3,RSH2,RMT1,,
70715775-f864-42b6-88aa-095bd7b52442,38.70243437,-9.204448242,Portugal,Lisbon,CR,LFM,CDN,4,RES,BP1,RSH1,RMN,,
773c17a1-19bd-4515-9b93-89daed85eeae,38.69909146,-9.205083882,Portugal,Lisbon,CR,LFINF,CDL,2,RES,BPD,RSH2,RMT1,,
a3c351a6-8067-4536-b64e-845c47350180,38.69977776,-9.188402524,Portugal,Lisbon,MUR,LWAL,CDN,1,COM,BP1,RSH2,RMT1,,
76a3f710-ea28-48aa-a56b-8861833c1adf,38.70464685,-9.19950025,Portugal,Lisbon,MUR,LWAL,CDL,4,RES,BP1,RSH2,RMT1,,
f8505237-9c6c-49f2-951c-8727f1a5d96f,38.70356762,-9.181831604,,,,,,,,,,,,
e8a76341-3b2c-4865-bdd1-341975b955dc,38.70427236,-9.211407981,Portugal,Lisbon,MUR,LWAL,CDL,3,RES,BP1,RSH1,RMN,,
7afd9380-5b23-4033-9e50-dfa16e19c1b7,38.701897,-9.2059068,,,,,,,,,,,,
8fcf5b15-fe39-4edf-8e8e-3b7548eb4abc,38.70248145,-9.212164571,,,,,,,,,,,,
e8ce951b-fb94-4a32-9e27-edeea9c7bc1e,38.70103995,-9.217317543,Portugal,Lisbon,CR,LFM,CDN,1,IND,BPD,RSH1,RMN,,
3e72dada-9502-4791-b609-75a5cf925cb6,38.69913441,-9.200048275,,,,,,,,,,,,
8ac6c2b2-2b05-4713-a2ee-3e217452f79b,38.70203082,-9.19161484,Portugal,Lisbon,CR,LFM,CDM,5,RES,BP1,RSH1,RMN,,
e9276150-f0d7-4ffb-bf19-bfdc4eaf03d3,38.7038534,-9.21093195,,,,,,,,,,,,
5cffb8b3-77ae-466f-92cd-5c4f9bf68b01,38.70042704,-9.193051877,Portugal,Lisbon,CR,LFINF,CDL,4,RES,BP1,RSH1,RMN,,
1303670c-8563-4c5a-9fc3-adffc1a113d7,38.71277455,-9.215568441,,,,,,,,,,,,
8523d577-42ce-4897-929c-350922ccf67d,38.7020138,-9.18113626,Portugal,Lisbon,CR,LFM,CDH,2,COM,BP1,RSH2,RMT1,,
ad16e2c6-cfbb-45bc-a1b0-93e9576002b3,38.70296392,-9.193425784,Portugal,Lisbon,MCF,LWAL,CDM,3,MIX(RES;COM),BP2,RSH1,RMN,,
c9ff9df6-9b9e-4216-83b0-668db37d9620,38.69794656,-9.214832321,,,,,,,,,,,,
69fad5c6-ff3e-43e7-9735-d79de4160d7b,38.70197168,-9.181856856,Portugal,Lisbon,MUR,LWAL,CDL,4,RES,BP2,RSH2,RMT1,,
eff41a5f-cdf9-4f6b-9612-8b979df542e9,38.71401583,-9.206478971,Portugal,Lisbon,MUR,LWAL,CDL,2,RES,BP2,RSH1,RMN,,
053dacb5-665c-4e28-9d7e-1e1fe89b78d3,38.7113701,-9.192207909,Portugal,Lisbon,MUR,LWAL,CDN,1,RES,BP1,RSH2,RMT1,,
b0516bf7-9c47-40e0-8be7-c7c5b82800f0,38.6999858,-9.201973,,,,,,,,,,,,
6cb95f40-34b8-4d06-8380-5b37ea260d97,38.71623535,-9.21296295,Portugal,Lisbon,MUR,LWAL,CDL,3,RES,BPD,RSH2,RMT1,,
20e998a9-1af3-48c8-9d69-756ff46e39e6,38.69686318,-9.21555527,Portugal,Lisbon,MUR,LWAL,CDL,2,RES,BP2,RSH1,RMN,,
653d760a-08bd-4ff3-a3ed-4387b450d109,38.69980446,-9.21896604,,,,,,,,,,,,
a20f15f0-ade7-4d15-842d-dc226f7c80f8,38.7015231,-9.2211931,,,,,,,,,,,,
777bdec3-9a66-4bc8-b18d-aa2687602fbd,38.7034793,-9.220655569,Portugal,Lisbon,CR,LFM,CDL,1,COM,BP1,RSH2,RMT1,,
8284bd72-edda-49c4-bb75-83e505aeb05f,38.70401309,-9.188530348,,,,,,,,,,,,
cc13402c-085b-4256-b526-c99853709f7d,38.6979444,-9.203604169,,,,,,,,,,,,
89569093-8618-407c-83d6-ff61ada8b1b1,38.6995998,-9.220447573,,,,,,,,,,,,
f733ba03-9c31-44f2-8df8-10350875e154,38.70571479,-9.18928596,Portugal,Lisbon,MUR,LWAL,CDL,4,RES,BP1,RSH2,RMT1,,
c5506305-03a7-4911-af15-8776f2b4d99d,38.69430088,-9.206500639,Portugal,Lisbon,CR,LFM,CDN,2,RES,BP2,RSH2,RMT1,,
17f5298d-aa08-4df8-9ed4-cd75a99a6f46,38.70385059,-9.188180932,Portugal,Lisbon,MUR,LWAL,CDN,2,RES,BPD,RSH1,RMN,,
c948785f-242a-4017-adf1-3d9444e51715,38.70692206,-9.192443093,Portugal,Lisbon,S,LFM,CDH,4,RES,BP1,RSH2,RMT1,,
cab57a6d-e08b-453e-809c-4e49ff8a7cc0,38.7135996,-9.205920352,Portugal,Lisbon,MUR,LWAL,CDL,2,RES,BPD,RSH1,RMN,,
a3cecd9a-b80e-45cb-ae04-33a542b4b735,38.6967248,-9.223721436,Portugal,Lisbon,MUR,LWAL,CDL,1,COM,BPD,RSH2,RMT1,,
d096b5b1-c9e5-49ae-abf5-c71d62977203,38.70522129,-9.179696882,Portugal,Lisbon,MUR,LWAL,CDN,4,RES,BP2,RSH1,RMN,,
99abcc37-b11f-40a6-a89f-9f5768234abb,38.70023668,-9.202231801,Portugal,Lisbon,MUR,LWAL,CDL,1,RES,BPD,RSH2,RMT1,,
da747b16-517f-4d30-8555-1dc91967b489,38.70532405,-9.179747875,Portugal,Lisbon,MUR,LWAL,CDN,4,RES,BP2,RSH1,RMN,,
1a63d6ce-05e3-4e89-a007-190cc9b32c3d,38.7105227,-9.197192958,Portugal,Lisbon,CR,LFM,CDH,5,IND,BPD,RSH1,RMN,,
153a1209-86bd-436b-86ac-e2407d03af86,38.70071807,-9.204905798,,,,,,,,,,,,
cad52399-2465-4a33-bf67-0b20447d7257,38.70543732,-9.184663548,Portugal,Lisbon,CR,LFM,CDL,5,RES,BP2,RSH1,RMN,,
7eda26bd-28ad-48ff-9598-cc7e5a3a1a0d,38.70872096,-9.199044137,Portugal,Lisbon,MCF,LWAL,CDN,3,MIX(RES;COM),BP3,RSH1,RMN,,
666d7799-3194-4754-8a2c-17c53da40a5a,38.70426802,-9.191512019,Portugal,Lisbon,MCF,LWAL,CDL,1,RES,BP2,RSH2,RMT1,,
910e18c5-0d0e-4adc-810c-e2ac4033ed1a,38.71638923,-9.193328545,,,,,,,,,,,,
c37a6415-761d-4b5a-9387-d710c5e406ea,38.7051848,-9.18321601,Portugal,Lisbon,MUR,LWAL,CDL,4,RES,BP1,RSH1,RMN,,
2968958a-9e00-45f7-8921-eff3ee34aaa4,38.7055886,-9.202046129,,,,,,,,,,,,
bd2558b4-1162-41ea-8c5f-d904e6282565,38.70024268,-9.18024087,Portugal,Lisbon,CR,LDUAL,CDN,2,COM,BP1,RSH1,RMN,,
0b68c9b6-1cf1-4195-9413-f3b6c676fed9,38.70247144,-9.195345952,Portugal,Lisbon,MCF,LWAL,CDL,4,RES,BP1,RSH1,RMN,,
5618f2c0-3799-4be3-b0fc-72a8704f34a3,38.69506835,-9.216832781,Portugal,Lisbon,CR,LFINF,CDL,4,RES,BP2,RSH1,RMN,,
bcae0aa2-b95c-4b1a-88b1-b7ac3d5759a6,38.706799,-9.190589754,Portugal,Lisbon,MUR,LWAL,CDN,1,RES,BP2,RSH3,RMT1,,
cfe935e2-20ea-4279-86d2-2d6405d8a1a5,38.7038437,-9.21123645,Portugal,Lisbon,MUR,LWAL,CDL,2,RES,BP3,RSH1,RMN,,
00eca371-2f25-46b7-a9b9-b9f5cd4bf09a,38.71163801,-9.205074907,Portugal,Lisbon,W,LWAL,CDH,2,RES,BP1,RSH1,RMN,,
a5c2250d-c19b-4419-9206-db5e079773eb,38.71267229,-9.175956305,Portugal,Lisbon,CR,LDUAL,CDH,13+,MIX(RES;COM),BPD,RSH1,RMN,,
8b0379e1-4cfd-4b53-bc9b-bea0e4c891f2,38.70427694,-9.177116626,Portugal,Lisbon,MUR,LWAL,CDN,2,RES,BP2,RSH1,RMN,,
8ecfe79e-b509-4367-a70a-d59350799e1b,38.71781855,-9.212701374,Portugal,Lisbon,MUR,LWAL,CDL,2,RES,BP1,RSH2,RMT1,,
7c05a1d6-3915-46a6-a9be-59455a924a45,38.71466147,-9.176328936,,,,,,,,,,,,
79ae4344-dced-4db5-a19d-0556ce0e85bd,38.69987156,-9.190787135,Portugal,Lisbon,CR,LFM,CDL,5,RES,BP2,RSH1,RMN,,
b6d98599-3579-48f9-a546-587404016908,38.70953652,-9.211837145,,,,,,,,,,,,
eb37448a-dfd0-4134-83a4-6226fc461594,38.70816417,-9.206566439,Portugal,Lisbon,CR,LFM,CDN,5,RES,BP3,RSH1,RMN,,
8771fdfe-4678-45e7-abea-7514843c385d,38.70130255,-9.180744485,,,,,,,,,,,,
ba792847-c2cb-4d21-8fab-328d172b5f30,38.69544141,-9.221676796,Portugal,Lisbon,CR,LFM,CDL,2,COM,BP1,RSH2,RMT1,,
96132124-a1aa-455c-a3f7-a3f61300ac52,38.71606899,-9.193232488,,,,,,,,,,,,
83e381ef-c653-47a7-bd65-f2f4c942b2bd,38.69991586,-9.2041125,Portugal,Lisbon,MUR,LWAL,CDL,2,RES,BP1,RSH2,RMT1,,
2b1e9937-bb42-4638-aa1d-edf84e817e75,38.70022554,-9.189983043,Portugal,Lisbon,CR,LDUAL,CDN,06/jul,RES,BP1,RSH1,RMN,,
de9c026c-1458-4787-a83e-d471d541b55f,38.70327343,-9.184291698,,,,,,,,,,,,
b73db248-0a08-4322-b0eb-687c31a61fe8,38.70394035,-9.19710125,Portugal,Lisbon,MUR,LWAL,CDL,5,RES,BP2,RSH1,RMN,,
6f3e4989-a297-408e-aee4-33c3e4b30d61,38.70153127,-9.195980972,,,,,,,,,,,,
dc4b774c-bddd-441b-9f58-b638a8ef3c3c,38.70360285,-9.203802855,Portugal,Lisbon,S,LFM,CDM,4,RES,BP3,RSH2,RMT1,,
965bc1c9-a4c5-43b0-b36b-6d72dc6f8670,38.70538918,-9.185068787,,,,,,,,,,,,
b7c31b70-ba5e-4030-826a-6cc7f7c68157,38.70339534,-9.196786198,Portugal,Lisbon,MUR,LWAL,CDL,4,MIX(RES;COM),BP2,RSH1,RMN,,
20b74022-cb2d-48b8-897c-f172ee3e009c,38.69920299,-9.192826075,Portugal,Lisbon,MUR,LWAL,CDN,1,COM,BP2,RSH1,RMN,,
ec7dc114-8d41-443d-b35a-a1bded1a6868,38.71034515,-9.2134696,,,,,,,,,,,,
a10a7d7a-cb01-46ff-b9ef-bcf2c86311ca,38.70250101,-9.21933427,,,,,,,,,,,,
eee7b102-a467-4c84-b750-270daffd9bfc,38.71023783,-9.201832569,,,,,,,,,,,,
8f1ae150-e2ae-4197-abd9-fdccc24f622c,38.70600324,-9.189736689,Portugal,Lisbon,CR,LDUAL,CDN,5,COM,BP1,RSH2,RMT1,,
03088d9e-9c08-4fb0-b052-d080d00de447,38.7037604,-9.178048501,Portugal,Lisbon,HYB(MCF;MUR),LFM,CDH,13+,RES,BP2,RSH1,RMN,,
57dbb616-5caa-4ff6-b06b-5397a8dc9612,38.69455963,-9.202436749,,,,,,,,,,,,
953732f0-9672-43b9-9f08-c1c1f85db903,38.71206502,-9.209157473,,,,,,,,,,,,
0558b4ad-b66c-40c6-a2f3-c049899c2763,38.70543534,-9.200265616,Portugal,Lisbon,MCF,LWAL,CDH,1,RES,BP1,RSH1,RMN,,
46c55548-0a0d-4ea1-84af-40b913be7233,38.6967878,-9.2143818,Portugal,Lisbon,MUR,LWAL,CDL,1,IND,BP1,RSH1,RMN,,
a5d09072-7035-414c-bd8b-7ee8ca019e7b,38.7099454,-9.201458365,Portugal,Lisbon,MUR,LWAL,CDL,2,RES,BP1,RSH2,RMT1,,
0c469816-8f98-4684-b8cd-b97ac4d2e5da,38.70255078,-9.211957759,,,,,,,,,,,,
3b32f717-123e-4067-b56a-69fce701034f,38.70895291,-9.191150368,,,,,,,,,,,,
2e73fed2-4f35-4cff-973b-9526e9dad3db,38.71331335,-9.184286084,Portugal,Lisbon,MUR,LWAL,CDN,1,RES,BP1,RSH1,RMN,,
1717990a-18b7-435a-85c8-6e4fb5510576,38.70768698,-9.210800315,Portugal,Lisbon,MUR,LWAL,CDL,3,RES,BP1,RSH1,RMN,,
db5bc14c-8c4e-49f4-b557-f538f0d8adf4,38.70359525,-9.195173518,Portugal,Lisbon,MUR,LWAL,CDL,4,RES,BP1,RSH2,RMT1,,
22e4dbe0-28be-4269-8e44-1825f9e567e5,38.70217572,-9.18185647,,,,,,,,,,,,
8a793e1c-ffd4-4555-81d7-475d97f682ca,38.69948681,-9.193560178,,,,,,,,,,,,
9391d29a-158e-4632-8ab8-429b078ba9bd,38.70416741,-9.190220063,Portugal,Lisbon,MUR,LWAL,CDL,5,RES,BP2,RSH2,RMT1,,
506682bf-3b2f-4883-ae89-7233d69e0d1f,38.71556752,-9.216035196,Portugal,Lisbon,MUR,LWAL,CDL,2,RES,BP2,RSH1,RMN,,
71ac5dc8-87b7-4e3e-94ea-582a8e3dd007,38.70145025,-9.21002815,,,,,,,,,,,,
87560385-9ff8-4cd3-b0cd-2064e16439d5,38.70526128,-9.176351781,Portugal,Lisbon,MCF,LWAL,CDH,4,RES,BP2,RSH1,RMN,,
976c9e6d-8cf6-4706-852a-26590f82792a,38.71649088,-9.214391649,Portugal,Lisbon,MUR,LWAL,CDN,2,RES,BP2,RSH1,RMN,,
c2bd60d5-f6d3-479a-aa4b-9371ca9bcf26,38.69879117,-9.191307373,Portugal,Lisbon,CR,LFINF,CDL,4,RES,BP1,RSH2,RMT1,,
96beec59-806a-421b-b25f-767bfcdf8ee8,38.71028556,-9.192054376,Portugal,Lisbon,INF,LN,CDN,1,COM,BP2,RSH2,RMT1,,
5e62f36f-e1a7-4c44-8bf9-12f361860b5d,38.69765018,-9.202669313,Portugal,Lisbon,MUR,LWAL,CDL,2,RES,BP1,RSH2,RMT1,,
66722426-6f5d-48be-a243-8d79259dd243,38.69760019,-9.194489417,Portugal,Lisbon,CR,LFINF,CDN,4,MIX(RES;COM),BP1,RSH1,RMN,,
8322c4f3-58c6-44de-a312-86b26d87a033,38.70503701,-9.177477442,Portugal,Lisbon,MUR,LWAL,CDL,4,RES,BP1,RSH1,RMN,,
9a26f72b-49e6-40ac-9dab-fee89f624438,38.69735555,-9.22521905,Portugal,Lisbon,CR,LFM,CDL,5,RES,BP1,RSH1,RMN,,
c8c42491-8e92-422f-a541-7e8e6ca377f0,38.71802795,-9.21104695,Portugal,Lisbon,MUR,LWAL,CDL,4,RES,BP1,RSH1,RMN,,
39c9e206-4140-4054-ade7-35924489d93e,38.70449184,-9.185590002,,,,,,,,,,,,
739062a8-d38d-4395-b6f2-4f1de6b64073,38.70822964,-9.205965467,Portugal,Lisbon,MUR,LWAL,CDN,3,MIX(RES;COM),BP1,RSH1,RMN,,
6bcea5a5-d9a6-4432-abc6-c8ebd834dce9,38.7049154,-9.188578101,Portugal,Lisbon,CR,LFM,CDL,1,RES,BPD,RSH2,RMT1,,
c3dda194-cf49-40c9-b605-3727ae256874,38.6973569,-9.2111268,Portugal,Lisbon,MUR,LWAL,CDN,4,RES,BP2,RSH1,RMN,,
765df15e-8970-480d-af0b-f8800b063c4a,38.71540249,-9.216065731,Portugal,Lisbon,MUR,LWAL,CDL,3,RES,BP2,RSH2,RMT1,,
f902675d-3710-440f-9668-27903b540b8a,38.72288725,-9.183998376,,,,,,,,,,,,
f8f307e6-a45e-4e18-acc2-97938caad4ba,38.71573082,-9.216600835,Portugal,Lisbon,MUR,LWAL,CDL,2,RES,BP2,RSH1,RMN,,
f826ad27-8c94-4c39-ba83-d455b57c8771,38.70058959,-9.200481897,Portugal,Lisbon,MUR,LWAL,CDL,3,RES,BP1,RSH2,RMT1,,
87a32243-7b30-472b-97ee-1338f406f35f,38.7162697,-9.216093741,Portugal,Lisbon,MUR,LWAL,CDL,2,RES,BP2,RSH2,RMT1,,
b334e0f5-35ca-4dec-b5f7-d7a33a230c35,38.69844472,-9.192680581,,,,,,,,,,,,
42a93f9d-1158-49f9-be05-1b17bdf878f6,38.70157455,-9.212090705,,,,,,,,,,,,
0432f934-f698-4b68-b15c-e87452c927b4,38.69518108,-9.22131021,Portugal,Lisbon,CR,LFM,CDN,1,COM,BPD,RSH5,RMT6,,
b6fd1a9a-56af-4472-905d-25e698d8340a,38.69903547,-9.191375052,Portugal,Lisbon,CR,LFM,CDL,5,RES,BP1,RSH1,RMN,,
4db6ae8f-f447-4460-9265-bdfc458e735b,38.69727927,-9.219443506,,,,,,,,,,,,
981509ee-99a3-4048-b436-4a06913fe780,38.71065651,-9.198292856,Portugal,Lisbon,CR,LDUAL,CDH,08/set,RES,BP1,RSH1,RMN,,
37a4c3d1-298d-4414-9197-8dac6fedd0c7,38.70655336,-9.191303212,Portugal,Lisbon,CR,LDUAL,CDM,08/set,MIX(RES;COM),BPD,RSH1,RMN,,
3956d41b-64bf-45ba-a79d-73c7eaa48707,38.69946331,-9.218666964,Portugal,Lisbon,MUR,LWAL,CDL,2,RES,BPD,RSH1,RMN,,
3a70bc87-ae98-4df0-b155-2fc082cdd779,38.69853176,-9.207513971,,,,,,,,,,,,
3d485f1d-035c-498e-951d-9b98b2be858e,38.70852253,-9.17715366,,,,,,,,,,,,
c3961c86-58ac-4fa7-8cac-a1b4adfa2901,38.7027835,-9.218653182,,,,,,,,,,,,
2378edaf-06ae-4a3b-82aa-9799da92b0bc,38.70040558,-9.176622677,,,,,,,,,,,,
2193fdf8-bcf8-4a66-8da4-6d0f36e0f83e,38.70742038,-9.205434985,Portugal,Lisbon,CR,LFM,CDL,4,MIX(RES;COM),BP1,RSH1,RMN,,
9784095f-684c-48d7-9604-0236448395f3,38.6985467,-9.217577429,,,,,,,,,,,,
bc5e17ef-c925-469f-b597-7db9862e8f23,38.7116688,-9.20137465,,,,,,,,,,,,
03dd42c7-9255-45cd-9e9e-9b514c8dce0d,38.71307213,-9.183441973,,,,,,,,,,,,
aee2a96f-f58b-4090-9e8d-11801cc7cbb3,38.7150955,-9.183670526,,,,,,,,,,,,
f761731c-0239-4df4-bf50-bdf46c686cdb,38.70038987,-9.225411551,Portugal,Lisbon,MUR,LWAL,CDL,5,RES,BP1,RSH1,RMN,,
3a692527-4fb4-4983-b9ef-b99b2d368ce2,38.70013775,-9.2040925,Portugal,Lisbon,MUR,LWAL,CDL,2,RES,BP1,RSH2,RMT1,,
7469436f-369e-4744-8be9-dee5aa3236b1,38.70367869,-9.181926646,Portugal,Lisbon,CR,LFM,CDN,06/jul,RES,BP1,RSH1,RMN,,
556df093-a7c4-4cfc-8160-5a4f2ed883c8,38.69755198,-9.216207536,Portugal,Lisbon,MUR,LWAL,CDL,2,RES,BPD,RSH1,RMN,,
cf560f9f-da02-49f6-aeaf-d42edc3e8916,38.7080077,-9.212481926,Portugal,Lisbon,CR,LFM,CDL,3,RES,BP1,RSH2,RMT1,,
47c1fb30-fb9a-4f1d-870d-4238dd9540bc,38.71748098,-9.192972288,,,,,,,,,,,,
1726e3f8-a458-4c9b-b195-69fae8a6c40c,38.70984687,-9.193786169,Portugal,Lisbon,CR,LFM,CDM,4,RES,BP1,RSH1,RMN,,
471ae737-8bb7-467d-af98-bd5cd2061743,38.69627061,-9.216572963,,,,,,,,,,,,
26a79fd3-e3dc-40c4-bbef-2f9623606fff,38.70352953,-9.175992335,,,,,,,,,,,,
c56aeb33-2570-4810-9d77-2bae0cdde37a,38.71442145,-9.18145795,Portugal,Lisbon,MCF,LWAL,CDL,2,RES,BP1,RSH1,RMN,,
a6387b14-a175-43ea-adf3-af233be09fe0,38.6975924,-9.2149239,Portugal,Lisbon,MUR,LWAL,CDN,2,RES,BP1,RSH2,RMT1,,
0422d5bd-d802-43f6-a1f6-d86339f5588e,38.69859249,-9.204617015,,,,,,,,,,,,
67de8e9a-b9c5-447d-9e43-ae701452be90,38.70265558,-9.182147805,Portugal,Lisbon,MUR,LWAL,CDL,4,RES,BP1,RSH1,RMN,,
db627098-7db4-4fb7-8659-40891f19ea89,38.71084349,-9.200129909,Portugal,Lisbon,MUR,LWAL,CDL,2,RES,BP1,RSH1,RMN,,
92614845-4a2e-4d55-8085-03f5f82ca729,38.70262483,-9.213799399,,,,,,,,,,,,
be95806d-4fa5-45fe-bbfc-6b750d7beb7d,38.70277029,-9.208017511,,,,,,,,,,,,
824d9c60-2d19-4236-8ade-5a1ef79651de,38.70266233,-9.200696458,Portugal,Lisbon,CR,LFM,CDH,4,RES,BP1,RSH1,RMN,,
2415aba8-0acf-4f8a-883d-7f2558dacc05,38.70174398,-9.204747884,,,,,,,,,,,,
99bdf609-3ff1-4661-988c-7c4aadc24f33,38.70255591,-9.18929805,,,,,,,,,,,,
1a035d4b-e3d4-450b-a8ff-fef6a4f6243e,38.70754616,-9.174789595,Portugal,Lisbon,MCF,LWAL,CDN,1,COM,BP2,RSH1,RMN,,
60036b4d-6f9e-40ee-be82-b31faa23d28a,38.71178144,-9.205443464,Portugal,Lisbon,MUR,LWAL,CDN,3,RES,BP1,RSH1,RMN,,
af353918-f208-4e6e-ad55-20d35bb54f19,38.70746767,-9.211788834,Portugal,Lisbon,MCF,LWAL,CDH,2,RES,BP1,RSH1,RMN,,
7d46e5bf-b3d6-483b-b176-48e0bd092ff5,38.70014242,-9.19910373,Portugal,Lisbon,MUR,LWAL,CDL,1,RES,BPD,RSH2,RMT1,,
4135d52c-d77f-46fb-b7d3-406d13ece22d,38.71102138,-9.212551148,Portugal,Lisbon,CR,LDUAL,CDN,06/jul,RES,BP1,RSH1,RMN,,
c0ca9fa1-2338-476a-8a2c-0dcdef0d7255,38.69906937,-9.193103866,,,,,,,,,,,,
cc39c8d0-aabc-4e23-9961-0c7f21c6cac2,38.70053973,-9.193599923,,,,,,,,,,,,
4c4c8691-c428-4a8b-8297-7f32182b2f6d,38.71571947,-9.215733699,Portugal,Lisbon,MUR,LWAL,CDL,2,RES,BP2,RSH2,RMT1,,
b68cb333-1bfc-4e2d-8ac2-bd7d524ce340,38.70021183,-9.216551009,,,,,,,,,,,,
bfcc83a7-71fa-4778-ada4-329fe6c37b5b,38.70312367,-9.211926845,,,,,,,,,,,,
201abe1c-a9fc-45ef-88e2-0549e1f475ca,38.69751779,-9.216603387,,,,,,,,,,,,
51aa1037-8cae-43ab-85c2-ebe1f911650e,38.69768223,-9.194630239,,,,,,,,,,,,
2d25c688-336d-4a65-a1eb-22e9d8a9399f,38.71412746,-9.176292275,,,,,,,,,,,,
db50e4c5-287b-4d7f-bf7a-8bccdc38a5fd,38.70274548,-9.198738306,Portugal,Lisbon,MUR,LWAL,CDL,4,RES,BP1,RSH1,RMN,,
42709434-e539-42b3-9cef-6e1d588dd7d3,38.70407469,-9.201181562,Portugal,Lisbon,MCF,LWAL,CDM,1,IND,BP2,RSH1,RMN,,
90d0aeee-d978-4851-8924-0e49a4afa1e9,38.7010635,-9.191804064,,,,,,,,,,,,
a266cf1d-eb5b-4406-ad99-178cb4e5aeda,38.69697656,-9.202018534,,,,,,,,,,,,
9a1d2587-9e75-46b4-a0de-921acfbc62b9,38.71312559,-9.205369888,Portugal,Lisbon,MUR,LWAL,CDN,1,RES,BP2,RSH2,RMT1,,
d5bb3ee9-48c2-4194-a2b4-71d39fbee82b,38.70812098,-9.216342317,Portugal,Lisbon,CR,LFM,CDN,3,RES,BP2,RSH1,RMN,,
89834c6f-0b52-42db-adc5-4110c75d9f16,38.71176306,-9.200998333,,,,,,,,,,,,
ebd39c10-7787-4c86-852d-2beceb3f2d98,38.69759948,-9.194220057,Portugal,Lisbon,MUR,LWAL,CDN,3,RES,BP1,RSH2,RMT1,,
c3dd62ac-8081-4014-b0d2-b3904fa1af1a,38.71211352,-9.21048805,,,,,,,,,,,,
779a832c-7b21-4e79-8f1d-b2efac5af9fc,38.7020401,-9.220446282,,,,,,,,,,,,
eb458422-01c9-45cc-9c4c-bd1503496fdc,38.70564287,-9.181609859,Portugal,Lisbon,MUR,LWAL,CDL,4,RES,BP1,RSH2,RMT1,,
a1c57dbb-d469-4da0-9865-6d94b7fbf1fd,38.69865566,-9.193802342,,,,,,,,,,,,
7523c8f7-beaa-4af8-ac5c-8a5440e16ea7,38.70004815,-9.217178466,,,,,,,,,,,,
be418325-78c4-4d81-b6aa-fbdba839b2fd,38.70192439,-9.191641628,,,,,,,,,,,,
20ee5950-c40f-4fba-b4c6-fd73aa6a3a99,38.69895441,-9.19907368,Portugal,Lisbon,MUR,LWAL,CDN,1,RES,BP2,RSH2,RMT1,,
61c1331c-bdbb-45a2-af22-54edd4fa9ad7,38.71207665,-9.21602525,,,,,,,,,,,,
37a6b7f4-812d-42f9-9fae-8d51e5435147,38.70204569,-9.187932966,,,,,,,,,,,,
aecce6ad-87af-4d40-a4ba-6529dfe97880,38.70461678,-9.213463913,Portugal,Lisbon,MUR,LWAL,CDN,3,RES,BP2,RSH1,RMN,,
00bdb5fd-9444-440f-944f-a2b3b5f68d4d,38.69755871,-9.202584943,Portugal,Lisbon,MUR,LWAL,CDL,1,RES,BP1,RSH2,RMT1,,
73da5517-e9ef-46f2-83cd-768f2ba22169,38.7054776,-9.182794825,Portugal,Lisbon,MUR,LWAL,CDL,4,RES,BP2,RSH1,RMN,,
623ea592-34d2-4c0d-8087-cfd149dfee86,38.70319182,-9.199784065,Portugal,Lisbon,MCF,LWAL,CDN,4,COM,BP2,RSH1,RMN,,
7897d816-d6c4-4508-9281-236c8375aab7,38.70920443,-9.195363375,Portugal,Lisbon,MUR,LWAL,CDN,3,RES,BP2,RSH1,RMN,,
f2fed2e8-3ca5-4b20-af34-b10ba3f2a4a0,38.715284,-9.21723425,Portugal,Lisbon,MUR,LWAL,CDL,2,RES,BP2,RSH1,RMN,,
bbdccdbb-2eea-401b-a42c-3125f457abb4,38.70651542,-9.174895898,Portugal,Lisbon,MUR,LWAL,CDL,2,RES,BP2,RSH1,RMN,,
6756d019-5f43-4225-ad95-8966c19337fc,38.70194351,-9.181962845,Portugal,Lisbon,MUR,LWAL,CDL,1,RES,BP1,RSH1,RMN,,
f0b2327b-46af-4615-ba3a-d41cce2dd504,38.69436551,-9.211888359,Portugal,Lisbon,HYB(MCF;MUR),LWAL,CDN,1,COM,BPD,RSH2,RMT1,,
32ad57a9-5079-423d-99a2-e8b6d1fd3740,38.696924,-9.222435399,Portugal,Lisbon,MUR,LWAL,CDN,1,COM,BP1,RSH1,RMN,,
2d1a436f-a49c-4c04-ab9b-3d17bf971d4c,38.70410585,-9.198990601,Portugal,Lisbon,MUR,LWAL,CDL,2,RES,BP1,RSH1,RMN,,
e997be77-ed24-4020-a97e-e9cb0d6921a9,38.70426889,-9.21216623,,,,,,,,,,,,
6380c401-a6f7-4ed2-a3e0-70c829ff991d,38.70128584,-9.191688526,Portugal,Lisbon,CR,LFM,CDN,1,COM,BP1,RSH1,RMN,,
f48b6fb0-e279-4230-a2cf-4355f1009e1c,38.7037724,-9.221313005,,,,,,,,,,,,
d942a4ab-4c31-4083-aa9d-b827342f4695,38.69801534,-9.219736464,,,,,,,,,,,,
cb5f668a-946f-42b7-b689-5551627b73e1,38.70108091,-9.183588439,Portugal,Lisbon,CR,LFM,CDM,4,MIX(RES;COM),BP1,RSH1,RMN,,
2c30b646-3466-485d-b183-92e0a1fc0d1e,38.70018003,-9.205749901,Portugal,Lisbon,CR,LFINF,CDL,2,RES,BP2,RSH1,RMN,,
97cab836-b1c4-49a0-854a-722cb3b6e828,38.71070565,-9.20294395,Portugal,Lisbon,MUR,LWAL,CDL,2,RES,BP1,RSH2,RMT1,,
0290e3cf-cace-4638-a3c4-b74a4d323bef,38.70034112,-9.223621917,,,,,,,,,,,,
b80345fa-4a91-478a-a566-1c112ee064f8,38.70352483,-9.203447528,Portugal,Lisbon,CR,LFM,CDN,2,MIX(RES;COM),BP3,RSH1,RMN,,
56781fef-c835-4c16-a06c-06fcca106b41,38.70781677,-9.183755155,,,,,,,,,,,,
e1e97622-0a4c-44d8-9e94-baff5d824ec9,38.69915687,-9.203828004,,,,,,,,,,,,
73c2a35f-53f5-4c00-8935-22bfb4fc6384,38.71174335,-9.2058806,Portugal,Lisbon,MUR,LWAL,CDL,2,RES,BP2,RSH1,RMN,,
6dab509e-8a17-4359-8209-86c2656aabb4,38.7103576,-9.19065515,,,,,,,,,,,,
4ce6c879-f5cb-4a7e-851c-d3520f6ca57a,38.70933,-9.213929489,,,,,,,,,,,,
0809362f-ed2d-49c5-a17b-cae447b14b43,38.69478017,-9.217016518,,,,,,,,,,,,
35cbb471-4e8a-4c92-b641-2276007f538c,38.71764297,-9.212274425,Portugal,Lisbon,S,LFM,CDM,4,IND,BP1,RSH2,RMT1,,
d0210a77-5730-4a2c-86c2-4c64ce3e410a,38.70882071,-9.194240646,Portugal,Lisbon,MUR,LWAL,CDL,2,RES,BP1,RSH2,RMT1,,
372ec098-f4db-42ad-800a-617cf6714d28,38.70378498,-9.182055294,,,,,,,,,,,,
d811ac58-0ec9-4b6e-85e8-9514f2ebb4bb,38.70357672,-9.183975857,Portugal,Lisbon,CR,LFM,CDL,2,MIX(RES;COM),BP2,RSH1,RMN,,
19d98077-3b29-495b-8d29-6d33583f100c,38.7066236,-9.192401108,Portugal,Lisbon,MUR,LWAL,CDN,1,RES,BP2,RSH1,RMN,,
03a664c1-d4c8-44a7-89b8-4c011f274f14,38.70244539,-9.19371058,Portugal,Lisbon,MUR,LWAL,CDL,2,RES,BP2,RSH2,RMT1,,
a04fd1bf-2ced-4ee4-88d2-ede3cf4896ae,38.70420437,-9.197497828,Portugal,Lisbon,CR,LFM,CDN,1,RES,BP2,RSH2,RMT1,,
df9acd7e-6f2e-4075-8711-17ff145da20b,38.70212172,-9.191185575,Portugal,Lisbon,CR,LFINF,CDL,06/jul,MIX(RES;COM),BPD,RSH1,RMN,,
6d99da5a-41b7-4561-90f8-3814eec4fe93,38.70726764,-9.194121677,Portugal,Lisbon,CR,LDUAL,CDH,06/jul,COM,BPD,RSH2,RMT1,,
47985104-a2f6-4f19-8230-fba1821d1ca8,38.71858035,-9.21176005,,,,,,,,,,,,
7ded464c-8ed1-4e01-9d6b-cce27dc8d144,38.71651325,-9.213519614,,,,,,,,,,,,
c396492f-c5a5-4cc8-8078-df022274b8ab,38.69915893,-9.214487145,,,,,,,,,,,,
b5b9cb4b-e88d-4810-8e7c-cdf1cebd44a6,38.70026445,-9.192887577,Portugal,Lisbon,MCF,LWAL,CDL,4,RES,BP2,RSH1,RMN,,
1c9d71e4-19c5-4971-a052-111cd51df11e,38.70536615,-9.174666931,Portugal,Lisbon,CR,LFM,CDN,1,COM,BPD,RSH1,RMN,,
8a2ef8b8-d9a4-40a5-96d9-cd312c2af76a,38.69916763,-9.219075067,,,,,,,,,,,,
ecce7863-5275-4a76-99f4-f10d1b4df60b,38.70213711,-9.200939794,Portugal,Lisbon,MCF,LWAL,CDL,1,COM,BP1,RSH1,RMN,,
359bc86e-f93d-43f4-93a5-b90db6403198,38.70081658,-9.204001691,Portugal,Lisbon,CR,LFM,CDL,4,RES,BP1,RSH2,RMT1,,
44232a65-5aac-480c-85aa-595e3a746f51,38.70010052,-9.201386106,,,,,,,,,,,,
ac710228-ae29-4cdd-9da6-c48770b5779a,38.70181106,-9.205140623,Portugal,Lisbon,MCF,LWAL,CDL,2,RES,BP2,RSH2,RMT1,,
3f24a9b8-d113-4998-88db-88fe0eafba86,38.70038035,-9.2004606,,,,,,,,,,,,
17808509-0a8a-4359-865e-67829de362b7,38.69557322,-9.215887659,Portugal,Lisbon,MUR,LWAL,CDN,3,RES,BP1,RSH1,RMN,,
6695ed1d-da80-4390-9f1d-a391b6c1b783,38.71326794,-9.18574639,,,,,,,,,,,,
ea82315d-d689-44df-a0e9-b752f6af8608,38.70693437,-9.193986379,,,,,,,,,,,,
b5ba88a3-0bb4-4f22-aedc-1532ba3f55b1,38.69965087,-9.204919141,Portugal,Lisbon,MUR,LWAL,CDL,3,RES,BP2,RSH1,RMN,,
898b7e35-9bca-4c55-afdf-2cfb2256ba7a,38.69906113,-9.200813606,,,,,,,,,,,,
f6656a1a-ea15-4961-bb76-b1127a61100e,38.70138542,-9.191671079,,,,,,,,,,,,
20582bfa-e36e-4780-b303-7abb30f132de,38.70798457,-9.194520091,Portugal,Lisbon,CR,LFM,CDH,5,RES,BP1,RSH2,RMT1,,
bfbf1361-2c84-4c50-8286-53e94c8b5f11,38.71202752,-9.204697131,Portugal,Lisbon,MUR,LWAL,CDL,2,RES,BPD,RSH2,RMT1,,
13b54c5e-e634-42b2-95e4-a5286a6d3e4a,38.69969385,-9.225329033,Portugal,Lisbon,CR,LFM,CDN,5,RES,BP2,RSH1,RMN,,
1336ae55-750f-4b88-91e6-7ae670f867ec,38.70759085,-9.20550765,Portugal,Lisbon,MUR,LWAL,CDL,3,RES,BP1,RSH1,RMN,,
a6af3603-2e30-4e47-a29e-e0a55b79f8ee,38.70224672,-9.20473309,Portugal,Lisbon,MUR,LWAL,CDN,4,RES,BP2,RSH1,RMN,,
cc6c1b04-4152-44de-9dd8-857db322ba28,38.70738449,-9.192857254,,,,,,,,,,,,
b4c51520-880b-4f7e-91a4-af74969b50e5,38.69921044,-9.193256155,,,,,,,,,,,,
e2c6acc3-b630-4a5a-8b56-cac9847e78a8,38.70023286,-9.190079617,Portugal,Lisbon,MUR,LWAL,CDL,2,RES,BP2,RSH2,RMT1,,
d0a4a45f-8a4c-430c-a0f1-fb30bacc4958,38.70528894,-9.180936168,Portugal,Lisbon,CR,LFINF,CDL,4,RES,BP1,RSH1,RMN,,
6600ac7d-456d-47b9-9f44-0c5d9949a002,38.69992013,-9.209315523,,,,,,,,,,,,
99d069ea-f795-4597-857e-40cc871deec9,38.70268043,-9.18744245,,,,,,,,,,,,
24d003e4-2266-40f0-8bfd-9cde676a59ca,38.71674937,-9.21622203,,,,,,,,,,,,
f656036d-acd8-4cef-9303-c5130b23556a,38.69871079,-9.216678065,,,,,,,,,,,,
6159a8c1-247a-4181-b31d-f137a81dc29f,38.69638065,-9.216927898,,,,,,,,,,,,
35581d36-08d4-46cb-beff-830e32078edf,38.71270672,-9.216528662,,,,,,,,,,,,
d083937a-6882-42c6-967b-4327e6cf1877,38.70703137,-9.19083748,Portugal,Lisbon,MUR,LWAL,CDN,1,RES,BPD,RSH2,RMT1,,
769f3817-8ad4-4678-bb59-c6e0bfa07411,38.70043951,-9.205856065,Portugal,Lisbon,CR,LFINF,CDL,4,MIX(RES;COM),BP2,RSH1,RMN,,
21d85f02-fe08-4aaa-b295-d15fdf7e8478,38.70349673,-9.195421092,Portugal,Lisbon,CR,LFM,CDM,4,COM,BP2,RSH1,RMN,,
e30fef4c-0620-4a84-9a81-3464b14f6bfb,38.70037961,-9.17674231,,,,,,,,,,,,
63e0ae68-e7aa-4003-a5a4-baedf215fe9b,38.70978911,-9.175224185,Portugal,Lisbon,CR,LFM,CDM,1,COM,BP2,RSH2,RMT1,,
fdd926f0-664f-475f-b8c2-9521943cc492,38.70299493,-9.193202408,Portugal,Lisbon,MUR,LWAL,CDL,4,MIX(RES;COM),BP3,RSH1,RMN,,
0c6efe80-821f-449c-912b-86a6ca3e59b2,38.71356312,-9.205212251,Portugal,Lisbon,MUR,LWAL,CDN,1,RES,BP2,RSH2,RMT1,,
922fb73d-3341-48d7-a5c7-9e7a7470e0a5,38.69889946,-9.184497769,Portugal,Lisbon,CR,LFM,CDN,2,COM,BP1,RSH2,RMT1,,
791ff12b-318b-4c19-a8e1-cf0c024e2eb4,38.70870628,-9.175914307,Portugal,Lisbon,MUR,LWAL,CDN,2,MIX(RES;COM),BP2,RSH1,RMN,,
505a02c4-09bb-4205-a0a7-7cd983c093dc,38.70487578,-9.186663527,,,,,,,,,,,,
4d82625f-e624-4061-a4c6-88b790d1248d,38.70120715,-9.179852009,,,,,,,,,,,,
1dee0b57-ed18-41bc-94cb-cb9503827f6a,38.70088785,-9.219769184,Portugal,Lisbon,MUR,LWAL,CDN,2,RES,BP2,RSH1,RMN,,
cca68271-9e03-4743-adeb-b8132dd43984,38.70551507,-9.18470005,Portugal,Lisbon,CR,LFM,CDL,5,RES,BP1,RSH1,RMN,,
ab2b1682-1e5d-4da2-a195-d2107682cdb6,38.70512706,-9.199437476,Portugal,Lisbon,MUR,LWAL,CDL,2,RES,BP1,RSH2,RMT1,,
f41caeb6-a0fd-4020-a65c-c190d3db3dd0,38.70389045,-9.1771695,Portugal,Lisbon,CR,LFM,CDN,3,RES,BP2,RSH1,RMN,,
bd84f23c-46b3-4452-b08b-eccbac169d02,38.71185393,-9.204561607,Portugal,Lisbon,MCF,LWAL,CDH,2,IND,BPD,RSH2,RMT1,,
4f2d72b4-9348-43c1-9b5b-a1c69f5f615d,38.70273924,-9.193793005,Portugal,Lisbon,MUR,LWAL,CDL,2,RES,BP2,RSH3,RMT1,,
e4310533-aba4-4143-b1e2-d1a749ea928b,38.6989922,-9.212023645,Portugal,Lisbon,MUR,LWAL,CDN,1,RES,BPD,RSH1,RMN,,
9e00cf28-5b16-4d29-95c4-33458c67e2a7,38.70166555,-9.189861846,,,,,,,,,,,,
6ff5be88-526e-4a45-80ee-ec98584d4fe7,38.71317094,-9.215644109,,,,,,,,,,,,
81f50824-f939-444e-a0e8-c706b49d2a83,38.70648787,-9.175347612,Portugal,Lisbon,MUR,LWAL,CDL,3,COM,BP2,RSH1,RMN,,
ca2888bf-c47c-45b3-98f3-5468657c68d6,38.70540857,-9.188643513,Portugal,Lisbon,CR,LFINF,CDL,4,RES,BP3,RSH2,RMT1,,
13888510-bc98-4355-b42f-9bf6a6f1bfb9,38.69502105,-9.221395155,Portugal,Lisbon,CR,LFM,CDN,1,RES,BP1,RSH2,RMT1,,
d2d5da57-df8e-46e1-aa77-cc4afa6bb538,38.71160272,-9.200337352,Portugal,Lisbon,MCF,LWAL,CDH,2,COM,BPD,RSH2,RMT1,,
1c85f842-0fbe-4f60-9b9f-c5e2606f8472,38.71926211,-9.186505143,,,,,,,,,,,,
6bcf3478-8add-4ed0-99f0-540dafc7695b,38.69891592,-9.215097315,,,,,,,,,,,,
54cc0520-fea7-4f3d-b646-c77297208fd6,38.69886441,-9.218063677,,,,,,,,,,,,
f67f996c-f4f3-42ee-b798-d1560231ed23,38.7051905,-9.199628438,Portugal,Lisbon,MCF,LWAL,CDL,2,RES,BP2,RSH1,RMN,,
94dc46e0-f30d-4dc3-acc5-daa8e5febd06,38.69683651,-9.223974205,,,,,,,,,,,,
415cce60-e489-4843-a416-aeafc40e8761,38.70513068,-9.18614265,,,,,,,,,,,,
2e623bf6-1a10-4443-a016-1a64c5ba016c,38.70415625,-9.217825448,,,,,,,,,,,,
61f1efc5-1db8-4183-afd7-338684f80ffe,38.69875741,-9.188754725,,,,,,,,,,,,
403a1ede-95d0-4dcc-88c8-0265721ed501,38.70936642,-9.198037014,,,,,,,,,,,,
0dd56940-6922-425e-8318-f0de89923034,38.69930768,-9.217534181,Portugal,Lisbon,MUR,LWAL,CDN,1,RES,BPD,RSH2,RMT1,,
c50b75bf-790f-40d9-970b-004c1074a17f,38.7032921,-9.18624325,,,,,,,,,,,,
f4a26ceb-83f8-4bd6-97f3-ff63f463e359,38.70548413,-9.182604192,Portugal,Lisbon,MUR,LWAL,CDL,3,RES,BP1,RSH1,RMN,,
cfae1e76-07e7-4a36-a526-785dd537470c,38.71467656,-9.183395194,,,,,,,,,,,,
274c6922-7826-48e8-b38d-b51d28a46935,38.71635778,-9.21569704,,,,,,,,,,,,
eb4117e0-d3dc-41b0-b65f-2301491af6d7,38.70157784,-9.196636816,Portugal,Lisbon,MUR,LWAL,CDN,1,IND,BPD,RSH2,RMT1,,
dc94b825-4a02-4ce2-9cc2-d202c981824d,38.69810648,-9.217599002,Portugal,Lisbon,MUR,LWAL,CDN,3,RES,BP2,RSH1,RMN,,
d6567f79-cd21-4c47-9c40-99f4d7f8402c,38.71252439,-9.205552138,Portugal,Lisbon,MUR,LWAL,CDN,2,RES,BP2,RSH2,RMT1,,
da2c7bb0-55fb-44dd-ba38-78335ecea17e,38.7102591,-9.21368205,,,,,,,,,,,,
3a7e8748-4b12-457a-a323-d141970a78b3,38.70330722,-9.175307749,Portugal,Lisbon,CR,LFM,CDN,4,COM,BP2,RSH1,RMN,,
fb07e2ee-b20c-4cca-8c5a-356524c80940,38.70254971,-9.18023514,Portugal,Lisbon,MUR,LWAL,CDL,1,RES,BP1,RSH2,RMT1,,
3fe9f2d0-a4b3-4914-a485-34c91033c772,38.70385038,-9.184131883,Portugal,Lisbon,CR,LFM,CDM,3,RES,BP1,RSH1,RMN,,
4bf9f488-7b15-4bf8-91df-05e6a401a7cc,38.69702362,-9.202928644,Portugal,Lisbon,HYB(MCF;MUR),LDUAL,CDN,13+,RES,BPD,RSH1,RMN,,
62db8e41-0281-4430-867e-959477bd4130,38.69914219,-9.201885279,,,,,,,,,,,,
b58a8a4c-7d7c-4c0d-8dbb-32dca559c1bd,38.7151155,-9.21616055,Portugal,Lisbon,MCF,LWAL,CDL,3,RES,BP1,RSH1,RMN,,
b8967deb-c743-472f-86ad-3481d9c9bf3d,38.70313594,-9.209513799,,,,,,,,,,,,
e824f085-21b6-4724-9249-19c400186dba,38.70493222,-9.193358215,Portugal,Lisbon,CR,LFM,CDM,08/set,RES,BP3,RSH1,RMN,,
ee7faea1-f055-44ca-a239-92c6e11c2420,38.70997369,-9.199651232,Portugal,Lisbon,MUR,LWAL,CDL,1,COM,BP2,RSH1,RMN,,
fd29042d-0e73-4069-842e-218e95c1946f,38.70509425,-9.184999483,Portugal,Lisbon,MUR,LWAL,CDL,4,RES,BP1,RSH2,RMT1,,
cdc9cdd5-23dc-4a4a-85bd-be5066f7de37,38.7041133,-9.19306615,Portugal,Lisbon,MR,LWAL,CDL,1,RES,BP1,RSH2,RMT1,,
bea153a4-dd08-4136-af6b-3b584b83c4ae,38.70406127,-9.203342883,Portugal,Lisbon,CR,LFINF,CDL,2,MIX(RES;COM),BP2,RSH3,RMT1,,
83694091-39e9-4edc-91fc-58fa7f29ad70,38.69949622,-9.212315841,,,,,,,,,,,,
22effe2c-96cc-4b9a-afae-f1a522bfa9a6,38.707293,-9.191178479,Portugal,Lisbon,HYB(MCF;MUR),LWAL,CDL,2,RES,BP2,RSH1,RMN,,
0ec06621-619c-4c19-b92b-d9316e354a7e,38.70142161,-9.184547326,Portugal,Lisbon,MUR,LWAL,CDL,1,RES,BP2,RSH2,RMT1,,
8fb00663-10c2-49f0-ae66-00aff04d421e,38.70534335,-9.185657265,Portugal,Lisbon,MUR,LWAL,CDN,1,RES,BP1,RSH1,RMN,,
4ae19432-8f46-4b19-86b5-e91397460520,38.70189563,-9.20077035,,,,,,,,,,,,
eb4a079f-b68a-4a4a-9c6c-0b957f5c4a54,38.70596283,-9.207052345,Portugal,Lisbon,CR,LFM,CDN,06/jul,RES,BP1,RSH1,RMN,,
2158d1ad-8a4a-4d0e-8085-c9a81d9ac3b0,38.70232355,-9.21938325,,,,,,,,,,,,
60acf474-2e36-4dd3-aa31-a72ba384462c,38.6992321,-9.21294875,,,,,,,,,,,,
28729b31-d9cf-493b-9f97-552a4a6cf8a1,38.71167679,-9.203821689,Portugal,Lisbon,MUR,LWAL,CDL,1,RES,BPD,RSH1,RMN,,
c92c122c-b55d-4185-9f97-b1ac21f609b4,38.69810236,-9.191087833,Portugal,Lisbon,MUR,LWAL,CDN,2,RES,BP2,RSH1,RMN,,
de0abfb0-2102-4b97-9363-ff06a6fe4dd5,38.70673897,-9.191332686,Portugal,Lisbon,CR,LDUAL,CDL,06/jul,RES,BP3,RSH1,RMN,,
30543626-438c-48f8-be30-7283c3170b50,38.70181433,-9.214972757,,,,,,,,,,,,
95cdb79e-339c-407b-9ad2-22940efd671a,38.71628557,-9.213759252,Portugal,Lisbon,MUR,LWAL,CDL,2,RES,BP1,RSH2,RMT1,,
82ebe0a4-6085-43b5-aa28-274902a05889,38.69982064,-9.204957599,Portugal,Lisbon,MUR,LWAL,CDL,1,RES,BP2,RSH3,RMT1,,
22adf084-fb14-4712-8dca-6b2bb8c1aea9,38.704496,-9.211116463,,,,,,,,,,,,
1284bff2-a49c-4fde-8d77-d69f30280dbb,38.70015361,-9.220008425,,,,,,,,,,,,
f82295f5-9a8c-47fd-8667-ba89b184558b,38.7028931,-9.194538872,Portugal,Lisbon,MUR,LWAL,CDL,2,RES,BP1,RSH2,RMT1,,
58e93abf-d8bb-4ac1-95e3-2f29075ecc58,38.7047556,-9.202684802,Portugal,Lisbon,MUR,LWAL,CDL,3,COM,BP1,RSH2,RMT1,,
b71ce32b-0d4d-4161-9e7a-98a12d300553,38.70706919,-9.201227608,,,,,,,,,,,,
5b726095-fa6b-4989-bc39-132f2d48a5c6,38.70014203,-9.222557553,,,,,,,,,,,,
024afc1f-2cc1-41ba-998e-119f03efa9d3,38.70346579,-9.195712412,Portugal,Lisbon,CR,LFINF,CDM,3,MIX(RES;COM),BP2,RSH1,RMN,,
177e0ec7-61c7-4e37-8bc1-eeaece884eb1,38.69684615,-9.20251255,,,,,,,,,,,,
698253ac-c4f2-4c9d-ab67-4ef015ff78f9,38.7128584,-9.214916764,Portugal,Lisbon,CR,LFM,CDH,5,RES,BPD,RSH1,RMN,,
0dbf5d87-3524-45bb-9ec8-8fdb4d3fa89c,38.6986251,-9.2137302,Portugal,Lisbon,MUR,LWAL,CDL,2,RES,BPD,RSH2,RMT1,,
bddd5a90-49cb-4834-9476-494962c9a268,38.70900019,-9.176195728,Portugal,Lisbon,MUR,LWAL,CDL,4,RES,BP1,RSH2,RMT1,,
ac01bb84-1690-4342-b6db-3725365070f3,38.70433935,-9.203706947,Portugal,Lisbon,MUR,LWAL,CDL,1,RES,BP2,RSH1,RMN,,
a8661e10-d7ab-4b3e-80a3-6a88a593842d,38.70549407,-9.181156339,Portugal,Lisbon,CR,LFM,CDH,4,RES,BP1,RSH1,RMN,,
faa9287f-f136-43e0-b52e-223f1f6c45c0,38.70426594,-9.202968326,Portugal,Lisbon,MCF,LWAL,CDM,3,RES,BP2,RSH1,RMN,,
c9fd0258-f8b4-4c1f-b67d-3f8771d4c616,38.7058884,-9.175829917,,,,,,,,,,,,
f6e6cb06-e7ad-4a93-a2b3-b8e9711c61c0,38.70160352,-9.206160607,,,,,,,,,,,,
3f2c4fa8-dabb-44d3-9898-afc707e62fc4,38.70874817,-9.198173509,Portugal,Lisbon,MUR,LWAL,CDN,3,RES,BP1,RSH2,RMT1,,
4c6db001-8ca3-4f47-a654-10b4d42d3a0d,38.70171152,-9.19169514,Portugal,Lisbon,CR,LFM,CDL,4,MIX(RES;COM),BP3,RSH1,RMN,,
92d5726f-bfd4-427f-bdc9-59b98f2e46b5,38.70891662,-9.199545812,Portugal,Lisbon,MUR,LWAL,CDL,1,RES,BP1,RSH2,RMT1,,
fd8ccae0-4a24-4e0d-a9bc-f5f9abb7568a,38.7007892,-9.189392231,Portugal,Lisbon,CR,LFM,CDM,4,RES,BP2,RSH1,RMN,,
0e8e8696-93bc-48f5-9787-959703b17ba1,38.69786891,-9.213069434,Portugal,Lisbon,CR,LFM,CDN,2,RES,BP1,RSH1,RMN,,
bbf04593-1885-479b-b814-6057936d86b6,38.70234525,-9.205374222,,,,,,,,,,,,
923aaea0-53d5-4c25-8582-b8398a4ba1d0,38.71335817,-9.205239261,Portugal,Lisbon,MUR,LWAL,CDL,2,RES,BP1,RSH1,RMN,,
e4baae98-072c-4989-b6da-da1e79de8c09,38.69721377,-9.215395441,Portugal,Lisbon,MUR,LWAL,CDL,2,RES,BP2,RSH1,RMN,,
dd0601dc-5c49-424e-ab04-9f69399bc16f,38.69757567,-9.203924496,,,,,,,,,,,,
7481b2ca-5a29-4fad-9f55-5eafe5eb2a96,38.70529167,-9.179000304,,,,,,,,,,,,
1e4dda3f-0dcd-4025-a916-97ba98f82f69,38.70034602,-9.19056675,Portugal,Lisbon,CR,LFINF,CDL,4,MIX(RES;COM),BP2,RSH2,RMT1,,
5cd59ba5-a9c3-4d94-af93-c2835a0081c1,38.69604495,-9.22261515,,,,,,,,,,,,
adeacc50-c3c9-4b9e-8f98-75fcaea2f9f9,38.71549077,-9.213816024,Portugal,Lisbon,CR,LFM,CDH,4,RES,BPD,RSH1,RMN,,
3dda4a34-af1e-47ce-b267-1685b1000fcc,38.70162487,-9.20568253,Portugal,Lisbon,MUR,LWAL,CDL,3,RES,BP1,RSH2,RMT1,,
70ed046a-96f1-4ccc-a3d6-922cbce2f9be,38.70289102,-9.202626119,,,,,,,,,,,,
2088ce97-d796-4554-892c-f8b40b2bd9f4,38.70961346,-9.213851663,Portugal,Lisbon,CR,LDUAL,CDN,1,RES,BPD,RSH1,RMN,,
1f6a1b88-4caa-4d90-8547-96a41444ed44,38.69844715,-9.218642174,,,,,,,,,,,,
d6c6243b-b594-4a59-bae2-3d1dda2c4409,38.70569697,-9.191051423,Portugal,Lisbon,S,LFM,CDM,4,IND,BPD,RSH1,RMN,,
e012839c-63bb-4aa9-a8d5-4733191c0e73,38.69748287,-9.19291605,Portugal,Lisbon,MUR,LWAL,CDL,1,RES,BP1,RSH2,RMT1,,
968d8dc4-ea2b-4817-9a2f-b323b7e56b8e,38.70046919,-9.219717917,,,,,,,,,,,,
2e17652c-6ac7-4290-a430-290b377173c1,38.69946953,-9.204386652,Portugal,Lisbon,MUR,LWAL,CDL,2,RES,BP1,RSH7,RMT6,,
34423644-d286-4c6c-9e5f-1acf6723eff4,38.7112895,-9.197866179,,,,,,,,,,,,
bc2400a4-982c-40ee-85d6-fcdedc2778d2,38.71269983,-9.215436867,,,,,,,,,,,,
f809540f-4e3d-4251-a1c8-d2eaab3872a5,38.70570995,-9.2017355,,,,,,,,,,,,
2e4695b7-e0ff-4680-bc62-a0c5d39f75ca,38.70820388,-9.215256427,,,,,,,,,,,,
884d42b3-5366-4550-a105-b54118cdc9d7,38.7105339,-9.197397509,Portugal,Lisbon,CR,LFM,CDH,1,RES,BP1,RSH1,RMN,,
2d29e22d-3395-445c-91aa-faf70d909181,38.69913287,-9.223968484,Portugal,Lisbon,MUR,LWAL,CDN,2,RES,BP2,RSH2,RMT1,,
9514f283-cd53-482c-83f7-f6bd80aca839,38.70011134,-9.202140578,,,,,,,,,,,,
e25a2c22-b6e2-445c-8df6-eb2d604bcbc6,38.6989362,-9.219485148,,,,,,,,,,,,
e510258b-2c24-4882-beb4-89d296a94d15,38.70534875,-9.2056362,Portugal,Lisbon,CR,LFM,CDL,08/set,MIX(RES;COM),BP1,RSH1,RMN,,
1513c613-2e32-420a-b638-6d162328e81a,38.70775485,-9.18774945,,,,,,,,,,,,
a0123d19-20a4-483f-8460-817b25e134c0,38.70280202,-9.19496986,Portugal,Lisbon,MUR,LWAL,CDL,4,RES,BP1,RSH1,RMN,,
50cb57ff-2164-4236-944b-ba21e59fc568,38.70789422,-9.210743985,Portugal,Lisbon,MUR,LWAL,CDN,5,RES,BP1,RSH1,RMN,,
bea8d871-0526-4cfe-8160-df1450ec85c2,38.69672584,-9.217545268,Portugal,Lisbon,MUR,LWAL,CDN,2,RES,BP2,RSH2,RMT1,,
7cfa69cc-e3d2-4572-b4a7-ec80ab046175,38.71352406,-9.208660698,Portugal,Lisbon,MUR,LWAL,CDL,2,RES,BP1,RSH2,RMT1,,
b05b7f25-0d9e-4c2b-a0cf-32db4b2efb5d,38.69794895,-9.192761132,Portugal,Lisbon,CR,LDUAL,CDL,4,MIX(RES;COM),BPD,RSH2,RMT1,,
a9c6bdc2-d81c-4c22-add2-1a8715fe64bc,38.69727177,-9.216401842,Portugal,Lisbon,MUR,LWAL,CDL,2,RES,BP1,RSH1,RMN,,
f84a82b2-c42f-4ed4-bb94-2d6271a2d8cb,38.70901719,-9.194085956,Portugal,Lisbon,S,LFM,CDL,1,IND,BP1,RSH1,RMN,,
52489e80-06bf-4af5-a0fa-25db4884b461,38.7030392,-9.2111584,Portugal,Lisbon,CR,LFM,CDH,2,RES,BP1,RSH1,RMN,,
58f6ecbd-3930-414b-8b3a-284b08abaa7a,38.69913018,-9.217761791,Portugal,Lisbon,MUR,LWAL,CDL,2,RES,BP2,RSH2,RMT1,,
5904d453-d3f9-4474-a3cf-7874d3c7612b,38.70817506,-9.195794317,,,,,,,,,,,,
db5a5953-39a9-4d24-873c-ac539081bbef,38.71159872,-9.202061356,Portugal,Lisbon,MUR,LWAL,CDL,2,RES,BP2,RSH2,RMT1,,
b6ae4976-55fe-4662-894f-a44fcc19c150,38.7127022,-9.203416463,Portugal,Lisbon,W,LWAL,CDN,1,IND,BPD,RSH2,RMT1,,
8eacbf76-fc69-4aa3-9817-c82c13150382,38.70427438,-9.180183204,,,,,,,,,,,,
bd1808ad-961e-4d94-ab34-ee6e46fddefc,38.7033457,-9.19966435,Portugal,Lisbon,CR,LFM,CDL,4,RES,BP1,RSH1,RMN,,
ff570bfb-f4f8-461e-a139-0f9aca79b62e,38.7100889,-9.201895,Portugal,Lisbon,MUR,LWAL,CDN,1,RES,BPD,RSH2,RMT1,,
edc11d1c-480f-488c-a9b6-f2cad07bfce6,38.70108395,-9.190118581,Portugal,Lisbon,CR,LFM,CDN,06/jul,MIX(RES;COM),BP3,RSH1,RMN,,
15480060-0ec3-403a-937a-990d8d6efd6c,38.7158111,-9.21392745,Portugal,Lisbon,MUR,LWAL,CDL,2,RES,BP2,RSH1,RMN,,
13b772b2-38bc-4abb-8ba7-821b68123ce3,38.70227195,-9.175812966,Portugal,Lisbon,CR,LFINF,CDN,1,COM,BPD,RSH2,RMT1,,
370a8e84-d465-4094-8943-11badb29d466,38.69910805,-9.204943337,Portugal,Lisbon,MUR,LWAL,CDL,2,RES,BP1,RSH5,RMT1,,
ec7c6052-cd0b-4005-a50e-4aa179a817d9,38.7057804,-9.198805575,Portugal,Lisbon,MUR,LWAL,CDL,1,COM,BP2,RSH2,RMT1,,
b9036f51-0622-41b7-8bf4-b718ecc96c0d,38.70187997,-9.203122005,Portugal,Lisbon,CR,LFINF,CDL,5,RES,BP2,RSH1,RMN,,
291c8e72-d962-4763-824e-1d609dbc368b,38.70371992,-9.179020061,Portugal,Lisbon,HYB(MCF;MUR),LWAL,CDL,4,RES,BP1,RSH2,RMT1,,
34296942-843d-4adf-ac40-3b2b2553f360,38.70896363,-9.194470487,,,,,,,,,,,,
40fa703a-7767-482d-a491-6f64fa0ce11a,38.7007821,-9.18801282,,,,,,,,,,,,
0895cd8f-21c6-4085-b958-090295e6e65b,38.70894372,-9.191659418,Portugal,Lisbon,S,LFM,CDL,2,MIX(RES;COM),BP1,RSH2,RMT1,,
d2ce7617-cd31-4288-81da-4bb4ccfb1def,38.70003923,-9.222071441,Portugal,Lisbon,MUR,LWAL,CDN,1,RES,BP2,RSH2,RMT1,,
3167266c-f016-4305-8a7e-51056173c92c,38.70795385,-9.2000546,,,,,,,,,,,,
5bc63d26-1cf9-4e59-bca1-50948a46a120,38.70918131,-9.198827463,,,,,,,,,,,,
6f01f124-bfe5-42ba-8786-77aebcb594a3,38.70633664,-9.177485338,Portugal,Lisbon,MUR,LWAL,CDN,2,RES,BP1,RSH1,RMN,,
d3345521-bb98-4e43-aa7e-583d4f2b2a7c,38.70115168,-9.18401731,Portugal,Lisbon,MCF,LWAL,CDL,3,COM,BP2,RSH1,RMN,,
db31763a-ea5e-4bd8-aa11-4477214b42b5,38.71217715,-9.209704664,,,,,,,,,,,,
763cda1e-703a-4853-9b1d-f4174fe0760e,38.71619782,-9.215549325,Portugal,Lisbon,MUR,LWAL,CDN,2,IND,BP2,RSH2,RMT1,,
4cdbe995-bec5-4334-92a9-ffa31d5a7588,38.6986466,-9.196744824,,,,,,,,,,,,
dfadb1a2-21e6-4716-b8cf-48b5ece5c3a4,38.71519705,-9.216471025,Portugal,Lisbon,MUR,LWAL,CDL,3,IND,BP1,RSH2,RMT1,,
b24ec128-4c8b-4f48-9c13-8ecf5c88574c,38.69827305,-9.215644219,,,,,,,,,,,,
2477541f-0572-4c8e-a78d-66553b8f5f98,38.69837771,-9.217362875,,,,,,,,,,,,
f156c7aa-a8d8-4698-a223-565ec1181d43,38.71388585,-9.209678769,,,,,,,,,,,,
429e0249-286f-4e49-adb4-cf61388c2ced,38.70391572,-9.185232178,Portugal,Lisbon,MUR,LWAL,CDN,1,RES,BP1,RSH1,RMN,,
bdf1fc4f-ecdc-4dec-b999-61306344c0ae,38.71097267,-9.204447131,Portugal,Lisbon,MUR,LWAL,CDL,3,RES,BP1,RSH1,RMN,,
5621acc5-87ba-4fc9-8f76-735c0a124078,38.69965802,-9.192243548,Portugal,Lisbon,MUR,LWAL,CDL,4,RES,BP2,RSH1,RMN,,
55844241-8168-4eec-b60c-204119727266,38.69930183,-9.198904408,,,,,,,,,,,,
827e6003-d26d-4092-87f8-a9fe7677b8cf,38.70879624,-9.174973926,Portugal,Lisbon,MUR,LWAL,CDL,2,RES,BP1,RSH2,RMT1,,
640175e8-c101-44d2-99c2-edc3c3cae591,38.70706286,-9.214936792,Portugal,Lisbon,MUR,LWAL,CDL,2,RES,BP1,RSH2,RMT1,,
e7011d06-d9ea-4aa3-8709-196bb96ad23c,38.71163773,-9.199963864,Portugal,Lisbon,MUR,LWAL,CDL,2,RES,BP1,RSH1,RMN,,
f55a529a-88e1-4678-99ff-832ed032488a,38.7002784,-9.189016263,,,,,,,,,,,,
9cd90dd6-af2b-4fbf-a6f9-ef85c2d62c2f,38.70167779,-9.191234991,,,,,,,,,,,,
72102cb9-d4b8-4f9b-b89e-e08a5935613d,38.69987825,-9.220664278,Portugal,Lisbon,MUR,LWAL,CDL,2,RES,BP2,RSH2,RMT1,,
79dc4b45-e76c-4ef4-92a5-4b121a26f234,38.71696106,-9.212279054,Portugal,Lisbon,MUR,LWAL,CDL,2,RES,BPD,RSH2,RMT1,,
4cf7e77e-5935-4eef-ab39-8c2c0ca63e00,38.70376229,-9.177376735,Portugal,Lisbon,CR,LDUAL,CDH,10/dez,IND,BP1,RSH1,RMN,,
fa0a10a3-f33d-4dd3-ad23-48da4f526977,38.70394926,-9.203041631,Portugal,Lisbon,CR,LFM,CDL,4,RES,BP3,RSH1,RMN,,
75868d05-b35e-4d2b-9e61-1fb9984c8642,38.70550032,-9.194310414,Portugal,Lisbon,HYB(MCF;MUR),LFM,CDN,06/jul,RES,BP1,RSH1,RMN,,
10f18c83-d208-49b3-9b2e-8370508be994,38.7047396,-9.182097374,Portugal,Lisbon,MUR,LWAL,CDL,4,RES,BP1,RSH1,RMN,,
bea6e5d1-63f5-4195-b2a2-aadc2d11ed57,38.70484834,-9.212593279,,,,,,,,,,,,
80d5c150-c4a3-44fc-acf9-d31edaeb9c70,38.7006551,-9.21132695,,,,,,,,,,,,
d499d10d-1dea-4ac0-a58d-19c3d0c11e74,38.7150258,-9.17941285,,,,,,,,,,,,
72f3e165-97a1-4b2d-b4c5-fe5f21807705,38.69903341,-9.219305058,,,,,,,,,,,,
abe4d93c-eb1d-46a6-8b16-7320b91f5e26,38.71048077,-9.195091191,,,,,,,,,,,,
b8c05bbb-2c7e-4edc-95eb-ad79c5f1c08a,38.71484437,-9.180588013,Portugal,Lisbon,MCF,LWAL,CDL,4,RES,BP1,RSH1,RMN,,
6468e53f-3078-43aa-b339-072024d0816d,38.70573439,-9.198145162,,,,,,,,,,,,
e2e3bf06-f889-471a-88cc-20c83975b481,38.71183769,-9.189052375,,,,,,,,,,,,
768d048b-5bf7-4251-9bf2-24ac881de58f,38.70710863,-9.209878851,Portugal,Lisbon,CR,LFM,CDH,5,RES,BP2,RSH1,RMN,,
fb71deec-c991-437b-8102-7d1093fbc671,38.69864209,-9.19281358,,,,,,,,,,,,
d4beecab-f63d-4e65-b356-95d209572d39,38.70951823,-9.174402423,,,,,,,,,,,,
1b11b992-7be1-4e26-81e4-55a107fd5a87,38.7001161,-9.21850655,,,,,,,,,,,,
35bee393-c1f1-4050-b057-2f023467b2be,38.69932713,-9.186643799,Portugal,Lisbon,MUR,LWAL,CDL,2,RES,BP2,RSH1,RMN,,
b59b0bca-5f32-4ecb-9e42-80414ecad253,38.7038784,-9.177869917,Portugal,Lisbon,MUR,LWAL,CDL,4,RES,BP1,RSH1,RMN,,
525d2326-2844-42ae-86ea-a3e7d6489855,38.69738421,-9.216697288,,,,,,,,,,,,
5254753c-a284-4674-830f-9bcfb41d9a8c,38.7115889,-9.203765252,,,,,,,,,,,,
34f8c855-c487-4f20-ba53-dba7f283153e,38.71189709,-9.189178491,,,,,,,,,,,,
4bcea806-6066-4a54-ad80-6f1dd14e7924,38.70739922,-9.211807484,Portugal,Lisbon,MCF,LWAL,CDH,2,IND,BP1,RSH1,RMN,,
ddf882e1-5911-4f63-805f-aa3a929b6a37,38.70016413,-9.188172351,,,,,,,,,,,,
e45db11b-156c-4672-87ed-235506fa4ea5,38.70692865,-9.217144889,,,,,,,,,,,,
2dec2ff4-ceb1-4cb6-8db3-40ee73f5622d,38.69695004,-9.19405935,,,,,,,,,,,,
4bf62de3-dcf8-4846-85f1-0fd526181a71,38.71001033,-9.20167894,Portugal,Lisbon,MUR,LWAL,CDL,2,RES,BPD,RSH2,RMT1,,
f7783016-2387-42ff-b3f9-a08614dc423e,38.6997351,-9.215152426,,,,,,,,,,,,
f4a2c0cc-5d5a-4187-a48d-f2180d2aadb5,38.69988417,-9.200450354,,,,,,,,,,,,
44b43736-dad0-4a05-9553-4d27a37953f3,38.70546165,-9.2161961,,,,,,,,,,,,
d150deb8-8670-4c89-aa0c-11406d4ea20d,38.69730575,-9.194598457,Portugal,Lisbon,MUR,LWAL,CDL,4,RES,BP2,RSH1,RMN,,
79cd654c-021b-4c4a-971d-49b3755398ac,38.71209165,-9.1919944,,,,,,,,,,,,
bda5027f-8f35-4037-9a67-158a3ed75371,38.706248,-9.2026857,,,,,,,,,,,,
205b6dc5-c22b-42aa-8d49-0a1f6c330037,38.70655098,-9.194401252,,,,,,,,,,,,
e518c36a-b5e9-457b-9f60-bc5ba625f3f7,38.69773969,-9.202039575,Portugal,Lisbon,MUR,LWAL,CDL,2,RES,BP2,RSH1,RMN,,
22f164a4-d936-49d7-9a7f-afdd76efc9e0,38.71064228,-9.219762351,,,,,,,,,,,,
04abb0ad-be33-4262-a0ec-dabf75509c15,38.70733383,-9.212799239,Portugal,Lisbon,S,LFM,CDN,2,RES,BP2,RSH1,RMN,,
84f7df73-96e4-4590-bf06-ffe976aaec1c,38.70906334,-9.195729643,Portugal,Lisbon,MCF,LWAL,CDH,2,RES,BP1,RSH1,RMN,,
242e0258-f741-4008-8417-df2c52b9b34f,38.71370488,-9.185148257,,,,,,,,,,,,
7a2b269b-739e-46e5-995a-4416576ae54c,38.71680471,-9.19332353,,,,,,,,,,,,
4d18c0f4-4639-4445-b0bb-cbd535a4fe8d,38.71117937,-9.201418418,Portugal,Lisbon,MUR,LWAL,CDL,2,RES,BP1,RSH2,RMT1,,
6a6f7c03-9aa4-4506-a5b1-f151c7e37f99,38.7113704,-9.19925515,Portugal,Lisbon,S,LFM,CDL,2,RES,BPD,RSH2,RMT1,,
57ed966f-82d2-4dcf-b149-2da37a652580,38.71395242,-9.206263297,,,,,,,,,,,,
fe787f9b-65cd-4f41-bdd8-aeaea887c0c1,38.69462958,-9.216589937,Portugal,Lisbon,MUR,LWAL,CDL,2,RES,BP1,RSH1,RMN,,
f92011c8-780b-417f-b8ff-59734f6835d0,38.70272329,-9.180912147,,,,,,,,,,,,
75a11b9a-9dfd-421b-8727-2ceac52e8861,38.707904,-9.20347765,,,,,,,,,,,,
b157e6e2-901d-4bfb-a40f-7f5802c1f934,38.70191247,-9.215941265,,,,,,,,,,,,
c4764cad-c26a-4c69-86d8-9a3c02dbe99c,38.70910349,-9.174630932,Portugal,Lisbon,MCF,LWAL,CDL,1,RES,BP1,RSH2,RMT1,,
23dcc322-fec0-4611-bc54-0d24505063b1,38.70562055,-9.199562343,Portugal,Lisbon,MCF,LWAL,CDL,2,RES,BP1,RSH3,RMT1,,
f81c44ee-5ee6-4564-ac24-ce43006e91ec,38.71019503,-9.199719967,Portugal,Lisbon,MUR,LWAL,CDL,2,RES,BPD,RSH1,RMN,,
a5621332-934b-4c26-ae00-f62db7d800ee,38.70249642,-9.200955372,Portugal,Lisbon,CR,LFINF,CDL,4,RES,BP3,RSH1,RMN,,
4a4e676a-06a6-4d2e-b0c6-2835f6c9e1b4,38.70076293,-9.212941436,,,,,,,,,,,,
5520c310-cd80-486b-aebd-27d91b2a272e,38.70760444,-9.216403839,,,,,,,,,,,,
6a2bb11f-e64f-41f9-9bc5-36d82c0608e9,38.70561586,-9.177274009,Portugal,Lisbon,CR,LFM,CDL,4,RES,BP1,RSH1,RMN,,
fbdb814a-95fb-4aa7-9b32-1d871b8b2cf9,38.70107978,-9.203647889,Portugal,Lisbon,MUR,LWAL,CDL,3,RES,BP2,RSH2,RMT1,,
72d6b8b5-1cbc-4384-8f96-e4344d1529d5,38.69699937,-9.219187113,Portugal,Lisbon,MUR,LWAL,CDL,3,RES,BP2,RSH2,RMT1,,
7d211c69-e63b-49c1-8fd5-496da80fe680,38.69897786,-9.217431366,,,,,,,,,,,,
24fe3ed0-daec-458b-aa5f-970641a44b42,38.7073734,-9.212728075,Portugal,Lisbon,MCF,LWAL,CDM,2,RES,BP2,RSH1,RMN,,
f60b4d4b-8d57-49e9-a6b0-e6869312eac7,38.71360793,-9.204993244,Portugal,Lisbon,MUR,LWAL,CDL,1,RES,BPD,RSH2,RMT1,,
65f642e0-8a8c-45af-876b-66900f2a3553,38.69895707,-9.188310655,Portugal,Lisbon,MUR,LWAL,CDN,1,COM,BP1,RSH2,RMT1,,
709ad898-0aa3-41ef-b843-af60e7a23ad2,38.70652406,-9.215384139,,,,,,,,,,,,
c254ef77-9ff1-4c73-83b0-5be63a803b0e,38.69938124,-9.203913544,Portugal,Lisbon,MUR,LWAL,CDN,2,RES,BP1,RSH1,RMN,,
2e9ec9be-b190-4f07-be24-dfc4a98d10a2,38.69709926,-9.216133621,Portugal,Lisbon,MUR,LWAL,CDL,2,RES,BP1,RSH1,RMN,,
01e6c66c-f089-43d7-9a98-1f59dabb8843,38.7021602,-9.20577803,Portugal,Lisbon,CR,LFM,CDN,1,RES,BP1,RSH2,RMT1,,
483ff37c-9973-4649-89a3-cc4deeeaf489,38.69709641,-9.224467716,,,,,,,,,,,,
7843539e-6567-4b67-926c-d58a28d06791,38.69668972,-9.216366862,,,,,,,,,,,,
6aedfc61-5f86-443a-bf5f-2acaf4796e45,38.70838475,-9.207374882,,,,,,,,,,,,
fd3b1dc5-83ab-4b5d-abe7-a375b62e335f,38.70598897,-9.179453928,Portugal,Lisbon,MCF,LWAL,CDL,4,RES,BP2,RSH1,RMN,,
c4848501-300a-4aa0-a177-2c893a10bb46,38.69364875,-9.223589717,,,,,,,,,,,,
0d7aca04-f9d1-4314-a405-d46f1aed8855,38.69775854,-9.203731692,Portugal,Lisbon,MUR,LWAL,CDL,2,RES,BPD,RSH2,RMT1,,
614d3654-ff8d-42e8-a009-147693141abf,38.70297347,-9.193333206,Portugal,Lisbon,MUR,LWAL,CDL,2,COM,BP2,RSH1,RMN,,
ac88d844-95ad-4a20-a550-21399f822062,38.7003044,-9.179467693,Portugal,Lisbon,MUR,LWAL,CDN,1,COM,BPD,RSH2,RMT1,,
35e97e73-93a4-4633-9fe0-9f787153ec27,38.70524672,-9.187741744,Portugal,Lisbon,MUR,LWAL,CDL,1,RES,BP1,RSH1,RMN,,
d7c1bc42-8ccd-48bb-844c-51ed2184de03,38.71665416,-9.213215617,Portugal,Lisbon,MUR,LWAL,CDL,2,RES,BP2,RSH2,RMT1,,
9903b47e-be89-486d-8c59-14c7bfca7568,38.70579362,-9.179654744,Portugal,Lisbon,MUR,LWAL,CDL,4,RES,BP2,RSH1,RMN,,
2cf95bda-159a-4d3d-be2f-a386c3b16a53,38.70551148,-9.215299749,,,,,,,,,,,,
890c620a-4a87-4830-b888-aa0b5446218d,38.70677615,-9.20990505,Portugal,Lisbon,MCF,LWAL,CDL,2,IND,BP1,RSH2,RMT1,,
f530a3c2-f7dd-44c1-bf42-054643946617,38.69668504,-9.216588511,Portugal,Lisbon,CR,LFM,CDH,1,RES,BPD,RSH1,RMN,,
1db9589f-077a-47e4-96e1-5a9d058a30f6,38.70490242,-9.195519283,Portugal,Lisbon,MUR,LWAL,CDL,5,MIX(RES;COM),BP2,RSH1,RMN,,
369c569c-8e7c-434d-86d0-11b8d1b7e347,38.69635235,-9.215741554,Portugal,Lisbon,MUR,LWAL,CDN,2,RES,BP2,RSH1,RMN,,
d4f2f19e-a0bb-44d4-8767-eedcf8f41d07,38.70204614,-9.181365782,Portugal,Lisbon,MUR,LWAL,CDL,2,RES,BP1,RSH2,RMT1,,
db5d18c6-1afd-4e4a-8c8f-5476f6dcabcd,38.70287421,-9.212010927,,,,,,,,,,,,
26b03395-e418-456d-b663-96589215611b,38.70863633,-9.193825645,Portugal,Lisbon,MUR,LWAL,CDL,4,RES,BP1,RSH2,RMT1,,
d63a8ddd-4f70-459a-843c-18fe18b88fb3,38.69524594,-9.214804241,,,,,,,,,,,,
fd726bfd-40a0-4ad1-bb3e-3ad46595d5bc,38.69842132,-9.194273946,Portugal,Lisbon,CR,LFINF,CDN,2,RES,BP1,RSH2,RMT1,,
edd0cff7-1ce2-4eb1-913d-53ae84c57bb3,38.7058359,-9.206821419,Portugal,Lisbon,CR,LFM,CDL,2,COM,BP1,RSH1,RMN,,
5f9c12d9-e0a3-40d9-96e1-5e1a95525d1c,38.69805068,-9.206490015,,,,,,,,,,,,
6c36942d-370a-4b6b-aaf4-4094bee2ed44,38.70516303,-9.214079161,,,,,,,,,,,,
f184f251-aee6-40d3-b1eb-438286a27eac,38.71070563,-9.201888704,Portugal,Lisbon,MUR,LWAL,CDL,2,RES,BP1,RSH2,RMT1,,
d56a9901-3c7a-4696-91fe-67c24b5909b6,38.71688449,-9.216726527,Portugal,Lisbon,MUR,LWAL,CDL,2,RES,BP1,RSH1,RMN,,
6d72bd78-5f11-4a44-9762-6d8265d900a1,38.70052825,-9.199644872,Portugal,Lisbon,MUR,LWAL,CDN,4,COM,BP1,RSH1,RMN,,
859788f5-a3a8-4aa9-b337-5b00765f9a1e,38.71101689,-9.200150264,Portugal,Lisbon,MCF,LWAL,CDN,2,COM,BPD,RSH2,RMT1,,
c6b7393c-1713-4cfb-8092-b0df93d0a1e5,38.6953709,-9.221089779,Portugal,Lisbon,MUR,LWAL,CDN,1,RES,BP2,RSH2,RMT1,,
8d10b97b-c256-42ae-8f83-5fe19d0f53f8,38.7011116,-9.2060308,Portugal,Lisbon,CR,LFM,CDL,06/jul,MIX(RES;COM),BP1,RSH1,RMN,,
87709f06-f67d-4b67-bd89-c1d011a60348,38.70146312,-9.205848516,Portugal,Lisbon,S,LFM,CDL,1,RES,BP2,RSH2,RMT1,,
c3f39848-076b-41c2-80f1-d61ef2062c42,38.70141744,-9.178297147,,,,,,,,,,,,
4a76e69a-0c54-420a-b2d6-003819d08ba6,38.6988732,-9.191658814,Portugal,Lisbon,CR,LFINF,CDL,4,RES,BP2,RSH1,RMN,,
0ac245ba-5ace-408a-a60f-ac85e4de1ba1,38.6998355,-9.178357698,,,,,,,,,,,,
ee498436-c9d9-46ea-af9b-6029b0078798,38.7050612,-9.17776515,,,,,,,,,,,,
59fb8793-b83e-4b2c-8104-3f61ae188e09,38.6945381,-9.215670513,Portugal,Lisbon,MUR,LWAL,CDL,4,RES,BP2,RSH2,RMT1,,
23c9e6a3-23cf-4a32-a041-da5abfba9cff,38.69986546,-9.182679612,Portugal,Lisbon,CR,LFM,CDL,3,RES,BP2,RSH1,RMN,,
d50a4513-8021-4f76-be83-16e29f4c24ac,38.69954369,-9.220792765,,,,,,,,,,,,
e44f0fa8-1362-435e-9425-c4c066c0b2f5,38.69948211,-9.219585826,Portugal,Lisbon,MUR,LWAL,CDL,2,RES,BP2,RSH1,RMN,,
cbc8511f-4c2e-470a-8980-e02b229fca6f,38.70684814,-9.196014427,,,,,,,,,,,,
ea4645ea-2d1f-4d23-be35-167ee629ff78,38.69496927,-9.216451418,Portugal,Lisbon,HYB(MCF;MUR),LWAL,CDN,4,MIX(RES;COM),BP3,RSH1,RMN,,
ffef4a75-1782-46d6-9722-c0e4614ff03f,38.7098044,-9.1998353,Portugal,Lisbon,MUR,LWAL,CDL,1,RES,BPD,RSH2,RMT1,,
c43c4629-08e1-43ce-a1ae-d250b405c2d4,38.70625982,-9.207196955,Portugal,Lisbon,CR,LFM,CDL,08/set,RES,BP1,RSH1,RMN,,
5806dd20-1521-4218-b70b-32c77cb828f1,38.70169823,-9.205937562,Portugal,Lisbon,S,LFM,CDL,2,RES,BP1,RSH1,RMN,,
491f8d2f-0399-4a60-b997-f085d9da38fc,38.70067046,-9.190920139,Portugal,Lisbon,CR,LFM,CDL,4,RES,BP2,RSH1,RMN,,
bebdc142-06b0-4712-8d26-2bb874ee8076,38.70541862,-9.194826027,,,,,,,,,,,,
0f677995-92c1-40f4-a73c-ff93637befe6,38.70182945,-9.20405535,Portugal,Lisbon,CR,LFM,CDM,4,RES,BP2,RSH1,RMN,,
90fa01d9-3d4b-48a1-bdf4-4efa208287d9,38.70944513,-9.190066342,,,,,,,,,,,,
3718dee0-5929-4d06-b7ad-8ac45ef7db65,38.69703251,-9.203028656,,,,,,,,,,,,
70d8f439-a7df-47d0-8ddd-f9f185dac625,38.70119108,-9.183687768,Portugal,Lisbon,CR,LFM,CDM,4,MIX(RES;COM),BP1,RSH1,RMN,,
cef5e055-1901-4ea9-b7a1-bb0b7e829363,38.69900182,-9.214848118,Portugal,Lisbon,MUR,LWAL,CDL,2,RES,BP2,RSH1,RMN,,
012a5891-cfa7-4daa-be6f-b9af46f3cf32,38.69770674,-9.20333746,Portugal,Lisbon,MUR,LWAL,CDN,2,RES,BPD,RSH2,RMT1,,
a579cfbb-1889-435f-b93b-3957d4720657,38.70629603,-9.210168381,Portugal,Lisbon,CR,LFM,CDH,5,RES,BP1,RSH1,RMN,,
20a0c44f-b291-4710-8e6f-68d554ed45bd,38.71781906,-9.212511177,Portugal,Lisbon,MUR,LWAL,CDN,2,RES,BP2,RSH1,RMN,,
1a8ec96b-f1fe-491e-9748-866397aa324a,38.71207062,-9.200699664,Portugal,Lisbon,MCF,LWAL,CDM,2,RES,BPD,RSH1,RMN,,
9359d8d1-5f08-4ce2-9f4c-684a3d791a7c,38.70218871,-9.214196224,Portugal,Lisbon,MCF,LWAL,CDH,2,RES,BP2,RSH2,RMT1,,
82cfb36c-bf36-4043-aabd-8a3614e4fadc,38.70834711,-9.213526577,,,,,,,,,,,,
fb3acca6-49f2-4da6-a71a-02665305bf08,38.70812037,-9.174670453,Portugal,Lisbon,MCF,LWAL,CDL,1,RES,BP1,RSH2,RMT1,,
1389a902-9e05-4510-92f3-1929657bcab2,38.69938255,-9.191433163,Portugal,Lisbon,MCF,LWAL,CDM,5,RES,BP2,RSH1,RMN,,
5536ea18-22a7-4562-8e06-0d0435fd69d4,38.69944291,-9.219659679,Portugal,Lisbon,MUR,LWAL,CDL,3,RES,BP1,RSH1,RMN,,
8e14c844-5268-44f8-887a-c0766e2a52cd,38.7002697,-9.181296127,Portugal,Lisbon,MUR,LWAL,CDN,1,COM,BP2,RSH1,RMN,,
c77e04e2-29e5-44eb-9bbc-c84253c9d53e,38.69921846,-9.220158581,,,,,,,,,,,,
0fd7fe6a-523c-402e-b8f4-0a5a6759ea6c,38.7036222,-9.196186204,Portugal,Lisbon,MUR,LWAL,CDL,4,RES,BP1,RSH2,RMT1,,
2be17428-5ea8-4d92-bc91-4a597cfabbf5,38.70393179,-9.196744709,Portugal,Lisbon,MUR,LWAL,CDL,4,MIX(RES;COM),BP2,RSH1,RMN,,
923ce125-8a13-4ae7-8a2c-072b6f2fe397,38.70449235,-9.1763299,Portugal,Lisbon,MUR,LWAL,CDN,2,RES,BP1,RSH2,RMT1,,
ff724819-94be-49ae-a535-06aef7b10a65,38.7005011,-9.219419903,,,,,,,,,,,,
54cfa783-c013-440d-94e4-b4bbfa5eff98,38.70866326,-9.176778149,,,,,,,,,,,,
a86c62b6-c56a-4a79-9640-0005f5a9ca7a,38.69965866,-9.220522617,Portugal,Lisbon,MUR,LWAL,CDL,3,RES,BPD,RSH3,RMT1,,
d3b23b3b-9f06-46f4-9be7-be14aa01f50e,38.70084157,-9.203526468,Portugal,Lisbon,MUR,LWAL,CDL,1,RES,BPD,RSH3,RMT1,,
06c98a54-e1f0-47e4-b616-f075c9cef6ae,38.69551557,-9.215483269,Portugal,Lisbon,CR,LFM,CDL,2,COM,BP1,RSH1,RMN,,
dc6efd5c-592d-469c-96e3-857422d0420b,38.69392329,-9.223189394,,,,,,,,,,,,
2183280f-916b-4880-a186-83c5bd8959ca,38.69843964,-9.219688244,Portugal,Lisbon,MUR,LWAL,CDL,3,RES,BP1,RSH1,RMN,,
80adcd90-1c42-426e-8d5b-045438078754,38.70343246,-9.213665662,Portugal,Lisbon,MUR,LWAL,CDN,3,RES,BP1,RSH1,RMN,,
0771b862-7226-442a-a3ca-d08d357f24fd,38.70047766,-9.219037231,,,,,,,,,,,,
da8d04d2-56ba-447a-a703-e5441a1c3307,38.70369695,-9.178122453,Portugal,Lisbon,MCF,LWAL,CDL,2,COM,BP2,RSH2,RMT1,,
00882790-ee24-4289-add8-b587e48d0fd8,38.70363858,-9.197117234,Portugal,Lisbon,MUR,LWAL,CDL,4,RES,BP2,RSH2,RMT1,,
0bfb37fa-c662-44f1-b63b-92e5dd089c3d,38.6995647,-9.21492775,,,,,,,,,,,,
676b3505-6eba-4adb-9400-c1d48cc68edd,38.70592147,-9.205441631,Portugal,Lisbon,CR,LFINF,CDM,4,MIX(RES;COM),BP1,RSH1,RMN,,
b46f5657-9465-42f1-abb7-db1604d0a3c8,38.70017218,-9.182793486,Portugal,Lisbon,CR,LDUAL,CDN,4,RES,BP1,RSH1,RMN,,
7452e5bf-5f6b-477f-b49a-0a9de506cd6e,38.70433539,-9.18607007,Portugal,Lisbon,CR,LFM,CDN,06/jul,RES,BP3,RSH1,RMN,,
5e99e42d-440b-45a7-ba20-296a9536b507,38.71456565,-9.181534717,Portugal,Lisbon,MCF,LWAL,CDL,2,RES,BP1,RSH2,RMT1,,
910795f9-9fe9-4b32-8f2f-14ebc1f05ce6,38.70361697,-9.179138237,Portugal,Lisbon,MUR,LWAL,CDN,2,COM,BP1,RSH2,RMT1,,
29c2242e-bcd9-44ea-b225-dd9791a5ceea,38.69966174,-9.190362104,Portugal,Lisbon,MUR,LWAL,CDN,4,RES,BP1,RSH1,RMN,,
f281ef39-5500-4fcd-b32b-845524c094ef,38.69836604,-9.214661727,,,,,,,,,,,,
7842358b-beee-4236-bef0-11b88dafe04b,38.70219993,-9.205706357,Portugal,Lisbon,MCF,LWAL,CDN,1,RES,BP1,RSH2,RMT1,,
7969faf8-e2cf-4c38-9524-0e3c107344db,38.69852095,-9.219050654,Portugal,Lisbon,MCF,LWAL,CDM,3,RES,BP1,RSH5,RMT1,,
58b7c62f-d937-4461-9e8e-3621dcb14d64,38.71153043,-9.204957225,Portugal,Lisbon,MUR,LWAL,CDL,2,RES,BP1,RSH2,RMT1,,
8586f737-1bdd-458b-85a7-254593ab0b35,38.70865341,-9.174603915,Portugal,Lisbon,MUR,LWAL,CDN,2,MIX(RES;COM),BP2,RSH1,RMN,,
6c334658-1f90-46d6-89fb-5d685e1f8396,38.71163344,-9.207151396,Portugal,Lisbon,MUR,LWAL,CDN,2,RES,BP2,RSH1,RMN,,
6c571af4-8968-403d-bc73-f4d00a8beeb9,38.70687371,-9.189680315,Portugal,Lisbon,MUR,LWAL,CDN,3,MIX(RES;COM),BP3,RSH2,RMT1,,
d78b86c8-11f7-4ff2-b0d7-5df67751c1fb,38.69979796,-9.178468565,,,,,,,,,,,,
7e48773a-a4f7-436b-8cb1-1ff9e71f1c44,38.7021565,-9.20523005,Portugal,Lisbon,MCF,LWAL,CDH,1,RES,BP1,RSH2,RMT1,,
e63bd709-3e0c-4b24-b430-4e1b13743a32,38.70901448,-9.174877192,Portugal,Lisbon,MUR,LWAL,CDL,1,COM,BP2,RSH2,RMT1,,
68b115ba-bd29-439c-adbe-b7fb0f260085,38.71333563,-9.204195458,Portugal,Lisbon,MUR,LWAL,CDL,2,RES,BP1,RSH2,RMT1,,
9f8029a0-0e99-4ae0-9d67-5c56f061a832,38.7098793,-9.175248601,Portugal,Lisbon,MUR,LWAL,CDL,2,RES,BP1,RSH2,RMT1,,
1d06d202-9715-4e72-8645-797be41a5172,38.70915693,-9.175641415,Portugal,Lisbon,MUR,LWAL,CDL,2,RES,BP1,RSH2,RMT1,,
376c8f37-4104-4545-a2e4-77f89d555a00,38.7020686,-9.181428304,Portugal,Lisbon,MUR,LWAL,CDL,3,COM,BP2,RSH2,RMT1,,
945d733d-d722-4ed3-ba93-d35655ee3b7c,38.70218043,-9.201546484,Portugal,Lisbon,MUR,LWAL,CDN,1,RES,BP1,RSH1,RMN,,
35e40b26-3f69-413b-9471-2a6280131258,38.7040717,-9.21277805,Portugal,Lisbon,MUR,LWAL,CDL,3,RES,BP1,RSH1,RMN,,
21c0218a-f3b7-4bc9-8864-b85acb4ba949,38.70855533,-9.195137292,,,,,,,,,,,,
532a763d-785d-4a65-8adf-0e00985004d2,38.71097521,-9.199367358,Portugal,Lisbon,MUR,LWAL,CDL,3,RES,BP1,RSH2,RMT1,,
2e33e34e-9f23-4e8e-9258-0d3dabffdf4a,38.70568861,-9.181369357,Portugal,Lisbon,CR,LFINF,CDL,06/jul,MIX(RES;COM),BP2,RSH1,RMN,,
339ab905-0142-47c4-815f-602b1611818f,38.70411304,-9.215908048,,,,,,,,,,,,
0b9db879-4162-4f81-bb53-95f4d2791703,38.70358325,-9.201632674,Portugal,Lisbon,MUR,LWAL,CDL,3,RES,BP1,RSH2,RMT1,,
7a6dbc1a-b961-47aa-94f5-2b3b8819d066,38.70027496,-9.205511439,Portugal,Lisbon,S,LFM,CDM,2,RES,BPD,RSH2,RMT1,,
cded17f1-7af3-4f57-b4e9-b3b818fece89,38.7088896,-9.176042586,Portugal,Lisbon,MUR,LWAL,CDL,2,RES,BP2,RSH2,RMT1,,
af77cbc2-fa7f-4cf1-8c75-eb92fd6f24f4,38.6984909,-9.190536514,,,,,,,,,,,,
72472b59-5763-4a3a-80e8-8ff7d3a74610,38.71201892,-9.209050186,,,,,,,,,,,,
61ba886e-5502-4c41-8958-1dcd32668859,38.70780884,-9.20756513,Portugal,Lisbon,CR,LDUAL,CDL,08/set,RES,BP1,RSH1,RMN,,
5161f19e-d92a-43de-a9d0-8afe0008e8ae,38.70771155,-9.195579117,Portugal,Lisbon,MUR,LWAL,CDN,1,RES,BP2,RSH2,RMT1,,
4af8e252-f0f5-45f9-9a73-4629b3e7f1c2,38.70178892,-9.217287513,,,,,,,,,,,,
17ac849b-e6c3-4b2e-8bfd-8321edeccf77,38.70742114,-9.174294377,Portugal,Lisbon,MUR,LWAL,CDL,2,RES,BP2,RSH1,RMN,,
d29a452b-0a6b-4eb6-a558-36b2d12b56f4,38.71175022,-9.19237968,,,,,,,,,,,,
e1678870-dfd2-4985-aa6b-49208deb3a83,38.70075127,-9.175742869,,,,,,,,,,,,
7d3baf56-6aa6-472e-85b9-52794fd4a618,38.70680373,-9.188577218,,,,,,,,,,,,
dc729090-f513-4b74-9909-36f8cabd1048,38.7021379,-9.1859872,,,,,,,,,,,,
d04cb49f-c28f-4097-9c4a-b7354249442b,38.69609982,-9.211329352,Portugal,Lisbon,CR,LFM,CDM,5,RES,BP2,RSH1,RMN,,
e4f154c6-e898-492a-94d8-1daef915cf4b,38.7009693,-9.183936772,Portugal,Lisbon,MUR,LWAL,CDL,4,RES,BP1,RSH1,RMN,,
37931bcd-eef9-4b86-8188-e0519b706050,38.72292982,-9.180432766,,,,,,,,,,,,
efc2f71f-86cc-498f-baee-2741cb38adb7,38.70646951,-9.209590052,Portugal,Lisbon,CR,LFINF,CDH,4,COM,BP1,RSH2,RMT1,,
ae4da8af-0117-4d49-88c6-ac98377a051c,38.69197194,-9.21381462,,,,,,,,,,,,
47e908fe-f5f1-4b50-8271-1ba18225266a,38.71689184,-9.211748558,,,,,,,,,,,,
65ec7462-de8f-4091-b756-574f8f7949af,38.70952848,-9.195957568,,,,,,,,,,,,
305ab4d8-2475-4523-b636-f2feaf602ca4,38.71278377,-9.206554659,Portugal,Lisbon,MUR,LWAL,CDL,2,RES,BP1,RSH2,RMT1,,
5424ddfd-3aaf-4cb0-94c1-675c9f60b742,38.70283983,-9.203760645,Portugal,Lisbon,CR,LFM,CDL,4,RES,BP1,RSH1,RMN,,
c869f56e-2aaa-4ec7-a810-7de2bd56a491,38.70804145,-9.217254926,,,,,,,,,,,,
e0ca9a4d-c3cd-4115-9596-698bf16b3ff6,38.69818635,-9.197865532,Portugal,Lisbon,MUR,LWAL,CDN,1,COM,BP2,RSH1,RMN,,
86690f7c-e99b-4f1a-b7d4-a8a2dfea1919,38.69460332,-9.219769949,Portugal,Lisbon,CR,LFM,CDL,4,RES,BP2,RSH1,RMN,,
9c282190-3d6b-4581-9095-269a4f5bfa26,38.70378915,-9.197935013,Portugal,Lisbon,CR,LFM,CDL,3,RES,BP2,RSH2,RMT1,,
b7adeebf-17ff-48ad-8718-cd308a35707c,38.70454405,-9.213128567,,,,,,,,,,,,
6b6f4519-220b-4284-84a8-9a2ca9de4a3e,38.70035749,-9.221064159,,,,,,,,,,,,
b526501d-ec1c-4f40-8bf3-487f45f5d98e,38.69507686,-9.218845002,Portugal,Lisbon,MUR,LWAL,CDL,2,COM,BPD,RSH2,RMT1,,
f1f9db28-477e-4803-97fe-b103a89c4d28,38.70689933,-9.20783769,Portugal,Lisbon,CR,LFM,CDL,06/jul,MIX(RES;COM),BP3,RSH1,RMN,,
d4f76930-6a70-4545-89da-bc16097aaa22,38.70765075,-9.19531515,,,,,,,,,,,,
f4e4e1f0-33dd-4d5e-8003-92bf907862d7,38.705774,-9.179760618,Portugal,Lisbon,CR,LFM,CDL,4,RES,BP1,RSH1,RMN,,
21559167-5cdf-4919-ad96-5ab33bedc1c2,38.70769169,-9.184457605,,,,,,,,,,,,
c5c498e5-d403-42f6-b5ea-7d1be8b2f0fd,38.70397262,-9.215541859,Portugal,Lisbon,MUR,LWAL,CDL,3,RES,BP1,RSH1,RMN,,
d39d5319-2957-40b0-ab42-aeddb2f279a7,38.69899186,-9.212985625,,,,,,,,,,,,
fe46f9d5-e7b7-443e-bcc7-e57022faebeb,38.70466826,-9.188232022,Portugal,Lisbon,CR,LFINF,CDL,4,RES,BP2,RSH2,RMT1,,
8f512f6f-1f35-4ff6-8d66-2aaf289c4060,38.70235255,-9.175708,,,,,,,,,,,,
1107e0ca-a884-49ef-86e9-42c56ceb3fad,38.71388971,-9.20480569,Portugal,Lisbon,MUR,LWAL,CDN,1,RES,BP2,RSH2,RMT1,,
e9b9035d-e7e5-4546-9908-8c69610fa951,38.70684131,-9.214983775,Portugal,Lisbon,MR,LWAL,CDN,1,RES,BP2,RSH2,RMT1,,
f0c5acec-d712-4b7b-b840-0c9bc5e0dbce,38.70789782,-9.174240589,Portugal,Lisbon,MUR,LWAL,CDL,2,IND,BP1,RSH2,RMT1,,
d32beaef-f641-458a-9874-5a1d5a2a0b13,38.7088199,-9.194439858,Portugal,Lisbon,MUR,LWAL,CDN,1,RES,BP1,RSH1,RMN,,
36d0b0b0-6553-4f1f-9f87-1ed9b00041f8,38.7148175,-9.20648995,Portugal,Lisbon,MUR,LWAL,CDN,2,RES,BP1,RSH1,RMN,,
5922ea74-8f36-4085-a6d7-c1c62d223229,38.6998409,-9.19558182,Portugal,Lisbon,MUR,LWAL,CDL,2,RES,BP2,RSH1,RMN,,
9b5c03ab-d551-4667-ad34-0d3b04fca312,38.70723829,-9.190606223,Portugal,Lisbon,MUR,LWAL,CDL,1,IND,BP2,RSH1,RMN,,
3577466d-db94-4e68-8d27-7101f665d910,38.69894367,-9.20516152,,,,,,,,,,,,
919a722b-4719-42e3-8e5c-667612dc2cac,38.71182192,-9.200170242,Portugal,Lisbon,MUR,LWAL,CDL,2,RES,BP1,RSH2,RMT1,,
8d07fa11-d50f-44e0-bba6-82ed6c94a4d5,38.7035449,-9.182293033,,,,,,,,,,,,
a2f21120-8f05-463e-80fa-d39e53e35a37,38.70416335,-9.1926921,Portugal,Lisbon,MUR,LWAL,CDL,2,RES,BP1,RSH1,RMN,,
e4c1459f-2e71-44da-8ae3-e51f5fff03c3,38.69644324,-9.21904452,Portugal,Lisbon,MUR,LWAL,CDL,2,RES,BP2,RSH2,RMT1,,
c18eac16-524a-408a-9700-b5c36793b27d,38.70700235,-9.210986471,Portugal,Lisbon,MUR,LWAL,CDN,2,RES,BP1,RSH1,RMN,,
7084f8ce-e287-4bc1-8eac-ce8bce3445ea,38.71173793,-9.206283528,Portugal,Lisbon,MUR,LWAL,CDL,1,RES,BP2,RSH2,RMT1,,
b293e562-710e-49e4-b722-47e76d2e8051,38.6980676,-9.219664479,,,,,,,,,,,,
5dd9bd24-31e0-43dc-9ced-6835cbd0f066,38.70286537,-9.183251853,Portugal,Lisbon,MUR,LWAL,CDL,4,RES,BP1,RSH1,RMN,,
3a07b715-31f3-4426-8cda-f943ba5dd372,38.70989105,-9.191086994,Portugal,Lisbon,CR,LFINF,CDL,5,RES,BP1,RSH1,RMN,,
d6e865c8-8e3d-49ab-a647-032f61bb16b5,38.69869182,-9.201077221,,,,,,,,,,,,
dc058a52-6eef-4db6-b13b-aa277cd773e6,38.69719627,-9.223853905,Portugal,Lisbon,MUR,LWAL,CDL,3,RES,BP2,RSH1,RMN,,
dfad5a27-21b0-4380-a35f-a9f31b311fcd,38.69983427,-9.219431528,Portugal,Lisbon,CR,LFM,CDH,1,RES,BP2,RSH1,RMN,,
7cbe098f-8bf7-4737-bf1d-b1b602f0a1dc,38.7236093,-9.183797817,,,,,,,,,,,,
a9963adc-0551-49b8-95ae-84de683f6ec2,38.71540509,-9.214916231,Portugal,Lisbon,MUR,LWAL,CDL,3,RES,BP1,RSH2,RMT1,,
e1e5cbb7-35b5-4d26-b9b1-9c2064aaf823,38.71294124,-9.205707003,,,,,,,,,,,,
3c038c64-5d47-45b1-8f7f-6a417338fe6f,38.7076502,-9.177170997,Portugal,Lisbon,MUR,LWAL,CDL,4,RES,BP1,RSH1,RMN,,
db4cb247-afb1-46a2-b86b-a9413c28909f,38.70156207,-9.20545508,Portugal,Lisbon,MUR,LWAL,CDL,2,RES,BP1,RSH1,RMN,,
525bc3c1-240e-4639-b2bb-ebcc3ac84397,38.69763267,-9.217235597,Portugal,Lisbon,MUR,LWAL,CDL,2,RES,BP1,RSH1,RMN,,
e8cd8dd9-04e7-474f-8588-53e5917e2cac,38.7030747,-9.192804062,Portugal,Lisbon,S,LFM,CDM,2,RES,BP2,RSH2,RMT1,,
d76ecd19-79a0-4c57-867b-c9a320f16b05,38.70788512,-9.174361708,Portugal,Lisbon,MUR,LWAL,CDN,1,COM,BP1,RSH2,RMT1,,
cd820eb3-86c4-4ac0-b9d2-0d862fa189dd,38.70542087,-9.210432005,,,,,,,,,,,,
3b60989f-1718-44c6-8d52-403b3a836e7a,38.71499055,-9.180091417,Portugal,Lisbon,CR,LFM,CDN,2,COM,BP2,RSH1,RMN,,
9939b1c4-ac49-43a9-a149-6995289648ab,38.7109333,-9.20249525,Portugal,Lisbon,MUR,LWAL,CDL,2,RES,BP1,RSH2,RMT1,,
f91306e6-60c1-435e-b69b-ffed5da8965a,38.70161773,-9.216398206,,,,,,,,,,,,
942000be-5a4c-4b0b-ba42-d0a601a34b21,38.70494734,-9.190286755,Portugal,Lisbon,MUR,LWAL,CDN,4,RES,BP1,RSH1,RMN,,
8910e198-1c0b-4cc0-9062-aa7c0f4a0566,38.70164498,-9.18477307,Portugal,Lisbon,HYB(MCF;MUR),LWAL,CDL,2,RES,BP1,RSH1,RMN,,
882d9d2f-98d2-4974-8a4c-ca023a85c533,38.70350464,-9.185432323,Portugal,Lisbon,MUR,LWAL,CDN,2,RES,BPD,RSH1,RMN,,
cb53435f-aa7c-4c47-8951-21e9f9504d50,38.69770581,-9.21161503,Portugal,Lisbon,MUR,LWAL,CDL,3,RES,BP2,RSH2,RMT1,,
0f07a438-c3c9-44ea-b191-1fc472585164,38.69855119,-9.211274172,Portugal,Lisbon,W,LFINF,CDM,2,RES,BPD,RSH2,RMT1,,
16a8d371-1426-4d62-9df4-23d1947be97f,38.70638318,-9.211153515,,,,,,,,,,,,
2b20425e-865d-432f-a75a-e40b07d9b5f4,38.71823993,-9.181760819,,,,,,,,,,,,
984c16c3-89f7-4f8b-9286-975c4ffeaadd,38.69551338,-9.211185435,Portugal,Lisbon,CR,LFM,CDM,2,COM,BP2,RSH1,RMN,,
f26e9645-a0f0-4f3a-8464-4aaca38eb58f,38.71114402,-9.203593815,Portugal,Lisbon,MUR,LWAL,CDN,2,RES,BP1,RSH1,RMN,,
552024d4-77ab-4c66-9619-db7eaae3d244,38.71047368,-9.208552275,Portugal,Lisbon,MUR,LWAL,CDL,2,RES,BP2,RSH1,RMN,,
4f7219c0-4d59-4a20-bc01-759203adc3b5,38.70993835,-9.175953267,Portugal,Lisbon,MUR,LWAL,CDN,1,COM,BP2,RSH1,RMN,,
c2685e26-2291-42fe-847c-e660bbffe3a2,38.70241435,-9.204137691,Portugal,Lisbon,CR,LFINF,CDM,4,RES,BP3,RSH1,RMN,,
c8e4096e-f2fb-46c4-9a92-f2d5777bc3e9,38.70232154,-9.201049155,Portugal,Lisbon,MUR,LWAL,CDL,2,RES,BP1,RSH2,RMT1,,
2d769331-d15e-49f1-ab54-5190a3838b46,38.70551845,-9.195645685,Portugal,Lisbon,MUR,LWAL,CDN,1,RES,BP1,RSH2,RMT1,,
38af523f-ffb4-45a6-b7c2-a47c47f8aa2f,38.69774168,-9.202706709,Portugal,Lisbon,CR,LFM,CDM,4,COM,BP2,RSH2,RMT1,,
9539c6f4-82a4-4b75-bccc-1ea18ae43d53,38.70169565,-9.20166579,Portugal,Lisbon,CR,LFM,CDH,4,RES,BP1,RSH1,RMN,,
048dd538-7429-4f60-85fe-7148dff709db,38.70246302,-9.204722114,Portugal,Lisbon,CR,LFM,CDL,4,RES,BP2,RSH1,RMN,,
40b250a4-4769-4486-ab86-cac0b8f886ed,38.70465461,-9.195601116,,,,,,,,,,,,
7d14a91c-0cbd-4f60-a199-54dd6cf20be4,38.70222803,-9.203406976,Portugal,Lisbon,MUR,LWAL,CDL,4,RES,BP1,RSH1,RMN,,
56583e3f-aa86-4c30-9b2c-21b0b10c7a37,38.69648436,-9.21867814,Portugal,Lisbon,MUR,LWAL,CDL,2,RES,BP2,RSH1,RMN,,
c3bf8b7b-b374-4eca-906d-5a2d55d7dc45,38.70048071,-9.181985469,Portugal,Lisbon,CR,LFM,CDL,3,RES,BP1,RSH1,RMN,,
f6c7f2c5-17b9-427a-b809-cced22e5097a,38.7055359,-9.180983411,Portugal,Lisbon,MUR,LWAL,CDL,4,RES,BP1,RSH1,RMN,,
f47024ac-5581-4ea8-8390-da6f47e3373f,38.70120221,-9.181853609,Portugal,Lisbon,MUR,LWAL,CDL,2,RES,BP2,RSH3,RMT1,,
9b82b6a8-1784-4f70-b60c-b75aef32aa65,38.70603577,-9.187651513,Portugal,Lisbon,MUR,LWAL,CDL,2,RES,BP2,RSH2,RMT1,,
9e0958f1-1ab0-4c8b-a96f-b93928b4716e,38.69996227,-9.185439166,,,,,,,,,,,,
dc074a0f-e8d3-45c0-a06e-5013549edaa5,38.6993463,-9.221050526,,,,,,,,,,,,
7e3c9e0f-5525-48be-8015-b1d4b7a89904,38.70189764,-9.193154686,Portugal,Lisbon,CR,LFINF,CDN,06/jul,MIX(RES;COM),BP1,RSH1,RMN,,
a8129ca2-d29d-4751-b6c0-e5dff0ea1550,38.69967659,-9.200018591,,,,,,,,,,,,
181d4e03-cdf8-4fda-8e0f-0a862a35e689,38.70042105,-9.183459627,Portugal,Lisbon,MUR,LWAL,CDN,3,COM,BP2,RSH1,RMN,,
b5f7207b-1b9b-4521-bf0b-568bb6b0c341,38.71668447,-9.21254434,Portugal,Lisbon,MUR,LWAL,CDL,4,RES,BP1,RSH1,RMN,,
a997ed0c-26f1-4482-b1b4-ffb9b2e729a0,38.70423085,-9.21568285,Portugal,Lisbon,MUR,LWAL,CDL,2,RES,BP2,RSH2,RMT1,,
077a2dc4-67c5-4347-a312-5af9e35dce63,38.70269098,-9.18260026,Portugal,Lisbon,CR,LDUAL,CDH,13+,COM,BPD,RSH1,RMN,,
8696cb89-307a-438e-9485-2768ae97c11e,38.70543435,-9.183828148,,,,,,,,,,,,
da72fa64-a863-4261-b05a-1207db850fb1,38.70379732,-9.183505259,Portugal,Lisbon,CR,LFM,CDL,5,RES,BP2,RSH1,RMN,,
c73b675f-2c12-49cc-aa04-c80aaca9f9c9,38.7035,-9.178554266,Portugal,Lisbon,MUR,LWAL,CDL,2,RES,BP1,RSH1,RMN,,
5249e1ea-37d5-4906-b199-afcd40de8302,38.70341682,-9.19813964,Portugal,Lisbon,MUR,LWAL,CDL,1,COM,BP1,RSH1,RMN,,
56d7d13e-512d-44af-831c-3527fc89884d,38.71270996,-9.204364969,Portugal,Lisbon,MUR,LWAL,CDL,2,RES,BP2,RSH1,RMN,,
b1ab3198-13a0-4831-bda3-26054f5069f0,38.70756332,-9.212355628,Portugal,Lisbon,MUR,LWAL,CDN,2,RES,BP2,RSH1,RMN,,
184a474e-4e84-43b6-9d39-7e25b1c48b39,38.7124426,-9.20983402,Portugal,Lisbon,MUR,LWAL,CDL,2,RES,BP1,RSH1,RMN,,
31725539-13f7-478f-bbc7-a16aca391386,38.69438222,-9.206525195,Portugal,Lisbon,CR,LFM,CDN,2,RES,BP2,RSH2,RMT1,,
f39dc2dc-d24b-42ce-b115-59edbf3f5d17,38.70929555,-9.175360079,Portugal,Lisbon,MCF,LWAL,CDH,3,RES,BP2,RSH1,RMN,,
c585437a-58cd-4463-8516-0f444a466ba6,38.71683665,-9.2121847,Portugal,Lisbon,MUR,LWAL,CDL,4,RES,BP1,RSH2,RMT1,,
0a9ea3db-c92d-44f8-bf00-946ee59d703f,38.694026,-9.2242437,,,,,,,,,,,,
fdfc8842-051b-43c0-9826-6566382614b1,38.71413848,-9.195903314,,,,,,,,,,,,
5cb06e6d-c491-4999-88e2-f7df9567b063,38.7021439,-9.201204989,Portugal,Lisbon,MUR,LWAL,CDL,4,RES,BP1,RSH1,RMN,,
8601b629-bb34-40cb-94e1-aafc9976a20c,38.70686127,-9.194657749,,,,,,,,,,,,
5771da0a-af62-49c7-a225-72c7292cd53a,38.7154894,-9.216887,Portugal,Lisbon,S,LFM,CDL,1,RES,BP1,RSH2,RMT1,,
66e2ea89-78d0-437d-adc6-900b14e044ac,38.71012593,-9.17570577,Portugal,Lisbon,MUR,LWAL,CDN,1,RES,BP2,RSH2,RMT1,,
ab48f6e6-5d63-4127-8e6b-5d3e96ac8b6e,38.71202073,-9.201930309,Portugal,Lisbon,MUR,LWAL,CDN,1,RES,BP2,RSH1,RMN,,
67150658-7e33-4611-9091-8c4edfb90beb,38.70980417,-9.198612755,Portugal,Lisbon,CR,LFM,CDH,5,RES,BP1,RSH1,RMN,,
2821b936-35b1-4818-9f3d-bc3814e3276b,38.69486812,-9.198214109,Portugal,Lisbon,S,LFM,CDL,1,COM,BP1,RSH5,RMT6,,
5e8d8d8d-4443-42c2-8905-262de779c404,38.70170231,-9.200956315,Portugal,Lisbon,MUR,LWAL,CDL,4,RES,BP1,RSH2,RMT1,,
a6dce699-2699-490d-b5bf-01da7ea67335,38.70584476,-9.212731996,,,,,,,,,,,,
832f00de-3adc-4823-93bc-91176ade406d,38.69965854,-9.211835437,,,,,,,,,,,,
f693a819-722f-406c-a23a-7a7077c7f42c,38.70261365,-9.182728231,,,,,,,,,,,,
599b5d6a-5c8c-4663-9d9a-b14671653c95,38.70507742,-9.191796553,Portugal,Lisbon,MUR,LWAL,CDN,1,RES,BPD,RSH5,RMT1,,
be6f7757-df42-4ce0-9c87-35d465507d06,38.70450989,-9.199941277,Portugal,Lisbon,MCF,LWAL,CDH,4,RES,BP2,RSH1,RMN,,
d9e32c41-c7f1-4f5c-8809-71b62507e33b,38.70578162,-9.215484571,,,,,,,,,,,,
230fd55f-63c1-405b-9d48-befe5035d2f8,38.70509471,-9.182957959,Portugal,Lisbon,CR,LFM,CDL,4,RES,BP2,RSH1,RMN,,
9ce0f36c-5a73-43af-92db-3f44ba1394dd,38.69722969,-9.195296554,Portugal,Lisbon,MUR,LWAL,CDN,2,RES,BP1,RSH2,RMT1,,
e1b30895-a196-415b-9f47-dac498747283,38.70471397,-9.182540294,Portugal,Lisbon,MUR,LWAL,CDL,5,RES,BP1,RSH1,RMN,,
b993f0b5-c9a0-4876-993c-f47bea440051,38.70716004,-9.192212085,Portugal,Lisbon,MUR,LWAL,CDL,2,RES,BP1,RSH1,RMN,,
63836770-790b-4427-9296-08fbbaefe1ab,38.71273569,-9.199558957,,,,,,,,,,,,
6d87d8aa-eee7-4c8d-8069-90a5e4080d18,38.69706832,-9.211018645,Portugal,Lisbon,MUR,LWAL,CDL,2,RES,BP2,RSH1,RMN,,
9a38c844-08f6-4f1b-8b40-06577940c222,38.70868577,-9.198874559,Portugal,Lisbon,MUR,LWAL,CDL,1,RES,BPD,RSH3,RMT1,,
0ee7e394-da9a-45cb-a928-61202064824c,38.69673715,-9.21796931,,,,,,,,,,,,
bd22ed81-efeb-49f1-a8ea-c74cbe319bf6,38.69951044,-9.204735001,Portugal,Lisbon,MUR,LWAL,CDL,2,RES,BP2,RSH3,RMT1,,
50dec9c5-bf8e-4867-a94e-96f49417a232,38.70821108,-9.210427536,Portugal,Lisbon,CR,LFM,CDL,5,RES,BP2,RSH1,RMN,,
09cfe996-1bec-4c88-86e8-47922868f8a5,38.70426027,-9.189968164,Portugal,Lisbon,MUR,LWAL,CDL,2,RES,BP1,RSH2,RMT1,,
19b8ffa5-363e-48b3-87f2-e318cd6fedfe,38.70391066,-9.180888248,,,,,,,,,,,,
76dadcc0-cd20-45d5-955c-bcb691b6da63,38.70001603,-9.224922671,,,,,,,,,,,,
05d1cbf3-c8a3-4079-8b03-93251b9cc896,38.69872327,-9.191145153,Portugal,Lisbon,CR,LFINF,CDL,4,RES,BP2,RSH1,RMN,,
1ba42c29-b747-4787-bf22-f88afa95b94b,38.70445105,-9.180447225,,,,,,,,,,,,
0ba6c31b-5cbf-4b72-aff7-c45000355801,38.70717621,-9.217854932,,,,,,,,,,,,
3f6242ed-b8bd-46fd-85be-bd0314683d70,38.69971371,-9.192140837,Portugal,Lisbon,MUR,LWAL,CDL,4,RES,BP2,RSH2,RMT1,,
fb49fa56-636d-458a-8121-5b99d6d4d9c1,38.7000741,-9.1876301,,,,,,,,,,,,
0862aed2-d897-46fb-b81b-a9813ac6850f,38.69569692,-9.221737229,Portugal,Lisbon,MUR,LWAL,CDN,1,RES,BPD,RSH1,RMN,,
ff00c93d-fb20-40c3-932b-1c57f4112c4f,38.70847314,-9.174366979,Portugal,Lisbon,MUR,LWAL,CDL,2,RES,BP1,RSH2,RMT1,,
c2811d9a-aba4-4457-8c4c-c089ca9bdaa5,38.6999136,-9.192602212,Portugal,Lisbon,CR,LFM,CDL,4,MIX(RES;COM),BP1,RSH1,RMN,,
b928e65d-df15-44fe-99fe-c6911b187440,38.70443507,-9.214803516,Portugal,Lisbon,MCF,LWAL,CDM,2,RES,BP2,RSH1,RMN,,
4ebdea48-dbb4-4824-a962-1e5a9677fb5b,38.70366208,-9.205138757,Portugal,Lisbon,MUR,LWAL,CDN,1,RES,BP1,RSH1,RMN,,
81dce2bc-4062-429e-97bc-e8a7173313bc,38.69988428,-9.211037484,,,,,,,,,,,,
0dfd34c3-0dbc-4dd9-9643-c2b8ddc85b5d,38.69887463,-9.219025699,Portugal,Lisbon,MUR,LWAL,CDL,2,RES,BP1,RSH1,RMN,,
56ddf71c-db37-4ecc-b8d6-d36a68a2c609,38.71599673,-9.216020624,Portugal,Lisbon,MUR,LWAL,CDN,2,RES,BP2,RSH1,RMN,,
fcc9818f-a22a-42cb-ab70-3d6988642fb4,38.70300499,-9.218208146,,,,,,,,,,,,
f15af9d3-a51b-4b6f-9220-e991202b153d,38.7072962,-9.192496178,Portugal,Lisbon,MUR,LWAL,CDL,2,RES,BP1,RSH2,RMT1,,
01868f33-c818-4c58-84b4-75aeef312eb2,38.70380039,-9.196949713,Portugal,Lisbon,MCF,LWAL,CDN,1,RES,BP2,RSH2,RMT1,,
dd964c33-6689-4e40-b6ad-51409d5e834d,38.70892572,-9.196301011,Portugal,Lisbon,MUR,LWAL,CDL,2,RES,BP1,RSH1,RMN,,
77b96892-a694-49c7-a8a3-2fa9fdfe72c5,38.71235741,-9.206622276,Portugal,Lisbon,MUR,LWAL,CDL,2,RES,BP2,RSH1,RMN,,
3928cdc0-cae3-4016-a424-bfce5d0623c7,38.71679235,-9.21659025,Portugal,Lisbon,MUR,LWAL,CDL,2,RES,BP1,RSH2,RMT1,,
1983bbb5-2f6c-4140-aaff-6e97c8ea68aa,38.70498975,-9.182860623,Portugal,Lisbon,CR,LFINF,CDL,5,MIX(RES;COM),BP1,RSH1,RMN,,
dc9b9b47-7323-4b6a-bb33-a1fb33b78eb7,38.71160289,-9.192616575,Portugal,Lisbon,MUR,LWAL,CDL,2,RES,BP1,RSH2,RMT1,,
093afce2-ce89-476e-9517-5bf665c0ac70,38.71146412,-9.200571709,Portugal,Lisbon,W,LWAL,CDL,2,RES,BP1,RSH2,RMT1,,
e9fdbae3-9dda-40c2-92c7-99771e37b235,38.71499125,-9.205817817,,,,,,,,,,,,
7fd34377-ada5-4a97-9757-2065ec1d1be1,38.69728637,-9.215714812,Portugal,Lisbon,MUR,LWAL,CDL,2,RES,BP1,RSH1,RMN,,
26086439-0ab1-473b-8251-6d8b65bdbca1,38.70574469,-9.21296198,Portugal,Lisbon,MUR,LWAL,CDL,2,RES,BP1,RSH2,RMT1,,
32304be2-9694-4f34-943b-ce19a1609da1,38.70172698,-9.1847498,Portugal,Lisbon,MUR,LWAL,CDL,2,RES,BP2,RSH1,RMN,,
0d082931-6048-437f-ad7f-5fb3f72a3ed3,38.71231653,-9.204508766,,,,,,,,,,,,
9ebb7428-c0e1-46d9-aba5-1361aeb41057,38.69634097,-9.216538162,Portugal,Lisbon,MUR,LWAL,CDL,2,RES,BP1,RSH1,RMN,,
1fa91238-f22a-4842-9ee1-64cdeb65e253,38.7043518,-9.175189531,Portugal,Lisbon,CR,LFINF,CDN,3,RES,BP1,RSH2,RMT1,,
2f531d17-1124-469f-bcf6-b293110fa9f1,38.70164823,-9.200623896,Portugal,Lisbon,MCF,LWAL,CDH,1,RES,BP1,RSH1,RMN,,
643e4313-32c5-44b0-9f1c-e4f063e9f637,38.69875989,-9.185947471,Portugal,Lisbon,CR,LFM,CDN,3,COM,BP1,RSH1,RMN,,
3e70d9d3-c400-46dc-a92b-4a0e484b1106,38.70320618,-9.189320347,,,,,,,,,,,,
ced38b06-0a88-4749-af8d-c156f0b3e479,38.71478389,-9.205946861,,,,,,,,,,,,
46c6e032-d743-41a6-8c74-9b5edeaa09ba,38.721721,-9.1798831,,,,,,,,,,,,
e33cba1a-8fcf-43f3-b596-1146fb4a142b,38.70021293,-9.214921239,,,,,,,,,,,,
72e05de8-ebab-419c-8123-2a637a18df3a,38.70313707,-9.19251235,Portugal,Lisbon,CR,LFM,CDL,5,MIX(RES;COM),BP2,RSH1,RMN,,
43be991d-b550-4193-9a0f-371df7ff2307,38.70956635,-9.2113351,,,,,,,,,,,,
8e2e5084-ec03-4fae-9ffa-2abed9940bc0,38.70113885,-9.211339614,Portugal,Lisbon,MUR,LWAL,CDN,1,RES,BP1,RSH1,RMN,,
4f29eb2c-1c61-41c5-bbec-f08b9333fa79,38.70389454,-9.179369984,,,,,,,,,,,,
7b1b2f05-a494-4bd1-b885-a68d50df259f,38.70165441,-9.201447357,,,,,,,,,,,,
c97a4926-1cc3-40c8-841c-f73808bcbbb2,38.6988033,-9.217637137,,,,,,,,,,,,
f1f475ef-9bfc-490d-b472-64940a25b4e6,38.69691786,-9.215222107,Portugal,Lisbon,MUR,LWAL,CDL,2,RES,BP1,RSH1,RMN,,
4cc992a3-a451-4af9-939c-7676cedb1e08,38.71664978,-9.214827165,Portugal,Lisbon,MUR,LWAL,CDL,1,RES,BP2,RSH1,RMN,,
2bf61dc1-aa04-4fbe-8ef2-6aedf9027766,38.70111023,-9.189879953,Portugal,Lisbon,CR,LFM,CDN,06/jul,MIX(RES;COM),BP3,RSH1,RMN,,
b4ab88dc-6322-4a77-b68f-ac05fe953ff7,38.69518127,-9.214012954,Portugal,Lisbon,CR,LFM,CDN,4,RES,BP2,RSH1,RMN,,
81d9a059-32f3-4567-89b1-db11e379858c,38.70214332,-9.200304475,Portugal,Lisbon,CR,LFM,CDH,5,RES,BP1,RSH1,RMN,,
5834c715-2465-4b64-9aba-683ee94a3a4b,38.70176895,-9.220747011,,,,,,,,,,,,
1b936e0c-6821-4891-ab5d-8437448e918a,38.70587551,-9.181737713,Portugal,Lisbon,MUR,LWAL,CDL,4,MIX(RES;COM),BP1,RSH1,RMN,,
55dc526d-7941-4921-aade-156497a4436c,38.70528579,-9.212877965,,,,,,,,,,,,
e09a429a-759b-4aae-a8f8-574ecf15f123,38.70083419,-9.216642185,Portugal,Lisbon,MUR,LWAL,CDN,2,RES,BP1,RSH2,RMT1,,
2e2d3360-abdc-4b91-b75e-6cdc6e0e2c5e,38.7065423,-9.218417,,,,,,,,,,,,
2229c81b-d159-4320-87c9-05f89dc7ce0a,38.70215021,-9.191555558,Portugal,Lisbon,CR,LFM,CDL,5,MIX(RES;COM),BP3,RSH1,RMN,,
9bb2aa4e-8299-4874-a448-87e1d914f216,38.7167238,-9.190306048,,,,,,,,,,,,
440c797e-cb74-493b-a653-e1d708af5571,38.70365381,-9.202203672,Portugal,Lisbon,MUR,LWAL,CDL,2,RES,BP1,RSH1,RMN,,
6a0e8f9b-203f-4998-ba11-019799b9fc81,38.70531948,-9.195492579,Portugal,Lisbon,CR,LFM,CDM,08/set,RES,BP3,RSH1,RMN,,
39ea60c7-6d63-4d0b-a880-102530aba6ff,38.70055899,-9.184074607,Portugal,Lisbon,CR,LFINF,CDL,4,RES,BP2,RSH2,RMT1,,
952c254b-6c1a-4796-9747-ce4e3c637709,38.69886552,-9.217564144,,,,,,,,,,,,
9894c562-9da6-45aa-b377-36b338d9d4bc,38.71242013,-9.190843653,,,,,,,,,,,,
bb15b8b6-b19a-4250-b6ee-635841c2318b,38.70411478,-9.194437777,Portugal,Lisbon,MUR,LWAL,CDL,3,COM,BPD,RSH1,RMN,,
e98ac0c6-3f4a-4011-b685-fb4a917625d5,38.6967746,-9.217074475,Portugal,Lisbon,MUR,LWAL,CDL,2,RES,BP2,RSH1,RMN,,
057781ab-b6a9-4cdc-a056-2116f5c6f540,38.703965,-9.196573929,Portugal,Lisbon,MUR,LWAL,CDL,2,RES,BP2,RSH1,RMN,,
1fe50892-54d7-4c8a-a560-1747ca74069c,38.69891307,-9.214538259,,,,,,,,,,,,
f0b04962-0216-447a-b640-f5f0b97039f1,38.70016853,-9.192152928,Portugal,Lisbon,CR,LFM,CDN,4,MIX(RES;COM),BP2,RSH1,RMN,,
da17b7e5-f6e6-4cd5-989f-a318a710ca76,38.70494795,-9.181782889,Portugal,Lisbon,CR,LFM,CDL,06/jul,RES,BP2,RSH1,RMN,,
2c7edf9f-5dc0-4c75-9851-3e2620fba227,38.70105358,-9.203441281,Portugal,Lisbon,MUR,LWAL,CDL,2,RES,BPD,RSH2,RMT1,,
eaff24e7-84d3-48a5-b01f-522406623459,38.7098005,-9.2130708,,,,,,,,,,,,
9857507c-9cb8-4a0f-aa10-2ed31878afc4,38.70045821,-9.196374421,Portugal,Lisbon,MUR,LWAL,CDL,4,RES,BP2,RSH2,RMT1,,
8ddc7a84-0311-4cae-8590-c6ed2adde413,38.7107274,-9.1993464,Portugal,Lisbon,MUR,LWAL,CDL,3,RES,BP1,RSH1,RMN,,
64e19c59-20c3-4362-a82b-343e45233203,38.70094566,-9.204956496,,,,,,,,,,,,
ff6b6635-b6d4-4b9a-859e-6ffa701fe8c7,38.71370995,-9.1903073,,,,,,,,,,,,
b9a6f310-329b-414e-bc57-567bc2688989,38.69626741,-9.19760627,,,,,,,,,,,,
c0c90f3e-7c1c-4b23-8d6d-e914db788fee,38.69586538,-9.212563509,Portugal,Lisbon,HYB(MCF;MUR),LWAL,CDH,06/jul,RES,BP1,RSH1,RMN,,
5487a62c-26dd-41c7-ba56-1035182e1a2a,38.71102994,-9.198073222,Portugal,Lisbon,MUR,LWAL,CDL,4,RES,BP1,RSH1,RMN,,
bd75f25a-3af2-428e-b6d5-fc9f75017bd3,38.71693329,-9.21715698,Portugal,Lisbon,HYB(MCF;MUR),LWAL,CDL,3,RES,BP1,RSH2,RMT1,,
d0d5304c-d627-4ce2-b0ac-0fcf5ecae261,38.70248127,-9.215041121,,,,,,,,,,,,
37d0dcd5-0ac9-48cc-8e79-24e7a7af8250,38.69863678,-9.218884929,Portugal,Lisbon,MCF,LWAL,CDL,2,RES,BP2,RSH2,RMT1,,
8be57bf8-0e54-42d1-b3f0-42f4cad4b92f,38.70541869,-9.200010897,Portugal,Lisbon,MUR,LWAL,CDL,2,RES,BP2,RSH1,RMN,,
92aa2bae-f3d0-4672-bd78-dda887ee5b5d,38.71595818,-9.213286121,Portugal,Lisbon,MUR,LWAL,CDL,2,RES,BP2,RSH1,RMN,,
82de647f-8e01-4332-9bd0-69c40ede24ed,38.69591442,-9.214568238,,,,,,,,,,,,
bc35857d-9914-471f-b306-fc87057aecaf,38.70604861,-9.18778239,Portugal,Lisbon,MUR,LWAL,CDN,1,RES,BP2,RSH1,RMN,,
400d1d0d-41f0-4477-bd74-e9d15fa5312d,38.69889181,-9.218533814,,,,,,,,,,,,
9f6a6de3-6680-47be-8198-24d616b007ce,38.69616675,-9.21622205,,,,,,,,,,,,
1d0196ad-fc56-4f69-bf52-465fdb0bffd3,38.6996551,-9.20085685,,,,,,,,,,,,
341918ff-4191-437f-82a1-ba047ce0fa60,38.716169,-9.1837832,,,,,,,,,,,,
a0858e2b-b2a2-405d-b66f-c9b6a1d30e58,38.6997514,-9.197885787,,,,,,,,,,,,
ae066d2f-ab08-432a-a949-713836e6a526,38.6988694,-9.21732325,Portugal,Lisbon,MUR,LWAL,CDL,2,RES,BP1,RSH2,RMT1,,
44874596-98d2-40ad-9e01-d9c126e98761,38.71783693,-9.210852432,Portugal,Lisbon,S,LFM,CDH,1,RES,BPD,RSH1,RMN,,
dba7822c-a75c-4bd8-8377-b116c4fad5d5,38.70819146,-9.211305191,Portugal,Lisbon,MUR,LWAL,CDL,4,MIX(RES;COM),BP1,RSH1,RMN,,
cbe1daff-7267-4ac2-9fe5-e9fb8d44e0b9,38.70432336,-9.210497786,,,,,,,,,,,,
b11ec241-43a7-448f-ac60-7ddb2b16351f,38.70543662,-9.187657239,Portugal,Lisbon,MUR,LWAL,CDL,2,RES,BP1,RSH2,RMT1,,
cbfdae86-0c19-478b-8a5a-ec7c68b0fc7b,38.70976978,-9.192481081,,,,,,,,,,,,
d9bb186f-c304-4972-bf0e-e5ced379eb04,38.69473155,-9.216061657,Portugal,Lisbon,MUR,LWAL,CDL,1,RES,BP1,RSH1,RMN,,
475e5b38-7ae8-41e3-be45-77f4c6e74476,38.71214322,-9.175611037,Portugal,Lisbon,CR,LFM,CDH,5,RES,BP2,RSH1,RMN,,
3d013f43-c0ed-4329-a3a3-2ba11cde4ba0,38.70712004,-9.210341563,Portugal,Lisbon,CR,LFM,CDN,5,RES,BP2,RSH1,RMN,,
2ff3e9bc-8e32-4ab2-a974-1862b5c4e601,38.71284288,-9.208877464,,,,,,,,,,,,
7d5d51a9-9f2b-4a45-93ac-b78a6d98c8c4,38.71427039,-9.193196573,Portugal,Lisbon,CR,LFM,CDL,4,COM,BP1,RSH1,RMN,,
8bdbfbb5-e478-43c6-8745-9edc5a9ed9c1,38.70808328,-9.209268904,,,,,,,,,,,,
83d7ed0e-0f7e-4870-a60c-e0e19792f90e,38.7041676,-9.202980745,Portugal,Lisbon,CR,LFM,CDN,2,RES,BP2,RSH1,RMN,,
c61296f2-2f5b-46b8-b2d8-9a880cbcba80,38.7072467,-9.19485855,,,,,,,,,,,,
fb14d4d0-b061-4368-9e04-07adbb7ebe59,38.69954505,-9.21730195,Portugal,Lisbon,MUR,LWAL,CDL,1,RES,BPD,RSH5,RMT1,,
fd5cfbd1-27f4-4577-b5ca-85dc0b3bfa0f,38.70778457,-9.217619385,Portugal,Lisbon,CR,LFM,CDN,4,RES,BP2,RSH2,RMT1,,
023bb5cc-40d9-42b2-9451-1fabd9c5d266,38.69707877,-9.219659913,,,,,,,,,,,,
170ce858-48e6-4aab-b127-6393c1729b75,38.7016885,-9.2154069,Portugal,Lisbon,HYB(MCF;MUR),LFM,CDN,1,RES,BP3,RSH5,RMT1,,
31a6c539-3f7d-4d44-9155-be215a784b70,38.69522043,-9.21332265,Portugal,Lisbon,CR,LFM,CDL,4,MIX(RES;COM),BP3,RSH1,RMN,,
9eccb49c-587c-4697-a75c-7518ff4ae95a,38.70946642,-9.175682251,Portugal,Lisbon,MUR,LWAL,CDL,1,RES,BP2,RSH1,RMN,,
85412827-886d-4f2a-80d7-e8f1880bedc5,38.71060165,-9.204541325,Portugal,Lisbon,CR,LFM,CDH,1,COM,BP1,RSH2,RMT1,,
cf6a4900-8961-4784-aef3-4f38d5c5d98f,38.7027822,-9.195079955,Portugal,Lisbon,MUR,LWAL,CDL,4,RES,BP1,RSH1,RMN,,
3cbee9b3-fd0e-4c1b-ae7b-fce09793abeb,38.69770943,-9.193288651,Portugal,Lisbon,MUR,LWAL,CDN,4,RES,BP1,RSH2,RMT1,,
228cbd95-d429-4c60-9474-a382845e9f2d,38.70451516,-9.195584306,,,,,,,,,,,,
6e06f0c8-ac44-4af3-9868-e851f957c355,38.70003129,-9.225425206,,,,,,,,,,,,
c2ddc35e-263a-4563-9beb-bdfae8bc32c5,38.70405472,-9.209811082,,,,,,,,,,,,
1938d39b-10cc-409e-874b-440c5080e1ac,38.70084607,-9.22088296,,,,,,,,,,,,
9faf53fe-4ec6-449c-b1af-5511bc402113,38.70358405,-9.196417876,Portugal,Lisbon,MUR,LWAL,CDL,3,RES,BP2,RSH1,RMN,,
e9868683-0b75-4881-9b18-293fa4184595,38.70935107,-9.179759829,Portugal,Lisbon,CR,LFINF,CDL,5,RES,BP1,RSH1,RMN,,
f4dfccdd-7fe4-4319-9abe-622437d5e68f,38.69980477,-9.218294615,Portugal,Lisbon,MUR,LWAL,CDL,2,RES,BP2,RSH1,RMN,,
1c50e1e3-e485-4aaf-bee5-21ce0b3556cf,38.69566993,-9.218806544,Portugal,Lisbon,MUR,LWAL,CDN,4,RES,BP2,RSH1,RMN,,
a75552ee-6796-4af9-adc7-133b254c75d8,38.7118747,-9.2014913,Portugal,Lisbon,MUR,LWAL,CDL,2,RES,BP1,RSH2,RMT1,,
a2d1a59b-3760-4998-a9bd-c6e9517ccdba,38.70430803,-9.177675708,Portugal,Lisbon,HYB(MCF;MUR),LWAL,CDL,1,RES,BP1,RSH1,RMN,,
ceffdab1-2988-41f9-ae29-999ea55e29e4,38.70245724,-9.185085791,,,,,,,,,,,,
dae6c17e-942f-4736-93ec-aa68aef1bf48,38.70813078,-9.213794227,,,,,,,,,,,,
1a7320ba-d345-4fb9-a891-3b67f9f4e20e,38.69521916,-9.213628858,Portugal,Lisbon,MUR,LWAL,CDN,3,RES,BP1,RSH2,RMT1,,
f6d74e99-6142-444d-8f1b-d74013a51242,38.70421568,-9.201577328,Portugal,Lisbon,MCF,LWAL,CDN,4,RES,BP3,RSH1,RMN,,
4bfa4184-3f65-4ddd-9405-d5b0ff0ea507,38.70130652,-9.204074826,Portugal,Lisbon,MUR,LWAL,CDN,1,RES,BP2,RSH2,RMT1,,
7d0dc822-4e8a-42e3-af6f-c67385a62737,38.69801677,-9.21936993,,,,,,,,,,,,
fb8501ae-b1ce-4a7f-a4af-17db704cb62a,38.70670921,-9.205235081,Portugal,Lisbon,CR,LFM,CDN,4,MIX(RES;COM),BP2,RSH2,RMT1,,
e0633ad4-cbd4-4755-a9e0-acd85a0c9eaa,38.7006393,-9.190280024,Portugal,Lisbon,MUR,LWAL,CDL,5,RES,BP2,RSH2,RMT1,,
e0098063-1da0-459b-971e-f4a78aa7e44f,38.70461936,-9.195746594,Portugal,Lisbon,CR,LFM,CDL,2,COM,BP2,RSH2,RMT1,,
2e0493ba-74df-48fe-80c8-78b41a961d3f,38.70116133,-9.190589357,Portugal,Lisbon,CR,LFM,CDL,4,RES,BP1,RSH1,RMN,,
2cc2d833-496d-44de-baf6-0aea9285e50f,38.71695085,-9.216938,Portugal,Lisbon,MUR,LWAL,CDL,2,RES,BP1,RSH2,RMT1,,
6187bb15-e9d2-48eb-ab21-49df88685e39,38.69580386,-9.222555681,Portugal,Lisbon,CR,LFM,CDL,3,COM,BP2,RSH1,RMN,,
2b0db5c5-055a-4e04-a520-67ef516ea532,38.70431092,-9.202610037,Portugal,Lisbon,MUR,LWAL,CDL,4,RES,BP1,RSH2,RMT1,,
e26d744f-f366-45d6-935e-4f03684cb5ef,38.70169441,-9.201566347,Portugal,Lisbon,CR,LFM,CDN,5,RES,BP2,RSH1,RMN,,
0e7791fb-d532-49ed-8526-6ad6859344da,38.70049531,-9.200320748,Portugal,Lisbon,MUR,LWAL,CDL,4,RES,BP1,RSH1,RMN,,
1dd5ece0-5d29-4f7a-9a7c-d06e0105f663,38.71293989,-9.215588991,,,,,,,,,,,,
50c6ef4d-b368-423e-b4fb-2e613569c624,38.70733337,-9.191020561,Portugal,Lisbon,MCF,LWAL,CDN,2,RES,BP2,RSH1,RMN,,
41141df3-cb20-4f78-8bb2-3cc47a22d3a2,38.70344415,-9.175839767,Portugal,Lisbon,CR,LFINF,CDL,2,RES,BP1,RSH1,RMN,,
213bab19-ddf8-42a9-aa4b-46cbd4b64d8c,38.71376005,-9.206700496,Portugal,Lisbon,MCF,LWAL,CDH,1,RES,BP1,RSH1,RMN,,
dbb36eaf-9f38-458a-8870-4373fec1a093,38.71649502,-9.213871932,Portugal,Lisbon,MUR,LWAL,CDL,3,RES,BP1,RSH1,RMN,,
82d2123a-2e5c-48d5-a5ff-9951a12678ff,38.71106282,-9.201831227,Portugal,Lisbon,MUR,LWAL,CDN,1,RES,BPD,RSH2,RMT1,,
80582dc6-a476-4328-ae17-b83d591d8dd5,38.7141562,-9.1812493,Portugal,Lisbon,CR,LFM,CDM,2,IND,BPD,RSH2,RMT1,,
8aa14960-7151-4565-be9f-fda84542d862,38.70585982,-9.213044603,,,,,,,,,,,,
128e9404-65f2-4592-8fdd-df4548455fe9,38.69968539,-9.178784794,Portugal,Lisbon,MUR,LWAL,CDL,1,COM,BPD,RSH7,RMT6,,
2363075d-6ae3-47dd-b310-272fa0050953,38.70864709,-9.198213315,Portugal,Lisbon,MUR,LWAL,CDL,2,RES,BP1,RSH1,RMN,,
81e9d24a-5fad-4300-ae1c-5f8b60c91d62,38.70453758,-9.202903206,Portugal,Lisbon,CR,LFINF,CDM,3,MIX(RES;COM),BP2,RSH1,RMN,,
0ccada46-e7b8-4cd4-8d3a-a65d44c2cee8,38.70887861,-9.193861603,Portugal,Lisbon,MUR,LWAL,CDN,2,COM,BP1,RSH1,RMN,,
a32405b7-46fb-4a83-99d6-93fc60d045d6,38.71270437,-9.185828205,,,,,,,,,,,,
915d9ba7-5ed1-4699-bc9f-553cf18d2f30,38.69583561,-9.220566933,,,,,,,,,,,,
b6620de4-8ff1-4d69-a966-a80e0023ca91,38.69461322,-9.212955611,Portugal,Lisbon,MUR,LWAL,CDL,1,RES,BPD,RSH2,RMT1,,
32a25dd3-355f-4c96-b53a-79edab6bc6e3,38.69651698,-9.216844329,Portugal,Lisbon,MUR,LWAL,CDL,2,RES,BP2,RSH1,RMN,,
1092e529-5dbc-4b13-98ed-9e1980826f17,38.70228419,-9.202090295,Portugal,Lisbon,CR,LFM,CDH,4,IND,BP2,RSH1,RMN,,
d6d7ebd9-0ce6-4962-a543-a4e5ac55f7a9,38.70299271,-9.196154468,Portugal,Lisbon,MUR,LWAL,CDL,2,RES,BP1,RSH2,RMT1,,
148f7285-ecfa-4aef-bf8d-ed80328dd472,38.70934309,-9.175286696,Portugal,Lisbon,CR,LFM,CDL,1,COM,BP2,RSH2,RMT1,,
48587de4-924b-476b-82bc-d5fed1f11a97,38.69954395,-9.189882375,Portugal,Lisbon,MUR,LWAL,CDL,1,RES,BPD,RSH2,RMT1,,
843f2201-a42b-4ed4-aeac-c0adfad243c6,38.69448609,-9.216046469,Portugal,Lisbon,MCF,LWAL,CDL,2,RES,BP2,RSH1,RMN,,
a7f63d52-63b1-4979-91e0-65e43f3f696b,38.70567638,-9.204746457,Portugal,Lisbon,CR,LFINF,CDM,06/jul,MIX(RES;COM),BP2,RSH1,RMN,,
f8161624-99f0-4a34-83c5-a0b70629c11d,38.70603789,-9.190600854,Portugal,Lisbon,CR,LFM,CDN,08/set,RES,BP3,RSH1,RMN,,
edb24336-a860-47f7-a774-aeca49681740,38.70064745,-9.2112073,,,,,,,,,,,,
bb786f81-174d-4a5b-ace3-ca2d7f8d978a,38.7060003,-9.2126843,Portugal,Lisbon,MUR,LWAL,CDN,3,RES,BP2,RSH1,RMN,,
527bcc2d-7a55-4a19-a4b5-2a36fcfd5a2c,38.69818601,-9.217896983,Portugal,Lisbon,MUR,LWAL,CDL,2,RES,BP1,RSH1,RMN,,
c3972871-87d2-48c5-a8e8-354626076680,38.696954,-9.201836322,,,,,,,,,,,,
8dd99a88-58a5-4a30-b81d-6da40dd2ae6c,38.71500973,-9.176358729,,,,,,,,,,,,
3df4254c-ab3e-49b1-8243-8e8fa85fc98d,38.70380215,-9.1779973,Portugal,Lisbon,HYB(MCF;MUR),LFM,CDH,13+,RES,BP2,RSH1,RMN,,
16890b63-6bc5-4ea2-9ff4-77c3e51c78c9,38.70360605,-9.182926063,Portugal,Lisbon,MUR,LWAL,CDL,3,MIX(RES;COM),BP1,RSH3,RMT1,,
b4a45cfc-b4fc-464c-a58c-708e3dbec1c1,38.71148323,-9.198242145,Portugal,Lisbon,CR,LFM,CDH,5,RES,BP1,RSH1,RMN,,
cb8a0377-b778-4c30-93ed-54173eaa5594,38.69802847,-9.211562977,,,,,,,,,,,,
77c184cd-d826-4f9a-b011-c379bcfe7994,38.70175275,-9.201768892,Portugal,Lisbon,MUR,LWAL,CDL,4,RES,BP1,RSH1,RMN,,
96d87e14-5e0e-432c-b560-d788629ef2e5,38.70242684,-9.219529805,,,,,,,,,,,,
a86ed901-5752-4f78-ac85-3858c0d820d7,38.70611956,-9.213599772,,,,,,,,,,,,
a99a4ce8-21a1-4b53-b387-23b731c9510e,38.70484977,-9.182216471,Portugal,Lisbon,MUR,LWAL,CDL,5,RES,BP2,RSH1,RMN,,
447930ce-a8d8-4f44-ae22-b79eff5647f9,38.69730355,-9.197500291,,,,,,,,,,,,
70d71cb8-647e-450f-84b1-6d61eb79e5a5,38.69824837,-9.220135702,,,,,,,,,,,,
ceea344a-8896-44f5-a2cf-807da888ab45,38.69742689,-9.218704778,Portugal,Lisbon,MUR,LWAL,CDL,2,RES,BPD,RSH1,RMN,,
d98f78b7-730f-453b-be98-be9d1a589a4f,38.71302561,-9.184941873,,,,,,,,,,,,
11fce1b9-4a0b-4529-9498-3f3b7aae0dfd,38.69688761,-9.198704947,Portugal,Lisbon,S,LFM,CDM,1,COM,BP1,RSH1,RMN,,
24ba4632-b595-4fa7-b738-d2c16a406d70,38.71218055,-9.2174778,,,,,,,,,,,,
8a0c0b7d-a707-4215-95eb-13dacd9bd0c5,38.711475,-9.205232466,Portugal,Lisbon,MUR,LWAL,CDL,5,RES,BP1,RSH1,RMN,,
b918fca1-92c3-473b-a25a-52ad538f2f11,38.70069011,-9.189660247,Portugal,Lisbon,CR,LFM,CDL,4,MIX(RES;COM),BP2,RSH1,RMN,,
13518a94-ea45-400b-8aac-97d4ad16df32,38.71050378,-9.197994506,Portugal,Lisbon,CR,LFM,CDH,5,RES,BPD,RSH1,RMN,,
5bf7fd2d-2e75-4aaf-abe4-5ce69b21168d,38.70562803,-9.182075993,Portugal,Lisbon,MUR,LWAL,CDL,1,COM,BP2,RSH2,RMT1,,
cf76e59f-d446-4385-b931-429547fc3dd9,38.70480236,-9.213383614,Portugal,Lisbon,MUR,LWAL,CDN,3,RES,BP1,RSH1,RMN,,
33a13cba-b477-4c8e-b548-b87ed501e650,38.71802663,-9.212190817,Portugal,Lisbon,MUR,LWAL,CDL,4,RES,BP1,RSH1,RMN,,
c6fb13d9-7fa2-4341-a128-0a914e6f0b25,38.70254218,-9.191500005,,,,,,,,,,,,
d659f289-7ab5-418b-b570-06b63bb568d9,38.70190791,-9.185991479,Portugal,Lisbon,W,LFM,CDN,2,RES,BP1,RSH2,RMT1,,
c4bccd05-e344-43b0-9078-0f8fbe88a9f5,38.69907703,-9.221993244,,,,,,,,,,,,
15a682d5-f25e-45df-902f-bdd279406188,38.69987502,-9.190526775,Portugal,Lisbon,CR,LFM,CDL,06/jul,RES,BP2,RSH1,RMN,,
e5744528-8614-460d-aea6-e03d7fbcf1ab,38.70224346,-9.20059715,Portugal,Lisbon,MCF,LWAL,CDH,3,RES,BP1,RSH1,RMN,,
6ff2806e-e780-45dd-b679-34f677e6b794,38.70281764,-9.183865598,Portugal,Lisbon,CR,LFM,CDL,4,MIX(RES;COM),BP1,RSH1,RMN,,
a5b398e1-297c-4093-9755-d738f3baac79,38.70339172,-9.189067399,,,,,,,,,,,,
67ef7e81-83ad-45c1-8eca-6560eb304b17,38.70852592,-9.214246813,Portugal,Lisbon,CR,LFM,CDH,2,RES,BP1,RSH1,RMN,,
2d11c472-9b67-497a-9238-971fb4a24881,38.71117642,-9.198159767,Portugal,Lisbon,CR,LFM,CDL,4,RES,BP1,RSH1,RMN,,
ec636ea1-cd22-4639-bd87-89d0fe62bec9,38.70036924,-9.182451522,Portugal,Lisbon,MUR,LWAL,CDN,5,COM,BP2,RSH2,RMT1,,
2fa82e72-e0fa-4c77-9499-8c9b8feea658,38.69744605,-9.2174171,Portugal,Lisbon,MUR,LWAL,CDL,3,RES,BP1,RSH1,RMN,,
9d69dfb7-a756-4ef0-8d57-6a11a0d6464f,38.69739066,-9.22011351,,,,,,,,,,,,
816c7ce3-e35f-4c4b-bae0-1ec9473d53e3,38.71099484,-9.196732508,,,,,,,,,,,,
8faf3586-2998-4426-846a-660f138c6a01,38.70114748,-9.193585808,,,,,,,,,,,,
19eb37af-d3e4-4d2d-9750-ee463c8f7500,38.70144898,-9.19122025,,,,,,,,,,,,
abdd0981-407b-401b-bf40-96e07e3b4714,38.71372579,-9.204251186,Portugal,Lisbon,MCF,LWAL,CDL,2,RES,BP1,RSH2,RMT1,,
9015ef3d-6ff3-4c08-8c00-fb29f8aa2d69,38.70950638,-9.191695368,Portugal,Lisbon,CR,LFM,CDH,4,RES,BP1,RSH1,RMN,,
e17b90f7-825d-434e-816b-cd6ac7f15676,38.69824884,-9.192915333,,,,,,,,,,,,
0f00b1af-5abe-476c-a1e4-de6ab8dd126b,38.70188337,-9.194091026,Portugal,Lisbon,MUR,LWAL,CDN,2,COM,BP2,RSH2,RMT1,,
d2b853fe-741c-42c1-b6a0-42136f506717,38.70215342,-9.179600301,,,,,,,,,,,,
a8706d41-7b43-4f93-b01b-3e53a4af48cd,38.70534219,-9.184598943,Portugal,Lisbon,CR,LFM,CDL,4,MIX(RES;COM),BP2,RSH1,RMN,,
da6afdd5-58a1-4f15-a489-4852211dda03,38.71084411,-9.203581862,Portugal,Lisbon,W,LWAL,CDL,3,RES,BPD,RSH2,RMT1,,
14641e31-e323-450e-884d-91daf755cfc3,38.70495539,-9.200295521,Portugal,Lisbon,MUR,LWAL,CDL,4,RES,BP1,RSH2,RMT1,,
780383c8-54a8-4abd-a0c9-9f61b144e033,38.71611671,-9.217482356,Portugal,Lisbon,MUR,LWAL,CDL,2,RES,BP2,RSH1,RMN,,
7e57c24a-74bf-40d2-9647-21b16d15c9a7,38.70869113,-9.194853689,Portugal,Lisbon,MUR,LWAL,CDN,1,COM,BP2,RSH1,RMN,,
588919cc-682d-4ce2-b602-65ec6fd9387b,38.70735789,-9.192666337,,,,,,,,,,,,
e7f4024b-bab6-44c4-ab4f-dabe7a989ca3,38.70181798,-9.191668382,,,,,,,,,,,,
5464b5e9-82ba-404a-bb8a-34b22116ea86,38.69827502,-9.184423193,Portugal,Lisbon,MUR,LWAL,CDN,2,COM,BP2,RSH1,RMN,,
bb036713-a168-47ce-a452-05208c1ea355,38.69966232,-9.189624074,,,,,,,,,,,,
3f35252b-28e7-4888-86bf-66008705d493,38.7064772,-9.210855472,Portugal,Lisbon,MCF,LWAL,CDH,2,RES,BP1,RSH1,RMN,,
77a22ddd-8950-4958-940d-6b45ce57f227,38.706272,-9.17680925,Portugal,Lisbon,CR,LFINF,CDH,5,RES,BP2,RSH1,RMN,,
c2034b0f-9e99-4043-baa9-8d423229f9c0,38.71150843,-9.192016252,Portugal,Lisbon,MUR,LWAL,CDN,1,COM,BP2,RSH1,RMN,,
fcb1d036-8bcf-48fd-9d31-7d1dcd35aa91,38.71050675,-9.198665974,,,,,,,,,,,,
c5a8368b-f327-4a6a-8718-4c0b9077b7db,38.70978095,-9.2008999,Portugal,Lisbon,MUR,LWAL,CDL,3,RES,BP1,RSH2,RMT1,,
bdd926ad-01b9-4dc2-98d9-ef4aa615ecdf,38.70528734,-9.210932228,,,,,,,,,,,,
21cca3e7-e00d-403b-bf31-858954e2f546,38.72182277,-9.180615322,,,,,,,,,,,,
1d7b7fe6-0194-4334-8d1c-bb1f835381aa,38.69978015,-9.221329868,,,,,,,,,,,,
5943936b-8eda-40bc-8433-3eaf80d64b70,38.70865174,-9.174997465,Portugal,Lisbon,MUR,LWAL,CDN,2,RES,BP2,RSH2,RMT1,,
b4a0686b-c89d-426b-9446-bcb244852ca7,38.700131,-9.2009036,,,,,,,,,,,,
1e68ad73-5d4d-4881-ae43-b737bbbb7855,38.71808697,-9.18857944,,,,,,,,,,,,
6157c25c-70dc-49de-99fc-f72c3796bc79,38.71744595,-9.21161145,Portugal,Lisbon,MUR,LWAL,CDL,3,RES,BP1,RSH1,RMN,,
0c6a7797-fb64-40ea-9577-b9a39653959c,38.70125864,-9.221404802,,,,,,,,,,,,
f1d98074-811a-4025-9c31-2dfe90d8ffe9,38.71056436,-9.207757707,Portugal,Lisbon,CR,LDUAL,CDH,13+,RES,BPD,RSH1,RMN,,
a7818209-ba32-47fe-93d9-8a513e69d77e,38.69560462,-9.21738522,Portugal,Lisbon,MUR,LWAL,CDL,4,RES,BP2,RSH1,RMN,,
79317675-ea56-4c77-adbb-09aec938e2ae,38.69940515,-9.18995495,Portugal,Lisbon,S,LFM,CDL,1,COM,BPD,RSH2,RMT1,,
0b3ab400-6d34-4519-a897-ec7fb046de38,38.70125091,-9.190642483,Portugal,Lisbon,MUR,LWAL,CDL,4,RES,BP1,RSH1,RMN,,
8fc593f0-1330-42f9-b3df-b0e84d4be400,38.70413108,-9.191340252,Portugal,Lisbon,S,LFM,CDN,1,IND,BP1,RSH2,RMT1,,
ce3fbcad-5464-40f7-bae0-621fdbca7346,38.71795829,-9.181802978,,,,,,,,,,,,
0bbc5639-e59e-4818-9fe0-753c03096e60,38.70069046,-9.180714264,Portugal,Lisbon,MUR,LWAL,CDL,3,RES,BP1,RSH1,RMN,,
705b642d-389a-448f-8830-59d2692c8f43,38.7014735,-9.200805506,Portugal,Lisbon,MCF,LWAL,CDL,2,RES,BP1,RSH1,RMN,,
d9386c18-e08e-40fe-9e87-e060bfb18b5e,38.70385741,-9.183059348,Portugal,Lisbon,CR,LFINF,CDL,4,COM,BP1,RSH1,RMN,,
2e8cae9c-d070-4fd5-bac9-04e5a00633d1,38.70493743,-9.201888052,,,,,,,,,,,,
05e692da-716f-4738-9be2-3f2a83b5a5f8,38.70163478,-9.193594978,Portugal,Lisbon,CR,LFM,CDN,5,MIX(RES;COM),BP1,RSH2,RMT1,,
cbeec683-3393-4f32-a18d-0411587ed558,38.70048552,-9.180228472,,,,,,,,,,,,
2b976f7c-1f5c-4154-8148-e106ec313c44,38.70377081,-9.203268651,Portugal,Lisbon,MUR,LWAL,CDL,1,RES,BP1,RSH2,RMT1,,
0e604e4f-5d37-422f-8559-b212f3b81c89,38.71138225,-9.206218495,Portugal,Lisbon,MUR,LWAL,CDL,2,RES,BP1,RSH3,RMT1,,
f3e0ec07-ecaf-4cea-9f81-e703d6119050,38.70319779,-9.203001054,,,,,,,,,,,,
e32a0aeb-8a7c-4928-b367-79e29be23a9a,38.70887821,-9.174254859,Portugal,Lisbon,MUR,LWAL,CDL,4,RES,BP1,RSH2,RMT1,,
0d0422f5-55c9-47ec-a6f3-61216e6ca8df,38.711485,-9.201414136,,,,,,,,,,,,
933e8220-dce2-48a6-be4d-e06c9e0315a7,38.70479344,-9.178058436,Portugal,Lisbon,MUR,LWAL,CDN,4,MIX(RES;COM),BP1,RSH1,RMN,,
d2d2d024-986a-4942-bece-92963d384dbe,38.70379148,-9.215520791,,,,,,,,,,,,
bb622266-9ed1-4aa9-b9f5-7fe225033837,38.70256922,-9.212367981,,,,,,,,,,,,
bdef95b5-e89d-4aa0-8235-209f6a36b4f2,38.69727356,-9.198221667,Portugal,Lisbon,S,LFM,CDN,1,IND,BP1,RSH1,RMN,,
31560536-a40e-442b-96a9-ae7048747f4d,38.71219405,-9.206630802,Portugal,Lisbon,MUR,LWAL,CDL,2,RES,BP1,RSH2,RMT1,,
ecd01b73-ddff-44f5-88a3-d281415ef91d,38.70745832,-9.184438237,,,,,,,,,,,,
82af3557-4ad8-4979-a485-ace6a05c21fd,38.70181875,-9.220480217,,,,,,,,,,,,
37418c16-359c-40ee-a2f8-b3347bb19e7a,38.71000443,-9.175408245,Portugal,Lisbon,MUR,LWAL,CDN,1,RES,BP2,RSH1,RMN,,
89e8fd56-db1a-43cf-8b64-9c31bb3b500b,38.70112157,-9.204281058,Portugal,Lisbon,CR,LFINF,CDH,3,RES,BP1,RSH2,RMT1,,
a2389c53-952c-4ed0-901c-b7c25e36c788,38.70178087,-9.204265415,Portugal,Lisbon,MUR,LWAL,CDN,06/jul,COM,BP2,RSH1,RMN,,
6647b8ad-fe4a-4a9e-b515-5bd2f0b49137,38.70858355,-9.193285731,Portugal,Lisbon,CR,LFM,CDM,5,RES,BP1,RSH1,RMN,,
1cc7870e-627b-4055-ad22-7de4cb386e31,38.70437449,-9.189741833,Portugal,Lisbon,MUR,LWAL,CDL,2,RES,BP1,RSH2,RMT1,,
d88e02c6-8853-42ca-9c1d-71abf56b4547,38.7029957,-9.184510483,,,,,,,,,,,,
95b350fc-0eb7-4659-b564-7b5ad40bb240,38.69459117,-9.212677009,Portugal,Lisbon,CR,LDUAL,CDL,1,RES,BPD,RSH2,RMT1,,
efc4a287-1aba-424e-a49f-efdc2adc5ebd,38.70787161,-9.206845565,,,,,,,,,,,,
f450642f-e4b2-4a10-8a4d-40f29f7a8110,38.70296295,-9.19351832,Portugal,Lisbon,MUR,LWAL,CDL,2,COM,BP1,RSH2,RMT1,,
540940b9-f5e0-48d1-9ed2-2906853f88de,38.70240521,-9.215591474,,,,,,,,,,,,
7b545b9f-0621-4aca-97d7-6dae3ad1e3aa,38.71343517,-9.185777858,,,,,,,,,,,,
7d6aebbd-3fc9-4e3b-8756-0677a0c20b82,38.71471185,-9.1810381,Portugal,Lisbon,CR,LFM,CDH,4,RES,BP1,RSH1,RMN,,
24bb9c67-b5f6-46ac-aab1-6ce739029315,38.70710375,-9.19198085,Portugal,Lisbon,MCF,LWAL,CDM,1,RES,BP1,RSH1,RMN,,
f1d9fc55-ccd2-4a1e-b057-db193d61eaff,38.70522356,-9.192131179,Portugal,Lisbon,MUR,LWAL,CDN,1,COM,BP2,RSH1,RMN,,
089f38a5-7c99-44a7-adaf-b7a5be495cdf,38.71289861,-9.196995524,,,,,,,,,,,,
f6506552-ccd3-4f06-9298-7cd59ccc49a8,38.69905184,-9.220488688,Portugal,Lisbon,MUR,LWAL,CDL,2,RES,BP2,RSH2,RMT1,,
35c6bb2c-ba75-4119-92bf-5acfeabe0942,38.70672555,-9.190502589,Portugal,Lisbon,MUR,LWAL,CDL,1,RES,BP2,RSH2,RMT1,,
5de235c6-7179-4463-9ab6-3987885bf115,38.71055298,-9.193471488,Portugal,Lisbon,MUR,LWAL,CDN,3,RES,BP2,RSH1,RMN,,
77c1bc3a-d067-4862-955e-2b48b4c96147,38.70125903,-9.20467155,Portugal,Lisbon,MCF,LWAL,CDH,3,RES,BP2,RSH1,RMN,,
3d09eb6b-6c54-4e33-bab3-fcf519bc13b1,38.71169452,-9.204337032,Portugal,Lisbon,MCF,LWAL,CDH,2,RES,BP1,RSH1,RMN,,
90f9d5aa-79ba-4d53-a2a1-09a06965e51e,38.69754487,-9.215247417,Portugal,Lisbon,MUR,LWAL,CDL,2,RES,BP1,RSH2,RMT1,,
32641487-55e9-44d4-b74e-ad29f90d3f23,38.71214255,-9.203534288,Portugal,Lisbon,MUR,LWAL,CDN,1,RES,BP1,RSH1,RMN,,
